parcel_id,owner_name_raw,owner_class,is_state,in_cra_list,acres,sliver,zone_code,land_use_code,geometry_file,source_name,source_url,source_date
08291030032000,SALT LAKE CITY DEPARTMENT OF A - SALT LAKE CITY PROP MGMT,CITY,False,True,240.0,False,AIRPORT,Tax Exempt - Government,readiness/data/geometry/08291030032000.geojson,cadastre_government_owned_parcels,https://services1.arcgis.com/99lidPhWCzftIe9K/arcgis/rest/services/cadastre_government_owned_parcels/FeatureServer/0/query,2026-09-25
08332510032000,SALT LAKE CITY CORPORATION - PROPERTY MANAGEMENT,CITY,False,True,40.0,False,AIRPORT,Tax Exempt - Government,readiness/data/geometry/08332510032000.geojson,cadastre_government_owned_parcels,https://services1.arcgis.com/99lidPhWCzftIe9K/arcgis/rest/services/cadastre_government_owned_parcels/FeatureServer/0/query,2026-09-25
08362760010000,BOARD OF EDUCATION,SCHOOL_DISTRICT,False,True,4.5,False,PL,Tax Exempt - Government,readiness/data/geometry/08362760010000.geojson,cadastre_government_owned_parcels,https://services1.arcgis.com/99lidPhWCzftIe9K/arcgis/rest/services/cadastre_government_owned_parcels/FeatureServer/0/query,2026-09-25
08362760020000,BOARD OF EDUCATION,SCHOOL_DISTRICT,False,True,0.0,True,PL,Tax Exempt - Government,readiness/data/geometry/08362760020000.geojson,cadastre_government_owned_parcels,https://services1.arcgis.com/99lidPhWCzftIe9K/arcgis/rest/services/cadastre_government_owned_parcels/FeatureServer/0/query,2026-09-25
08362760030000,THE BOARD OF EDUCATION OF SALT,SCHOOL_DISTRICT,False,True,0.1,False,PL,Tax Exempt - Government,readiness/data/geometry/08362760030000.geojson,cadastre_government_owned_parcels,https://services1.arcgis.com/99lidPhWCzftIe9K/arcgis/rest/services/cadastre_government_owned_parcels/FeatureServer/0/query,2026-09-25
08362760040000,BOARD OF EDUCATION OF SALT LAK,SCHOOL_DISTRICT,False,True,0.2,False,PL,Tax Exempt - Government,readiness/data/geometry/08362760040000.geojson,cadastre_government_owned_parcels,https://services1.arcgis.com/99lidPhWCzftIe9K/arcgis/rest/services/cadastre_government_owned_parcels/FeatureServer/0/query,2026-09-25
08362760050000,THE BOARD OF EDUCATION OF SALT,SCHOOL_DISTRICT,False,True,0.1,False,PL,Tax Exempt - Government,readiness/data/geometry/08362760050000.geojson,cadastre_government_owned_parcels,https://services1.arcgis.com/99lidPhWCzftIe9K/arcgis/rest/services/cadastre_government_owned_parcels/FeatureServer/0/query,2026-09-25
08362760060000,SALT LAKE CITY BOARD OF EDUCAT,CITY,False,True,0.0,True,PL,Tax Exempt - Government,readiness/data/geometry/08362760060000.geojson,cadastre_government_owned_parcels,https://services1.arcgis.com/99lidPhWCzftIe9K/arcgis/rest/services/cadastre_government_owned_parcels/FeatureServer/0/query,2026-09-25
08364020160000,SALT LAKE COUNTY - REAL ESTATE DEPT. #S3200,COUNTY,False,True,0.0,True,SR-1A,Tax Exempt - Government,readiness/data/geometry/08364020160000.geojson,cadastre_government_owned_parcels,https://services1.arcgis.com/99lidPhWCzftIe9K/arcgis/rest/services/cadastre_government_owned_parcels/FeatureServer/0/query,2026-09-25
08364030450000,BOARD OF EDUCATION OF SALT LAK,SCHOOL_DISTRICT,False,True,0.1,False,RMF-35,Tax Exempt - Government,readiness/data/geometry/08364030450000.geojson,cadastre_government_owned_parcels,https://services1.arcgis.com/99lidPhWCzftIe9K/arcgis/rest/services/cadastre_government_owned_parcels/FeatureServer/0/query,2026-09-25
08364030480000,BOARD OF EDUCATION OF SALT LAK,SCHOOL_DISTRICT,False,True,0.0,True,RMF-35,Tax Exempt - Government,readiness/data/geometry/08364030480000.geojson,cadastre_government_owned_parcels,https://services1.arcgis.com/99lidPhWCzftIe9K/arcgis/rest/services/cadastre_government_owned_parcels/FeatureServer/0/query,2026-09-25
08092510200000,SALT LAKE COUNTY - REAL ESTATE DEPT,COUNTY,False,True,0.2,False,AG-5,Tax Exempt - Government,readiness/data/geometry/08092510200000.geojson,cadastre_government_owned_parcels,https://services1.arcgis.com/99lidPhWCzftIe9K/arcgis/rest/services/cadastre_government_owned_parcels/FeatureServer/0/query,2026-09-25
08161000010000,SALT LAKE CITY CORPORATION,CITY,False,True,15.0,False,BP,Tax Exempt - Government,readiness/data/geometry/08161000010000.geojson,cadastre_government_owned_parcels,https://services1.arcgis.com/99lidPhWCzftIe9K/arcgis/rest/services/cadastre_government_owned_parcels/FeatureServer/0/query,2026-09-25
08162000040000,SALT LAKE CITY CORPORATION,CITY,False,True,37.4,False,UNKNOWN,Tax Exempt - Government,readiness/data/geometry/08162000040000.geojson,cadastre_government_owned_parcels,https://services1.arcgis.com/99lidPhWCzftIe9K/arcgis/rest/services/cadastre_government_owned_parcels/FeatureServer/0/query,2026-09-25
08162760040000,SALT LAKE CITY CORPORATION - PROPERTY MANAGEMENT,CITY,False,True,15.8,False,UNKNOWN,Tax Exempt - Government,readiness/data/geometry/08162760040000.geojson,cadastre_government_owned_parcels,https://services1.arcgis.com/99lidPhWCzftIe9K/arcgis/rest/services/cadastre_government_owned_parcels/FeatureServer/0/query,2026-09-25
08163000148001,SALT LAKE CITY CORP - SIV GILLMOR,CITY,False,True,116.5,False,UNKNOWN,Greenbelt,readiness/data/geometry/08163000148001.geojson,cadastre_government_owned_parcels,https://services1.arcgis.com/99lidPhWCzftIe9K/arcgis/rest/services/cadastre_government_owned_parcels/FeatureServer/0/query,2026-09-25
08171000010000,LAKE CITY (TITLE BY WD) - PROPERTY MANAGEMENT,CITY,False,True,240.0,False,AIRPORT,Tax Exempt - Government,readiness/data/geometry/08171000010000.geojson,cadastre_government_owned_parcels,https://services1.arcgis.com/99lidPhWCzftIe9K/arcgis/rest/services/cadastre_government_owned_parcels/FeatureServer/0/query,2026-09-25
08172000010000,LAKE CITY (TITLE BY W D) - PROPERTY MANAGEMENT,CITY,False,True,80.0,False,AIRPORT,Tax Exempt - Government,readiness/data/geometry/08172000010000.geojson,cadastre_government_owned_parcels,https://services1.arcgis.com/99lidPhWCzftIe9K/arcgis/rest/services/cadastre_government_owned_parcels/FeatureServer/0/query,2026-09-25
08212010150000,SALT LAKE CITY CORPORATION - PROPERTY MANAGEMENT,CITY,False,True,1.9,False,AIRPORT,Tax Exempt - Government,readiness/data/geometry/08212010150000.geojson,cadastre_government_owned_parcels,https://services1.arcgis.com/99lidPhWCzftIe9K/arcgis/rest/services/cadastre_government_owned_parcels/FeatureServer/0/query,2026-09-25
08212010160000,SALT LAKE CITY CORPORATION - PROPERTY MANAGEMENT,CITY,False,True,3.8,False,AIRPORT,Tax Exempt - Government,readiness/data/geometry/08212010160000.geojson,cadastre_government_owned_parcels,https://services1.arcgis.com/99lidPhWCzftIe9K/arcgis/rest/services/cadastre_government_owned_parcels/FeatureServer/0/query,2026-09-25
08212010170000,SALT LAKE AIRPORT AUTHORITY - SLC PROP MNGMNT,SPECIAL_DISTRICT,False,True,1.9,False,AIRPORT,Tax Exempt - Government,readiness/data/geometry/08212010170000.geojson,cadastre_government_owned_parcels,https://services1.arcgis.com/99lidPhWCzftIe9K/arcgis/rest/services/cadastre_government_owned_parcels/FeatureServer/0/query,2026-09-25
08212510012000,SALT LAKE CITY - PROPERTY MANAGEMENT,CITY,False,True,77.6,False,AIRPORT,Tax Exempt - Government,readiness/data/geometry/08212510012000.geojson,cadastre_government_owned_parcels,https://services1.arcgis.com/99lidPhWCzftIe9K/arcgis/rest/services/cadastre_government_owned_parcels/FeatureServer/0/query,2026-09-25
08212510012001,SALT LAKE CITY - SOUTHWEST AIRLINES CO,CITY,False,True,77.6,False,AIRPORT,Commercial - Office Space,readiness/data/geometry/08212510012001.geojson,cadastre_government_owned_parcels,https://services1.arcgis.com/99lidPhWCzftIe9K/arcgis/rest/services/cadastre_government_owned_parcels/FeatureServer/0/query,2026-09-25
08212510016001,SALT LAKE CITY - SOUTHWEST AIRLINES CO,CITY,False,True,13.0,False,AIRPORT,Tax Exempt - Government,readiness/data/geometry/08212510016001.geojson,cadastre_government_owned_parcels,https://services1.arcgis.com/99lidPhWCzftIe9K/arcgis/rest/services/cadastre_government_owned_parcels/FeatureServer/0/query,2026-09-25
08214000010000,SALT LAKE CITY - PROPERTY MANAGEMENT,CITY,False,True,37.4,False,AIRPORT,Tax Exempt - Government,readiness/data/geometry/08214000010000.geojson,cadastre_government_owned_parcels,https://services1.arcgis.com/99lidPhWCzftIe9K/arcgis/rest/services/cadastre_government_owned_parcels/FeatureServer/0/query,2026-09-25
08214000220000,UTAH ARMORY BOARD - CHERYL SEARLE,SPECIAL_DISTRICT,False,True,21.5,False,M-1,Tax Exempt - Government,readiness/data/geometry/08214000220000.geojson,cadastre_government_owned_parcels,https://services1.arcgis.com/99lidPhWCzftIe9K/arcgis/rest/services/cadastre_government_owned_parcels/FeatureServer/0/query,2026-09-25
08233510010000,SALT LAKE CITY - PROPERTY MANAGEMENT,CITY,False,True,21.4,False,M-1,Tax Exempt - Government,readiness/data/geometry/08233510010000.geojson,cadastre_government_owned_parcels,https://services1.arcgis.com/99lidPhWCzftIe9K/arcgis/rest/services/cadastre_government_owned_parcels/FeatureServer/0/query,2026-09-25
08233510010000,SALT LAKE CITY - PROPERTY MANAGEMENT,CITY,False,True,21.4,False,M-1,Tax Exempt - Government,readiness/data/geometry/08233510010000.geojson,cadastre_government_owned_parcels,https://services1.arcgis.com/99lidPhWCzftIe9K/arcgis/rest/services/cadastre_government_owned_parcels/FeatureServer/0/query,2026-09-25
08233530050000,SALT LAKE CITY CORP. - PROPERTY MANAGEMENT,CITY,False,True,0.2,False,OS,Tax Exempt - Government,readiness/data/geometry/08233530050000.geojson,cadastre_government_owned_parcels,https://services1.arcgis.com/99lidPhWCzftIe9K/arcgis/rest/services/cadastre_government_owned_parcels/FeatureServer/0/query,2026-09-25
08233530060000,SALT LAKE CITY CORP. - PROPERTY MANAGEMENT,CITY,False,True,0.4,False,OS,Tax Exempt - Government,readiness/data/geometry/08233530060000.geojson,cadastre_government_owned_parcels,https://services1.arcgis.com/99lidPhWCzftIe9K/arcgis/rest/services/cadastre_government_owned_parcels/FeatureServer/0/query,2026-09-25
08233530070000,SALT LAKE CITY CORP - PROPERTY MANAGEMENT,CITY,False,True,0.2,False,OS,Tax Exempt - Government,readiness/data/geometry/08233530070000.geojson,cadastre_government_owned_parcels,https://services1.arcgis.com/99lidPhWCzftIe9K/arcgis/rest/services/cadastre_government_owned_parcels/FeatureServer/0/query,2026-09-25
08233530110000,SALT LAKE CITY CORP - PROPERTY MANAGEMENT,CITY,False,True,1.8,False,OS,Tax Exempt - Government,readiness/data/geometry/08233530110000.geojson,cadastre_government_owned_parcels,https://services1.arcgis.com/99lidPhWCzftIe9K/arcgis/rest/services/cadastre_government_owned_parcels/FeatureServer/0/query,2026-09-25
08233780010000,SALT LAKE CITY - PROPERTY MANAGEMENT,CITY,False,True,0.8,False,OS,Tax Exempt - Government,readiness/data/geometry/08233780010000.geojson,cadastre_government_owned_parcels,https://services1.arcgis.com/99lidPhWCzftIe9K/arcgis/rest/services/cadastre_government_owned_parcels/FeatureServer/0/query,2026-09-25
08233780010000,SALT LAKE CITY - PROPERTY MANAGEMENT,CITY,False,True,0.8,False,OS,Tax Exempt - Government,readiness/data/geometry/08233780010000.geojson,cadastre_government_owned_parcels,https://services1.arcgis.com/99lidPhWCzftIe9K/arcgis/rest/services/cadastre_government_owned_parcels/FeatureServer/0/query,2026-09-25
08233780010000,SALT LAKE CITY - PROPERTY MANAGEMENT,CITY,False,True,0.8,False,OS,Tax Exempt - Government,readiness/data/geometry/08233780010000.geojson,cadastre_government_owned_parcels,https://services1.arcgis.com/99lidPhWCzftIe9K/arcgis/rest/services/cadastre_government_owned_parcels/FeatureServer/0/query,2026-09-25
08233780020000,SALT LAKE CITY - PROPERTY MANAGEMENT,CITY,False,True,5.3,False,OS,Tax Exempt - Government,readiness/data/geometry/08233780020000.geojson,cadastre_government_owned_parcels,https://services1.arcgis.com/99lidPhWCzftIe9K/arcgis/rest/services/cadastre_government_owned_parcels/FeatureServer/0/query,2026-09-25
08233780020000,SALT LAKE CITY - PROPERTY MANAGEMENT,CITY,False,True,5.3,False,OS,Tax Exempt - Government,readiness/data/geometry/08233780020000.geojson,cadastre_government_owned_parcels,https://services1.arcgis.com/99lidPhWCzftIe9K/arcgis/rest/services/cadastre_government_owned_parcels/FeatureServer/0/query,2026-09-25
08233780020000,SALT LAKE CITY - PROPERTY MANAGEMENT,CITY,False,True,5.3,False,OS,Tax Exempt - Government,readiness/data/geometry/08233780020000.geojson,cadastre_government_owned_parcels,https://services1.arcgis.com/99lidPhWCzftIe9K/arcgis/rest/services/cadastre_government_owned_parcels/FeatureServer/0/query,2026-09-25
08233780020000,SALT LAKE CITY - PROPERTY MANAGEMENT,CITY,False,True,5.3,False,OS,Tax Exempt - Government,readiness/data/geometry/08233780020000.geojson,cadastre_government_owned_parcels,https://services1.arcgis.com/99lidPhWCzftIe9K/arcgis/rest/services/cadastre_government_owned_parcels/FeatureServer/0/query,2026-09-25
08233780020000,SALT LAKE CITY - PROPERTY MANAGEMENT,CITY,False,True,5.3,False,OS,Tax Exempt - Government,readiness/data/geometry/08233780020000.geojson,cadastre_government_owned_parcels,https://services1.arcgis.com/99lidPhWCzftIe9K/arcgis/rest/services/cadastre_government_owned_parcels/FeatureServer/0/query,2026-09-25
08233790010000,SALT LAKE CITY - PROPERTY MANAGEMENT,CITY,False,True,0.4,False,OS,Tax Exempt - Government,readiness/data/geometry/08233790010000.geojson,cadastre_government_owned_parcels,https://services1.arcgis.com/99lidPhWCzftIe9K/arcgis/rest/services/cadastre_government_owned_parcels/FeatureServer/0/query,2026-09-25
08233800010000,SALT LAKE CITY CORP - PROPERTY MANAGEMENT,CITY,False,True,1.8,False,OS,Tax Exempt - Government,readiness/data/geometry/08233800010000.geojson,cadastre_government_owned_parcels,https://services1.arcgis.com/99lidPhWCzftIe9K/arcgis/rest/services/cadastre_government_owned_parcels/FeatureServer/0/query,2026-09-25
08233800010000,SALT LAKE CITY CORP - PROPERTY MANAGEMENT,CITY,False,True,1.8,False,OS,Tax Exempt - Government,readiness/data/geometry/08233800010000.geojson,cadastre_government_owned_parcels,https://services1.arcgis.com/99lidPhWCzftIe9K/arcgis/rest/services/cadastre_government_owned_parcels/FeatureServer/0/query,2026-09-25
08233810010000,SALT LAKE CITY CORP - PROPERTY MANAGEMENT,CITY,False,True,1.6,False,OS,Tax Exempt - Government,readiness/data/geometry/08233810010000.geojson,cadastre_government_owned_parcels,https://services1.arcgis.com/99lidPhWCzftIe9K/arcgis/rest/services/cadastre_government_owned_parcels/FeatureServer/0/query,2026-09-25
08233810010000,SALT LAKE CITY CORP - PROPERTY MANAGEMENT,CITY,False,True,1.6,False,OS,Tax Exempt - Government,readiness/data/geometry/08233810010000.geojson,cadastre_government_owned_parcels,https://services1.arcgis.com/99lidPhWCzftIe9K/arcgis/rest/services/cadastre_government_owned_parcels/FeatureServer/0/query,2026-09-25
08233820040000,SALT LAKE CITY CORP - PROPERTY MANAGEMENT,CITY,False,True,1.1,False,OS,Tax Exempt - Government,readiness/data/geometry/08233820040000.geojson,cadastre_government_owned_parcels,https://services1.arcgis.com/99lidPhWCzftIe9K/arcgis/rest/services/cadastre_government_owned_parcels/FeatureServer/0/query,2026-09-25
08233830010000,SALT LAKE CITY - PROPERTY MANAGEMENT,CITY,False,True,1.0,False,OS,Tax Exempt - Government,readiness/data/geometry/08233830010000.geojson,cadastre_government_owned_parcels,https://services1.arcgis.com/99lidPhWCzftIe9K/arcgis/rest/services/cadastre_government_owned_parcels/FeatureServer/0/query,2026-09-25
08234510010000,SALT LAKE CITY CORPORATION - REAL ESTATE SERVICES,CITY,False,True,0.1,False,OS,Tax Exempt - Government,readiness/data/geometry/08234510010000.geojson,cadastre_government_owned_parcels,https://services1.arcgis.com/99lidPhWCzftIe9K/arcgis/rest/services/cadastre_government_owned_parcels/FeatureServer/0/query,2026-09-25
08261080140000,SALT LAKE CITY - PROPERTY MANAGEMENT,CITY,False,True,0.0,True,UNKNOWN,Tax Exempt - Government,readiness/data/geometry/08261080140000.geojson,cadastre_government_owned_parcels,https://services1.arcgis.com/99lidPhWCzftIe9K/arcgis/rest/services/cadastre_government_owned_parcels/FeatureServer/0/query,2026-09-25
08261090010000,SALT LAKE CITY - PROPERTY MANAGEMENT,CITY,False,True,0.0,True,R-1-7000,Tax Exempt - Government,readiness/data/geometry/08261090010000.geojson,cadastre_government_owned_parcels,https://services1.arcgis.com/99lidPhWCzftIe9K/arcgis/rest/services/cadastre_government_owned_parcels/FeatureServer/0/query,2026-09-25
08261260010000,SALT LAKE CITY CORP - PROPERTY MANAGEMENT,CITY,False,True,0.6,False,OS,Tax Exempt - Government,readiness/data/geometry/08261260010000.geojson,cadastre_government_owned_parcels,https://services1.arcgis.com/99lidPhWCzftIe9K/arcgis/rest/services/cadastre_government_owned_parcels/FeatureServer/0/query,2026-09-25
08261260020000,SALT LAKE CITY CORP. - PROPERTY MANAGEMENT,CITY,False,True,0.2,False,OS,Tax Exempt - Government,readiness/data/geometry/08261260020000.geojson,cadastre_government_owned_parcels,https://services1.arcgis.com/99lidPhWCzftIe9K/arcgis/rest/services/cadastre_government_owned_parcels/FeatureServer/0/query,2026-09-25
08261260030000,SALT LAKE CITY CORP. - PROPERTY MANAGEMENT,CITY,False,True,0.5,False,OS,Tax Exempt - Government,readiness/data/geometry/08261260030000.geojson,cadastre_government_owned_parcels,https://services1.arcgis.com/99lidPhWCzftIe9K/arcgis/rest/services/cadastre_government_owned_parcels/FeatureServer/0/query,2026-09-25
08261260030000,SALT LAKE CITY CORP. - PROPERTY MANAGEMENT,CITY,False,True,0.5,False,OS,Tax Exempt - Government,readiness/data/geometry/08261260030000.geojson,cadastre_government_owned_parcels,https://services1.arcgis.com/99lidPhWCzftIe9K/arcgis/rest/services/cadastre_government_owned_parcels/FeatureServer/0/query,2026-09-25
08261260040000,SALT LAKE CITY CORP. - PROPERTY MANAGEMENT,CITY,False,True,0.6,False,OS,Tax Exempt - Government,readiness/data/geometry/08261260040000.geojson,cadastre_government_owned_parcels,https://services1.arcgis.com/99lidPhWCzftIe9K/arcgis/rest/services/cadastre_government_owned_parcels/FeatureServer/0/query,2026-09-25
08261260050000,SALT LAKE CITY CORP. - PROPERTY MANAGEMENT,CITY,False,True,0.3,False,OS,Tax Exempt - Government,readiness/data/geometry/08261260050000.geojson,cadastre_government_owned_parcels,https://services1.arcgis.com/99lidPhWCzftIe9K/arcgis/rest/services/cadastre_government_owned_parcels/FeatureServer/0/query,2026-09-25
08261260050000,SALT LAKE CITY CORP. - PROPERTY MANAGEMENT,CITY,False,True,0.3,False,OS,Tax Exempt - Government,readiness/data/geometry/08261260050000.geojson,cadastre_government_owned_parcels,https://services1.arcgis.com/99lidPhWCzftIe9K/arcgis/rest/services/cadastre_government_owned_parcels/FeatureServer/0/query,2026-09-25
08261260060000,SALT LAKE CITY CORP. - PROPERTY MANAGEMENT,CITY,False,True,0.2,False,OS,Tax Exempt - Government,readiness/data/geometry/08261260060000.geojson,cadastre_government_owned_parcels,https://services1.arcgis.com/99lidPhWCzftIe9K/arcgis/rest/services/cadastre_government_owned_parcels/FeatureServer/0/query,2026-09-25
08261260070000,SALT LAKE CITY CORP - PROPERTY MANAGEMENT,CITY,False,True,0.2,False,OS,Tax Exempt - Government,readiness/data/geometry/08261260070000.geojson,cadastre_government_owned_parcels,https://services1.arcgis.com/99lidPhWCzftIe9K/arcgis/rest/services/cadastre_government_owned_parcels/FeatureServer/0/query,2026-09-25
08261260080000,SALT LAKE CITY CORP - PROPERTY MANAGEMENT,CITY,False,True,0.2,False,OS,Tax Exempt - Government,readiness/data/geometry/08261260080000.geojson,cadastre_government_owned_parcels,https://services1.arcgis.com/99lidPhWCzftIe9K/arcgis/rest/services/cadastre_government_owned_parcels/FeatureServer/0/query,2026-09-25
08261260090000,SALT LAKE CITY CORP. - PROPERTY MANAGEMENT,CITY,False,True,0.2,False,OS,Tax Exempt - Government,readiness/data/geometry/08261260090000.geojson,cadastre_government_owned_parcels,https://services1.arcgis.com/99lidPhWCzftIe9K/arcgis/rest/services/cadastre_government_owned_parcels/FeatureServer/0/query,2026-09-25
08261260100000,SALT LAKE CITY CORP. - PROPERTY MANAGEMENT,CITY,False,True,0.2,False,OS,Tax Exempt - Government,readiness/data/geometry/08261260100000.geojson,cadastre_government_owned_parcels,https://services1.arcgis.com/99lidPhWCzftIe9K/arcgis/rest/services/cadastre_government_owned_parcels/FeatureServer/0/query,2026-09-25
08261260110000,SALT LAKE CITY CORP. - PROPERTY MANAGEMENT,CITY,False,True,0.2,False,OS,Tax Exempt - Government,readiness/data/geometry/08261260110000.geojson,cadastre_government_owned_parcels,https://services1.arcgis.com/99lidPhWCzftIe9K/arcgis/rest/services/cadastre_government_owned_parcels/FeatureServer/0/query,2026-09-25
08261260120000,SALT LAKE CITY CORP - PROPERTY MANAGEMENT,CITY,False,True,0.5,False,OS,Tax Exempt - Government,readiness/data/geometry/08261260120000.geojson,cadastre_government_owned_parcels,https://services1.arcgis.com/99lidPhWCzftIe9K/arcgis/rest/services/cadastre_government_owned_parcels/FeatureServer/0/query,2026-09-25
08261260130000,SALT LAKE CITY - PROPERTY MANAGEMENT,CITY,False,True,0.7,False,OS,Tax Exempt - Government,readiness/data/geometry/08261260130000.geojson,cadastre_government_owned_parcels,https://services1.arcgis.com/99lidPhWCzftIe9K/arcgis/rest/services/cadastre_government_owned_parcels/FeatureServer/0/query,2026-09-25
08261260140000,SALT LAKE CITY - PROPERTY MANAGEMENT,CITY,False,True,0.1,False,OS,Tax Exempt - Government,readiness/data/geometry/08261260140000.geojson,cadastre_government_owned_parcels,https://services1.arcgis.com/99lidPhWCzftIe9K/arcgis/rest/services/cadastre_government_owned_parcels/FeatureServer/0/query,2026-09-25
08261260150000,SALT LAKE CITY - PROPERTY MANAGEMENT,CITY,False,True,0.1,False,OS,Tax Exempt - Government,readiness/data/geometry/08261260150000.geojson,cadastre_government_owned_parcels,https://services1.arcgis.com/99lidPhWCzftIe9K/arcgis/rest/services/cadastre_government_owned_parcels/FeatureServer/0/query,2026-09-25
08261540230000,SALT LAKE CITY - PROPERTY MANAGEMENT,CITY,False,True,0.0,True,R-1-7000,Tax Exempt - Government,readiness/data/geometry/08261540230000.geojson,cadastre_government_owned_parcels,https://services1.arcgis.com/99lidPhWCzftIe9K/arcgis/rest/services/cadastre_government_owned_parcels/FeatureServer/0/query,2026-09-25
08261580010000,SALT LAKE CITY - PROPERTY MANAGEMENT,CITY,False,True,0.0,True,R-1-7000,Tax Exempt - Government,readiness/data/geometry/08261580010000.geojson,cadastre_government_owned_parcels,https://services1.arcgis.com/99lidPhWCzftIe9K/arcgis/rest/services/cadastre_government_owned_parcels/FeatureServer/0/query,2026-09-25
08262030010000,SALT LAKE CITY - PROPERTY MANAGEMENT,CITY,False,True,0.2,False,OS,Tax Exempt,readiness/data/geometry/08262030010000.geojson,cadastre_government_owned_parcels,https://services1.arcgis.com/99lidPhWCzftIe9K/arcgis/rest/services/cadastre_government_owned_parcels/FeatureServer/0/query,2026-09-25
14042000020000,UTAH DEPARTMENT OF TRANSPORTAT - RIGHT OF WAY,STATE,True,True,12.9,False,M-1,Tax Exempt - Government,readiness/data/geometry/14042000020000.geojson,cadastre_government_owned_parcels,https://services1.arcgis.com/99lidPhWCzftIe9K/arcgis/rest/services/cadastre_government_owned_parcels/FeatureServer/0/query,2026-09-25
15012040090000,SALT LAKE COUNTY - REAL ESTATE SECTION,COUNTY,False,True,0.1,False,D-4,Tax Exempt - Government,readiness/data/geometry/15012040090000.geojson,cadastre_government_owned_parcels,https://services1.arcgis.com/99lidPhWCzftIe9K/arcgis/rest/services/cadastre_government_owned_parcels/FeatureServer/0/query,2026-09-25
15012040100000,SALT LAKE COUNTY - REAL ESTATE SECTION,COUNTY,False,True,0.2,False,D-4,Tax Exempt - Government,readiness/data/geometry/15012040100000.geojson,cadastre_government_owned_parcels,https://services1.arcgis.com/99lidPhWCzftIe9K/arcgis/rest/services/cadastre_government_owned_parcels/FeatureServer/0/query,2026-09-25
15012040200000,SALT LAKE COUNTY - REAL ESTATE SECTION,COUNTY,False,True,0.5,False,D-4,Tax Exempt - Government,readiness/data/geometry/15012040200000.geojson,cadastre_government_owned_parcels,https://services1.arcgis.com/99lidPhWCzftIe9K/arcgis/rest/services/cadastre_government_owned_parcels/FeatureServer/0/query,2026-09-25
15012040330000,SALT LAKE COUNTY - REAL ESTATE SECTION,COUNTY,False,True,0.4,False,D-4,Tax Exempt - Government,readiness/data/geometry/15012040330000.geojson,cadastre_government_owned_parcels,https://services1.arcgis.com/99lidPhWCzftIe9K/arcgis/rest/services/cadastre_government_owned_parcels/FeatureServer/0/query,2026-09-25
15012040380000,SALT LAKE COUNTY - REAL ESTATE DEPT # S3200,COUNTY,False,True,0.3,False,D-4,Tax Exempt - Government,readiness/data/geometry/15012040380000.geojson,cadastre_government_owned_parcels,https://services1.arcgis.com/99lidPhWCzftIe9K/arcgis/rest/services/cadastre_government_owned_parcels/FeatureServer/0/query,2026-09-25
15012040450000,SALT LAKE COUNTY - REAL ESTATE SECTION,COUNTY,False,True,0.2,False,D-4,Tax Exempt - Government,readiness/data/geometry/15012040450000.geojson,cadastre_government_owned_parcels,https://services1.arcgis.com/99lidPhWCzftIe9K/arcgis/rest/services/cadastre_government_owned_parcels/FeatureServer/0/query,2026-09-25
15012040460000,SALT LAKE COUNTY - REAL ESTATE SECTION,COUNTY,False,True,0.0,True,D-4,Tax Exempt - Government,readiness/data/geometry/15012040460000.geojson,cadastre_government_owned_parcels,https://services1.arcgis.com/99lidPhWCzftIe9K/arcgis/rest/services/cadastre_government_owned_parcels/FeatureServer/0/query,2026-09-25
15012260040000,SALT LAKE COUNTY - REAL ESTATE DEPT # S3200,COUNTY,False,True,0.3,False,D-4,Tax Exempt - Government,readiness/data/geometry/15012260040000.geojson,cadastre_government_owned_parcels,https://services1.arcgis.com/99lidPhWCzftIe9K/arcgis/rest/services/cadastre_government_owned_parcels/FeatureServer/0/query,2026-09-25
15113560370000,SALT LAKE COUNTY - REAL ESTATE DEPT # S3200,COUNTY,False,True,0.0,True,UNKNOWN,Tax Exempt - Government,readiness/data/geometry/15113560370000.geojson,cadastre_government_owned_parcels,https://services1.arcgis.com/99lidPhWCzftIe9K/arcgis/rest/services/cadastre_government_owned_parcels/FeatureServer/0/query,2026-09-25
15013260070000,STATE OF UTAH - ALAN S BACHMAN/DFCM,STATE,True,True,0.1,False,D-3,Commercial - Office Space,readiness/data/geometry/15013260070000.geojson,cadastre_government_owned_parcels,https://services1.arcgis.com/99lidPhWCzftIe9K/arcgis/rest/services/cadastre_government_owned_parcels/FeatureServer/0/query,2026-09-25
15021560020000,SALT LAKE CITY CORPORATION - PROPERTY MANAGEMENT,CITY,False,True,0.2,False,R-1-5000,Tax Exempt - Government,readiness/data/geometry/15021560020000.geojson,cadastre_government_owned_parcels,https://services1.arcgis.com/99lidPhWCzftIe9K/arcgis/rest/services/cadastre_government_owned_parcels/FeatureServer/0/query,2026-09-25
15021560030000,SALT LAKE CITY CORPORATION - PROPERTY MANAGEMENT,CITY,False,True,0.1,False,R-1-5000,Tax Exempt - Government,readiness/data/geometry/15021560030000.geojson,cadastre_government_owned_parcels,https://services1.arcgis.com/99lidPhWCzftIe9K/arcgis/rest/services/cadastre_government_owned_parcels/FeatureServer/0/query,2026-09-25
15021560040000,SALT LAKE CITY CORPORATION - PROPERTY MANAGEMENT,CITY,False,True,0.1,False,R-1-5000,Tax Exempt - Government,readiness/data/geometry/15021560040000.geojson,cadastre_government_owned_parcels,https://services1.arcgis.com/99lidPhWCzftIe9K/arcgis/rest/services/cadastre_government_owned_parcels/FeatureServer/0/query,2026-09-25
15021560060000,SALT LAKE CITY CORPORATION - PROPERTY MANAGEMENT,CITY,False,True,0.1,False,R-1-5000,Tax Exempt - Government,readiness/data/geometry/15021560060000.geojson,cadastre_government_owned_parcels,https://services1.arcgis.com/99lidPhWCzftIe9K/arcgis/rest/services/cadastre_government_owned_parcels/FeatureServer/0/query,2026-09-25
15021560070000,SALT LAKE CITY - PROPERTY MANAGEMENT,CITY,False,True,0.1,False,OS,Tax Exempt - Government,readiness/data/geometry/15021560070000.geojson,cadastre_government_owned_parcels,https://services1.arcgis.com/99lidPhWCzftIe9K/arcgis/rest/services/cadastre_government_owned_parcels/FeatureServer/0/query,2026-09-25
15021560110000,SALT LAKE CITY - PROPERTY MANAGEMENT,CITY,False,True,0.2,False,OS,Tax Exempt - Government,readiness/data/geometry/15021560110000.geojson,cadastre_government_owned_parcels,https://services1.arcgis.com/99lidPhWCzftIe9K/arcgis/rest/services/cadastre_government_owned_parcels/FeatureServer/0/query,2026-09-25
15021560120000,SALT LAKE CITY - PROPERTY MANAGEMENT,CITY,False,True,0.1,False,OS,Tax Exempt - Government,readiness/data/geometry/15021560120000.geojson,cadastre_government_owned_parcels,https://services1.arcgis.com/99lidPhWCzftIe9K/arcgis/rest/services/cadastre_government_owned_parcels/FeatureServer/0/query,2026-09-25
15021560130000,SALT LAKE CITY - PROPERTY MANAGEMENT,CITY,False,True,0.1,False,OS,Tax Exempt - Government,readiness/data/geometry/15021560130000.geojson,cadastre_government_owned_parcels,https://services1.arcgis.com/99lidPhWCzftIe9K/arcgis/rest/services/cadastre_government_owned_parcels/FeatureServer/0/query,2026-09-25
15021560140000,SALT LAKE CITY - PROPERTY MANAGEMENT,CITY,False,True,0.1,False,OS,Tax Exempt - Government,readiness/data/geometry/15021560140000.geojson,cadastre_government_owned_parcels,https://services1.arcgis.com/99lidPhWCzftIe9K/arcgis/rest/services/cadastre_government_owned_parcels/FeatureServer/0/query,2026-09-25
15021560150000,SALT LAKE CITY - PROPERTY MANAGEMENT,CITY,False,True,0.1,False,OS,Tax Exempt - Government,readiness/data/geometry/15021560150000.geojson,cadastre_government_owned_parcels,https://services1.arcgis.com/99lidPhWCzftIe9K/arcgis/rest/services/cadastre_government_owned_parcels/FeatureServer/0/query,2026-09-25
15021760020000,STATE ROAD COMMISSION OF UTAH - UDOT RIGHT OF WAY,STATE,True,True,0.1,False,R-1-5000,Tax Exempt,readiness/data/geometry/15021760020000.geojson,cadastre_government_owned_parcels,https://services1.arcgis.com/99lidPhWCzftIe9K/arcgis/rest/services/cadastre_government_owned_parcels/FeatureServer/0/query,2026-09-25
15021760110000,SALT LAKE CITY - PROPERTY MANAGEMENT,CITY,False,True,0.1,False,OS,Tax Exempt - Government,readiness/data/geometry/15021760110000.geojson,cadastre_government_owned_parcels,https://services1.arcgis.com/99lidPhWCzftIe9K/arcgis/rest/services/cadastre_government_owned_parcels/FeatureServer/0/query,2026-09-25
15021760120000,SALT LAKE CITY - PROPERTY MANAGEMENT,CITY,False,True,0.1,False,OS,Tax Exempt - Government,readiness/data/geometry/15021760120000.geojson,cadastre_government_owned_parcels,https://services1.arcgis.com/99lidPhWCzftIe9K/arcgis/rest/services/cadastre_government_owned_parcels/FeatureServer/0/query,2026-09-25
15122060170000,REDEVELOPMENT AGENCY OF SALT L,CRA,False,True,0.1,False,FB-UN2,Commercial,readiness/data/geometry/15122060170000.geojson,cadastre_government_owned_parcels,https://services1.arcgis.com/99lidPhWCzftIe9K/arcgis/rest/services/cadastre_government_owned_parcels/FeatureServer/0/query,2026-09-25
15122590140000,UTAH TRANSIT AUTHORITY - PROPERTY MANAGEMENT,UTA,False,True,0.1,False,FB-UN2,Commercial,readiness/data/geometry/15122590140000.geojson,cadastre_government_owned_parcels,https://services1.arcgis.com/99lidPhWCzftIe9K/arcgis/rest/services/cadastre_government_owned_parcels/FeatureServer/0/query,2026-09-25
15122590150000,UTAH TRANSIT AUTHORITY - PROPERTY MANAGEMENT,UTA,False,True,0.0,True,FB-UN2,Tax Exempt - Government,readiness/data/geometry/15122590150000.geojson,cadastre_government_owned_parcels,https://services1.arcgis.com/99lidPhWCzftIe9K/arcgis/rest/services/cadastre_government_owned_parcels/FeatureServer/0/query,2026-09-25
15124030040000,STATE ROAD COMMISSION OF UTAH; - UDOT RIGHT OF WAY,STATE,True,True,0.2,False,CG,Tax Exempt - Government,readiness/data/geometry/15124030040000.geojson,cadastre_government_owned_parcels,https://services1.arcgis.com/99lidPhWCzftIe9K/arcgis/rest/services/cadastre_government_owned_parcels/FeatureServer/0/query,2026-09-25
15124030050000,STATE ROAD COMMISSION OF UTAH; - UDOT RIGHT OF WAY,STATE,True,True,0.1,False,CG,Tax Exempt - Government,readiness/data/geometry/15124030050000.geojson,cadastre_government_owned_parcels,https://services1.arcgis.com/99lidPhWCzftIe9K/arcgis/rest/services/cadastre_government_owned_parcels/FeatureServer/0/query,2026-09-25
15124280050000,SALT LAKE CITY - KARRYN GREENLEAF,CITY,False,True,0.1,False,OS,Tax Exempt - Government,readiness/data/geometry/15124280050000.geojson,cadastre_government_owned_parcels,https://services1.arcgis.com/99lidPhWCzftIe9K/arcgis/rest/services/cadastre_government_owned_parcels/FeatureServer/0/query,2026-09-25
15124280060000,SALT LAKE CITY - KARRYN GREENLEAF,CITY,False,True,0.1,False,OS,Tax Exempt - Government,readiness/data/geometry/15124280060000.geojson,cadastre_government_owned_parcels,https://services1.arcgis.com/99lidPhWCzftIe9K/arcgis/rest/services/cadastre_government_owned_parcels/FeatureServer/0/query,2026-09-25
15124280070000,SALT LAKE CITY CORP - PROPERTY MANAGEMENT,CITY,False,True,0.1,False,OS,Tax Exempt - Government,readiness/data/geometry/15124280070000.geojson,cadastre_government_owned_parcels,https://services1.arcgis.com/99lidPhWCzftIe9K/arcgis/rest/services/cadastre_government_owned_parcels/FeatureServer/0/query,2026-09-25
15111030010000,SALT LAKE CITY - PROPERTY MANAGEMENT,CITY,False,True,0.2,False,R-1-5000,Tax Exempt - Government,readiness/data/geometry/15111030010000.geojson,cadastre_government_owned_parcels,https://services1.arcgis.com/99lidPhWCzftIe9K/arcgis/rest/services/cadastre_government_owned_parcels/FeatureServer/0/query,2026-09-25
16181010090000,REDEVELOPMENT AGENCY OF SALT L,CRA,False,True,0.5,False,CC,Commercial,readiness/data/geometry/16181010090000.geojson,cadastre_government_owned_parcels,https://services1.arcgis.com/99lidPhWCzftIe9K/arcgis/rest/services/cadastre_government_owned_parcels/FeatureServer/0/query,2026-09-25
16181010100000,REDEVELOPMENT AGENCY OF SALT L,CRA,False,True,0.2,False,CC,Commercial,readiness/data/geometry/16181010100000.geojson,cadastre_government_owned_parcels,https://services1.arcgis.com/99lidPhWCzftIe9K/arcgis/rest/services/cadastre_government_owned_parcels/FeatureServer/0/query,2026-09-25
16181010110000,REDEVELOPMENT AGENCY OF SALT L,CRA,False,True,0.2,False,CC,Commercial,readiness/data/geometry/16181010110000.geojson,cadastre_government_owned_parcels,https://services1.arcgis.com/99lidPhWCzftIe9K/arcgis/rest/services/cadastre_government_owned_parcels/FeatureServer/0/query,2026-09-25
16181010120000,REDEVELOPMENT AGENCY OF SALT L,CRA,False,True,0.2,False,CC,Commercial,readiness/data/geometry/16181010120000.geojson,cadastre_government_owned_parcels,https://services1.arcgis.com/99lidPhWCzftIe9K/arcgis/rest/services/cadastre_government_owned_parcels/FeatureServer/0/query,2026-09-25
16181510090000,SALT LAKE COUNTY - REAL ESTATE DEPT # S3200,COUNTY,False,True,0.0,True,CC,Tax Exempt - Government,readiness/data/geometry/16181510090000.geojson,cadastre_government_owned_parcels,https://services1.arcgis.com/99lidPhWCzftIe9K/arcgis/rest/services/cadastre_government_owned_parcels/FeatureServer/0/query,2026-09-25
16211010020000,SUGARHOUSE PARK AUTHORITY - UDOT RIGHT OF WAY,STATE,True,True,0.1,False,UNKNOWN,Tax Exempt - Government,readiness/data/geometry/16211010020000.geojson,cadastre_government_owned_parcels,https://services1.arcgis.com/99lidPhWCzftIe9K/arcgis/rest/services/cadastre_government_owned_parcels/FeatureServer/0/query,2026-09-25
16211010030000,SUGARHOUSE PARK AUTHORITY - UDOT RIGHT OF WAY,STATE,True,True,0.0,True,UNKNOWN,Tax Exempt - Government,readiness/data/geometry/16211010030000.geojson,cadastre_government_owned_parcels,https://services1.arcgis.com/99lidPhWCzftIe9K/arcgis/rest/services/cadastre_government_owned_parcels/FeatureServer/0/query,2026-09-25
16211280040000,SUGAR HOUSE PARK AUTHORITY - WAYNE JOHNSON,SPECIAL_DISTRICT,False,True,0.6,False,PL,Tax Exempt - Government,readiness/data/geometry/16211280040000.geojson,cadastre_government_owned_parcels,https://services1.arcgis.com/99lidPhWCzftIe9K/arcgis/rest/services/cadastre_government_owned_parcels/FeatureServer/0/query,2026-09-25
16212510010000,SUGARHOUSE PARK AUTHORITY - WAYNE JOHNSON,SPECIAL_DISTRICT,False,True,4.1,False,OS,Tax Exempt,readiness/data/geometry/16212510010000.geojson,cadastre_government_owned_parcels,https://services1.arcgis.com/99lidPhWCzftIe9K/arcgis/rest/services/cadastre_government_owned_parcels/FeatureServer/0/query,2026-09-25
15123310150000,REDEVELOPMENT AGENCY OF SALT LAKE (Historic Ballpark),CRA,False,True,1.25,False,D-2,Vacant Redevelopment,readiness/data/geometry/15123310150000.geojson,SLC_CRA_REAL_ESTATE_LIST,https://cra.slc.gov/real-estate,2026-09-25
15123310160000,REDEVELOPMENT AGENCY OF SALT LAKE (Parry Stone Block),CRA,False,True,1.25,False,D-2,Vacant Redevelopment,readiness/data/geometry/15123310160000.geojson,SLC_CRA_REAL_ESTATE_LIST,https://cra.slc.gov/real-estate,2026-09-25
15123310170000,REDEVELOPMENT AGENCY OF SALT LAKE (Peacock Block),CRA,False,True,1.25,False,D-2,Vacant Redevelopment,readiness/data/geometry/15123310170000.geojson,SLC_CRA_REAL_ESTATE_LIST,https://cra.slc.gov/real-estate,2026-09-25
08264090120000,UTAH DEPARTMENT OF TRANSPORTAT - UDOT RIGHT OF WAY,STATE,True,False,0.1,False,CB,Tax Exempt - Government,readiness/data/geometry/08264090120000.geojson,cadastre_government_owned_parcels,https://services1.arcgis.com/99lidPhWCzftIe9K/arcgis/rest/services/cadastre_government_owned_parcels/FeatureServer/0/query,2026-09-25
08264090130000,SALT LAKE CITY CORPORATION - PROPERTY MANAGEMENT,CITY,False,False,0.4,False,CB,Commercial,readiness/data/geometry/08264090130000.geojson,cadastre_government_owned_parcels,https://services1.arcgis.com/99lidPhWCzftIe9K/arcgis/rest/services/cadastre_government_owned_parcels/FeatureServer/0/query,2026-09-25
08264760010000,STATE ROAD COMMISSION OF UTAH; - UDOT RIGHT OF WAY,STATE,True,False,1.3,False,UNKNOWN,Tax Exempt - Government,readiness/data/geometry/08264760010000.geojson,cadastre_government_owned_parcels,https://services1.arcgis.com/99lidPhWCzftIe9K/arcgis/rest/services/cadastre_government_owned_parcels/FeatureServer/0/query,2026-09-25
08264770220000,SALT LAKE CITY CORPORATION - REAL ESTATE SERVICES,CITY,False,False,1.1,False,UNKNOWN,Tax Exempt - Government,readiness/data/geometry/08264770220000.geojson,cadastre_government_owned_parcels,https://services1.arcgis.com/99lidPhWCzftIe9K/arcgis/rest/services/cadastre_government_owned_parcels/FeatureServer/0/query,2026-09-25
08264800010000,UTAH DEPARTMENT OF TRANSPORTAT - UDOT RIGHT OF WAY,STATE,True,False,1.3,False,M-1,Tax Exempt - Government,readiness/data/geometry/08264800010000.geojson,cadastre_government_owned_parcels,https://services1.arcgis.com/99lidPhWCzftIe9K/arcgis/rest/services/cadastre_government_owned_parcels/FeatureServer/0/query,2026-09-25
08271020030000,SALT LAKE CITY CORPORATION - PEGGY GARCIA,CITY,False,False,0.1,False,R-1-7000,Vacant,readiness/data/geometry/08271020030000.geojson,cadastre_government_owned_parcels,https://services1.arcgis.com/99lidPhWCzftIe9K/arcgis/rest/services/cadastre_government_owned_parcels/FeatureServer/0/query,2026-09-25
08271030060000,SALT LAKE CITY CORPORATION - PROPERTY MANAGEMENT,CITY,False,False,0.0,True,UNKNOWN,Tax Exempt - Government,readiness/data/geometry/08271030060000.geojson,cadastre_government_owned_parcels,https://services1.arcgis.com/99lidPhWCzftIe9K/arcgis/rest/services/cadastre_government_owned_parcels/FeatureServer/0/query,2026-09-25
08271030070000,SALT LAKE CITY CORPORATION - PROPERTY MANAGEMENT,CITY,False,False,0.0,True,R-1-7000,Tax Exempt - Government,readiness/data/geometry/08271030070000.geojson,cadastre_government_owned_parcels,https://services1.arcgis.com/99lidPhWCzftIe9K/arcgis/rest/services/cadastre_government_owned_parcels/FeatureServer/0/query,2026-09-25
08271040030000,SALT LAKE CITY CORPORATION - PROPERTY MANAGEMENT,CITY,False,False,0.0,True,UNKNOWN,Tax Exempt - Government,readiness/data/geometry/08271040030000.geojson,cadastre_government_owned_parcels,https://services1.arcgis.com/99lidPhWCzftIe9K/arcgis/rest/services/cadastre_government_owned_parcels/FeatureServer/0/query,2026-09-25
08271040220000,SALT LAKE CITY CORPORATION - PROPERTY MANAGEMENT,CITY,False,False,0.0,True,UNKNOWN,Tax Exempt - Government,readiness/data/geometry/08271040220000.geojson,cadastre_government_owned_parcels,https://services1.arcgis.com/99lidPhWCzftIe9K/arcgis/rest/services/cadastre_government_owned_parcels/FeatureServer/0/query,2026-09-25
08271070140000,SALT LAKE CITY CORPORATION - PROPERTY MANAGEMENT,CITY,False,False,7.0,False,OS,Tax Exempt - Government,readiness/data/geometry/08271070140000.geojson,cadastre_government_owned_parcels,https://services1.arcgis.com/99lidPhWCzftIe9K/arcgis/rest/services/cadastre_government_owned_parcels/FeatureServer/0/query,2026-09-25
08271070150000,SALT LAKE CITY CORPORATION - PROPERTY MANAGEMENT,CITY,False,False,4.2,False,OS,Tax Exempt - Government,readiness/data/geometry/08271070150000.geojson,cadastre_government_owned_parcels,https://services1.arcgis.com/99lidPhWCzftIe9K/arcgis/rest/services/cadastre_government_owned_parcels/FeatureServer/0/query,2026-09-25
09294810050000,SALT LAKE CITY CORP - PROPERTY MANAGEMENT,CITY,False,False,0.0,True,UNKNOWN,Tax Exempt - Government,readiness/data/geometry/09294810050000.geojson,cadastre_government_owned_parcels,https://services1.arcgis.com/99lidPhWCzftIe9K/arcgis/rest/services/cadastre_government_owned_parcels/FeatureServer/0/query,2026-09-25
08271070160000,SALT LAKE CITY CORPORATION - PROPERTY MANAGEMENT,CITY,False,False,9.6,False,OS,Tax Exempt - Government,readiness/data/geometry/08271070160000.geojson,cadastre_government_owned_parcels,https://services1.arcgis.com/99lidPhWCzftIe9K/arcgis/rest/services/cadastre_government_owned_parcels/FeatureServer/0/query,2026-09-25
08271260050000,HOUSING AUTHORITY OF SALT LAKE,SPECIAL_DISTRICT,False,False,4.5,False,RMF-30,Commercial - Apartment & Condo,readiness/data/geometry/08271260050000.geojson,cadastre_government_owned_parcels,https://services1.arcgis.com/99lidPhWCzftIe9K/arcgis/rest/services/cadastre_government_owned_parcels/FeatureServer/0/query,2026-09-25
08271260080000,HOUSING AUTHORITY OF SALT LAKE,SPECIAL_DISTRICT,False,False,0.5,False,RMF-30,Vacant,readiness/data/geometry/08271260080000.geojson,cadastre_government_owned_parcels,https://services1.arcgis.com/99lidPhWCzftIe9K/arcgis/rest/services/cadastre_government_owned_parcels/FeatureServer/0/query,2026-09-25
08271270270000,SALT LAKE CITY CORP - PROPERTY MANAGEMENT,CITY,False,False,0.0,True,UNKNOWN,Vacant,readiness/data/geometry/08271270270000.geojson,cadastre_government_owned_parcels,https://services1.arcgis.com/99lidPhWCzftIe9K/arcgis/rest/services/cadastre_government_owned_parcels/FeatureServer/0/query,2026-09-25
08271270690000,SALT LAKE COUNTY - REAL ESTATE DEPT # S3200,COUNTY,False,False,0.0,True,RMF-30,Tax Exempt - Government,readiness/data/geometry/08271270690000.geojson,cadastre_government_owned_parcels,https://services1.arcgis.com/99lidPhWCzftIe9K/arcgis/rest/services/cadastre_government_owned_parcels/FeatureServer/0/query,2026-09-25
08271280010000,HOUSING AUTHORITY OF SALT LAKE,SPECIAL_DISTRICT,False,False,5.1,False,RMF-30,Commercial - Apartment & Condo,readiness/data/geometry/08271280010000.geojson,cadastre_government_owned_parcels,https://services1.arcgis.com/99lidPhWCzftIe9K/arcgis/rest/services/cadastre_government_owned_parcels/FeatureServer/0/query,2026-09-25
08271280110000,SALT LAKE CITY CORP - PROPERTY MANAGEMENT,CITY,False,False,0.0,True,UNKNOWN,Tax Exempt - Government,readiness/data/geometry/08271280110000.geojson,cadastre_government_owned_parcels,https://services1.arcgis.com/99lidPhWCzftIe9K/arcgis/rest/services/cadastre_government_owned_parcels/FeatureServer/0/query,2026-09-25
08271510190000,SALT LAKE CITY CORPORATION - PROPERTY MANAGEMENT,CITY,False,False,3.1,False,OS,Tax Exempt - Government,readiness/data/geometry/08271510190000.geojson,cadastre_government_owned_parcels,https://services1.arcgis.com/99lidPhWCzftIe9K/arcgis/rest/services/cadastre_government_owned_parcels/FeatureServer/0/query,2026-09-25
08271520120000,SALT LAKE CITY CORP - PROPERTY MANAGEMENT,CITY,False,False,1.1,False,UNKNOWN,Tax Exempt - Government,readiness/data/geometry/08271520120000.geojson,cadastre_government_owned_parcels,https://services1.arcgis.com/99lidPhWCzftIe9K/arcgis/rest/services/cadastre_government_owned_parcels/FeatureServer/0/query,2026-09-25
08271520200000,SALT LAKE CITY CORPORATION - PROPERTY MANAGEMENT,CITY,False,False,1.4,False,R-1-7000,Tax Exempt - Government,readiness/data/geometry/08271520200000.geojson,cadastre_government_owned_parcels,https://services1.arcgis.com/99lidPhWCzftIe9K/arcgis/rest/services/cadastre_government_owned_parcels/FeatureServer/0/query,2026-09-25
08271580040000,SALT LAKE CITY CORP - PROPERTY MANAGEMENT,CITY,False,False,0.0,True,UNKNOWN,Tax Exempt - Government,readiness/data/geometry/08271580040000.geojson,cadastre_government_owned_parcels,https://services1.arcgis.com/99lidPhWCzftIe9K/arcgis/rest/services/cadastre_government_owned_parcels/FeatureServer/0/query,2026-09-25
08271760290000,SALT LAKE CITY CORP - PROPERTY MANAGEMENT,CITY,False,False,0.0,True,UNKNOWN,Tax Exempt - Government,readiness/data/geometry/08271760290000.geojson,cadastre_government_owned_parcels,https://services1.arcgis.com/99lidPhWCzftIe9K/arcgis/rest/services/cadastre_government_owned_parcels/FeatureServer/0/query,2026-09-25
08271770070000,SALT LAKE CITY CORP - PROPERTY MANAGEMENT,CITY,False,False,0.0,True,UNKNOWN,Tax Exempt,readiness/data/geometry/08271770070000.geojson,cadastre_government_owned_parcels,https://services1.arcgis.com/99lidPhWCzftIe9K/arcgis/rest/services/cadastre_government_owned_parcels/FeatureServer/0/query,2026-09-25
08272010020000,SALT LAKE CITY CORPORATION - PROPERTY MANAGEMENT,CITY,False,False,0.5,False,R-1-7000,Tax Exempt - Government,readiness/data/geometry/08272010020000.geojson,cadastre_government_owned_parcels,https://services1.arcgis.com/99lidPhWCzftIe9K/arcgis/rest/services/cadastre_government_owned_parcels/FeatureServer/0/query,2026-09-25
08272010030000,SALT LAKE CITY CORPORATION - PROPERTY MANAGEMENT,CITY,False,False,0.4,False,R-1-7000,Tax Exempt - Government,readiness/data/geometry/08272010030000.geojson,cadastre_government_owned_parcels,https://services1.arcgis.com/99lidPhWCzftIe9K/arcgis/rest/services/cadastre_government_owned_parcels/FeatureServer/0/query,2026-09-25
08272010040000,SALT LAKE CITY CORPORATION - PROPERTY MANAGEMENT,CITY,False,False,0.2,False,R-1-7000,Tax Exempt - Government,readiness/data/geometry/08272010040000.geojson,cadastre_government_owned_parcels,https://services1.arcgis.com/99lidPhWCzftIe9K/arcgis/rest/services/cadastre_government_owned_parcels/FeatureServer/0/query,2026-09-25
08272010050000,SALT LAKE CITY CORPORATION - PROPERTY MANAGEMENT,CITY,False,False,0.6,False,R-1-7000,Tax Exempt - Government,readiness/data/geometry/08272010050000.geojson,cadastre_government_owned_parcels,https://services1.arcgis.com/99lidPhWCzftIe9K/arcgis/rest/services/cadastre_government_owned_parcels/FeatureServer/0/query,2026-09-25
08272010060000,SALT LAKE CITY CORPORATION - PROPERTY MANAGEMENT,CITY,False,False,1.0,False,R-1-7000,Tax Exempt - Government,readiness/data/geometry/08272010060000.geojson,cadastre_government_owned_parcels,https://services1.arcgis.com/99lidPhWCzftIe9K/arcgis/rest/services/cadastre_government_owned_parcels/FeatureServer/0/query,2026-09-25
08272010070000,SALT LAKE CITY CORPORATION - PROPERTY MANAGEMENT,CITY,False,False,0.4,False,OS,Commercial,readiness/data/geometry/08272010070000.geojson,cadastre_government_owned_parcels,https://services1.arcgis.com/99lidPhWCzftIe9K/arcgis/rest/services/cadastre_government_owned_parcels/FeatureServer/0/query,2026-09-25
08272010080000,SALT LAKE CITY - PROPERTY MANAGEMENT,CITY,False,False,0.1,False,OS,Tax Exempt - Government,readiness/data/geometry/08272010080000.geojson,cadastre_government_owned_parcels,https://services1.arcgis.com/99lidPhWCzftIe9K/arcgis/rest/services/cadastre_government_owned_parcels/FeatureServer/0/query,2026-09-25
08272010090000,SALT LAKE CITY CORPORATION - PROPERTY MANAGEMENT,CITY,False,False,1.2,False,OS,Commercial,readiness/data/geometry/08272010090000.geojson,cadastre_government_owned_parcels,https://services1.arcgis.com/99lidPhWCzftIe9K/arcgis/rest/services/cadastre_government_owned_parcels/FeatureServer/0/query,2026-09-25
08272010100000,SALT LAKE CITY CORPORATION - PROPERTY MANAGEMENT,CITY,False,False,0.9,False,OS,Commercial,readiness/data/geometry/08272010100000.geojson,cadastre_government_owned_parcels,https://services1.arcgis.com/99lidPhWCzftIe9K/arcgis/rest/services/cadastre_government_owned_parcels/FeatureServer/0/query,2026-09-25
08272010120000,SALT LAKE CITY - PROPERTY MANAGEMENT,CITY,False,False,1.5,False,OS,Tax Exempt - Government,readiness/data/geometry/08272010120000.geojson,cadastre_government_owned_parcels,https://services1.arcgis.com/99lidPhWCzftIe9K/arcgis/rest/services/cadastre_government_owned_parcels/FeatureServer/0/query,2026-09-25
08272010130000,SALT LAKE CITY CORP - PROPERTY MANAGEMENT,CITY,False,False,17.2,False,OS,Tax Exempt - Government,readiness/data/geometry/08272010130000.geojson,cadastre_government_owned_parcels,https://services1.arcgis.com/99lidPhWCzftIe9K/arcgis/rest/services/cadastre_government_owned_parcels/FeatureServer/0/query,2026-09-25
08272010140000,STATE OF UTAH DIV OF RECREATIO,STATE,True,False,1.3,False,OS,Commercial,readiness/data/geometry/08272010140000.geojson,cadastre_government_owned_parcels,https://services1.arcgis.com/99lidPhWCzftIe9K/arcgis/rest/services/cadastre_government_owned_parcels/FeatureServer/0/query,2026-09-25
08272280330000,THE BOARD OF EDUCATION OF SALT,SCHOOL_DISTRICT,False,False,17.6,False,PL,Tax Exempt - Government,readiness/data/geometry/08272280330000.geojson,cadastre_government_owned_parcels,https://services1.arcgis.com/99lidPhWCzftIe9K/arcgis/rest/services/cadastre_government_owned_parcels/FeatureServer/0/query,2026-09-25
08272510060000,SALT LAKE CITY CORPORATION - PROPERTY MANAGEMENT,CITY,False,False,1.7,False,OS,Commercial,readiness/data/geometry/08272510060000.geojson,cadastre_government_owned_parcels,https://services1.arcgis.com/99lidPhWCzftIe9K/arcgis/rest/services/cadastre_government_owned_parcels/FeatureServer/0/query,2026-09-25
08272510070000,SALT LAKE CITY CORPORATION - PROPERTY MANAGEMENT,CITY,False,False,0.3,False,OS,Commercial,readiness/data/geometry/08272510070000.geojson,cadastre_government_owned_parcels,https://services1.arcgis.com/99lidPhWCzftIe9K/arcgis/rest/services/cadastre_government_owned_parcels/FeatureServer/0/query,2026-09-25
08272510080000,SALT LAKE CITY CORPORATION - PROPERTY MANAGEMENT,CITY,False,False,0.2,False,OS,Commercial,readiness/data/geometry/08272510080000.geojson,cadastre_government_owned_parcels,https://services1.arcgis.com/99lidPhWCzftIe9K/arcgis/rest/services/cadastre_government_owned_parcels/FeatureServer/0/query,2026-09-25
08272510090000,SALT LAKE CITY CORPORATION - PROPERTY MANAGEMENT,CITY,False,False,0.3,False,OS,Commercial,readiness/data/geometry/08272510090000.geojson,cadastre_government_owned_parcels,https://services1.arcgis.com/99lidPhWCzftIe9K/arcgis/rest/services/cadastre_government_owned_parcels/FeatureServer/0/query,2026-09-25
08272510100000,SALT LAKE CITY - PROPERTY MANAGEMENT,CITY,False,False,0.1,False,OS,Tax Exempt - Government,readiness/data/geometry/08272510100000.geojson,cadastre_government_owned_parcels,https://services1.arcgis.com/99lidPhWCzftIe9K/arcgis/rest/services/cadastre_government_owned_parcels/FeatureServer/0/query,2026-09-25
08273100300000,SALT LAKE CITY CORP - PROPERTY MANAGEMENT,CITY,False,False,0.0,True,UNKNOWN,Commercial,readiness/data/geometry/08273100300000.geojson,cadastre_government_owned_parcels,https://services1.arcgis.com/99lidPhWCzftIe9K/arcgis/rest/services/cadastre_government_owned_parcels/FeatureServer/0/query,2026-09-25
08273260010000,SALT LAKE COUNTY - REAL ESTATE DEPT # S3200,COUNTY,False,False,0.0,True,UNKNOWN,Tax Exempt - Government,readiness/data/geometry/08273260010000.geojson,cadastre_government_owned_parcels,https://services1.arcgis.com/99lidPhWCzftIe9K/arcgis/rest/services/cadastre_government_owned_parcels/FeatureServer/0/query,2026-09-25
08273270030000,BD OF ED SALT LAKE CITY SCHOOL,SCHOOL_DISTRICT,False,False,1.7,False,R-1-7000,Tax Exempt - Government,readiness/data/geometry/08273270030000.geojson,cadastre_government_owned_parcels,https://services1.arcgis.com/99lidPhWCzftIe9K/arcgis/rest/services/cadastre_government_owned_parcels/FeatureServer/0/query,2026-09-25
08273270130000,BOARD OF EDUCATION OF SALT LAK,SCHOOL_DISTRICT,False,False,0.7,False,R-1-7000,Tax Exempt - Government,readiness/data/geometry/08273270130000.geojson,cadastre_government_owned_parcels,https://services1.arcgis.com/99lidPhWCzftIe9K/arcgis/rest/services/cadastre_government_owned_parcels/FeatureServer/0/query,2026-09-25
08273270140000,BOARD OF EDUCATION OF SALT LAK,SCHOOL_DISTRICT,False,False,0.8,False,R-1-7000,Tax Exempt - Government,readiness/data/geometry/08273270140000.geojson,cadastre_government_owned_parcels,https://services1.arcgis.com/99lidPhWCzftIe9K/arcgis/rest/services/cadastre_government_owned_parcels/FeatureServer/0/query,2026-09-25
08273270200000,BOARD OF EDUCATION OF SALT LAK,SCHOOL_DISTRICT,False,False,1.7,False,R-1-7000,Tax Exempt - Government,readiness/data/geometry/08273270200000.geojson,cadastre_government_owned_parcels,https://services1.arcgis.com/99lidPhWCzftIe9K/arcgis/rest/services/cadastre_government_owned_parcels/FeatureServer/0/query,2026-09-25
08273270210000,BOARD OF EDUCATION OF SALT LAK - ATTN: ADMINISTRATION,SCHOOL_DISTRICT,False,False,1.8,False,R-1-7000,Tax Exempt - Government,readiness/data/geometry/08273270210000.geojson,cadastre_government_owned_parcels,https://services1.arcgis.com/99lidPhWCzftIe9K/arcgis/rest/services/cadastre_government_owned_parcels/FeatureServer/0/query,2026-09-25
08273270220000,BOARD OF EDUCATION OF SALT LAK - ATTN: ADMINISTRATION,SCHOOL_DISTRICT,False,False,0.5,False,R-1-7000,Tax Exempt - Government,readiness/data/geometry/08273270220000.geojson,cadastre_government_owned_parcels,https://services1.arcgis.com/99lidPhWCzftIe9K/arcgis/rest/services/cadastre_government_owned_parcels/FeatureServer/0/query,2026-09-25
08273270310000,UTAH DEPARTMENT OF TRANSPORTAT - UDOT RIGHT OF WAY,STATE,True,False,0.0,True,UNKNOWN,Commercial,readiness/data/geometry/08273270310000.geojson,cadastre_government_owned_parcels,https://services1.arcgis.com/99lidPhWCzftIe9K/arcgis/rest/services/cadastre_government_owned_parcels/FeatureServer/0/query,2026-09-25
08273270530000,THE BOARD OF EDUCATION OF SALT,SCHOOL_DISTRICT,False,False,1.2,False,R-1-7000,Commercial,readiness/data/geometry/08273270530000.geojson,cadastre_government_owned_parcels,https://services1.arcgis.com/99lidPhWCzftIe9K/arcgis/rest/services/cadastre_government_owned_parcels/FeatureServer/0/query,2026-09-25
08273270592000,SALT LAKE CITY CORPORATION,CITY,False,False,0.2,False,R-1-7000,Residential,readiness/data/geometry/08273270592000.geojson,cadastre_government_owned_parcels,https://services1.arcgis.com/99lidPhWCzftIe9K/arcgis/rest/services/cadastre_government_owned_parcels/FeatureServer/0/query,2026-09-25
08273280130000,SALT LAKE CITY CORP - PROPERTY MANAGEMENT,CITY,False,False,0.3,False,R-1-7000,Tax Exempt - Government,readiness/data/geometry/08273280130000.geojson,cadastre_government_owned_parcels,https://services1.arcgis.com/99lidPhWCzftIe9K/arcgis/rest/services/cadastre_government_owned_parcels/FeatureServer/0/query,2026-09-25
08273280200000,SALT LAKE CITY CORP - PROPERTY MANAGEMENT,CITY,False,False,0.0,True,UNKNOWN,Tax Exempt,readiness/data/geometry/08273280200000.geojson,cadastre_government_owned_parcels,https://services1.arcgis.com/99lidPhWCzftIe9K/arcgis/rest/services/cadastre_government_owned_parcels/FeatureServer/0/query,2026-09-25
08273280280000,SALT LAKE COUNTY - REAL ESTATE DEPT,COUNTY,False,False,0.1,False,R-1-7000,Tax Exempt - Government,readiness/data/geometry/08273280280000.geojson,cadastre_government_owned_parcels,https://services1.arcgis.com/99lidPhWCzftIe9K/arcgis/rest/services/cadastre_government_owned_parcels/FeatureServer/0/query,2026-09-25
08273510320000,SALT LAKE CITY CORP - PROPERTY MANAGEMENT,CITY,False,False,0.5,False,R-1-7000,Tax Exempt - Government,readiness/data/geometry/08273510320000.geojson,cadastre_government_owned_parcels,https://services1.arcgis.com/99lidPhWCzftIe9K/arcgis/rest/services/cadastre_government_owned_parcels/FeatureServer/0/query,2026-09-25
08273570010000,UTAH DEPARTMENT OF TRANSPORTAT - UDOT RIGHT OF WAY,STATE,True,False,0.0,True,R-1-5000,Commercial,readiness/data/geometry/08273570010000.geojson,cadastre_government_owned_parcels,https://services1.arcgis.com/99lidPhWCzftIe9K/arcgis/rest/services/cadastre_government_owned_parcels/FeatureServer/0/query,2026-09-25
08273800040000,SALT LAKE COUNTY - REAL ESTATE DEPT # S3200,COUNTY,False,False,0.0,True,R-1-5000,Tax Exempt - Government,readiness/data/geometry/08273800040000.geojson,cadastre_government_owned_parcels,https://services1.arcgis.com/99lidPhWCzftIe9K/arcgis/rest/services/cadastre_government_owned_parcels/FeatureServer/0/query,2026-09-25
08274020020000,SALT LAKE CITY CORPORATION - PROPERTY MANAGEMENT,CITY,False,False,0.4,False,OS,Commercial,readiness/data/geometry/08274020020000.geojson,cadastre_government_owned_parcels,https://services1.arcgis.com/99lidPhWCzftIe9K/arcgis/rest/services/cadastre_government_owned_parcels/FeatureServer/0/query,2026-09-25
08274020030000,SALT LAKE CITY - PROPERTY MANAGEMENT,CITY,False,False,0.4,False,OS,Tax Exempt - Government,readiness/data/geometry/08274020030000.geojson,cadastre_government_owned_parcels,https://services1.arcgis.com/99lidPhWCzftIe9K/arcgis/rest/services/cadastre_government_owned_parcels/FeatureServer/0/query,2026-09-25
08274020040000,SALT LAKE CITY CORPORATION - PROPERTY MANAGEMENT,CITY,False,False,0.6,False,OS,Tax Exempt - Government,readiness/data/geometry/08274020040000.geojson,cadastre_government_owned_parcels,https://services1.arcgis.com/99lidPhWCzftIe9K/arcgis/rest/services/cadastre_government_owned_parcels/FeatureServer/0/query,2026-09-25
08274030060000,SALT LAKE CITY CORPORATION - PROPERTY MANAGEMENT,CITY,False,False,3.6,False,OS,Tax Exempt - Government,readiness/data/geometry/08274030060000.geojson,cadastre_government_owned_parcels,https://services1.arcgis.com/99lidPhWCzftIe9K/arcgis/rest/services/cadastre_government_owned_parcels/FeatureServer/0/query,2026-09-25
08274050010000,SALT LAKE CITY CORPORATION - PROPERTY MANAGEMENT,CITY,False,False,0.1,False,PL,Tax Exempt - Government,readiness/data/geometry/08274050010000.geojson,cadastre_government_owned_parcels,https://services1.arcgis.com/99lidPhWCzftIe9K/arcgis/rest/services/cadastre_government_owned_parcels/FeatureServer/0/query,2026-09-25
08274050020000,SALT LAKE CITY PUBLIC LIBRARY - ATTN: SUSAN A CALLAWAY,CITY,False,False,2.6,False,PL,Tax Exempt - Government,readiness/data/geometry/08274050020000.geojson,cadastre_government_owned_parcels,https://services1.arcgis.com/99lidPhWCzftIe9K/arcgis/rest/services/cadastre_government_owned_parcels/FeatureServer/0/query,2026-09-25
08274050030000,SALT LAKE COUNTY - REAL ESTATE DEPT # S3200,COUNTY,False,False,0.0,True,UNKNOWN,Tax Exempt - Government,readiness/data/geometry/08274050030000.geojson,cadastre_government_owned_parcels,https://services1.arcgis.com/99lidPhWCzftIe9K/arcgis/rest/services/cadastre_government_owned_parcels/FeatureServer/0/query,2026-09-25
08274050040000,SALT LAKE CITY CORPORATION - ATTN: SUSAN A CALLAWAY,CITY,False,False,2.1,False,OS,Tax Exempt - Government,readiness/data/geometry/08274050040000.geojson,cadastre_government_owned_parcels,https://services1.arcgis.com/99lidPhWCzftIe9K/arcgis/rest/services/cadastre_government_owned_parcels/FeatureServer/0/query,2026-09-25
08274050050000,SALT LAKE CITY - ATTN: SUSAN A CALLAWAY,CITY,False,False,1.6,False,OS,Tax Exempt - Government,readiness/data/geometry/08274050050000.geojson,cadastre_government_owned_parcels,https://services1.arcgis.com/99lidPhWCzftIe9K/arcgis/rest/services/cadastre_government_owned_parcels/FeatureServer/0/query,2026-09-25
08274050060000,SALT LAKE COUNTY - REAL ESTATE DEPT # S3200,COUNTY,False,False,0.3,False,OS,Tax Exempt - Government,readiness/data/geometry/08274050060000.geojson,cadastre_government_owned_parcels,https://services1.arcgis.com/99lidPhWCzftIe9K/arcgis/rest/services/cadastre_government_owned_parcels/FeatureServer/0/query,2026-09-25
08274050070000,SALT LAKE CITY CORPORATION - PROPERTY MANAGEMENT,CITY,False,False,0.5,False,OS,Tax Exempt - Government,readiness/data/geometry/08274050070000.geojson,cadastre_government_owned_parcels,https://services1.arcgis.com/99lidPhWCzftIe9K/arcgis/rest/services/cadastre_government_owned_parcels/FeatureServer/0/query,2026-09-25
08274300352000,SALT LAKE CITY CORPORATION - HOUSING & NEIGHBORHOOD DEVELO,CITY,False,False,0.2,False,R-1-7000,Residential,readiness/data/geometry/08274300352000.geojson,cadastre_government_owned_parcels,https://services1.arcgis.com/99lidPhWCzftIe9K/arcgis/rest/services/cadastre_government_owned_parcels/FeatureServer/0/query,2026-09-25
08274520440000,SALT LAKE CITY CORPORATION - PROPERTY MANAGEMENT,CITY,False,False,1.6,False,OS,Tax Exempt - Government,readiness/data/geometry/08274520440000.geojson,cadastre_government_owned_parcels,https://services1.arcgis.com/99lidPhWCzftIe9K/arcgis/rest/services/cadastre_government_owned_parcels/FeatureServer/0/query,2026-09-25
08274540110000,SALT LAKE CITY CORP - PROPERTY MANAGEMENT,CITY,False,False,26.0,False,OS,Tax Exempt - Government,readiness/data/geometry/08274540110000.geojson,cadastre_government_owned_parcels,https://services1.arcgis.com/99lidPhWCzftIe9K/arcgis/rest/services/cadastre_government_owned_parcels/FeatureServer/0/query,2026-09-25
08274800160000,SALT LAKE CITY - PROPERTY MANAGEMENT,CITY,False,False,2.9,False,OS,Tax Exempt - Government,readiness/data/geometry/08274800160000.geojson,cadastre_government_owned_parcels,https://services1.arcgis.com/99lidPhWCzftIe9K/arcgis/rest/services/cadastre_government_owned_parcels/FeatureServer/0/query,2026-09-25
08281000010000,SALT LAKE CITY CORP - PROPERTY MANAGEMENT,CITY,False,False,158.0,False,AIRPORT,Vacant,readiness/data/geometry/08281000010000.geojson,cadastre_government_owned_parcels,https://services1.arcgis.com/99lidPhWCzftIe9K/arcgis/rest/services/cadastre_government_owned_parcels/FeatureServer/0/query,2026-09-25
08283000010000,SALT LAKE CITY CORP - PROPERTY MANAGEMENT,CITY,False,False,160.0,False,AIRPORT,Vacant,readiness/data/geometry/08283000010000.geojson,cadastre_government_owned_parcels,https://services1.arcgis.com/99lidPhWCzftIe9K/arcgis/rest/services/cadastre_government_owned_parcels/FeatureServer/0/query,2026-09-25
08284000010000,SALT LAKE CITY CORP - PROPERTY MANAGEMENT,CITY,False,False,74.8,False,AIRPORT,Tax Exempt - Government,readiness/data/geometry/08284000010000.geojson,cadastre_government_owned_parcels,https://services1.arcgis.com/99lidPhWCzftIe9K/arcgis/rest/services/cadastre_government_owned_parcels/FeatureServer/0/query,2026-09-25
08291030032002,SALT LAKE CITY DEPARTMENT OF A - SALT LAKE CITY CORP PROP MGMT,CITY,False,False,0.2,False,AIRPORT,Commercial,readiness/data/geometry/08291030032002.geojson,cadastre_government_owned_parcels,https://services1.arcgis.com/99lidPhWCzftIe9K/arcgis/rest/services/cadastre_government_owned_parcels/FeatureServer/0/query,2026-09-25
08291510020000,SALT LAKE CITY - PROPERTY MANAGEMENT,CITY,False,False,40.0,False,AIRPORT,Vacant,readiness/data/geometry/08291510020000.geojson,cadastre_government_owned_parcels,https://services1.arcgis.com/99lidPhWCzftIe9K/arcgis/rest/services/cadastre_government_owned_parcels/FeatureServer/0/query,2026-09-25
08292010010000,SALT LAKE CITY CORP - PROPERTY MANAGEMENT,CITY,False,False,179.7,False,AIRPORT,Vacant,readiness/data/geometry/08292010010000.geojson,cadastre_government_owned_parcels,https://services1.arcgis.com/99lidPhWCzftIe9K/arcgis/rest/services/cadastre_government_owned_parcels/FeatureServer/0/query,2026-09-25
08292280020000,SALT LAKE CITY DEPARTMENT OF A - SALT LAKE CITY CORP PROP MGMT,CITY,False,False,39.6,False,AIRPORT,Vacant,readiness/data/geometry/08292280020000.geojson,cadastre_government_owned_parcels,https://services1.arcgis.com/99lidPhWCzftIe9K/arcgis/rest/services/cadastre_government_owned_parcels/FeatureServer/0/query,2026-09-25
08292510020000,SALT LAKE CITY - PROPERTY MANAGEMENT,CITY,False,False,20.6,False,AIRPORT,Vacant,readiness/data/geometry/08292510020000.geojson,cadastre_government_owned_parcels,https://services1.arcgis.com/99lidPhWCzftIe9K/arcgis/rest/services/cadastre_government_owned_parcels/FeatureServer/0/query,2026-09-25
08292760010000,SALT LAKE CITY CORP - PROPERTY MANAGEMENT,CITY,False,False,40.0,False,AIRPORT,Tax Exempt - Government,readiness/data/geometry/08292760010000.geojson,cadastre_government_owned_parcels,https://services1.arcgis.com/99lidPhWCzftIe9K/arcgis/rest/services/cadastre_government_owned_parcels/FeatureServer/0/query,2026-09-25
08293260020000,SALT LAKE CITY DEPARTMENT OF A - SALT LAKE CITY CORP PROP MGMT,CITY,False,False,120.0,False,AIRPORT,Tax Exempt - Government,readiness/data/geometry/08293260020000.geojson,cadastre_government_owned_parcels,https://services1.arcgis.com/99lidPhWCzftIe9K/arcgis/rest/services/cadastre_government_owned_parcels/FeatureServer/0/query,2026-09-25
08293510010000,SALT LAKE CITY CORP - PROPERTY MANAGEMENT,CITY,False,False,37.6,False,AIRPORT,Tax Exempt - Government,readiness/data/geometry/08293510010000.geojson,cadastre_government_owned_parcels,https://services1.arcgis.com/99lidPhWCzftIe9K/arcgis/rest/services/cadastre_government_owned_parcels/FeatureServer/0/query,2026-09-25
08294000060000,SALT LAKE CITY CORP - PROPERTY MANAGEMENT,CITY,False,False,9.8,False,AIRPORT,Vacant,readiness/data/geometry/08294000060000.geojson,cadastre_government_owned_parcels,https://services1.arcgis.com/99lidPhWCzftIe9K/arcgis/rest/services/cadastre_government_owned_parcels/FeatureServer/0/query,2026-09-25
08294000070000,SALT LAKE CITY CORP. - PROPERTY MANAGEMENT,CITY,False,False,19.7,False,AIRPORT,Vacant,readiness/data/geometry/08294000070000.geojson,cadastre_government_owned_parcels,https://services1.arcgis.com/99lidPhWCzftIe9K/arcgis/rest/services/cadastre_government_owned_parcels/FeatureServer/0/query,2026-09-25
08294000090000,SALT LAKE CITY CORP. - PROPERTY MANAGEMENT,CITY,False,False,9.7,False,AIRPORT,Vacant,readiness/data/geometry/08294000090000.geojson,cadastre_government_owned_parcels,https://services1.arcgis.com/99lidPhWCzftIe9K/arcgis/rest/services/cadastre_government_owned_parcels/FeatureServer/0/query,2026-09-25
08301000010000,SALT LAKE CITY - PROPERTY MANAGEMENT,CITY,False,False,6.0,False,AIRPORT,Tax Exempt - Government,readiness/data/geometry/08301000010000.geojson,cadastre_government_owned_parcels,https://services1.arcgis.com/99lidPhWCzftIe9K/arcgis/rest/services/cadastre_government_owned_parcels/FeatureServer/0/query,2026-09-25
08301000030000,SALT LAKE CITY - PROPERTY MANAGEMENT,CITY,False,False,60.0,False,AIRPORT,Tax Exempt - Government,readiness/data/geometry/08301000030000.geojson,cadastre_government_owned_parcels,https://services1.arcgis.com/99lidPhWCzftIe9K/arcgis/rest/services/cadastre_government_owned_parcels/FeatureServer/0/query,2026-09-25
08301000040000,SALT LAKE CITY CORP - PROPERTY MANAGEMENT,CITY,False,False,100.0,False,AIRPORT,Tax Exempt - Government,readiness/data/geometry/08301000040000.geojson,cadastre_government_owned_parcels,https://services1.arcgis.com/99lidPhWCzftIe9K/arcgis/rest/services/cadastre_government_owned_parcels/FeatureServer/0/query,2026-09-25
08302010010000,SALT LAKE CITY CORP - PROPERTY MANAGEMENT,CITY,False,False,40.0,False,AIRPORT,Tax Exempt - Government,readiness/data/geometry/08302010010000.geojson,cadastre_government_owned_parcels,https://services1.arcgis.com/99lidPhWCzftIe9K/arcgis/rest/services/cadastre_government_owned_parcels/FeatureServer/0/query,2026-09-25
08302510010000,SALT LAKE CITY - PROPERTY MANAGEMENT,CITY,False,False,40.0,False,AIRPORT,Tax Exempt - Government,readiness/data/geometry/08302510010000.geojson,cadastre_government_owned_parcels,https://services1.arcgis.com/99lidPhWCzftIe9K/arcgis/rest/services/cadastre_government_owned_parcels/FeatureServer/0/query,2026-09-25
08302760012000,SALT LAKE CITY - PROPERTY MANAGEMENT,CITY,False,False,40.0,False,AIRPORT,Vacant,readiness/data/geometry/08302760012000.geojson,cadastre_government_owned_parcels,https://services1.arcgis.com/99lidPhWCzftIe9K/arcgis/rest/services/cadastre_government_owned_parcels/FeatureServer/0/query,2026-09-25
08304000010000,SALT LAKE CITY CORP - PROPERTY MANAGEMENT,CITY,False,False,40.0,False,AIRPORT,Tax Exempt - Government,readiness/data/geometry/08304000010000.geojson,cadastre_government_owned_parcels,https://services1.arcgis.com/99lidPhWCzftIe9K/arcgis/rest/services/cadastre_government_owned_parcels/FeatureServer/0/query,2026-09-25
08304000020000,LAKE CITY CORP - PROPERTY MANAGEMENT,CITY,False,False,12.3,False,AIRPORT,Tax Exempt - Government,readiness/data/geometry/08304000020000.geojson,cadastre_government_owned_parcels,https://services1.arcgis.com/99lidPhWCzftIe9K/arcgis/rest/services/cadastre_government_owned_parcels/FeatureServer/0/query,2026-09-25
08304000030000,SALT LAKE CITY CORPORATION - PROPERTY MANAGEMENT,CITY,False,False,13.1,False,AIRPORT,Tax Exempt - Government,readiness/data/geometry/08304000030000.geojson,cadastre_government_owned_parcels,https://services1.arcgis.com/99lidPhWCzftIe9K/arcgis/rest/services/cadastre_government_owned_parcels/FeatureServer/0/query,2026-09-25
08304000030000,SALT LAKE CITY CORPORATION - PROPERTY MANAGEMENT,CITY,False,False,13.1,False,AIRPORT,Tax Exempt - Government,readiness/data/geometry/08304000030000.geojson,cadastre_government_owned_parcels,https://services1.arcgis.com/99lidPhWCzftIe9K/arcgis/rest/services/cadastre_government_owned_parcels/FeatureServer/0/query,2026-09-25
08304000040000,LAKE CITY CORP - PROPERTY MANAGEMENT,CITY,False,False,14.0,False,AIRPORT,Tax Exempt - Government,readiness/data/geometry/08304000040000.geojson,cadastre_government_owned_parcels,https://services1.arcgis.com/99lidPhWCzftIe9K/arcgis/rest/services/cadastre_government_owned_parcels/FeatureServer/0/query,2026-09-25
08304000050000,LAKE CITY (TITLE BY W D) - PROPERTY MANAGEMENT,CITY,False,False,0.3,False,AIRPORT,Tax Exempt - Government,readiness/data/geometry/08304000050000.geojson,cadastre_government_owned_parcels,https://services1.arcgis.com/99lidPhWCzftIe9K/arcgis/rest/services/cadastre_government_owned_parcels/FeatureServer/0/query,2026-09-25
08304000060000,SALT LAKE CITY - PROPERTY MANAGEMENT,CITY,False,False,101.0,False,AIRPORT,Tax Exempt - Government,readiness/data/geometry/08304000060000.geojson,cadastre_government_owned_parcels,https://services1.arcgis.com/99lidPhWCzftIe9K/arcgis/rest/services/cadastre_government_owned_parcels/FeatureServer/0/query,2026-09-25
08311010080000,SALT LAKE CITY CORPORATION - PROPERTY MANAGEMENT,CITY,False,False,1.2,False,M-1,Tax Exempt - Government,readiness/data/geometry/08311010080000.geojson,cadastre_government_owned_parcels,https://services1.arcgis.com/99lidPhWCzftIe9K/arcgis/rest/services/cadastre_government_owned_parcels/FeatureServer/0/query,2026-09-25
08311010090000,SALT LAKE CITY CORPORATION - DEPT OF AIRPORTS (PROPERTIES),CITY,False,False,4.2,False,M-1,Tax Exempt - Government,readiness/data/geometry/08311010090000.geojson,cadastre_government_owned_parcels,https://services1.arcgis.com/99lidPhWCzftIe9K/arcgis/rest/services/cadastre_government_owned_parcels/FeatureServer/0/query,2026-09-25
08311260010000,LAKE CITY (TITLE BY ORDER OF C - PROPERTY MANAGEMENT,CITY,False,False,284.4,False,AIRPORT,Tax Exempt - Government,readiness/data/geometry/08311260010000.geojson,cadastre_government_owned_parcels,https://services1.arcgis.com/99lidPhWCzftIe9K/arcgis/rest/services/cadastre_government_owned_parcels/FeatureServer/0/query,2026-09-25
08311540040000,SALT LAKE CITY CORP,CITY,False,False,8.5,False,M-1,Tax Exempt - Government,readiness/data/geometry/08311540040000.geojson,cadastre_government_owned_parcels,https://services1.arcgis.com/99lidPhWCzftIe9K/arcgis/rest/services/cadastre_government_owned_parcels/FeatureServer/0/query,2026-09-25
08311540060000,SALT LAKE CITY CORPORATION - PROPERTY MANAGEMENT,CITY,False,False,6.7,False,M-1,Tax Exempt - Government,readiness/data/geometry/08311540060000.geojson,cadastre_government_owned_parcels,https://services1.arcgis.com/99lidPhWCzftIe9K/arcgis/rest/services/cadastre_government_owned_parcels/FeatureServer/0/query,2026-09-25
08312000010000,SALT LAKE CITY CORPORATION - PROPERTY MANAGEMENT,CITY,False,False,1.0,False,AIRPORT,Tax Exempt - Government,readiness/data/geometry/08312000010000.geojson,cadastre_government_owned_parcels,https://services1.arcgis.com/99lidPhWCzftIe9K/arcgis/rest/services/cadastre_government_owned_parcels/FeatureServer/0/query,2026-09-25
08313530080000,SALT LAKE CITY CORPORATION,CITY,False,False,2.2,False,M-1,Tax Exempt - Government,readiness/data/geometry/08313530080000.geojson,cadastre_government_owned_parcels,https://services1.arcgis.com/99lidPhWCzftIe9K/arcgis/rest/services/cadastre_government_owned_parcels/FeatureServer/0/query,2026-09-25
08313530090000,SALT LAKE CITY CORPORATION,CITY,False,False,2.6,False,M-1,Tax Exempt - Government,readiness/data/geometry/08313530090000.geojson,cadastre_government_owned_parcels,https://services1.arcgis.com/99lidPhWCzftIe9K/arcgis/rest/services/cadastre_government_owned_parcels/FeatureServer/0/query,2026-09-25
08313530100000,SALT LAKE CITY CORPORATION,CITY,False,False,1.2,False,M-1,Tax Exempt - Government,readiness/data/geometry/08313530100000.geojson,cadastre_government_owned_parcels,https://services1.arcgis.com/99lidPhWCzftIe9K/arcgis/rest/services/cadastre_government_owned_parcels/FeatureServer/0/query,2026-09-25
08313530120000,SALT LAKE CITY CORPORATION,CITY,False,False,4.7,False,M-1,Tax Exempt - Government,readiness/data/geometry/08313530120000.geojson,cadastre_government_owned_parcels,https://services1.arcgis.com/99lidPhWCzftIe9K/arcgis/rest/services/cadastre_government_owned_parcels/FeatureServer/0/query,2026-09-25
08313530130000,SALT LAKE CITY CORPORATION,CITY,False,False,1.6,False,M-1,Tax Exempt - Government,readiness/data/geometry/08313530130000.geojson,cadastre_government_owned_parcels,https://services1.arcgis.com/99lidPhWCzftIe9K/arcgis/rest/services/cadastre_government_owned_parcels/FeatureServer/0/query,2026-09-25
08313760010000,LAKE CITY (TITLE BY ORDER OF C - PROPERTY MANAGEMENT,CITY,False,False,16.3,False,UNKNOWN,Tax Exempt - Government,readiness/data/geometry/08313760010000.geojson,cadastre_government_owned_parcels,https://services1.arcgis.com/99lidPhWCzftIe9K/arcgis/rest/services/cadastre_government_owned_parcels/FeatureServer/0/query,2026-09-25
08314000010000,SALT LAKE CITY - PROPERTY MANAGEMENT,CITY,False,False,175.6,False,AIRPORT,Tax Exempt - Government,readiness/data/geometry/08314000010000.geojson,cadastre_government_owned_parcels,https://services1.arcgis.com/99lidPhWCzftIe9K/arcgis/rest/services/cadastre_government_owned_parcels/FeatureServer/0/query,2026-09-25
08314000020000,SALT LAKE CITY CORP - PROPERTY MANAGEMENT,CITY,False,False,15.9,False,AIRPORT,Tax Exempt - Government,readiness/data/geometry/08314000020000.geojson,cadastre_government_owned_parcels,https://services1.arcgis.com/99lidPhWCzftIe9K/arcgis/rest/services/cadastre_government_owned_parcels/FeatureServer/0/query,2026-09-25
08314000030000,SALT LAKE CITY - PROPERTY MANAGEMENT,CITY,False,False,30.2,False,UNKNOWN,Tax Exempt - Government,readiness/data/geometry/08314000030000.geojson,cadastre_government_owned_parcels,https://services1.arcgis.com/99lidPhWCzftIe9K/arcgis/rest/services/cadastre_government_owned_parcels/FeatureServer/0/query,2026-09-25
08321000010000,SALT LAKE CITY CORP - PROPERTY MANAGEMENT,CITY,False,False,18.6,False,AIRPORT,Tax Exempt - Government,readiness/data/geometry/08321000010000.geojson,cadastre_government_owned_parcels,https://services1.arcgis.com/99lidPhWCzftIe9K/arcgis/rest/services/cadastre_government_owned_parcels/FeatureServer/0/query,2026-09-25
08321000020000,SALT LAKE CITY CORP - PROPERTY MANAGEMENT,CITY,False,False,5.8,False,AIRPORT,Tax Exempt - Government,readiness/data/geometry/08321000020000.geojson,cadastre_government_owned_parcels,https://services1.arcgis.com/99lidPhWCzftIe9K/arcgis/rest/services/cadastre_government_owned_parcels/FeatureServer/0/query,2026-09-25
08321000030000,SALT LAKE CITY - PROPERTY MANAGEMENT,CITY,False,False,1.3,False,AIRPORT,Tax Exempt - Government,readiness/data/geometry/08321000030000.geojson,cadastre_government_owned_parcels,https://services1.arcgis.com/99lidPhWCzftIe9K/arcgis/rest/services/cadastre_government_owned_parcels/FeatureServer/0/query,2026-09-25
08321000040000,SALT LAKE CITY CORP - PROPERTY MANAGEMENT,CITY,False,False,3.0,False,AIRPORT,Tax Exempt - Government,readiness/data/geometry/08321000040000.geojson,cadastre_government_owned_parcels,https://services1.arcgis.com/99lidPhWCzftIe9K/arcgis/rest/services/cadastre_government_owned_parcels/FeatureServer/0/query,2026-09-25
08321000050000,SALT LAKE CITY CORP - PROPERTY MANAGEMENT,CITY,False,False,9.3,False,AIRPORT,Tax Exempt - Government,readiness/data/geometry/08321000050000.geojson,cadastre_government_owned_parcels,https://services1.arcgis.com/99lidPhWCzftIe9K/arcgis/rest/services/cadastre_government_owned_parcels/FeatureServer/0/query,2026-09-25
08321000082000,SALT LAKE CITY CORP - PROPERTY MANAGEMENT,CITY,False,False,76.3,False,AIRPORT,Vacant,readiness/data/geometry/08321000082000.geojson,cadastre_government_owned_parcels,https://services1.arcgis.com/99lidPhWCzftIe9K/arcgis/rest/services/cadastre_government_owned_parcels/FeatureServer/0/query,2026-09-25
08321000086004,SALT LAKE CITY CORPORATION - SLC AIRPORT AUTHORITY,CITY,False,False,0.1,False,AIRPORT,Commercial,readiness/data/geometry/08321000086004.geojson,cadastre_government_owned_parcels,https://services1.arcgis.com/99lidPhWCzftIe9K/arcgis/rest/services/cadastre_government_owned_parcels/FeatureServer/0/query,2026-09-25
08321000086017,SALT LAKE CITY CORPORATION - PROPERTY MANAGEMENT,CITY,False,False,0.3,False,AIRPORT,Commercial,readiness/data/geometry/08321000086017.geojson,cadastre_government_owned_parcels,https://services1.arcgis.com/99lidPhWCzftIe9K/arcgis/rest/services/cadastre_government_owned_parcels/FeatureServer/0/query,2026-09-25
08322000010000,SALT LAKE CITY CORP - PROPERTY MANAGEMENT,CITY,False,False,308.0,False,AIRPORT,Tax Exempt - Government,readiness/data/geometry/08322000010000.geojson,cadastre_government_owned_parcels,https://services1.arcgis.com/99lidPhWCzftIe9K/arcgis/rest/services/cadastre_government_owned_parcels/FeatureServer/0/query,2026-09-25
08323000030000,SALT LAKE CITY - PROPERTY MANAGEMENT,CITY,False,False,0.2,False,AIRPORT,Tax Exempt - Government,readiness/data/geometry/08323000030000.geojson,cadastre_government_owned_parcels,https://services1.arcgis.com/99lidPhWCzftIe9K/arcgis/rest/services/cadastre_government_owned_parcels/FeatureServer/0/query,2026-09-25
08323000060000,SALT LAKE CITY CORP - PROPERTY MANAGEMENT,CITY,False,False,0.5,False,AIRPORT,Tax Exempt - Government,readiness/data/geometry/08323000060000.geojson,cadastre_government_owned_parcels,https://services1.arcgis.com/99lidPhWCzftIe9K/arcgis/rest/services/cadastre_government_owned_parcels/FeatureServer/0/query,2026-09-25
08323000070000,SALT LAKE CITY CORP - PROPERTY MANAGEMENT,CITY,False,False,0.9,False,AIRPORT,Tax Exempt - Government,readiness/data/geometry/08323000070000.geojson,cadastre_government_owned_parcels,https://services1.arcgis.com/99lidPhWCzftIe9K/arcgis/rest/services/cadastre_government_owned_parcels/FeatureServer/0/query,2026-09-25
08323000080000,SALT LAKE CITY CORPORATION - PROPERTY MANAGEMENT,CITY,False,False,1.4,False,AIRPORT,Tax Exempt - Government,readiness/data/geometry/08323000080000.geojson,cadastre_government_owned_parcels,https://services1.arcgis.com/99lidPhWCzftIe9K/arcgis/rest/services/cadastre_government_owned_parcels/FeatureServer/0/query,2026-09-25
08323000100000,UTAH STATE ROAD COMMISSION - UDOT RIGHT OF WAY,STATE,True,False,6.7,False,AIRPORT,Tax Exempt - Government,readiness/data/geometry/08323000100000.geojson,cadastre_government_owned_parcels,https://services1.arcgis.com/99lidPhWCzftIe9K/arcgis/rest/services/cadastre_government_owned_parcels/FeatureServer/0/query,2026-09-25
08323000130000,SALT LAKE CITY - PROPERTY MANAGEMENT,CITY,False,False,2.8,False,AIRPORT,Tax Exempt - Government,readiness/data/geometry/08323000130000.geojson,cadastre_government_owned_parcels,https://services1.arcgis.com/99lidPhWCzftIe9K/arcgis/rest/services/cadastre_government_owned_parcels/FeatureServer/0/query,2026-09-25
08323000140000,SALT LAKE CITY - PROPERTY MANAGEMENT,CITY,False,False,6.8,False,AIRPORT,Tax Exempt - Government,readiness/data/geometry/08323000140000.geojson,cadastre_government_owned_parcels,https://services1.arcgis.com/99lidPhWCzftIe9K/arcgis/rest/services/cadastre_government_owned_parcels/FeatureServer/0/query,2026-09-25
08323000150000,SALT LAKE CITY - PROPERTY MANAGEMENT,CITY,False,False,20.2,False,AIRPORT,Tax Exempt - Government,readiness/data/geometry/08323000150000.geojson,cadastre_government_owned_parcels,https://services1.arcgis.com/99lidPhWCzftIe9K/arcgis/rest/services/cadastre_government_owned_parcels/FeatureServer/0/query,2026-09-25
08323000170000,UTAH TRANSIT AUTHORITY - PROPERTY MANAGEMENT,UTA,False,False,2.9,False,AIRPORT,Tax Exempt - Government,readiness/data/geometry/08323000170000.geojson,cadastre_government_owned_parcels,https://services1.arcgis.com/99lidPhWCzftIe9K/arcgis/rest/services/cadastre_government_owned_parcels/FeatureServer/0/query,2026-09-25
08323000180000,SALT LAKE CITY CORP - PROPERTY MANAGEMENT,CITY,False,False,52.6,False,AIRPORT,Tax Exempt - Government,readiness/data/geometry/08323000180000.geojson,cadastre_government_owned_parcels,https://services1.arcgis.com/99lidPhWCzftIe9K/arcgis/rest/services/cadastre_government_owned_parcels/FeatureServer/0/query,2026-09-25
08323000190000,UTAH TRANSIT AUTHORITY - PROPERTY MANAGEMENT,UTA,False,False,0.5,False,AIRPORT,Tax Exempt - Government,readiness/data/geometry/08323000190000.geojson,cadastre_government_owned_parcels,https://services1.arcgis.com/99lidPhWCzftIe9K/arcgis/rest/services/cadastre_government_owned_parcels/FeatureServer/0/query,2026-09-25
08323000200000,UTAH TRANSIT AUTHORITY - PROPERTY MANAGEMENT,UTA,False,False,0.1,False,UNKNOWN,Tax Exempt - Government,readiness/data/geometry/08323000200000.geojson,cadastre_government_owned_parcels,https://services1.arcgis.com/99lidPhWCzftIe9K/arcgis/rest/services/cadastre_government_owned_parcels/FeatureServer/0/query,2026-09-25
08323000210000,UTAH TRANSIT AUTHORITY - PROPERTY MANAGEMENT,UTA,False,False,0.0,True,UNKNOWN,Tax Exempt - Government,readiness/data/geometry/08323000210000.geojson,cadastre_government_owned_parcels,https://services1.arcgis.com/99lidPhWCzftIe9K/arcgis/rest/services/cadastre_government_owned_parcels/FeatureServer/0/query,2026-09-25
08323000220000,UTAH TRANSIT AUTHORITY - PROPERTY MANAGEMENT,UTA,False,False,0.0,True,UNKNOWN,Tax Exempt - Government,readiness/data/geometry/08323000220000.geojson,cadastre_government_owned_parcels,https://services1.arcgis.com/99lidPhWCzftIe9K/arcgis/rest/services/cadastre_government_owned_parcels/FeatureServer/0/query,2026-09-25
08323000230000,UTAH TRANSIT AUTHORITY - PROPERTY MANAGEMENT,UTA,False,False,0.1,False,UNKNOWN,Tax Exempt - Government,readiness/data/geometry/08323000230000.geojson,cadastre_government_owned_parcels,https://services1.arcgis.com/99lidPhWCzftIe9K/arcgis/rest/services/cadastre_government_owned_parcels/FeatureServer/0/query,2026-09-25
08323000242000,SALT LAKE CITY CORP - PROPERTY MANAGEMENT,CITY,False,False,49.4,False,AIRPORT,Vacant,readiness/data/geometry/08323000242000.geojson,cadastre_government_owned_parcels,https://services1.arcgis.com/99lidPhWCzftIe9K/arcgis/rest/services/cadastre_government_owned_parcels/FeatureServer/0/query,2026-09-25
08323000242001,SALT LAKE CORP - FED EXPRESS TAX DEPT A1722,SPECIAL_DISTRICT,False,False,0.0,True,AIRPORT,Commercial - Office Space,readiness/data/geometry/08323000242001.geojson,cadastre_government_owned_parcels,https://services1.arcgis.com/99lidPhWCzftIe9K/arcgis/rest/services/cadastre_government_owned_parcels/FeatureServer/0/query,2026-09-25
08323000242002,SALT LAKE CORP - REAL ESTATE SERVICES,SPECIAL_DISTRICT,False,False,5.1,False,AIRPORT,Tax Exempt - Government,readiness/data/geometry/08323000242002.geojson,cadastre_government_owned_parcels,https://services1.arcgis.com/99lidPhWCzftIe9K/arcgis/rest/services/cadastre_government_owned_parcels/FeatureServer/0/query,2026-09-25
08323000246001,SALT LAKE CITY CORP - FEDERAL EXPRESS TAX DEPT,CITY,False,False,4.0,False,AIRPORT,Vacant,readiness/data/geometry/08323000246001.geojson,cadastre_government_owned_parcels,https://services1.arcgis.com/99lidPhWCzftIe9K/arcgis/rest/services/cadastre_government_owned_parcels/FeatureServer/0/query,2026-09-25
08323000246002,SALT LAKE CITY CORP - REAL ESTATE SERVICES,CITY,False,False,5.1,False,AIRPORT,Vacant,readiness/data/geometry/08323000246002.geojson,cadastre_government_owned_parcels,https://services1.arcgis.com/99lidPhWCzftIe9K/arcgis/rest/services/cadastre_government_owned_parcels/FeatureServer/0/query,2026-09-25
08332010026088,SALT LAKE CITY CORPORATION - SLC AIRPORT AUTHORITY,CITY,False,False,0.2,False,AIRPORT,Tax Exempt - Government,readiness/data/geometry/08332010026088.geojson,cadastre_government_owned_parcels,https://services1.arcgis.com/99lidPhWCzftIe9K/arcgis/rest/services/cadastre_government_owned_parcels/FeatureServer/0/query,2026-09-25
08333000012000,SALT LAKE CITY CORP - PROPERTY MANAGEMENT,CITY,False,False,111.2,False,AIRPORT,Tax Exempt - Government,readiness/data/geometry/08333000012000.geojson,cadastre_government_owned_parcels,https://services1.arcgis.com/99lidPhWCzftIe9K/arcgis/rest/services/cadastre_government_owned_parcels/FeatureServer/0/query,2026-09-25
08333000020000,LAKE CITY (TITLE BY W D) - PROPERTY MANAGEMENT,CITY,False,False,10.0,False,AIRPORT,Tax Exempt - Government,readiness/data/geometry/08333000020000.geojson,cadastre_government_owned_parcels,https://services1.arcgis.com/99lidPhWCzftIe9K/arcgis/rest/services/cadastre_government_owned_parcels/FeatureServer/0/query,2026-09-25
08333000030000,LAKE CITY (TITLE BY W D) - PROPERTY MANAGEMENT,CITY,False,False,2.3,False,AIRPORT,Tax Exempt - Government,readiness/data/geometry/08333000030000.geojson,cadastre_government_owned_parcels,https://services1.arcgis.com/99lidPhWCzftIe9K/arcgis/rest/services/cadastre_government_owned_parcels/FeatureServer/0/query,2026-09-25
08333000040000,LAKE CITY CORP - PROPERTY MANAGEMENT,CITY,False,False,4.8,False,AIRPORT,Tax Exempt - Government,readiness/data/geometry/08333000040000.geojson,cadastre_government_owned_parcels,https://services1.arcgis.com/99lidPhWCzftIe9K/arcgis/rest/services/cadastre_government_owned_parcels/FeatureServer/0/query,2026-09-25
08333000050000,SALT LAKE CITY CORP - PROPERTY MANAGEMENT,CITY,False,False,14.8,False,AIRPORT,Vacant,readiness/data/geometry/08333000050000.geojson,cadastre_government_owned_parcels,https://services1.arcgis.com/99lidPhWCzftIe9K/arcgis/rest/services/cadastre_government_owned_parcels/FeatureServer/0/query,2026-09-25
08333000060000,SALT LAKE CITY CORPORATION,CITY,False,False,0.7,False,AIRPORT,Commercial - Industrial,readiness/data/geometry/08333000060000.geojson,cadastre_government_owned_parcels,https://services1.arcgis.com/99lidPhWCzftIe9K/arcgis/rest/services/cadastre_government_owned_parcels/FeatureServer/0/query,2026-09-25
08333000110000,SALT LAKE CITY CORP - PROPERTY MANAGEMENT,CITY,False,False,3.0,False,AIRPORT,Tax Exempt - Government,readiness/data/geometry/08333000110000.geojson,cadastre_government_owned_parcels,https://services1.arcgis.com/99lidPhWCzftIe9K/arcgis/rest/services/cadastre_government_owned_parcels/FeatureServer/0/query,2026-09-25
08333000120000,SALT LAKE CITY CORP - PROPERTY MANAGEMENT,CITY,False,False,0.2,False,AIRPORT,Tax Exempt - Government,readiness/data/geometry/08333000120000.geojson,cadastre_government_owned_parcels,https://services1.arcgis.com/99lidPhWCzftIe9K/arcgis/rest/services/cadastre_government_owned_parcels/FeatureServer/0/query,2026-09-25
08333000140000,SALT LAKE CITY CORPORATION - PROPERTY MANAGEMENT,CITY,False,False,0.9,False,AIRPORT,Vacant,readiness/data/geometry/08333000140000.geojson,cadastre_government_owned_parcels,https://services1.arcgis.com/99lidPhWCzftIe9K/arcgis/rest/services/cadastre_government_owned_parcels/FeatureServer/0/query,2026-09-25
08334510032000,SALT LAKE CITY CORP,CITY,False,False,14.7,False,AIRPORT,Tax Exempt - Government,readiness/data/geometry/08334510032000.geojson,cadastre_government_owned_parcels,https://services1.arcgis.com/99lidPhWCzftIe9K/arcgis/rest/services/cadastre_government_owned_parcels/FeatureServer/0/query,2026-09-25
08334770050000,SALT LAKE CITY CORP - PROPERTY MANAGEMENT,CITY,False,False,0.6,False,TSA-MUEC-C,Tax Exempt - Government,readiness/data/geometry/08334770050000.geojson,cadastre_government_owned_parcels,https://services1.arcgis.com/99lidPhWCzftIe9K/arcgis/rest/services/cadastre_government_owned_parcels/FeatureServer/0/query,2026-09-25
08334780140000,UTAH TRANSIT AUTHORITY - PROPERTY MANAGEMENT,UTA,False,False,0.1,False,TSA-MUEC-C,Commercial,readiness/data/geometry/08334780140000.geojson,cadastre_government_owned_parcels,https://services1.arcgis.com/99lidPhWCzftIe9K/arcgis/rest/services/cadastre_government_owned_parcels/FeatureServer/0/query,2026-09-25
08335020010000,SALT LAKE CITY CORP - PROPERTY MANAGEMENT,CITY,False,False,0.1,False,AIRPORT,Tax Exempt - Government,readiness/data/geometry/08335020010000.geojson,cadastre_government_owned_parcels,https://services1.arcgis.com/99lidPhWCzftIe9K/arcgis/rest/services/cadastre_government_owned_parcels/FeatureServer/0/query,2026-09-25
08341040400000,SALT LAKE CITY SCHOOL DISTRICT - PAUL SHULTE,SCHOOL_DISTRICT,False,False,0.2,False,PL,Residential,readiness/data/geometry/08341040400000.geojson,cadastre_government_owned_parcels,https://services1.arcgis.com/99lidPhWCzftIe9K/arcgis/rest/services/cadastre_government_owned_parcels/FeatureServer/0/query,2026-09-25
08341310420000,SALT LAKE CITY CORPORATION - PROPERTY MANAGEMENT,CITY,False,False,0.6,False,R-1-5000,Tax Exempt - Government,readiness/data/geometry/08341310420000.geojson,cadastre_government_owned_parcels,https://services1.arcgis.com/99lidPhWCzftIe9K/arcgis/rest/services/cadastre_government_owned_parcels/FeatureServer/0/query,2026-09-25
08341510220000,SALT LAKE CITY CORPORATION - PROPERTY MANAGEMENT,CITY,False,False,2.4,False,PL,Tax Exempt - Government,readiness/data/geometry/08341510220000.geojson,cadastre_government_owned_parcels,https://services1.arcgis.com/99lidPhWCzftIe9K/arcgis/rest/services/cadastre_government_owned_parcels/FeatureServer/0/query,2026-09-25
08341510230000,BOARD OF EDUCATION OF SALT LAK,SCHOOL_DISTRICT,False,False,12.1,False,PL,Tax Exempt - Government,readiness/data/geometry/08341510230000.geojson,cadastre_government_owned_parcels,https://services1.arcgis.com/99lidPhWCzftIe9K/arcgis/rest/services/cadastre_government_owned_parcels/FeatureServer/0/query,2026-09-25
08341510250000,BOARD OF EDUCATION OF SALT LAK,SCHOOL_DISTRICT,False,False,0.1,False,R-1-5000,Tax Exempt - Government,readiness/data/geometry/08341510250000.geojson,cadastre_government_owned_parcels,https://services1.arcgis.com/99lidPhWCzftIe9K/arcgis/rest/services/cadastre_government_owned_parcels/FeatureServer/0/query,2026-09-25
08341510260000,SALT LAKE CITY CORPORATION - KARRYN GREENLEAF,CITY,False,False,0.1,False,R-1-5000,Tax Exempt - Government,readiness/data/geometry/08341510260000.geojson,cadastre_government_owned_parcels,https://services1.arcgis.com/99lidPhWCzftIe9K/arcgis/rest/services/cadastre_government_owned_parcels/FeatureServer/0/query,2026-09-25
08341550230000,SALT LAKE CITY CORPORATION - PROPERTY MANAGEMENT,CITY,False,False,0.0,True,R-1-5000,Tax Exempt - Government,readiness/data/geometry/08341550230000.geojson,cadastre_government_owned_parcels,https://services1.arcgis.com/99lidPhWCzftIe9K/arcgis/rest/services/cadastre_government_owned_parcels/FeatureServer/0/query,2026-09-25
08341770040000,SALT LAKE CITY CORP - PROPERTY MANAGEMENT,CITY,False,False,1.1,False,RMF-30,Tax Exempt - Government,readiness/data/geometry/08341770040000.geojson,cadastre_government_owned_parcels,https://services1.arcgis.com/99lidPhWCzftIe9K/arcgis/rest/services/cadastre_government_owned_parcels/FeatureServer/0/query,2026-09-25
08341780280000,SALT LAKE CITY CORP - PROPERTY MANAGEMENT,CITY,False,False,0.0,True,R-1-5000,Tax Exempt - Government,readiness/data/geometry/08341780280000.geojson,cadastre_government_owned_parcels,https://services1.arcgis.com/99lidPhWCzftIe9K/arcgis/rest/services/cadastre_government_owned_parcels/FeatureServer/0/query,2026-09-25
08341780350000,SALT LAKE CO - REAL ESTATE DEPT # S3200,COUNTY,False,False,0.0,True,R-1-5000,Tax Exempt - Government,readiness/data/geometry/08341780350000.geojson,cadastre_government_owned_parcels,https://services1.arcgis.com/99lidPhWCzftIe9K/arcgis/rest/services/cadastre_government_owned_parcels/FeatureServer/0/query,2026-09-25
08341810170000,UTAH DEPARTMENT OF TRANSPORTAT - UDOT RIGHT OF WAY,STATE,True,False,0.0,True,RMF-30,Tax Exempt - Government,readiness/data/geometry/08341810170000.geojson,cadastre_government_owned_parcels,https://services1.arcgis.com/99lidPhWCzftIe9K/arcgis/rest/services/cadastre_government_owned_parcels/FeatureServer/0/query,2026-09-25
08342020220000,SALT LAKE CITY CORPORATION - PROPERTY MANAGEMENT,CITY,False,False,0.3,False,OS,Tax Exempt - Government,readiness/data/geometry/08342020220000.geojson,cadastre_government_owned_parcels,https://services1.arcgis.com/99lidPhWCzftIe9K/arcgis/rest/services/cadastre_government_owned_parcels/FeatureServer/0/query,2026-09-25
08342020230000,SALT LAKE CITY CORPORATION - PROPERTY MANAGEMENT,CITY,False,False,0.2,False,OS,Tax Exempt - Government,readiness/data/geometry/08342020230000.geojson,cadastre_government_owned_parcels,https://services1.arcgis.com/99lidPhWCzftIe9K/arcgis/rest/services/cadastre_government_owned_parcels/FeatureServer/0/query,2026-09-25
08342020240000,SALT LAKE CITY CORPORATION - PROPERTY MANAGEMENT,CITY,False,False,0.3,False,OS,Tax Exempt - Government,readiness/data/geometry/08342020240000.geojson,cadastre_government_owned_parcels,https://services1.arcgis.com/99lidPhWCzftIe9K/arcgis/rest/services/cadastre_government_owned_parcels/FeatureServer/0/query,2026-09-25
08342020280000,SALT LAKE CITY - PROPERTY MANAGEMENT,CITY,False,False,0.8,False,UNKNOWN,Tax Exempt - Government,readiness/data/geometry/08342020280000.geojson,cadastre_government_owned_parcels,https://services1.arcgis.com/99lidPhWCzftIe9K/arcgis/rest/services/cadastre_government_owned_parcels/FeatureServer/0/query,2026-09-25
08342020320000,SALT LAKE CITY CORPORATION - PROPERTY MANAGEMENT,CITY,False,False,0.1,False,OS,Tax Exempt - Government,readiness/data/geometry/08342020320000.geojson,cadastre_government_owned_parcels,https://services1.arcgis.com/99lidPhWCzftIe9K/arcgis/rest/services/cadastre_government_owned_parcels/FeatureServer/0/query,2026-09-25
08342020330000,SALT LAKE CITY CORPORATION - PROPERTY MANAGEMENT,CITY,False,False,0.0,True,OS,Tax Exempt - Government,readiness/data/geometry/08342020330000.geojson,cadastre_government_owned_parcels,https://services1.arcgis.com/99lidPhWCzftIe9K/arcgis/rest/services/cadastre_government_owned_parcels/FeatureServer/0/query,2026-09-25
08342030050000,SALT LAKE CITY CORPORATION - PROPERTY MANAGEMENT,CITY,False,False,0.0,True,OS,Tax Exempt - Government,readiness/data/geometry/08342030050000.geojson,cadastre_government_owned_parcels,https://services1.arcgis.com/99lidPhWCzftIe9K/arcgis/rest/services/cadastre_government_owned_parcels/FeatureServer/0/query,2026-09-25
08342030060000,SALT LAKE CITY CORPORATION - PROPERTY MANAGEMENT,CITY,False,False,0.1,False,OS,Tax Exempt - Government,readiness/data/geometry/08342030060000.geojson,cadastre_government_owned_parcels,https://services1.arcgis.com/99lidPhWCzftIe9K/arcgis/rest/services/cadastre_government_owned_parcels/FeatureServer/0/query,2026-09-25
08342030070000,SALT LAKE CITY CORPORATION - PROPERTY MANAGEMENT,CITY,False,False,0.0,True,OS,Tax Exempt - Government,readiness/data/geometry/08342030070000.geojson,cadastre_government_owned_parcels,https://services1.arcgis.com/99lidPhWCzftIe9K/arcgis/rest/services/cadastre_government_owned_parcels/FeatureServer/0/query,2026-09-25
08342030080000,SALT LAKE CITY CORPORATION - PROPERTY MANAGEMENT,CITY,False,False,0.1,False,OS,Tax Exempt - Government,readiness/data/geometry/08342030080000.geojson,cadastre_government_owned_parcels,https://services1.arcgis.com/99lidPhWCzftIe9K/arcgis/rest/services/cadastre_government_owned_parcels/FeatureServer/0/query,2026-09-25
08342030100000,SALT LAKE CITY - PROPERTY MANAGEMENT,CITY,False,False,0.1,False,OS,Tax Exempt - Government,readiness/data/geometry/08342030100000.geojson,cadastre_government_owned_parcels,https://services1.arcgis.com/99lidPhWCzftIe9K/arcgis/rest/services/cadastre_government_owned_parcels/FeatureServer/0/query,2026-09-25
08342030110000,SALT LAKE CITY - PROPERTY MANAGEMENT,CITY,False,False,0.1,False,OS,Tax Exempt - Government,readiness/data/geometry/08342030110000.geojson,cadastre_government_owned_parcels,https://services1.arcgis.com/99lidPhWCzftIe9K/arcgis/rest/services/cadastre_government_owned_parcels/FeatureServer/0/query,2026-09-25
08342030120000,SALT LAKE CITY - PROPERTY MANAGEMENT,CITY,False,False,0.2,False,OS,Tax Exempt - Government,readiness/data/geometry/08342030120000.geojson,cadastre_government_owned_parcels,https://services1.arcgis.com/99lidPhWCzftIe9K/arcgis/rest/services/cadastre_government_owned_parcels/FeatureServer/0/query,2026-09-25
08342030130000,SALT LAKE CITY CORPORATION - PROPERTY MANAGEMENT,CITY,False,False,0.0,True,OS,Tax Exempt - Government,readiness/data/geometry/08342030130000.geojson,cadastre_government_owned_parcels,https://services1.arcgis.com/99lidPhWCzftIe9K/arcgis/rest/services/cadastre_government_owned_parcels/FeatureServer/0/query,2026-09-25
08342030140000,SALT LAKE CITY CORPORATION - PROPERTY MANAGEMENT,CITY,False,False,0.0,True,OS,Tax Exempt - Government,readiness/data/geometry/08342030140000.geojson,cadastre_government_owned_parcels,https://services1.arcgis.com/99lidPhWCzftIe9K/arcgis/rest/services/cadastre_government_owned_parcels/FeatureServer/0/query,2026-09-25
08342030150000,SALT LAKE CITY CORPORATION - PROPERTY MANAGEMENT,CITY,False,False,0.0,True,OS,Tax Exempt - Government,readiness/data/geometry/08342030150000.geojson,cadastre_government_owned_parcels,https://services1.arcgis.com/99lidPhWCzftIe9K/arcgis/rest/services/cadastre_government_owned_parcels/FeatureServer/0/query,2026-09-25
08342030160000,SALT LAKE CITY - PROPERTY MANAGEMENT,CITY,False,False,0.2,False,R-1-7000,Tax Exempt - Government,readiness/data/geometry/08342030160000.geojson,cadastre_government_owned_parcels,https://services1.arcgis.com/99lidPhWCzftIe9K/arcgis/rest/services/cadastre_government_owned_parcels/FeatureServer/0/query,2026-09-25
08342030320000,DEPARTMENT OF NATURAL RESOURCE,STATE,True,False,0.9,False,OS,Tax Exempt - Government,readiness/data/geometry/08342030320000.geojson,cadastre_government_owned_parcels,https://services1.arcgis.com/99lidPhWCzftIe9K/arcgis/rest/services/cadastre_government_owned_parcels/FeatureServer/0/query,2026-09-25
08342030330000,BOARD OF EDUCATION OF SALT LAK,SCHOOL_DISTRICT,False,False,8.1,False,PL,Tax Exempt - Government,readiness/data/geometry/08342030330000.geojson,cadastre_government_owned_parcels,https://services1.arcgis.com/99lidPhWCzftIe9K/arcgis/rest/services/cadastre_government_owned_parcels/FeatureServer/0/query,2026-09-25
08342260020000,SALT LAKE CITY CORP. - PROPERTY MANAGEMENT,CITY,False,False,0.3,False,UNKNOWN,Tax Exempt - Government,readiness/data/geometry/08342260020000.geojson,cadastre_government_owned_parcels,https://services1.arcgis.com/99lidPhWCzftIe9K/arcgis/rest/services/cadastre_government_owned_parcels/FeatureServer/0/query,2026-09-25
08342260070000,SALT LAKE CITY CORP. - PROPERTY MANAGEMENT,CITY,False,False,0.3,False,R-2,Tax Exempt - Government,readiness/data/geometry/08342260070000.geojson,cadastre_government_owned_parcels,https://services1.arcgis.com/99lidPhWCzftIe9K/arcgis/rest/services/cadastre_government_owned_parcels/FeatureServer/0/query,2026-09-25
08342260170000,SALT LAKE CITY CORP. - PROPERTY MANAGEMENT,CITY,False,False,0.1,False,R-1-7000,Tax Exempt - Government,readiness/data/geometry/08342260170000.geojson,cadastre_government_owned_parcels,https://services1.arcgis.com/99lidPhWCzftIe9K/arcgis/rest/services/cadastre_government_owned_parcels/FeatureServer/0/query,2026-09-25
08342280010000,THE BOARD OF EDUCATION OF SALT,SCHOOL_DISTRICT,False,False,0.2,False,PL,Tax Exempt - Government,readiness/data/geometry/08342280010000.geojson,cadastre_government_owned_parcels,https://services1.arcgis.com/99lidPhWCzftIe9K/arcgis/rest/services/cadastre_government_owned_parcels/FeatureServer/0/query,2026-09-25
08342280020000,THE BOARD OF EDUCATION OF SALT,SCHOOL_DISTRICT,False,False,0.1,False,PL,Tax Exempt - Government,readiness/data/geometry/08342280020000.geojson,cadastre_government_owned_parcels,https://services1.arcgis.com/99lidPhWCzftIe9K/arcgis/rest/services/cadastre_government_owned_parcels/FeatureServer/0/query,2026-09-25
08342300010000,BOARD OF EDUCATION OF SLC,SCHOOL_DISTRICT,False,False,0.1,False,PL,Tax Exempt - Government,readiness/data/geometry/08342300010000.geojson,cadastre_government_owned_parcels,https://services1.arcgis.com/99lidPhWCzftIe9K/arcgis/rest/services/cadastre_government_owned_parcels/FeatureServer/0/query,2026-09-25
08342510120000,SALT LAKE CITY CORPORATION - ATTN: REAL ESTATE SERVICES,CITY,False,False,0.3,False,R-1-5000,Residential,readiness/data/geometry/08342510120000.geojson,cadastre_government_owned_parcels,https://services1.arcgis.com/99lidPhWCzftIe9K/arcgis/rest/services/cadastre_government_owned_parcels/FeatureServer/0/query,2026-09-25
08342510140000,SALT LAKE CITY CORPORATION - PROPERTY MANAGEMENT,CITY,False,False,0.2,False,OS,Tax Exempt - Government,readiness/data/geometry/08342510140000.geojson,cadastre_government_owned_parcels,https://services1.arcgis.com/99lidPhWCzftIe9K/arcgis/rest/services/cadastre_government_owned_parcels/FeatureServer/0/query,2026-09-25
08342510150000,SALT LAKE CITY CORPORATION - PROPERTY MANAGEMENT,CITY,False,False,0.1,False,OS,Tax Exempt - Government,readiness/data/geometry/08342510150000.geojson,cadastre_government_owned_parcels,https://services1.arcgis.com/99lidPhWCzftIe9K/arcgis/rest/services/cadastre_government_owned_parcels/FeatureServer/0/query,2026-09-25
08342510160000,SALT LAKE CITY CORPORATION - PROPERTY MANAGEMENT,CITY,False,False,0.0,True,OS,Tax Exempt - Government,readiness/data/geometry/08342510160000.geojson,cadastre_government_owned_parcels,https://services1.arcgis.com/99lidPhWCzftIe9K/arcgis/rest/services/cadastre_government_owned_parcels/FeatureServer/0/query,2026-09-25
08342510170000,SALT LAKE CITY CORPORATION - PROPERTY MANAGEMENT,CITY,False,False,0.1,False,OS,Tax Exempt - Government,readiness/data/geometry/08342510170000.geojson,cadastre_government_owned_parcels,https://services1.arcgis.com/99lidPhWCzftIe9K/arcgis/rest/services/cadastre_government_owned_parcels/FeatureServer/0/query,2026-09-25
08342510180000,SALT LAKE CITY CORPORATION - PROPERTY MANAGEMENT,CITY,False,False,0.1,False,OS,Tax Exempt - Government,readiness/data/geometry/08342510180000.geojson,cadastre_government_owned_parcels,https://services1.arcgis.com/99lidPhWCzftIe9K/arcgis/rest/services/cadastre_government_owned_parcels/FeatureServer/0/query,2026-09-25
08342510190000,SALT LAKE CITY CORPORATION - PROPERTY MANAGEMENT,CITY,False,False,0.0,True,OS,Tax Exempt - Government,readiness/data/geometry/08342510190000.geojson,cadastre_government_owned_parcels,https://services1.arcgis.com/99lidPhWCzftIe9K/arcgis/rest/services/cadastre_government_owned_parcels/FeatureServer/0/query,2026-09-25
08342510200000,SALT LAKE CITY CORPORATION - PROPERTY MANAGEMENT,CITY,False,False,0.1,False,OS,Tax Exempt - Government,readiness/data/geometry/08342510200000.geojson,cadastre_government_owned_parcels,https://services1.arcgis.com/99lidPhWCzftIe9K/arcgis/rest/services/cadastre_government_owned_parcels/FeatureServer/0/query,2026-09-25
08342510210000,SALT LAKE CITY CORPORATION - PROPERTY MANAGEMENT,CITY,False,False,0.3,False,OS,Tax Exempt - Government,readiness/data/geometry/08342510210000.geojson,cadastre_government_owned_parcels,https://services1.arcgis.com/99lidPhWCzftIe9K/arcgis/rest/services/cadastre_government_owned_parcels/FeatureServer/0/query,2026-09-25
08342510290000,"UTAH STATE BUILDING OWNERSHIP - CROXFORD, JAY",STATE,True,False,2.3,False,BP,Commercial - Office Space,readiness/data/geometry/08342510290000.geojson,cadastre_government_owned_parcels,https://services1.arcgis.com/99lidPhWCzftIe9K/arcgis/rest/services/cadastre_government_owned_parcels/FeatureServer/0/query,2026-09-25
08342510300000,SALT LAKE CITY CORPORATION - PROPERTY MANAGEMENT,CITY,False,False,0.9,False,OS,Tax Exempt - Government,readiness/data/geometry/08342510300000.geojson,cadastre_government_owned_parcels,https://services1.arcgis.com/99lidPhWCzftIe9K/arcgis/rest/services/cadastre_government_owned_parcels/FeatureServer/0/query,2026-09-25
08342510320000,SALT LAKE CITY CORPORATION - PROPERTY MANAGEMENT,CITY,False,False,7.0,False,OS,Tax Exempt - Government,readiness/data/geometry/08342510320000.geojson,cadastre_government_owned_parcels,https://services1.arcgis.com/99lidPhWCzftIe9K/arcgis/rest/services/cadastre_government_owned_parcels/FeatureServer/0/query,2026-09-25
08342510350000,STATE OF UTAH DIV OF FACILITIE,STATE,True,False,1.8,False,UNKNOWN,Tax Exempt - Government,readiness/data/geometry/08342510350000.geojson,cadastre_government_owned_parcels,https://services1.arcgis.com/99lidPhWCzftIe9K/arcgis/rest/services/cadastre_government_owned_parcels/FeatureServer/0/query,2026-09-25
08342510360000,DEPT OF AGRICULTURE STATE OF U,STATE,True,False,0.1,False,BP,Tax Exempt - Government,readiness/data/geometry/08342510360000.geojson,cadastre_government_owned_parcels,https://services1.arcgis.com/99lidPhWCzftIe9K/arcgis/rest/services/cadastre_government_owned_parcels/FeatureServer/0/query,2026-09-25
08342520100000,SALT LAKE CITY CORP - PROPERTY MANAGEMENT,CITY,False,False,0.0,True,UNKNOWN,Tax Exempt - Government,readiness/data/geometry/08342520100000.geojson,cadastre_government_owned_parcels,https://services1.arcgis.com/99lidPhWCzftIe9K/arcgis/rest/services/cadastre_government_owned_parcels/FeatureServer/0/query,2026-09-25
08342520410000,SALT LAKE CITY CORPORATION - PROPERTY MANAGEMENT,CITY,False,False,2.3,False,OS,Tax Exempt - Government,readiness/data/geometry/08342520410000.geojson,cadastre_government_owned_parcels,https://services1.arcgis.com/99lidPhWCzftIe9K/arcgis/rest/services/cadastre_government_owned_parcels/FeatureServer/0/query,2026-09-25
08342520420000,SALT LAKE CITY CORPORATION - PROPERTY MANAGEMENT,CITY,False,False,0.6,False,OS,Tax Exempt - Government,readiness/data/geometry/08342520420000.geojson,cadastre_government_owned_parcels,https://services1.arcgis.com/99lidPhWCzftIe9K/arcgis/rest/services/cadastre_government_owned_parcels/FeatureServer/0/query,2026-09-25
08342520430000,SALT LAKE CITY CORPORATION - PROPERTY MANAGEMENT,CITY,False,False,0.4,False,OS,Tax Exempt - Government,readiness/data/geometry/08342520430000.geojson,cadastre_government_owned_parcels,https://services1.arcgis.com/99lidPhWCzftIe9K/arcgis/rest/services/cadastre_government_owned_parcels/FeatureServer/0/query,2026-09-25
08342520440000,SALT LAKE CITY CORPORATION - PROPERTY MANAGEMENT,CITY,False,False,0.3,False,OS,Tax Exempt - Government,readiness/data/geometry/08342520440000.geojson,cadastre_government_owned_parcels,https://services1.arcgis.com/99lidPhWCzftIe9K/arcgis/rest/services/cadastre_government_owned_parcels/FeatureServer/0/query,2026-09-25
08342520450000,SALT LAKE CITY CORPORATION - PROPERTY MANAGEMENT,CITY,False,False,0.5,False,OS,Tax Exempt - Government,readiness/data/geometry/08342520450000.geojson,cadastre_government_owned_parcels,https://services1.arcgis.com/99lidPhWCzftIe9K/arcgis/rest/services/cadastre_government_owned_parcels/FeatureServer/0/query,2026-09-25
08342520460000,SALT LAKE CITY - PROPERTY MANAGEMENT,CITY,False,False,0.1,False,OS,Tax Exempt - Government,readiness/data/geometry/08342520460000.geojson,cadastre_government_owned_parcels,https://services1.arcgis.com/99lidPhWCzftIe9K/arcgis/rest/services/cadastre_government_owned_parcels/FeatureServer/0/query,2026-09-25
08342520470000,SALT LAKE CITY CORPORATION - PROPERTY MANAGEMENT,CITY,False,False,0.4,False,OS,Tax Exempt - Government,readiness/data/geometry/08342520470000.geojson,cadastre_government_owned_parcels,https://services1.arcgis.com/99lidPhWCzftIe9K/arcgis/rest/services/cadastre_government_owned_parcels/FeatureServer/0/query,2026-09-25
08342520480000,SALT LAKE CITY CORPORATION - PROPERTY MANAGEMENT,CITY,False,False,3.8,False,OS,Tax Exempt - Government,readiness/data/geometry/08342520480000.geojson,cadastre_government_owned_parcels,https://services1.arcgis.com/99lidPhWCzftIe9K/arcgis/rest/services/cadastre_government_owned_parcels/FeatureServer/0/query,2026-09-25
08342520610000,SALT LAKE CITY CORPORATION - PROPERTY MANAGEMENT,CITY,False,False,0.0,True,R-1-7000,Tax Exempt - Government,readiness/data/geometry/08342520610000.geojson,cadastre_government_owned_parcels,https://services1.arcgis.com/99lidPhWCzftIe9K/arcgis/rest/services/cadastre_government_owned_parcels/FeatureServer/0/query,2026-09-25
08342760020000,SALT LAKE COUNTY - REAL ESTATE DEPT # S3200,COUNTY,False,False,0.0,True,R-1-7000,Tax Exempt - Government,readiness/data/geometry/08342760020000.geojson,cadastre_government_owned_parcels,https://services1.arcgis.com/99lidPhWCzftIe9K/arcgis/rest/services/cadastre_government_owned_parcels/FeatureServer/0/query,2026-09-25
08342780100000,SALT LAKE CITY CORPORATION - PROPERTY MANAGEMENT,CITY,False,False,3.9,False,OS,Tax Exempt - Government,readiness/data/geometry/08342780100000.geojson,cadastre_government_owned_parcels,https://services1.arcgis.com/99lidPhWCzftIe9K/arcgis/rest/services/cadastre_government_owned_parcels/FeatureServer/0/query,2026-09-25
08343010220000,UTAH STATE BUILDING OWNERSHIP - DIV FAC. CONSTR & MGMT,STATE,True,False,18.7,False,UNKNOWN,Commercial - Office Space,readiness/data/geometry/08343010220000.geojson,cadastre_government_owned_parcels,https://services1.arcgis.com/99lidPhWCzftIe9K/arcgis/rest/services/cadastre_government_owned_parcels/FeatureServer/0/query,2026-09-25
08343030170000,STATE OF UTAH. DIV OF FAC CONS,STATE,True,False,12.0,False,TSA-MUEC-C,Commercial - Office Space,readiness/data/geometry/08343030170000.geojson,cadastre_government_owned_parcels,https://services1.arcgis.com/99lidPhWCzftIe9K/arcgis/rest/services/cadastre_government_owned_parcels/FeatureServer/0/query,2026-09-25
08343030180000,UTAH STATE BUILDING OWNERSHIP - DIV FAC CONSTR & MGMT,STATE,True,False,2.0,False,TSA-MUEC-C,Commercial - Industrial,readiness/data/geometry/08343030180000.geojson,cadastre_government_owned_parcels,https://services1.arcgis.com/99lidPhWCzftIe9K/arcgis/rest/services/cadastre_government_owned_parcels/FeatureServer/0/query,2026-09-25
08343030190000,UTAH STATE BUILDING OWNERSHIP - DIV FAC CONSTR & MGMT,STATE,True,False,1.2,False,TSA-MUEC-C,Commercial - Office Space,readiness/data/geometry/08343030190000.geojson,cadastre_government_owned_parcels,https://services1.arcgis.com/99lidPhWCzftIe9K/arcgis/rest/services/cadastre_government_owned_parcels/FeatureServer/0/query,2026-09-25
08343260190000,UTAH DEPARTMENT OF TRANSPORTAT - UDOT RIGHT OF WAY,STATE,True,False,0.1,False,R-1-5000,Tax Exempt - Government,readiness/data/geometry/08343260190000.geojson,cadastre_government_owned_parcels,https://services1.arcgis.com/99lidPhWCzftIe9K/arcgis/rest/services/cadastre_government_owned_parcels/FeatureServer/0/query,2026-09-25
08343260190000,UTAH DEPARTMENT OF TRANSPORTAT - UDOT RIGHT OF WAY,STATE,True,False,0.1,False,R-1-5000,Tax Exempt - Government,readiness/data/geometry/08343260190000.geojson,cadastre_government_owned_parcels,https://services1.arcgis.com/99lidPhWCzftIe9K/arcgis/rest/services/cadastre_government_owned_parcels/FeatureServer/0/query,2026-09-25
08343290170000,SALT LAKE CITY CORP - PROPERTY MANAGEMENT,CITY,False,False,0.0,True,R-1-5000,Tax Exempt - Government,readiness/data/geometry/08343290170000.geojson,cadastre_government_owned_parcels,https://services1.arcgis.com/99lidPhWCzftIe9K/arcgis/rest/services/cadastre_government_owned_parcels/FeatureServer/0/query,2026-09-25
08343290210000,SALT LAKE COUNTY - REAL ESTATE DEPT # S3200,COUNTY,False,False,0.0,True,R-1-5000,Tax Exempt - Government,readiness/data/geometry/08343290210000.geojson,cadastre_government_owned_parcels,https://services1.arcgis.com/99lidPhWCzftIe9K/arcgis/rest/services/cadastre_government_owned_parcels/FeatureServer/0/query,2026-09-25
08343520140000,UTAH STATE BUILDING OWNERSHIP,STATE,True,False,1.2,False,TSA-MUEC-C,Commercial - Office Space,readiness/data/geometry/08343520140000.geojson,cadastre_government_owned_parcels,https://services1.arcgis.com/99lidPhWCzftIe9K/arcgis/rest/services/cadastre_government_owned_parcels/FeatureServer/0/query,2026-09-25
08343520150000,HOUSING AUTHORITY OF SALT LAKE,SPECIAL_DISTRICT,False,False,2.7,False,TSA-MUEC-C,Commercial,readiness/data/geometry/08343520150000.geojson,cadastre_government_owned_parcels,https://services1.arcgis.com/99lidPhWCzftIe9K/arcgis/rest/services/cadastre_government_owned_parcels/FeatureServer/0/query,2026-09-25
08343520180000,SALT LAKE CITY - CITY RECORDER'S OFFICE,CITY,False,False,0.1,False,TSA-MUEC-C,Tax Exempt - Government,readiness/data/geometry/08343520180000.geojson,cadastre_government_owned_parcels,https://services1.arcgis.com/99lidPhWCzftIe9K/arcgis/rest/services/cadastre_government_owned_parcels/FeatureServer/0/query,2026-09-25
08343760110000,SALT LAKE CITY - CITY RECORDER'S OFFICE,CITY,False,False,0.1,False,TSA-MUEC-T,Tax Exempt - Government,readiness/data/geometry/08343760110000.geojson,cadastre_government_owned_parcels,https://services1.arcgis.com/99lidPhWCzftIe9K/arcgis/rest/services/cadastre_government_owned_parcels/FeatureServer/0/query,2026-09-25
08343760130000,SALT LAKE CITY - CITY RECORDER'S OFFICE,CITY,False,False,0.0,True,TSA-MUEC-T,Tax Exempt - Government,readiness/data/geometry/08343760130000.geojson,cadastre_government_owned_parcels,https://services1.arcgis.com/99lidPhWCzftIe9K/arcgis/rest/services/cadastre_government_owned_parcels/FeatureServer/0/query,2026-09-25
08343770120000,SALT LAKE CITY - CITY RECORDER'S OFFICE,CITY,False,False,0.0,True,TSA-MUEC-T,Tax Exempt - Government,readiness/data/geometry/08343770120000.geojson,cadastre_government_owned_parcels,https://services1.arcgis.com/99lidPhWCzftIe9K/arcgis/rest/services/cadastre_government_owned_parcels/FeatureServer/0/query,2026-09-25
08343780100000,SALT LAKE CITY - CITY RECORDER'S OFFICE,CITY,False,False,0.0,True,TSA-MUEC-T,Tax Exempt - Government,readiness/data/geometry/08343780100000.geojson,cadastre_government_owned_parcels,https://services1.arcgis.com/99lidPhWCzftIe9K/arcgis/rest/services/cadastre_government_owned_parcels/FeatureServer/0/query,2026-09-25
08343810300000,SALT LAKE CITY - CITY RECORDER'S OFFICE,CITY,False,False,0.0,True,TSA-MUEC-T,Undeveloped,readiness/data/geometry/08343810300000.geojson,cadastre_government_owned_parcels,https://services1.arcgis.com/99lidPhWCzftIe9K/arcgis/rest/services/cadastre_government_owned_parcels/FeatureServer/0/query,2026-09-25
08343820050000,SALT LAKE CITY CORP. - PROPERTY MANAGEMENT,CITY,False,False,0.1,False,TSA-MUEC-T,Tax Exempt - Government,readiness/data/geometry/08343820050000.geojson,cadastre_government_owned_parcels,https://services1.arcgis.com/99lidPhWCzftIe9K/arcgis/rest/services/cadastre_government_owned_parcels/FeatureServer/0/query,2026-09-25
08343820110000,SALT LAKE CITY - CITY RECORDER'S OFFICE,CITY,False,False,0.0,True,TSA-MUEC-T,Tax Exempt - Government,readiness/data/geometry/08343820110000.geojson,cadastre_government_owned_parcels,https://services1.arcgis.com/99lidPhWCzftIe9K/arcgis/rest/services/cadastre_government_owned_parcels/FeatureServer/0/query,2026-09-25
08343820130000,SALT LAKE CITY - CITY RECORDER'S OFFICE,CITY,False,False,0.0,True,TSA-MUEC-T,Tax Exempt - Government,readiness/data/geometry/08343820130000.geojson,cadastre_government_owned_parcels,https://services1.arcgis.com/99lidPhWCzftIe9K/arcgis/rest/services/cadastre_government_owned_parcels/FeatureServer/0/query,2026-09-25
08343820140000,SALT LAKE CITY - CITY RECORDER'S OFFICE,CITY,False,False,0.1,False,TSA-MUEC-T,Tax Exempt - Government,readiness/data/geometry/08343820140000.geojson,cadastre_government_owned_parcels,https://services1.arcgis.com/99lidPhWCzftIe9K/arcgis/rest/services/cadastre_government_owned_parcels/FeatureServer/0/query,2026-09-25
08344010240000,DIV OF FACILITIES CONSTR & MAN,STATE,True,False,14.5,False,TSA-MUEC-T,Commercial - Office Space,readiness/data/geometry/08344010240000.geojson,cadastre_government_owned_parcels,https://services1.arcgis.com/99lidPhWCzftIe9K/arcgis/rest/services/cadastre_government_owned_parcels/FeatureServer/0/query,2026-09-25
08344010260000,"STATE OF UTAH, DIV FAC CONSTR",STATE,True,False,0.1,False,TSA-MUEC-T,Tax Exempt - Government,readiness/data/geometry/08344010260000.geojson,cadastre_government_owned_parcels,https://services1.arcgis.com/99lidPhWCzftIe9K/arcgis/rest/services/cadastre_government_owned_parcels/FeatureServer/0/query,2026-09-25
08344020120000,STATE OF UTAH,STATE,True,False,0.0,True,BP,Tax Exempt - Government,readiness/data/geometry/08344020120000.geojson,cadastre_government_owned_parcels,https://services1.arcgis.com/99lidPhWCzftIe9K/arcgis/rest/services/cadastre_government_owned_parcels/FeatureServer/0/query,2026-09-25
08344020130000,STATE OF UTAH,STATE,True,False,0.3,False,BP,Tax Exempt - Government,readiness/data/geometry/08344020130000.geojson,cadastre_government_owned_parcels,https://services1.arcgis.com/99lidPhWCzftIe9K/arcgis/rest/services/cadastre_government_owned_parcels/FeatureServer/0/query,2026-09-25
08344040020000,SALT LAKE CITY CORPORATION - PROPERTY MANAGEMENT,CITY,False,False,1.8,False,BP,Tax Exempt - Government,readiness/data/geometry/08344040020000.geojson,cadastre_government_owned_parcels,https://services1.arcgis.com/99lidPhWCzftIe9K/arcgis/rest/services/cadastre_government_owned_parcels/FeatureServer/0/query,2026-09-25
08344040030000,STATE OF UTAH DEPT OF ADM SERV,STATE,True,False,1.6,False,BP,Commercial - Industrial,readiness/data/geometry/08344040030000.geojson,cadastre_government_owned_parcels,https://services1.arcgis.com/99lidPhWCzftIe9K/arcgis/rest/services/cadastre_government_owned_parcels/FeatureServer/0/query,2026-09-25
08344260080000,DFCM STATE OF UTAH,STATE,True,False,0.0,True,TSA-MUEC-C,Commercial,readiness/data/geometry/08344260080000.geojson,cadastre_government_owned_parcels,https://services1.arcgis.com/99lidPhWCzftIe9K/arcgis/rest/services/cadastre_government_owned_parcels/FeatureServer/0/query,2026-09-25
08344260110000,DFCM STATE OF UTAH,STATE,True,False,0.1,False,TSA-MUEC-C,Commercial,readiness/data/geometry/08344260110000.geojson,cadastre_government_owned_parcels,https://services1.arcgis.com/99lidPhWCzftIe9K/arcgis/rest/services/cadastre_government_owned_parcels/FeatureServer/0/query,2026-09-25
08344260190000,"DEPT OF NATURAL RESOURCES - BARKER, MIKE",STATE,True,False,0.2,False,BP,Residential,readiness/data/geometry/08344260190000.geojson,cadastre_government_owned_parcels,https://services1.arcgis.com/99lidPhWCzftIe9K/arcgis/rest/services/cadastre_government_owned_parcels/FeatureServer/0/query,2026-09-25
08344260200000,STATE OF UTAH,STATE,True,False,0.7,False,BP,Commercial - Office Space,readiness/data/geometry/08344260200000.geojson,cadastre_government_owned_parcels,https://services1.arcgis.com/99lidPhWCzftIe9K/arcgis/rest/services/cadastre_government_owned_parcels/FeatureServer/0/query,2026-09-25
08344260200000,STATE OF UTAH,STATE,True,False,0.7,False,BP,Commercial - Office Space,readiness/data/geometry/08344260200000.geojson,cadastre_government_owned_parcels,https://services1.arcgis.com/99lidPhWCzftIe9K/arcgis/rest/services/cadastre_government_owned_parcels/FeatureServer/0/query,2026-09-25
08344260210000,DFCM STATE OF UTAH,STATE,True,False,0.1,False,TSA-MUEC-C,Commercial,readiness/data/geometry/08344260210000.geojson,cadastre_government_owned_parcels,https://services1.arcgis.com/99lidPhWCzftIe9K/arcgis/rest/services/cadastre_government_owned_parcels/FeatureServer/0/query,2026-09-25
08344260220000,DFCM STATE OF UTAH,STATE,True,False,0.1,False,TSA-MUEC-C,Commercial,readiness/data/geometry/08344260220000.geojson,cadastre_government_owned_parcels,https://services1.arcgis.com/99lidPhWCzftIe9K/arcgis/rest/services/cadastre_government_owned_parcels/FeatureServer/0/query,2026-09-25
08344260230000,STATE OF UTAH DIV OF FACILITIE,STATE,True,False,5.6,False,BP,Commercial - Office Space,readiness/data/geometry/08344260230000.geojson,cadastre_government_owned_parcels,https://services1.arcgis.com/99lidPhWCzftIe9K/arcgis/rest/services/cadastre_government_owned_parcels/FeatureServer/0/query,2026-09-25
08344260230000,STATE OF UTAH DIV OF FACILITIE,STATE,True,False,5.6,False,BP,Commercial - Office Space,readiness/data/geometry/08344260230000.geojson,cadastre_government_owned_parcels,https://services1.arcgis.com/99lidPhWCzftIe9K/arcgis/rest/services/cadastre_government_owned_parcels/FeatureServer/0/query,2026-09-25
08344260230000,STATE OF UTAH DIV OF FACILITIE,STATE,True,False,5.6,False,BP,Commercial - Office Space,readiness/data/geometry/08344260230000.geojson,cadastre_government_owned_parcels,https://services1.arcgis.com/99lidPhWCzftIe9K/arcgis/rest/services/cadastre_government_owned_parcels/FeatureServer/0/query,2026-09-25
08344280020000,SALT LAKE CITY CORPORATION - PROPERTY MANAGEMENT,CITY,False,False,0.3,False,OS,Tax Exempt - Government,readiness/data/geometry/08344280020000.geojson,cadastre_government_owned_parcels,https://services1.arcgis.com/99lidPhWCzftIe9K/arcgis/rest/services/cadastre_government_owned_parcels/FeatureServer/0/query,2026-09-25
08344280030000,SALT LAKE CITY CORPORATION - PROPERTY MANAGEMENT,CITY,False,False,0.4,False,OS,Tax Exempt - Government,readiness/data/geometry/08344280030000.geojson,cadastre_government_owned_parcels,https://services1.arcgis.com/99lidPhWCzftIe9K/arcgis/rest/services/cadastre_government_owned_parcels/FeatureServer/0/query,2026-09-25
08344280070000,"STATE OF UTAH, DIV OF FACILITI",STATE,True,False,2.3,False,BP,Commercial - Office Space,readiness/data/geometry/08344280070000.geojson,cadastre_government_owned_parcels,https://services1.arcgis.com/99lidPhWCzftIe9K/arcgis/rest/services/cadastre_government_owned_parcels/FeatureServer/0/query,2026-09-25
08344280080000,"STATE OF UTAH, DIV OF FACILITI",STATE,True,False,0.1,False,TSA-MUEC-C,Commercial - Office Space,readiness/data/geometry/08344280080000.geojson,cadastre_government_owned_parcels,https://services1.arcgis.com/99lidPhWCzftIe9K/arcgis/rest/services/cadastre_government_owned_parcels/FeatureServer/0/query,2026-09-25
08344280140000,SALT LAKE CITY - CITY RECORDER'S OFFICE,CITY,False,False,0.0,True,TSA-MUEC-C,Tax Exempt - Government,readiness/data/geometry/08344280140000.geojson,cadastre_government_owned_parcels,https://services1.arcgis.com/99lidPhWCzftIe9K/arcgis/rest/services/cadastre_government_owned_parcels/FeatureServer/0/query,2026-09-25
08344510180000,SALT LAKE CITY - CITY RECORDER'S OFFICE,CITY,False,False,0.0,True,TSA-MUEC-T,Tax Exempt - Government,readiness/data/geometry/08344510180000.geojson,cadastre_government_owned_parcels,https://services1.arcgis.com/99lidPhWCzftIe9K/arcgis/rest/services/cadastre_government_owned_parcels/FeatureServer/0/query,2026-09-25
08344510190000,SALT LAKE CITY - CITY RECORDER'S OFFICE,CITY,False,False,0.0,True,TSA-MUEC-T,Tax Exempt - Government,readiness/data/geometry/08344510190000.geojson,cadastre_government_owned_parcels,https://services1.arcgis.com/99lidPhWCzftIe9K/arcgis/rest/services/cadastre_government_owned_parcels/FeatureServer/0/query,2026-09-25
08344760180000,SALT LAKE CITY - CITY RECORDER'S OFFICE,CITY,False,False,0.0,True,TSA-MUEC-C,Tax Exempt - Government,readiness/data/geometry/08344760180000.geojson,cadastre_government_owned_parcels,https://services1.arcgis.com/99lidPhWCzftIe9K/arcgis/rest/services/cadastre_government_owned_parcels/FeatureServer/0/query,2026-09-25
08344760180000,SALT LAKE CITY - CITY RECORDER'S OFFICE,CITY,False,False,0.0,True,TSA-MUEC-C,Tax Exempt - Government,readiness/data/geometry/08344760180000.geojson,cadastre_government_owned_parcels,https://services1.arcgis.com/99lidPhWCzftIe9K/arcgis/rest/services/cadastre_government_owned_parcels/FeatureServer/0/query,2026-09-25
08351010210000,SALT LAKE CITY CORP. - PROPERTY MANAGEMENT,CITY,False,False,0.1,False,UNKNOWN,Tax Exempt - Government,readiness/data/geometry/08351010210000.geojson,cadastre_government_owned_parcels,https://services1.arcgis.com/99lidPhWCzftIe9K/arcgis/rest/services/cadastre_government_owned_parcels/FeatureServer/0/query,2026-09-25
08351050060000,SALT LAKE COUNTY - REAL ESTATE DEPT # S3200,COUNTY,False,False,0.0,True,R-1-7000,Tax Exempt - Government,readiness/data/geometry/08351050060000.geojson,cadastre_government_owned_parcels,https://services1.arcgis.com/99lidPhWCzftIe9K/arcgis/rest/services/cadastre_government_owned_parcels/FeatureServer/0/query,2026-09-25
08351050230000,SALT LAKE COUNTY - REAL ESTATE DEPT # S3200,COUNTY,False,False,0.0,True,R-1-7000,Tax Exempt,readiness/data/geometry/08351050230000.geojson,cadastre_government_owned_parcels,https://services1.arcgis.com/99lidPhWCzftIe9K/arcgis/rest/services/cadastre_government_owned_parcels/FeatureServer/0/query,2026-09-25
08351520110000,SALT LAKE COUNTY - REAL ESTATE DEPT # S3200,COUNTY,False,False,0.0,True,R-1-7000,Tax Exempt - Government,readiness/data/geometry/08351520110000.geojson,cadastre_government_owned_parcels,https://services1.arcgis.com/99lidPhWCzftIe9K/arcgis/rest/services/cadastre_government_owned_parcels/FeatureServer/0/query,2026-09-25
08351520110000,SALT LAKE COUNTY - REAL ESTATE DEPT # S3200,COUNTY,False,False,0.0,True,R-1-7000,Tax Exempt - Government,readiness/data/geometry/08351520110000.geojson,cadastre_government_owned_parcels,https://services1.arcgis.com/99lidPhWCzftIe9K/arcgis/rest/services/cadastre_government_owned_parcels/FeatureServer/0/query,2026-09-25
08351790020000,SALT LAKE COUNTY - REAL ESTATE DEPT # S3200,COUNTY,False,False,0.0,True,R-1-7000,Tax Exempt - Government,readiness/data/geometry/08351790020000.geojson,cadastre_government_owned_parcels,https://services1.arcgis.com/99lidPhWCzftIe9K/arcgis/rest/services/cadastre_government_owned_parcels/FeatureServer/0/query,2026-09-25
08352290300000,SALT LAKE CITY CORPORATION,CITY,False,False,0.1,False,R-2,Tax Exempt - Government,readiness/data/geometry/08352290300000.geojson,cadastre_government_owned_parcels,https://services1.arcgis.com/99lidPhWCzftIe9K/arcgis/rest/services/cadastre_government_owned_parcels/FeatureServer/0/query,2026-09-25
08352510170000,SALT LAKE COUNTY - REAL ESTATE DEPT # S3200,COUNTY,False,False,0.1,False,R-1-7000,Tax Exempt - Government,readiness/data/geometry/08352510170000.geojson,cadastre_government_owned_parcels,https://services1.arcgis.com/99lidPhWCzftIe9K/arcgis/rest/services/cadastre_government_owned_parcels/FeatureServer/0/query,2026-09-25
08352530040000,SALT LAKE COUNTY - REAL ESTATE DEPT # S3200,COUNTY,False,False,0.0,True,R-1-7000,Tax Exempt,readiness/data/geometry/08352530040000.geojson,cadastre_government_owned_parcels,https://services1.arcgis.com/99lidPhWCzftIe9K/arcgis/rest/services/cadastre_government_owned_parcels/FeatureServer/0/query,2026-09-25
08352760020000,SALT LAKE CITY CORPORATION - PROPERTY MANAGEMENT,CITY,False,False,0.2,False,OS,Tax Exempt,readiness/data/geometry/08352760020000.geojson,cadastre_government_owned_parcels,https://services1.arcgis.com/99lidPhWCzftIe9K/arcgis/rest/services/cadastre_government_owned_parcels/FeatureServer/0/query,2026-09-25
08352760080000,SALT LAKE CITY CORPORATION - PROPERTY MANAGEMENT,CITY,False,False,0.4,False,OS,Tax Exempt,readiness/data/geometry/08352760080000.geojson,cadastre_government_owned_parcels,https://services1.arcgis.com/99lidPhWCzftIe9K/arcgis/rest/services/cadastre_government_owned_parcels/FeatureServer/0/query,2026-09-25
08352770210000,SALT LAKE COUNTY - REAL ESTATE DEPT # S3200,COUNTY,False,False,0.0,True,R-1-7000,Tax Exempt,readiness/data/geometry/08352770210000.geojson,cadastre_government_owned_parcels,https://services1.arcgis.com/99lidPhWCzftIe9K/arcgis/rest/services/cadastre_government_owned_parcels/FeatureServer/0/query,2026-09-25
08352790310000,SALT LAKE COUNTY - REAL ESTATE DEPT # S3200,COUNTY,False,False,0.0,True,R-1-5000,Tax Exempt,readiness/data/geometry/08352790310000.geojson,cadastre_government_owned_parcels,https://services1.arcgis.com/99lidPhWCzftIe9K/arcgis/rest/services/cadastre_government_owned_parcels/FeatureServer/0/query,2026-09-25
08353010110000,SALT LAKE CITY CORPORATION - PROPERTY MANAGEMENT,CITY,False,False,4.2,False,OS,Tax Exempt - Government,readiness/data/geometry/08353010110000.geojson,cadastre_government_owned_parcels,https://services1.arcgis.com/99lidPhWCzftIe9K/arcgis/rest/services/cadastre_government_owned_parcels/FeatureServer/0/query,2026-09-25
08353010140000,SALT LAKE COUNTY,COUNTY,False,False,18.0,False,PL,Tax Exempt - Government,readiness/data/geometry/08353010140000.geojson,cadastre_government_owned_parcels,https://services1.arcgis.com/99lidPhWCzftIe9K/arcgis/rest/services/cadastre_government_owned_parcels/FeatureServer/0/query,2026-09-25
08353020040000,SALT LAKE COUNTY - REAL ESTATE DEPT # S3200,COUNTY,False,False,0.1,False,R-1-7000,Tax Exempt - Government,readiness/data/geometry/08353020040000.geojson,cadastre_government_owned_parcels,https://services1.arcgis.com/99lidPhWCzftIe9K/arcgis/rest/services/cadastre_government_owned_parcels/FeatureServer/0/query,2026-09-25
08353280060000,SALT LAKE COUNTY - REAL ESTATE DEPT # S3200,COUNTY,False,False,0.0,True,R-1-7000,Tax Exempt - Government,readiness/data/geometry/08353280060000.geojson,cadastre_government_owned_parcels,https://services1.arcgis.com/99lidPhWCzftIe9K/arcgis/rest/services/cadastre_government_owned_parcels/FeatureServer/0/query,2026-09-25
08353290010000,DIVISION OF FACILITIES CONSTRU - REAL PROP MGR/JOYCE MILNE,STATE,True,False,50.0,False,PL,Tax Exempt - Government,readiness/data/geometry/08353290010000.geojson,cadastre_government_owned_parcels,https://services1.arcgis.com/99lidPhWCzftIe9K/arcgis/rest/services/cadastre_government_owned_parcels/FeatureServer/0/query,2026-09-25
08353290020000,SALT LAKE CITY CORP - PROPERTY MANAGEMENT,CITY,False,False,1.4,False,PL,Tax Exempt - Government,readiness/data/geometry/08353290020000.geojson,cadastre_government_owned_parcels,https://services1.arcgis.com/99lidPhWCzftIe9K/arcgis/rest/services/cadastre_government_owned_parcels/FeatureServer/0/query,2026-09-25
08353510080000,DEPT ADM SERV STATE OF UTAH - JOYCE H MILNE,STATE,True,False,2.1,False,TSA-SP-C,Tax Exempt - Government,readiness/data/geometry/08353510080000.geojson,cadastre_government_owned_parcels,https://services1.arcgis.com/99lidPhWCzftIe9K/arcgis/rest/services/cadastre_government_owned_parcels/FeatureServer/0/query,2026-09-25
08353510100000,SALT LAKE COUNTY - REAL ESTATE DEPT,COUNTY,False,False,0.0,True,OS,Tax Exempt - Government,readiness/data/geometry/08353510100000.geojson,cadastre_government_owned_parcels,https://services1.arcgis.com/99lidPhWCzftIe9K/arcgis/rest/services/cadastre_government_owned_parcels/FeatureServer/0/query,2026-09-25
08353530030000,UTAH STATE BUILDING OWNERSHIP - DIV OF FAC CONSTR & MNGT,STATE,True,False,1.1,False,TSA-SP-C,Tax Exempt - Government,readiness/data/geometry/08353530030000.geojson,cadastre_government_owned_parcels,https://services1.arcgis.com/99lidPhWCzftIe9K/arcgis/rest/services/cadastre_government_owned_parcels/FeatureServer/0/query,2026-09-25
08353760010000,SALT LAKE CITY - PROPERTY MANAGEMENT,CITY,False,False,0.3,False,TSA-SP-C,Commercial,readiness/data/geometry/08353760010000.geojson,cadastre_government_owned_parcels,https://services1.arcgis.com/99lidPhWCzftIe9K/arcgis/rest/services/cadastre_government_owned_parcels/FeatureServer/0/query,2026-09-25
08353760100000,SALT LAKE CITY - CITY RECORDER'S OFFICE,CITY,False,False,0.1,False,TSA-SP-T,Tax Exempt - Government,readiness/data/geometry/08353760100000.geojson,cadastre_government_owned_parcels,https://services1.arcgis.com/99lidPhWCzftIe9K/arcgis/rest/services/cadastre_government_owned_parcels/FeatureServer/0/query,2026-09-25
08353760120000,SALT LAKE CITY - CITY RECORDER'S OFFICE,CITY,False,False,0.1,False,TSA-SP-C,Tax Exempt - Government,readiness/data/geometry/08353760120000.geojson,cadastre_government_owned_parcels,https://services1.arcgis.com/99lidPhWCzftIe9K/arcgis/rest/services/cadastre_government_owned_parcels/FeatureServer/0/query,2026-09-25
08353760130000,DIVISION OF FACILITIES CONSTRU - REAL PROPERTY MGR/JOYCE MILNE,STATE,True,False,6.0,False,TSA-SP-C,Tax Exempt - Government,readiness/data/geometry/08353760130000.geojson,cadastre_government_owned_parcels,https://services1.arcgis.com/99lidPhWCzftIe9K/arcgis/rest/services/cadastre_government_owned_parcels/FeatureServer/0/query,2026-09-25
08353760150000,DIVISION OF FACILITIES CONSTRU - REAL PROPERTY MGR/JOYCE MILNE,STATE,True,False,4.5,False,TSA-SP-C,Tax Exempt - Government,readiness/data/geometry/08353760150000.geojson,cadastre_government_owned_parcels,https://services1.arcgis.com/99lidPhWCzftIe9K/arcgis/rest/services/cadastre_government_owned_parcels/FeatureServer/0/query,2026-09-25
08353770120000,SALT LAKE CITY - CITY RECORDER'S OFFICE,CITY,False,False,0.0,True,TSA-SP-T,Tax Exempt - Government,readiness/data/geometry/08353770120000.geojson,cadastre_government_owned_parcels,https://services1.arcgis.com/99lidPhWCzftIe9K/arcgis/rest/services/cadastre_government_owned_parcels/FeatureServer/0/query,2026-09-25
08353770140000,SALT LAKE CITY - CITY RECORDER'S OFFICE,CITY,False,False,0.0,True,TSA-SP-T,Tax Exempt - Government,readiness/data/geometry/08353770140000.geojson,cadastre_government_owned_parcels,https://services1.arcgis.com/99lidPhWCzftIe9K/arcgis/rest/services/cadastre_government_owned_parcels/FeatureServer/0/query,2026-09-25
08354010090000,SALT LAKE COUNTY - REAL ESTATE DEPT # S3200,COUNTY,False,False,0.0,True,R-1-7000,Tax Exempt - Government,readiness/data/geometry/08354010090000.geojson,cadastre_government_owned_parcels,https://services1.arcgis.com/99lidPhWCzftIe9K/arcgis/rest/services/cadastre_government_owned_parcels/FeatureServer/0/query,2026-09-25
08354010140000,SALT LAKE COUNTY - REAL ESTATE DEPT # S3200,COUNTY,False,False,0.0,True,R-1-7000,Tax Exempt - Government,readiness/data/geometry/08354010140000.geojson,cadastre_government_owned_parcels,https://services1.arcgis.com/99lidPhWCzftIe9K/arcgis/rest/services/cadastre_government_owned_parcels/FeatureServer/0/query,2026-09-25
08354280060000,SALT LAKE CITY BOARD OF EDUCAT,CITY,False,False,0.2,False,R-1-5000,Tax Exempt - Government,readiness/data/geometry/08354280060000.geojson,cadastre_government_owned_parcels,https://services1.arcgis.com/99lidPhWCzftIe9K/arcgis/rest/services/cadastre_government_owned_parcels/FeatureServer/0/query,2026-09-25
08354280070000,BOARD OF EDUCATION OF SALT LAK,SCHOOL_DISTRICT,False,False,0.3,False,PL,Tax Exempt - Government,readiness/data/geometry/08354280070000.geojson,cadastre_government_owned_parcels,https://services1.arcgis.com/99lidPhWCzftIe9K/arcgis/rest/services/cadastre_government_owned_parcels/FeatureServer/0/query,2026-09-25
08354280080000,BOARD OF EDUCATION OF SALT LAK,SCHOOL_DISTRICT,False,False,0.1,False,PL,Tax Exempt - Government,readiness/data/geometry/08354280080000.geojson,cadastre_government_owned_parcels,https://services1.arcgis.com/99lidPhWCzftIe9K/arcgis/rest/services/cadastre_government_owned_parcels/FeatureServer/0/query,2026-09-25
08354280190000,BOARD OF EDUCATION OF SALT LAK,SCHOOL_DISTRICT,False,False,1.0,False,PL,Tax Exempt - Government,readiness/data/geometry/08354280190000.geojson,cadastre_government_owned_parcels,https://services1.arcgis.com/99lidPhWCzftIe9K/arcgis/rest/services/cadastre_government_owned_parcels/FeatureServer/0/query,2026-09-25
08354280210000,BOARD OF EDUCATION OF SALT LAK,SCHOOL_DISTRICT,False,False,0.7,False,PL,Tax Exempt - Government,readiness/data/geometry/08354280210000.geojson,cadastre_government_owned_parcels,https://services1.arcgis.com/99lidPhWCzftIe9K/arcgis/rest/services/cadastre_government_owned_parcels/FeatureServer/0/query,2026-09-25
08354280260000,BOARD OF EDUCATION S L CITY,CITY,False,False,0.2,False,R-1-5000,Tax Exempt - Government,readiness/data/geometry/08354280260000.geojson,cadastre_government_owned_parcels,https://services1.arcgis.com/99lidPhWCzftIe9K/arcgis/rest/services/cadastre_government_owned_parcels/FeatureServer/0/query,2026-09-25
08354280280000,BOARD OF EDUCATION OF SALT LAK,SCHOOL_DISTRICT,False,False,1.3,False,PL,Tax Exempt - Government,readiness/data/geometry/08354280280000.geojson,cadastre_government_owned_parcels,https://services1.arcgis.com/99lidPhWCzftIe9K/arcgis/rest/services/cadastre_government_owned_parcels/FeatureServer/0/query,2026-09-25
08354280300000,BOARD OF EDUCATION OF SALT LAK,SCHOOL_DISTRICT,False,False,0.2,False,PL,Tax Exempt - Government,readiness/data/geometry/08354280300000.geojson,cadastre_government_owned_parcels,https://services1.arcgis.com/99lidPhWCzftIe9K/arcgis/rest/services/cadastre_government_owned_parcels/FeatureServer/0/query,2026-09-25
08354280310000,BOARD OF EDUCATION OF SALT LAK,SCHOOL_DISTRICT,False,False,1.2,False,PL,Tax Exempt - Government,readiness/data/geometry/08354280310000.geojson,cadastre_government_owned_parcels,https://services1.arcgis.com/99lidPhWCzftIe9K/arcgis/rest/services/cadastre_government_owned_parcels/FeatureServer/0/query,2026-09-25
08354280330000,BOARD OF EDUCATION OF SALT LAK,SCHOOL_DISTRICT,False,False,0.6,False,PL,Tax Exempt - Government,readiness/data/geometry/08354280330000.geojson,cadastre_government_owned_parcels,https://services1.arcgis.com/99lidPhWCzftIe9K/arcgis/rest/services/cadastre_government_owned_parcels/FeatureServer/0/query,2026-09-25
08354510300000,SALT LAKE CITY - CITY RECORDER'S OFFICE,CITY,False,False,0.0,True,TSA-UN-C,Tax Exempt - Government,readiness/data/geometry/08354510300000.geojson,cadastre_government_owned_parcels,https://services1.arcgis.com/99lidPhWCzftIe9K/arcgis/rest/services/cadastre_government_owned_parcels/FeatureServer/0/query,2026-09-25
08354510330000,SALT LAKE CITY - CITY RECORDER'S OFFICE,CITY,False,False,0.0,True,TSA-UN-C,Tax Exempt - Government,readiness/data/geometry/08354510330000.geojson,cadastre_government_owned_parcels,https://services1.arcgis.com/99lidPhWCzftIe9K/arcgis/rest/services/cadastre_government_owned_parcels/FeatureServer/0/query,2026-09-25
08354510340000,SALT LAKE CITY,CITY,False,False,0.0,True,TSA-UN-C,Tax Exempt - Government,readiness/data/geometry/08354510340000.geojson,cadastre_government_owned_parcels,https://services1.arcgis.com/99lidPhWCzftIe9K/arcgis/rest/services/cadastre_government_owned_parcels/FeatureServer/0/query,2026-09-25
08354530250000,SALT LAKE CITY - CITY RECORDER'S OFFICE,CITY,False,False,0.0,True,TSA-UN-C,Tax Exempt - Government,readiness/data/geometry/08354530250000.geojson,cadastre_government_owned_parcels,https://services1.arcgis.com/99lidPhWCzftIe9K/arcgis/rest/services/cadastre_government_owned_parcels/FeatureServer/0/query,2026-09-25
08354530270000,SALT LAKE CITY - CITY RECORDER'S OFFICE,CITY,False,False,0.0,True,TSA-UN-C,Tax Exempt - Government,readiness/data/geometry/08354530270000.geojson,cadastre_government_owned_parcels,https://services1.arcgis.com/99lidPhWCzftIe9K/arcgis/rest/services/cadastre_government_owned_parcels/FeatureServer/0/query,2026-09-25
08354540340000,SALT LAKE CITY - CITY RECORDER'S OFFICE,CITY,False,False,0.1,False,TSA-UN-C,Tax Exempt - Government,readiness/data/geometry/08354540340000.geojson,cadastre_government_owned_parcels,https://services1.arcgis.com/99lidPhWCzftIe9K/arcgis/rest/services/cadastre_government_owned_parcels/FeatureServer/0/query,2026-09-25
08354540370000,SALT LAKE CITY - CITY RECORDER'S OFFICE,CITY,False,False,0.0,True,TSA-UN-C,Tax Exempt - Government,readiness/data/geometry/08354540370000.geojson,cadastre_government_owned_parcels,https://services1.arcgis.com/99lidPhWCzftIe9K/arcgis/rest/services/cadastre_government_owned_parcels/FeatureServer/0/query,2026-09-25
08354540390000,SALT LAKE CITY - CITY RECORDER'S OFFICE,CITY,False,False,0.0,True,TSA-UN-C,Tax Exempt - Government,readiness/data/geometry/08354540390000.geojson,cadastre_government_owned_parcels,https://services1.arcgis.com/99lidPhWCzftIe9K/arcgis/rest/services/cadastre_government_owned_parcels/FeatureServer/0/query,2026-09-25
08354550310000,SALT LAKE CITY - CITY RECORDER'S OFFICE,CITY,False,False,0.0,True,TSA-UN-T,Tax Exempt - Government,readiness/data/geometry/08354550310000.geojson,cadastre_government_owned_parcels,https://services1.arcgis.com/99lidPhWCzftIe9K/arcgis/rest/services/cadastre_government_owned_parcels/FeatureServer/0/query,2026-09-25
08354550320000,SALT LAKE CITY - CITY RECORDER'S OFFICE,CITY,False,False,0.0,True,TSA-UN-T,Tax Exempt - Government,readiness/data/geometry/08354550320000.geojson,cadastre_government_owned_parcels,https://services1.arcgis.com/99lidPhWCzftIe9K/arcgis/rest/services/cadastre_government_owned_parcels/FeatureServer/0/query,2026-09-25
08354560390000,SALT LAKE CITY - CITY RECORDER'S OFFICE,CITY,False,False,0.0,True,TSA-UN-C,Tax Exempt - Government,readiness/data/geometry/08354560390000.geojson,cadastre_government_owned_parcels,https://services1.arcgis.com/99lidPhWCzftIe9K/arcgis/rest/services/cadastre_government_owned_parcels/FeatureServer/0/query,2026-09-25
08354560420000,SALT LAKE CITY - CITY RECORDER'S OFFICE,CITY,False,False,0.0,True,TSA-UN-C,Tax Exempt - Government,readiness/data/geometry/08354560420000.geojson,cadastre_government_owned_parcels,https://services1.arcgis.com/99lidPhWCzftIe9K/arcgis/rest/services/cadastre_government_owned_parcels/FeatureServer/0/query,2026-09-25
08354560440000,SALT LAKE CITY - CITY RECORDER'S OFFICE,CITY,False,False,0.0,True,TSA-UN-C,Tax Exempt - Government,readiness/data/geometry/08354560440000.geojson,cadastre_government_owned_parcels,https://services1.arcgis.com/99lidPhWCzftIe9K/arcgis/rest/services/cadastre_government_owned_parcels/FeatureServer/0/query,2026-09-25
08354570280000,SALT LAKE CITY - CITY RECORDER'S OFFICE,CITY,False,False,0.0,True,TSA-UN-C,Tax Exempt - Government,readiness/data/geometry/08354570280000.geojson,cadastre_government_owned_parcels,https://services1.arcgis.com/99lidPhWCzftIe9K/arcgis/rest/services/cadastre_government_owned_parcels/FeatureServer/0/query,2026-09-25
08354570300000,SALT LAKE CITY - CITY RECORDER'S OFFICE,CITY,False,False,0.0,True,TSA-UN-C,Tax Exempt - Government,readiness/data/geometry/08354570300000.geojson,cadastre_government_owned_parcels,https://services1.arcgis.com/99lidPhWCzftIe9K/arcgis/rest/services/cadastre_government_owned_parcels/FeatureServer/0/query,2026-09-25
08354570320000,SALT LAKE CITY - CITY RECORDER'S OFFICE,CITY,False,False,0.0,True,TSA-UN-C,Tax Exempt - Government,readiness/data/geometry/08354570320000.geojson,cadastre_government_owned_parcels,https://services1.arcgis.com/99lidPhWCzftIe9K/arcgis/rest/services/cadastre_government_owned_parcels/FeatureServer/0/query,2026-09-25
08354760040000,SALT LAKE COUNTY - REAL ESTATE DEPT # S3200,COUNTY,False,False,0.0,True,SR-1,Tax Exempt - Government,readiness/data/geometry/08354760040000.geojson,cadastre_government_owned_parcels,https://services1.arcgis.com/99lidPhWCzftIe9K/arcgis/rest/services/cadastre_government_owned_parcels/FeatureServer/0/query,2026-09-25
08354770270000,SALT LAKE CITY - CITY RECORDER'S OFFICE,CITY,False,False,0.0,True,TSA-UN-C,Tax Exempt - Government,readiness/data/geometry/08354770270000.geojson,cadastre_government_owned_parcels,https://services1.arcgis.com/99lidPhWCzftIe9K/arcgis/rest/services/cadastre_government_owned_parcels/FeatureServer/0/query,2026-09-25
08361020010000,STATE ROAD COMMISSION OF UTAH - UDOT RIGHT OF WAY,STATE,True,False,1.0,False,UNKNOWN,Tax Exempt - Government,readiness/data/geometry/08361020010000.geojson,cadastre_government_owned_parcels,https://services1.arcgis.com/99lidPhWCzftIe9K/arcgis/rest/services/cadastre_government_owned_parcels/FeatureServer/0/query,2026-09-25
08361510060000,SALT LAKE CITY CORP - PROPERTY MANAGEMENT,CITY,False,False,0.4,False,OS,Tax Exempt - Government,readiness/data/geometry/08361510060000.geojson,cadastre_government_owned_parcels,https://services1.arcgis.com/99lidPhWCzftIe9K/arcgis/rest/services/cadastre_government_owned_parcels/FeatureServer/0/query,2026-09-25
08361510300000,SALT LAKE CITY CORP - PROPERTY MANAGEMENT,CITY,False,False,0.1,False,SR-1A,Tax Exempt - Government,readiness/data/geometry/08361510300000.geojson,cadastre_government_owned_parcels,https://services1.arcgis.com/99lidPhWCzftIe9K/arcgis/rest/services/cadastre_government_owned_parcels/FeatureServer/0/query,2026-09-25
08361540150000,SALT LAKE COUNTY - REAL ESTATE DEPT # S3200,COUNTY,False,False,0.0,True,SR-1A,Tax Exempt - Government,readiness/data/geometry/08361540150000.geojson,cadastre_government_owned_parcels,https://services1.arcgis.com/99lidPhWCzftIe9K/arcgis/rest/services/cadastre_government_owned_parcels/FeatureServer/0/query,2026-09-25
08361760240000,SALT LAKE CITY CORP - PROPERTY MANAGEMENT,CITY,False,False,0.5,False,UNKNOWN,Tax Exempt - Government,readiness/data/geometry/08361760240000.geojson,cadastre_government_owned_parcels,https://services1.arcgis.com/99lidPhWCzftIe9K/arcgis/rest/services/cadastre_government_owned_parcels/FeatureServer/0/query,2026-09-25
08361770250000,SALT LAKE CITY CORP - PROPERTY MANAGEMENT,CITY,False,False,0.1,False,SR-1A,Tax Exempt - Government,readiness/data/geometry/08361770250000.geojson,cadastre_government_owned_parcels,https://services1.arcgis.com/99lidPhWCzftIe9K/arcgis/rest/services/cadastre_government_owned_parcels/FeatureServer/0/query,2026-09-25
08362020180000,SALT LAKE COUNTY - REAL ESTATE DEPT # S3200,COUNTY,False,False,0.0,True,SR-1A,Tax Exempt - Government,readiness/data/geometry/08362020180000.geojson,cadastre_government_owned_parcels,https://services1.arcgis.com/99lidPhWCzftIe9K/arcgis/rest/services/cadastre_government_owned_parcels/FeatureServer/0/query,2026-09-25
08362050390000,SALT LAKE CITY CORPORATION - CITY TREASURER,CITY,False,False,0.5,False,R-MU,Tax Exempt - Government,readiness/data/geometry/08362050390000.geojson,cadastre_government_owned_parcels,https://services1.arcgis.com/99lidPhWCzftIe9K/arcgis/rest/services/cadastre_government_owned_parcels/FeatureServer/0/query,2026-09-25
08362050440000,REDEVELOPMENT AGENCY OF SALT L,CRA,False,False,0.6,False,R-MU,Vacant,readiness/data/geometry/08362050440000.geojson,cadastre_government_owned_parcels,https://services1.arcgis.com/99lidPhWCzftIe9K/arcgis/rest/services/cadastre_government_owned_parcels/FeatureServer/0/query,2026-09-25
08362060110000,REDEVELOPMENT AGENCY OF SALT L - EXECUTIVE DIRECTOR,CRA,False,False,0.1,False,SR-1A,Tax Exempt - Government,readiness/data/geometry/08362060110000.geojson,cadastre_government_owned_parcels,https://services1.arcgis.com/99lidPhWCzftIe9K/arcgis/rest/services/cadastre_government_owned_parcels/FeatureServer/0/query,2026-09-25
08362270010000,SALT LAKE CITY - PROPERTY MANAGEMENT,CITY,False,False,1.0,False,OS,Tax Exempt - Government,readiness/data/geometry/08362270010000.geojson,cadastre_government_owned_parcels,https://services1.arcgis.com/99lidPhWCzftIe9K/arcgis/rest/services/cadastre_government_owned_parcels/FeatureServer/0/query,2026-09-25
08362270010000,SALT LAKE CITY - PROPERTY MANAGEMENT,CITY,False,False,1.0,False,OS,Tax Exempt - Government,readiness/data/geometry/08362270010000.geojson,cadastre_government_owned_parcels,https://services1.arcgis.com/99lidPhWCzftIe9K/arcgis/rest/services/cadastre_government_owned_parcels/FeatureServer/0/query,2026-09-25
08362300330000,SALT LAKE CITY CORPORATION - PROPERTY MANAGEMENT,CITY,False,False,0.3,False,SR-1A,Tax Exempt - Government,readiness/data/geometry/08362300330000.geojson,cadastre_government_owned_parcels,https://services1.arcgis.com/99lidPhWCzftIe9K/arcgis/rest/services/cadastre_government_owned_parcels/FeatureServer/0/query,2026-09-25
08362310010000,SALT LAKE CITY CORPORATION - PROPERTY MANAGEMENT,CITY,False,False,0.0,True,OS,Commercial,readiness/data/geometry/08362310010000.geojson,cadastre_government_owned_parcels,https://services1.arcgis.com/99lidPhWCzftIe9K/arcgis/rest/services/cadastre_government_owned_parcels/FeatureServer/0/query,2026-09-25
08362330090000,SALT LAKE CITY CORPORATION - PROPERTY MANAGEMENT,CITY,False,False,0.2,False,SR-1A,Residential,readiness/data/geometry/08362330090000.geojson,cadastre_government_owned_parcels,https://services1.arcgis.com/99lidPhWCzftIe9K/arcgis/rest/services/cadastre_government_owned_parcels/FeatureServer/0/query,2026-09-25
08362330100000,SALT LAKE CITY CORP - PROPERTY MANAGEMENT,CITY,False,False,0.3,False,SR-1A,Tax Exempt - Government,readiness/data/geometry/08362330100000.geojson,cadastre_government_owned_parcels,https://services1.arcgis.com/99lidPhWCzftIe9K/arcgis/rest/services/cadastre_government_owned_parcels/FeatureServer/0/query,2026-09-25
08362340190000,SALT LAKE CITY CORPORATION - PROPERTY MANAGEMENT,CITY,False,False,0.1,False,SR-1A,Tax Exempt - Government,readiness/data/geometry/08362340190000.geojson,cadastre_government_owned_parcels,https://services1.arcgis.com/99lidPhWCzftIe9K/arcgis/rest/services/cadastre_government_owned_parcels/FeatureServer/0/query,2026-09-25
08362340210000,SALT LAKE CITY CORPORATION - PROPERTY MANAGEMENT,CITY,False,False,0.1,False,SR-1A,Tax Exempt - Government,readiness/data/geometry/08362340210000.geojson,cadastre_government_owned_parcels,https://services1.arcgis.com/99lidPhWCzftIe9K/arcgis/rest/services/cadastre_government_owned_parcels/FeatureServer/0/query,2026-09-25
08362540210000,SALT LAKE COUNTY - REAL ESTATE DEPT # S3200,COUNTY,False,False,0.0,True,RMF-35,Tax Exempt - Government,readiness/data/geometry/08362540210000.geojson,cadastre_government_owned_parcels,https://services1.arcgis.com/99lidPhWCzftIe9K/arcgis/rest/services/cadastre_government_owned_parcels/FeatureServer/0/query,2026-09-25
08362540210000,SALT LAKE COUNTY - REAL ESTATE DEPT # S3200,COUNTY,False,False,0.0,True,RMF-35,Tax Exempt - Government,readiness/data/geometry/08362540210000.geojson,cadastre_government_owned_parcels,https://services1.arcgis.com/99lidPhWCzftIe9K/arcgis/rest/services/cadastre_government_owned_parcels/FeatureServer/0/query,2026-09-25
08362790090000,SALT LAKE COUNTY - REAL ESTATE DEPT # S3200,COUNTY,False,False,0.0,True,RMF-45,Tax Exempt - Government,readiness/data/geometry/08362790090000.geojson,cadastre_government_owned_parcels,https://services1.arcgis.com/99lidPhWCzftIe9K/arcgis/rest/services/cadastre_government_owned_parcels/FeatureServer/0/query,2026-09-25
08362860110000,SALT LAKE CITY CORPORATION - PROPERTY MANAGEMENT,CITY,False,False,0.1,False,SR-1A,Tax Exempt - Government,readiness/data/geometry/08362860110000.geojson,cadastre_government_owned_parcels,https://services1.arcgis.com/99lidPhWCzftIe9K/arcgis/rest/services/cadastre_government_owned_parcels/FeatureServer/0/query,2026-09-25
08362890010000,STATE OF UTAH,STATE,True,False,0.1,False,SR-1A,Tax Exempt - Government,readiness/data/geometry/08362890010000.geojson,cadastre_government_owned_parcels,https://services1.arcgis.com/99lidPhWCzftIe9K/arcgis/rest/services/cadastre_government_owned_parcels/FeatureServer/0/query,2026-09-25
08363040300000,SALT LAKE CITY CORPORATION - PROPERTY MANAGEMENT,CITY,False,False,0.1,False,SR-1A,Tax Exempt - Government,readiness/data/geometry/08363040300000.geojson,cadastre_government_owned_parcels,https://services1.arcgis.com/99lidPhWCzftIe9K/arcgis/rest/services/cadastre_government_owned_parcels/FeatureServer/0/query,2026-09-25
08363040400000,SALT LAKE CITY CORPORATION - UDOT RIGHT OF WY,CITY,False,False,0.2,False,SR-3,Tax Exempt - Government,readiness/data/geometry/08363040400000.geojson,cadastre_government_owned_parcels,https://services1.arcgis.com/99lidPhWCzftIe9K/arcgis/rest/services/cadastre_government_owned_parcels/FeatureServer/0/query,2026-09-25
08363270010000,SALT LAKE CITY BOARD OF EDUCAT,CITY,False,False,0.2,False,PL,Tax Exempt - Government,readiness/data/geometry/08363270010000.geojson,cadastre_government_owned_parcels,https://services1.arcgis.com/99lidPhWCzftIe9K/arcgis/rest/services/cadastre_government_owned_parcels/FeatureServer/0/query,2026-09-25
08363270020000,SALT LAKE CITY BOARD OF EDUCAT,CITY,False,False,0.1,False,PL,Tax Exempt - Government,readiness/data/geometry/08363270020000.geojson,cadastre_government_owned_parcels,https://services1.arcgis.com/99lidPhWCzftIe9K/arcgis/rest/services/cadastre_government_owned_parcels/FeatureServer/0/query,2026-09-25
08363270030000,SALT LAKE CITY BOARD OF EDUCAT,CITY,False,False,0.1,False,PL,Tax Exempt - Government,readiness/data/geometry/08363270030000.geojson,cadastre_government_owned_parcels,https://services1.arcgis.com/99lidPhWCzftIe9K/arcgis/rest/services/cadastre_government_owned_parcels/FeatureServer/0/query,2026-09-25
08363270040000,SALT LAKE CITY BOARD OF EDUCAT,CITY,False,False,0.1,False,PL,Tax Exempt - Government,readiness/data/geometry/08363270040000.geojson,cadastre_government_owned_parcels,https://services1.arcgis.com/99lidPhWCzftIe9K/arcgis/rest/services/cadastre_government_owned_parcels/FeatureServer/0/query,2026-09-25
08363270050000,BOARD OF EDUCATION OF SALT LAK,SCHOOL_DISTRICT,False,False,0.8,False,PL,Tax Exempt - Government,readiness/data/geometry/08363270050000.geojson,cadastre_government_owned_parcels,https://services1.arcgis.com/99lidPhWCzftIe9K/arcgis/rest/services/cadastre_government_owned_parcels/FeatureServer/0/query,2026-09-25
08363270060000,SALT LAKE CITY BOARD OF EDUCAT,CITY,False,False,0.1,False,PL,Tax Exempt - Government,readiness/data/geometry/08363270060000.geojson,cadastre_government_owned_parcels,https://services1.arcgis.com/99lidPhWCzftIe9K/arcgis/rest/services/cadastre_government_owned_parcels/FeatureServer/0/query,2026-09-25
08363270070000,SALT LAKE CITY BOARD OF EDUCAT,CITY,False,False,0.1,False,PL,Tax Exempt - Government,readiness/data/geometry/08363270070000.geojson,cadastre_government_owned_parcels,https://services1.arcgis.com/99lidPhWCzftIe9K/arcgis/rest/services/cadastre_government_owned_parcels/FeatureServer/0/query,2026-09-25
08363280260000,UTAH TRANSIT AUTHORITY,UTA,False,False,0.2,False,TSA-UC-C,Tax Exempt - Government,readiness/data/geometry/08363280260000.geojson,cadastre_government_owned_parcels,https://services1.arcgis.com/99lidPhWCzftIe9K/arcgis/rest/services/cadastre_government_owned_parcels/FeatureServer/0/query,2026-09-25
08363280270000,UTAH TRANSIT AUTHORITY - PROPERTY MANAGEMENT,UTA,False,False,0.1,False,TSA-UC-C,Tax Exempt - Government,readiness/data/geometry/08363280270000.geojson,cadastre_government_owned_parcels,https://services1.arcgis.com/99lidPhWCzftIe9K/arcgis/rest/services/cadastre_government_owned_parcels/FeatureServer/0/query,2026-09-25
08363290010000,BOARD OF EDUCATION OF SALT LAK,SCHOOL_DISTRICT,False,False,12.0,False,PL,Tax Exempt - Government,readiness/data/geometry/08363290010000.geojson,cadastre_government_owned_parcels,https://services1.arcgis.com/99lidPhWCzftIe9K/arcgis/rest/services/cadastre_government_owned_parcels/FeatureServer/0/query,2026-09-25
08363290020000,BOARD OF EDUCATION OF SLC,SCHOOL_DISTRICT,False,False,1.2,False,PL,Tax Exempt - Government,readiness/data/geometry/08363290020000.geojson,cadastre_government_owned_parcels,https://services1.arcgis.com/99lidPhWCzftIe9K/arcgis/rest/services/cadastre_government_owned_parcels/FeatureServer/0/query,2026-09-25
08363300010000,UTAH TRANSIT AUTHORITY - PROPERTY MANAGEMENT,UTA,False,False,1.0,False,TSA-UC-C,Tax Exempt - Government,readiness/data/geometry/08363300010000.geojson,cadastre_government_owned_parcels,https://services1.arcgis.com/99lidPhWCzftIe9K/arcgis/rest/services/cadastre_government_owned_parcels/FeatureServer/0/query,2026-09-25
08363510150000,SALT LAKE COUNTY - REAL ESTATE DEPT # S3200,COUNTY,False,False,0.0,True,TSA-UC-T,Tax Exempt - Government,readiness/data/geometry/08363510150000.geojson,cadastre_government_owned_parcels,https://services1.arcgis.com/99lidPhWCzftIe9K/arcgis/rest/services/cadastre_government_owned_parcels/FeatureServer/0/query,2026-09-25
08363510320000,UTAH DEPARTMENT OF TRANSPORTAT - UDOT RIGHT OF WAY,STATE,True,False,0.4,False,TSA-UC-T,Tax Exempt - Government,readiness/data/geometry/08363510320000.geojson,cadastre_government_owned_parcels,https://services1.arcgis.com/99lidPhWCzftIe9K/arcgis/rest/services/cadastre_government_owned_parcels/FeatureServer/0/query,2026-09-25
08363520130000,UTAH TRANSIT AUTHORITY - PROPERTY MANAGEMENT,UTA,False,False,1.1,False,TSA-UC-C,Tax Exempt - Government,readiness/data/geometry/08363520130000.geojson,cadastre_government_owned_parcels,https://services1.arcgis.com/99lidPhWCzftIe9K/arcgis/rest/services/cadastre_government_owned_parcels/FeatureServer/0/query,2026-09-25
08363520140000,UTAH TRANSIT AUTHORITY - PROPERTY MANAGEMENT,UTA,False,False,0.2,False,TSA-UC-C,Tax Exempt - Government,readiness/data/geometry/08363520140000.geojson,cadastre_government_owned_parcels,https://services1.arcgis.com/99lidPhWCzftIe9K/arcgis/rest/services/cadastre_government_owned_parcels/FeatureServer/0/query,2026-09-25
08363520150000,UTAH TRANSIT AUTHORITY - PROPERTY MANAGEMENT,UTA,False,False,0.1,False,TSA-UC-C,Tax Exempt - Government,readiness/data/geometry/08363520150000.geojson,cadastre_government_owned_parcels,https://services1.arcgis.com/99lidPhWCzftIe9K/arcgis/rest/services/cadastre_government_owned_parcels/FeatureServer/0/query,2026-09-25
08363520160000,UTAH TRANSIT AUTHORITY - PROPERTY MANAGEMENT,UTA,False,False,0.1,False,TSA-UC-C,Commercial,readiness/data/geometry/08363520160000.geojson,cadastre_government_owned_parcels,https://services1.arcgis.com/99lidPhWCzftIe9K/arcgis/rest/services/cadastre_government_owned_parcels/FeatureServer/0/query,2026-09-25
08363520170000,UTAH TRANSIT AUTHORITY,UTA,False,False,0.2,False,TSA-UC-C,Tax Exempt - Government,readiness/data/geometry/08363520170000.geojson,cadastre_government_owned_parcels,https://services1.arcgis.com/99lidPhWCzftIe9K/arcgis/rest/services/cadastre_government_owned_parcels/FeatureServer/0/query,2026-09-25
08363520180000,UTAH TRANSIT AUTHORITY,UTA,False,False,0.2,False,TSA-UC-C,Tax Exempt - Government,readiness/data/geometry/08363520180000.geojson,cadastre_government_owned_parcels,https://services1.arcgis.com/99lidPhWCzftIe9K/arcgis/rest/services/cadastre_government_owned_parcels/FeatureServer/0/query,2026-09-25
08363520190000,UTAH TRANSIT AUTHORITY,UTA,False,False,0.2,False,TSA-UC-C,Tax Exempt - Government,readiness/data/geometry/08363520190000.geojson,cadastre_government_owned_parcels,https://services1.arcgis.com/99lidPhWCzftIe9K/arcgis/rest/services/cadastre_government_owned_parcels/FeatureServer/0/query,2026-09-25
08363520250000,UTAH TRANSIT AUTHORITY,UTA,False,False,2.1,False,TSA-UC-C,Commercial - Industrial,readiness/data/geometry/08363520250000.geojson,cadastre_government_owned_parcels,https://services1.arcgis.com/99lidPhWCzftIe9K/arcgis/rest/services/cadastre_government_owned_parcels/FeatureServer/0/query,2026-09-25
08363520380000,HOUSING AUTHORITY OF SALT LAKE,SPECIAL_DISTRICT,False,False,2.0,False,TSA-UC-T,Commercial,readiness/data/geometry/08363520380000.geojson,cadastre_government_owned_parcels,https://services1.arcgis.com/99lidPhWCzftIe9K/arcgis/rest/services/cadastre_government_owned_parcels/FeatureServer/0/query,2026-09-25
08363520400000,SALT LAKE CITY - CITY RECORDER'S OFFICE,CITY,False,False,0.0,True,TSA-UC-C,Tax Exempt - Government,readiness/data/geometry/08363520400000.geojson,cadastre_government_owned_parcels,https://services1.arcgis.com/99lidPhWCzftIe9K/arcgis/rest/services/cadastre_government_owned_parcels/FeatureServer/0/query,2026-09-25
08363530220000,SALT LAKE CITY CORP - PROPERTY MANAGEMENT,CITY,False,False,0.1,False,GMU,Tax Exempt - Government,readiness/data/geometry/08363530220000.geojson,cadastre_government_owned_parcels,https://services1.arcgis.com/99lidPhWCzftIe9K/arcgis/rest/services/cadastre_government_owned_parcels/FeatureServer/0/query,2026-09-25
08363540200000,UTAH TRANSIT AUTHORITY - PROPERTY MANAGEMENT,UTA,False,False,0.1,False,GMU,Commercial,readiness/data/geometry/08363540200000.geojson,cadastre_government_owned_parcels,https://services1.arcgis.com/99lidPhWCzftIe9K/arcgis/rest/services/cadastre_government_owned_parcels/FeatureServer/0/query,2026-09-25
08363540210000,UTAH TRANSIT AUTHORITY - PROPERTY MANAGEMENT,UTA,False,False,1.7,False,GMU,Tax Exempt - Government,readiness/data/geometry/08363540210000.geojson,cadastre_government_owned_parcels,https://services1.arcgis.com/99lidPhWCzftIe9K/arcgis/rest/services/cadastre_government_owned_parcels/FeatureServer/0/query,2026-09-25
08363540220000,STATE ROAD COMMISSION OF UTAH - UDOT RIGHT OF WAY,STATE,True,False,0.0,True,GMU,Tax Exempt - Government,readiness/data/geometry/08363540220000.geojson,cadastre_government_owned_parcels,https://services1.arcgis.com/99lidPhWCzftIe9K/arcgis/rest/services/cadastre_government_owned_parcels/FeatureServer/0/query,2026-09-25
08363540260000,SALT LAKE CITY CORPORATION - SLC PROPERTY MANAGEMENT,CITY,False,False,0.0,True,GMU,Tax Exempt - Government,readiness/data/geometry/08363540260000.geojson,cadastre_government_owned_parcels,https://services1.arcgis.com/99lidPhWCzftIe9K/arcgis/rest/services/cadastre_government_owned_parcels/FeatureServer/0/query,2026-09-25
08363540270000,SALT LAKE CITY CORPORATION - SLC PROPERTY MANAGEMENT,CITY,False,False,0.0,True,GMU,Tax Exempt - Government,readiness/data/geometry/08363540270000.geojson,cadastre_government_owned_parcels,https://services1.arcgis.com/99lidPhWCzftIe9K/arcgis/rest/services/cadastre_government_owned_parcels/FeatureServer/0/query,2026-09-25
08363550020000,SALT LAKE CITY CORPORATION - PROPERTY MANAGEMENT,CITY,False,False,1.6,False,GMU,Tax Exempt - Government,readiness/data/geometry/08363550020000.geojson,cadastre_government_owned_parcels,https://services1.arcgis.com/99lidPhWCzftIe9K/arcgis/rest/services/cadastre_government_owned_parcels/FeatureServer/0/query,2026-09-25
08363550030000,UTAH TRANSIT AUTHORITY - PROPERTY MANAGEMENT,UTA,False,False,0.7,False,GMU,Tax Exempt - Government,readiness/data/geometry/08363550030000.geojson,cadastre_government_owned_parcels,https://services1.arcgis.com/99lidPhWCzftIe9K/arcgis/rest/services/cadastre_government_owned_parcels/FeatureServer/0/query,2026-09-25
08363550050000,UTAH TRANSIT AUTHORITY - PROPERTY MANAGEMENT,UTA,False,False,0.1,False,GMU,Commercial,readiness/data/geometry/08363550050000.geojson,cadastre_government_owned_parcels,https://services1.arcgis.com/99lidPhWCzftIe9K/arcgis/rest/services/cadastre_government_owned_parcels/FeatureServer/0/query,2026-09-25
08363550060000,UTAH TRANSIT AUTHORITY - PROPERTY MANAGEMENT,UTA,False,False,0.2,False,GMU,Commercial,readiness/data/geometry/08363550060000.geojson,cadastre_government_owned_parcels,https://services1.arcgis.com/99lidPhWCzftIe9K/arcgis/rest/services/cadastre_government_owned_parcels/FeatureServer/0/query,2026-09-25
08363550070000,SALT LAKE CITY CORPORATION - PROPERTY MANAGEMENT,CITY,False,False,1.0,False,GMU,Tax Exempt - Government,readiness/data/geometry/08363550070000.geojson,cadastre_government_owned_parcels,https://services1.arcgis.com/99lidPhWCzftIe9K/arcgis/rest/services/cadastre_government_owned_parcels/FeatureServer/0/query,2026-09-25
08363550080000,UTAH TRANSIT AUTHORITY - UTAH TRANSIT AUTORITY,UTA,False,False,0.0,True,GMU,Commercial,readiness/data/geometry/08363550080000.geojson,cadastre_government_owned_parcels,https://services1.arcgis.com/99lidPhWCzftIe9K/arcgis/rest/services/cadastre_government_owned_parcels/FeatureServer/0/query,2026-09-25
08363760100000,SALT LAKE CITY CORPORATION - PROPERTY MANAGEMENT,CITY,False,False,0.2,False,GMU,Tax Exempt - Government,readiness/data/geometry/08363760100000.geojson,cadastre_government_owned_parcels,https://services1.arcgis.com/99lidPhWCzftIe9K/arcgis/rest/services/cadastre_government_owned_parcels/FeatureServer/0/query,2026-09-25
08363760200000,SALT LAKE CITY CORP - PROPERTY MANAGEMENT,CITY,False,False,0.2,False,UNKNOWN,Tax Exempt - Government,readiness/data/geometry/08363760200000.geojson,cadastre_government_owned_parcels,https://services1.arcgis.com/99lidPhWCzftIe9K/arcgis/rest/services/cadastre_government_owned_parcels/FeatureServer/0/query,2026-09-25
08363760230000,UTAH TRANSIT AUTHORITY - PROPERTY MANAGEMENT,UTA,False,False,1.3,False,TSA-UC-C,Tax Exempt - Government,readiness/data/geometry/08363760230000.geojson,cadastre_government_owned_parcels,https://services1.arcgis.com/99lidPhWCzftIe9K/arcgis/rest/services/cadastre_government_owned_parcels/FeatureServer/0/query,2026-09-25
08363760290000,SALT LAKE CITY CORPORATION - PROPERTY MANAGEMENT,CITY,False,False,0.1,False,TSA-UC-C,Tax Exempt - Government,readiness/data/geometry/08363760290000.geojson,cadastre_government_owned_parcels,https://services1.arcgis.com/99lidPhWCzftIe9K/arcgis/rest/services/cadastre_government_owned_parcels/FeatureServer/0/query,2026-09-25
08363760330000,SALT LAKE CITY - CITY RECORDER'S OFFICE,CITY,False,False,0.0,True,TSA-UC-C,Tax Exempt - Government,readiness/data/geometry/08363760330000.geojson,cadastre_government_owned_parcels,https://services1.arcgis.com/99lidPhWCzftIe9K/arcgis/rest/services/cadastre_government_owned_parcels/FeatureServer/0/query,2026-09-25
08363760340000,STATE ROAD COMMISSION OF UTAH - UDOT RIGHT OF WAY,STATE,True,False,0.0,True,UNKNOWN,Tax Exempt - Government,readiness/data/geometry/08363760340000.geojson,cadastre_government_owned_parcels,https://services1.arcgis.com/99lidPhWCzftIe9K/arcgis/rest/services/cadastre_government_owned_parcels/FeatureServer/0/query,2026-09-25
08363760350000,SALT LAKE CITY CORP - PROPERTY MANAGEMENT,CITY,False,False,0.3,False,GMU,Tax Exempt - Government,readiness/data/geometry/08363760350000.geojson,cadastre_government_owned_parcels,https://services1.arcgis.com/99lidPhWCzftIe9K/arcgis/rest/services/cadastre_government_owned_parcels/FeatureServer/0/query,2026-09-25
08363760360000,SALT LAKE CITY CORPORATION - PROPERTY MANAGEMENT,CITY,False,False,1.3,False,UNKNOWN,Tax Exempt - Government,readiness/data/geometry/08363760360000.geojson,cadastre_government_owned_parcels,https://services1.arcgis.com/99lidPhWCzftIe9K/arcgis/rest/services/cadastre_government_owned_parcels/FeatureServer/0/query,2026-09-25
08363760370000,SALT LAKE CITY CORPORATION - PROPERTY MANAGEMENT,CITY,False,False,0.0,True,GMU,Tax Exempt - Government,readiness/data/geometry/08363760370000.geojson,cadastre_government_owned_parcels,https://services1.arcgis.com/99lidPhWCzftIe9K/arcgis/rest/services/cadastre_government_owned_parcels/FeatureServer/0/query,2026-09-25
08363760380000,SALT LAKE CITY CORPORATION - PROPERTY MANAGEMENT,CITY,False,False,0.0,True,GMU,Tax Exempt - Government,readiness/data/geometry/08363760380000.geojson,cadastre_government_owned_parcels,https://services1.arcgis.com/99lidPhWCzftIe9K/arcgis/rest/services/cadastre_government_owned_parcels/FeatureServer/0/query,2026-09-25
08363790060000,SALT LAKE CITY - CITY RECORDER'S OFFICE,CITY,False,False,0.0,True,D-4,Tax Exempt - Government,readiness/data/geometry/08363790060000.geojson,cadastre_government_owned_parcels,https://services1.arcgis.com/99lidPhWCzftIe9K/arcgis/rest/services/cadastre_government_owned_parcels/FeatureServer/0/query,2026-09-25
08364010010000,SALT LAKE CITY SCHOOL DISTRICT - JANET M ROBERTS,SCHOOL_DISTRICT,False,False,0.8,False,MU,Tax Exempt - Government,readiness/data/geometry/08364010010000.geojson,cadastre_government_owned_parcels,https://services1.arcgis.com/99lidPhWCzftIe9K/arcgis/rest/services/cadastre_government_owned_parcels/FeatureServer/0/query,2026-09-25
08364010020000,BOARD OF EDUCATION OF SALT LAK,SCHOOL_DISTRICT,False,False,0.3,False,PL,Tax Exempt - Government,readiness/data/geometry/08364010020000.geojson,cadastre_government_owned_parcels,https://services1.arcgis.com/99lidPhWCzftIe9K/arcgis/rest/services/cadastre_government_owned_parcels/FeatureServer/0/query,2026-09-25
08364010030000,BOARD OF EDUCATION OF SALT LAK,SCHOOL_DISTRICT,False,False,0.1,False,PL,Tax Exempt - Government,readiness/data/geometry/08364010030000.geojson,cadastre_government_owned_parcels,https://services1.arcgis.com/99lidPhWCzftIe9K/arcgis/rest/services/cadastre_government_owned_parcels/FeatureServer/0/query,2026-09-25
08364010040000,SALT LAKE CITY SCHOOL DISTRICT - JANET M ROBERTS,SCHOOL_DISTRICT,False,False,0.1,False,MU,Tax Exempt - Government,readiness/data/geometry/08364010040000.geojson,cadastre_government_owned_parcels,https://services1.arcgis.com/99lidPhWCzftIe9K/arcgis/rest/services/cadastre_government_owned_parcels/FeatureServer/0/query,2026-09-25
08364010050000,BOARD OF EDUCATION OF SALT LAK,SCHOOL_DISTRICT,False,False,0.1,False,PL,Tax Exempt - Government,readiness/data/geometry/08364010050000.geojson,cadastre_government_owned_parcels,https://services1.arcgis.com/99lidPhWCzftIe9K/arcgis/rest/services/cadastre_government_owned_parcels/FeatureServer/0/query,2026-09-25
08364020220000,SALT LAKE CITY CORPORATION - PROPERTY MANAGEMENT,CITY,False,False,0.8,False,PL,Tax Exempt - Government,readiness/data/geometry/08364020220000.geojson,cadastre_government_owned_parcels,https://services1.arcgis.com/99lidPhWCzftIe9K/arcgis/rest/services/cadastre_government_owned_parcels/FeatureServer/0/query,2026-09-25
08364030010000,SALT LAKE CITY BOARD OF ED,CITY,False,False,0.3,False,PL,Tax Exempt - Government,readiness/data/geometry/08364030010000.geojson,cadastre_government_owned_parcels,https://services1.arcgis.com/99lidPhWCzftIe9K/arcgis/rest/services/cadastre_government_owned_parcels/FeatureServer/0/query,2026-09-25
08364030020000,SALT LAKE CITY BOARD OF ED,CITY,False,False,0.2,False,PL,Tax Exempt - Government,readiness/data/geometry/08364030020000.geojson,cadastre_government_owned_parcels,https://services1.arcgis.com/99lidPhWCzftIe9K/arcgis/rest/services/cadastre_government_owned_parcels/FeatureServer/0/query,2026-09-25
08364030030000,SALT LAKE CITY BOARD OF ED,CITY,False,False,0.2,False,PL,Tax Exempt - Government,readiness/data/geometry/08364030030000.geojson,cadastre_government_owned_parcels,https://services1.arcgis.com/99lidPhWCzftIe9K/arcgis/rest/services/cadastre_government_owned_parcels/FeatureServer/0/query,2026-09-25
08364030040000,SALT LAKE CITY BOARD OF ED,CITY,False,False,0.2,False,PL,Tax Exempt - Government,readiness/data/geometry/08364030040000.geojson,cadastre_government_owned_parcels,https://services1.arcgis.com/99lidPhWCzftIe9K/arcgis/rest/services/cadastre_government_owned_parcels/FeatureServer/0/query,2026-09-25
08364030050000,SALT LAKE CITY BOARD OF EDUCAT,CITY,False,False,0.4,False,PL,Tax Exempt - Government,readiness/data/geometry/08364030050000.geojson,cadastre_government_owned_parcels,https://services1.arcgis.com/99lidPhWCzftIe9K/arcgis/rest/services/cadastre_government_owned_parcels/FeatureServer/0/query,2026-09-25
08364030060000,SALT LAKE CITY BOARD OF EDUCAT,CITY,False,False,0.1,False,PL,Tax Exempt - Government,readiness/data/geometry/08364030060000.geojson,cadastre_government_owned_parcels,https://services1.arcgis.com/99lidPhWCzftIe9K/arcgis/rest/services/cadastre_government_owned_parcels/FeatureServer/0/query,2026-09-25
08364030200000,BOARD OF EDUCATION OF SALT LAK,SCHOOL_DISTRICT,False,False,4.3,False,PL,Tax Exempt - Government,readiness/data/geometry/08364030200000.geojson,cadastre_government_owned_parcels,https://services1.arcgis.com/99lidPhWCzftIe9K/arcgis/rest/services/cadastre_government_owned_parcels/FeatureServer/0/query,2026-09-25
08364030260000,BOARD OF EDUCATION OF S L C,SCHOOL_DISTRICT,False,False,0.1,False,PL,Tax Exempt - Government,readiness/data/geometry/08364030260000.geojson,cadastre_government_owned_parcels,https://services1.arcgis.com/99lidPhWCzftIe9K/arcgis/rest/services/cadastre_government_owned_parcels/FeatureServer/0/query,2026-09-25
08364030270000,SALT LAKE CITY BOARD OF EDUCAT,CITY,False,False,0.3,False,PL,Tax Exempt - Government,readiness/data/geometry/08364030270000.geojson,cadastre_government_owned_parcels,https://services1.arcgis.com/99lidPhWCzftIe9K/arcgis/rest/services/cadastre_government_owned_parcels/FeatureServer/0/query,2026-09-25
08364030280000,SALT LAKE CITY BOARD OF EDUCAT,CITY,False,False,0.2,False,PL,Tax Exempt - Government,readiness/data/geometry/08364030280000.geojson,cadastre_government_owned_parcels,https://services1.arcgis.com/99lidPhWCzftIe9K/arcgis/rest/services/cadastre_government_owned_parcels/FeatureServer/0/query,2026-09-25
08364030290000,BOARD OF EDUCATION OF SALT LAK,SCHOOL_DISTRICT,False,False,0.2,False,PL,Tax Exempt - Government,readiness/data/geometry/08364030290000.geojson,cadastre_government_owned_parcels,https://services1.arcgis.com/99lidPhWCzftIe9K/arcgis/rest/services/cadastre_government_owned_parcels/FeatureServer/0/query,2026-09-25
08364030300000,BOARD OF EDUCATION OF SALT LAK,SCHOOL_DISTRICT,False,False,0.2,False,PL,Tax Exempt - Government,readiness/data/geometry/08364030300000.geojson,cadastre_government_owned_parcels,https://services1.arcgis.com/99lidPhWCzftIe9K/arcgis/rest/services/cadastre_government_owned_parcels/FeatureServer/0/query,2026-09-25
08364030310000,BOARD OF EDUCATION OF SALT LAK,SCHOOL_DISTRICT,False,False,0.2,False,PL,Tax Exempt - Government,readiness/data/geometry/08364030310000.geojson,cadastre_government_owned_parcels,https://services1.arcgis.com/99lidPhWCzftIe9K/arcgis/rest/services/cadastre_government_owned_parcels/FeatureServer/0/query,2026-09-25
08364030320000,BOARD OF EDUCATION OF SALT LAK,SCHOOL_DISTRICT,False,False,0.1,False,PL,Tax Exempt - Government,readiness/data/geometry/08364030320000.geojson,cadastre_government_owned_parcels,https://services1.arcgis.com/99lidPhWCzftIe9K/arcgis/rest/services/cadastre_government_owned_parcels/FeatureServer/0/query,2026-09-25
08364030440000,BOARD OF EDUCATION OF SALT LAK,SCHOOL_DISTRICT,False,False,0.7,False,PL,Tax Exempt - Government,readiness/data/geometry/08364030440000.geojson,cadastre_government_owned_parcels,https://services1.arcgis.com/99lidPhWCzftIe9K/arcgis/rest/services/cadastre_government_owned_parcels/FeatureServer/0/query,2026-09-25
08364320190000,SALT LAKE CITY,CITY,False,False,0.1,False,UNKNOWN,Tax Exempt - Government,readiness/data/geometry/08364320190000.geojson,cadastre_government_owned_parcels,https://services1.arcgis.com/99lidPhWCzftIe9K/arcgis/rest/services/cadastre_government_owned_parcels/FeatureServer/0/query,2026-09-25
08364360020000,SALT LAKE COUNTY - REAL ESTATE DEPT # S3200,COUNTY,False,False,0.0,True,RMF-45,Tax Exempt - Government,readiness/data/geometry/08364360020000.geojson,cadastre_government_owned_parcels,https://services1.arcgis.com/99lidPhWCzftIe9K/arcgis/rest/services/cadastre_government_owned_parcels/FeatureServer/0/query,2026-09-25
08364510100000,BOARD OF EDUCATION OF SALT LAK - GREGG SMITH,SCHOOL_DISTRICT,False,False,2.4,False,PL,Tax Exempt - Government,readiness/data/geometry/08364510100000.geojson,cadastre_government_owned_parcels,https://services1.arcgis.com/99lidPhWCzftIe9K/arcgis/rest/services/cadastre_government_owned_parcels/FeatureServer/0/query,2026-09-25
08364520050000,BOARD OF EDUCATION OF SALT LAK,SCHOOL_DISTRICT,False,False,0.2,False,PL,Tax Exempt - Government,readiness/data/geometry/08364520050000.geojson,cadastre_government_owned_parcels,https://services1.arcgis.com/99lidPhWCzftIe9K/arcgis/rest/services/cadastre_government_owned_parcels/FeatureServer/0/query,2026-09-25
08364520060000,SALT LAKE CITY BOARD OF EDUCAT,CITY,False,False,0.4,False,PL,Tax Exempt - Government,readiness/data/geometry/08364520060000.geojson,cadastre_government_owned_parcels,https://services1.arcgis.com/99lidPhWCzftIe9K/arcgis/rest/services/cadastre_government_owned_parcels/FeatureServer/0/query,2026-09-25
08364520070000,SALT LAKE CITY BOARD OF ED,CITY,False,False,0.1,False,PL,Tax Exempt - Government,readiness/data/geometry/08364520070000.geojson,cadastre_government_owned_parcels,https://services1.arcgis.com/99lidPhWCzftIe9K/arcgis/rest/services/cadastre_government_owned_parcels/FeatureServer/0/query,2026-09-25
08364520230000,BOARD OF EDUCATION OF SLC,SCHOOL_DISTRICT,False,False,0.1,False,PL,Tax Exempt - Government,readiness/data/geometry/08364520230000.geojson,cadastre_government_owned_parcels,https://services1.arcgis.com/99lidPhWCzftIe9K/arcgis/rest/services/cadastre_government_owned_parcels/FeatureServer/0/query,2026-09-25
08364520240000,BOARD OF EDUCATION OF SLC,SCHOOL_DISTRICT,False,False,0.2,False,PL,Tax Exempt - Government,readiness/data/geometry/08364520240000.geojson,cadastre_government_owned_parcels,https://services1.arcgis.com/99lidPhWCzftIe9K/arcgis/rest/services/cadastre_government_owned_parcels/FeatureServer/0/query,2026-09-25
08364520250000,BOARD OF EDUCATION OF SLC,SCHOOL_DISTRICT,False,False,0.7,False,PL,Tax Exempt - Government,readiness/data/geometry/08364520250000.geojson,cadastre_government_owned_parcels,https://services1.arcgis.com/99lidPhWCzftIe9K/arcgis/rest/services/cadastre_government_owned_parcels/FeatureServer/0/query,2026-09-25
08364520400000,BOARD OF EDUCATION OF SALT LAK,SCHOOL_DISTRICT,False,False,0.6,False,PL,Tax Exempt - Government,readiness/data/geometry/08364520400000.geojson,cadastre_government_owned_parcels,https://services1.arcgis.com/99lidPhWCzftIe9K/arcgis/rest/services/cadastre_government_owned_parcels/FeatureServer/0/query,2026-09-25
08364520450000,SALT LAKE CITY BOARD OF EDUCAT,CITY,False,False,2.1,False,PL,Tax Exempt - Government,readiness/data/geometry/08364520450000.geojson,cadastre_government_owned_parcels,https://services1.arcgis.com/99lidPhWCzftIe9K/arcgis/rest/services/cadastre_government_owned_parcels/FeatureServer/0/query,2026-09-25
08365030410000,UTAH DEPT OF TRANSPORTATION - UDOT RIGHT OF WAY,STATE,True,False,2.0,False,M-1,Tax Exempt - Government,readiness/data/geometry/08365030410000.geojson,cadastre_government_owned_parcels,https://services1.arcgis.com/99lidPhWCzftIe9K/arcgis/rest/services/cadastre_government_owned_parcels/FeatureServer/0/query,2026-09-25
08365030510000,UTAH TRANSIT AUTHORITY - PROPERTY MANAGEMENT,UTA,False,False,0.6,False,TSA-UC-T,Tax Exempt - Government,readiness/data/geometry/08365030510000.geojson,cadastre_government_owned_parcels,https://services1.arcgis.com/99lidPhWCzftIe9K/arcgis/rest/services/cadastre_government_owned_parcels/FeatureServer/0/query,2026-09-25
08365030530000,UTAH TRANSIT AUTHORITY - PROPERTY MANAGEMENT,UTA,False,False,0.7,False,TSA-UC-C,Tax Exempt - Government,readiness/data/geometry/08365030530000.geojson,cadastre_government_owned_parcels,https://services1.arcgis.com/99lidPhWCzftIe9K/arcgis/rest/services/cadastre_government_owned_parcels/FeatureServer/0/query,2026-09-25
08365030540000,SALT LAKE CITY CORPORATION - PROPERTY MANAGEMENT,CITY,False,False,0.7,False,TSA-UC-C,Tax Exempt - Government,readiness/data/geometry/08365030540000.geojson,cadastre_government_owned_parcels,https://services1.arcgis.com/99lidPhWCzftIe9K/arcgis/rest/services/cadastre_government_owned_parcels/FeatureServer/0/query,2026-09-25
09131000010000,SALT LAKE CITY CORP - PROPERTY MANAGEMENT,CITY,False,False,160.0,False,UNKNOWN,Tax Exempt - Government,readiness/data/geometry/09131000010000.geojson,cadastre_government_owned_parcels,https://services1.arcgis.com/99lidPhWCzftIe9K/arcgis/rest/services/cadastre_government_owned_parcels/FeatureServer/0/query,2026-09-25
09132000010000,SALT LAKE CITY CORP - PROPERTY MANAGEMENT,CITY,False,False,160.0,False,UNKNOWN,Tax Exempt - Government,readiness/data/geometry/09132000010000.geojson,cadastre_government_owned_parcels,https://services1.arcgis.com/99lidPhWCzftIe9K/arcgis/rest/services/cadastre_government_owned_parcels/FeatureServer/0/query,2026-09-25
09133000030000,SALT LAKE CITY CORP - PROPERTY MANAGEMENT,CITY,False,False,160.0,False,UNKNOWN,Tax Exempt - Government,readiness/data/geometry/09133000030000.geojson,cadastre_government_owned_parcels,https://services1.arcgis.com/99lidPhWCzftIe9K/arcgis/rest/services/cadastre_government_owned_parcels/FeatureServer/0/query,2026-09-25
09164000020000,SALT LAKE COUNTY - REAL ESTATE DEPT # S3200,COUNTY,False,False,0.1,False,UNKNOWN,Tax Exempt - Government,readiness/data/geometry/09164000020000.geojson,cadastre_government_owned_parcels,https://services1.arcgis.com/99lidPhWCzftIe9K/arcgis/rest/services/cadastre_government_owned_parcels/FeatureServer/0/query,2026-09-25
09164000030000,SALT LAKE COUNTY - REAL ESTATE DEPT # S3200,COUNTY,False,False,0.1,False,UNKNOWN,Tax Exempt - Government,readiness/data/geometry/09164000030000.geojson,cadastre_government_owned_parcels,https://services1.arcgis.com/99lidPhWCzftIe9K/arcgis/rest/services/cadastre_government_owned_parcels/FeatureServer/0/query,2026-09-25
09184000010000,SALT LAKE CITY CORPORATION - PUBLIC  UTILITIES DEPT,CITY,False,False,160.0,False,OS,Tax Exempt - Government,readiness/data/geometry/09184000010000.geojson,cadastre_government_owned_parcels,https://services1.arcgis.com/99lidPhWCzftIe9K/arcgis/rest/services/cadastre_government_owned_parcels/FeatureServer/0/query,2026-09-25
09191000010000,SALT LAKE CITY CORP - PROPERTY MANAGEMENT,CITY,False,False,157.3,False,OS,Tax Exempt - Government,readiness/data/geometry/09191000010000.geojson,cadastre_government_owned_parcels,https://services1.arcgis.com/99lidPhWCzftIe9K/arcgis/rest/services/cadastre_government_owned_parcels/FeatureServer/0/query,2026-09-25
09193000020000,SALT LAKE CITY CORPORATION - LINDA GEIGLE,CITY,False,False,144.9,False,OS,Tax Exempt - Government,readiness/data/geometry/09193000020000.geojson,cadastre_government_owned_parcels,https://services1.arcgis.com/99lidPhWCzftIe9K/arcgis/rest/services/cadastre_government_owned_parcels/FeatureServer/0/query,2026-09-25
09193000040000,SALT LAKE CITY CORPORATION - PROPERTY MANAGEMENT,CITY,False,False,8.0,False,OS,Tax Exempt - Government,readiness/data/geometry/09193000040000.geojson,cadastre_government_owned_parcels,https://services1.arcgis.com/99lidPhWCzftIe9K/arcgis/rest/services/cadastre_government_owned_parcels/FeatureServer/0/query,2026-09-25
09193000050000,SALT LAKE CITY CORPORATION - PROPERTY MANAGEMENT,CITY,False,False,1.5,False,OS,Tax Exempt - Government,readiness/data/geometry/09193000050000.geojson,cadastre_government_owned_parcels,https://services1.arcgis.com/99lidPhWCzftIe9K/arcgis/rest/services/cadastre_government_owned_parcels/FeatureServer/0/query,2026-09-25
09193000060000,SALT LAKE CITY CORPORATION - PROPERTY MANAGEMENT,CITY,False,False,3.6,False,OS,Tax Exempt - Government,readiness/data/geometry/09193000060000.geojson,cadastre_government_owned_parcels,https://services1.arcgis.com/99lidPhWCzftIe9K/arcgis/rest/services/cadastre_government_owned_parcels/FeatureServer/0/query,2026-09-25
09194000020000,SALT LAKE CITY CORPORATION - PROPERTY MANAGEMENT,CITY,False,False,132.6,False,OS,Tax Exempt - Government,readiness/data/geometry/09194000020000.geojson,cadastre_government_owned_parcels,https://services1.arcgis.com/99lidPhWCzftIe9K/arcgis/rest/services/cadastre_government_owned_parcels/FeatureServer/0/query,2026-09-25
09201000010000,SALT LAKE CITY CORPORATION,CITY,False,False,40.0,False,UNKNOWN,Tax Exempt - Government,readiness/data/geometry/09201000010000.geojson,cadastre_government_owned_parcels,https://services1.arcgis.com/99lidPhWCzftIe9K/arcgis/rest/services/cadastre_government_owned_parcels/FeatureServer/0/query,2026-09-25
09223000020000,SALT LAKE CITY CORPORATION,CITY,False,False,20.0,False,UNKNOWN,Tax Exempt - Government,readiness/data/geometry/09223000020000.geojson,cadastre_government_owned_parcels,https://services1.arcgis.com/99lidPhWCzftIe9K/arcgis/rest/services/cadastre_government_owned_parcels/FeatureServer/0/query,2026-09-25
09223000030000,SALT LAKE CITY CORPORATION,CITY,False,False,20.0,False,UNKNOWN,Tax Exempt - Government,readiness/data/geometry/09223000030000.geojson,cadastre_government_owned_parcels,https://services1.arcgis.com/99lidPhWCzftIe9K/arcgis/rest/services/cadastre_government_owned_parcels/FeatureServer/0/query,2026-09-25
09223000040000,SALT LAKE CITY CORPORATION,CITY,False,False,20.0,False,UNKNOWN,Tax Exempt - Government,readiness/data/geometry/09223000040000.geojson,cadastre_government_owned_parcels,https://services1.arcgis.com/99lidPhWCzftIe9K/arcgis/rest/services/cadastre_government_owned_parcels/FeatureServer/0/query,2026-09-25
09223000050000,SALT LAKE CITY CORPORATION,CITY,False,False,20.0,False,UNKNOWN,Tax Exempt - Government,readiness/data/geometry/09223000050000.geojson,cadastre_government_owned_parcels,https://services1.arcgis.com/99lidPhWCzftIe9K/arcgis/rest/services/cadastre_government_owned_parcels/FeatureServer/0/query,2026-09-25
09281000020000,SALT LAKE CITY CORPORATION - PROPERTY MANAGEMENT,CITY,False,False,2.5,False,OS,Tax Exempt - Government,readiness/data/geometry/09281000020000.geojson,cadastre_government_owned_parcels,https://services1.arcgis.com/99lidPhWCzftIe9K/arcgis/rest/services/cadastre_government_owned_parcels/FeatureServer/0/query,2026-09-25
09281000040000,SALT LAKE CITY CORPORATION - PROPERTY MANAGEMENT,CITY,False,False,15.0,False,OS,Tax Exempt - Government,readiness/data/geometry/09281000040000.geojson,cadastre_government_owned_parcels,https://services1.arcgis.com/99lidPhWCzftIe9K/arcgis/rest/services/cadastre_government_owned_parcels/FeatureServer/0/query,2026-09-25
09281000060000,SALT LAKE CITY CORPORATION - PROPERTY MANAGEMENT,CITY,False,False,10.0,False,OS,Tax Exempt - Government,readiness/data/geometry/09281000060000.geojson,cadastre_government_owned_parcels,https://services1.arcgis.com/99lidPhWCzftIe9K/arcgis/rest/services/cadastre_government_owned_parcels/FeatureServer/0/query,2026-09-25
09283010060000,SALT LAKE CITY CORPORATION - PROPERTY MANAGEMENT,CITY,False,False,2.1,False,FP,Tax Exempt - Government,readiness/data/geometry/09283010060000.geojson,cadastre_government_owned_parcels,https://services1.arcgis.com/99lidPhWCzftIe9K/arcgis/rest/services/cadastre_government_owned_parcels/FeatureServer/0/query,2026-09-25
09283540130000,SALT LAKE CITY CORPORATION - PROPERTY MANAGEMENT,CITY,False,False,0.0,True,UNKNOWN,Tax Exempt - Government,readiness/data/geometry/09283540130000.geojson,cadastre_government_owned_parcels,https://services1.arcgis.com/99lidPhWCzftIe9K/arcgis/rest/services/cadastre_government_owned_parcels/FeatureServer/0/query,2026-09-25
09283540170000,SALT LAKE CITY CORPORATION - PROPERTY MANAGEMENT,CITY,False,False,0.1,False,FP,Tax Exempt - Government,readiness/data/geometry/09283540170000.geojson,cadastre_government_owned_parcels,https://services1.arcgis.com/99lidPhWCzftIe9K/arcgis/rest/services/cadastre_government_owned_parcels/FeatureServer/0/query,2026-09-25
09283540180000,SALT LAKE CITY CORPORATION - PROPERTY MANAGEMENT,CITY,False,False,0.2,False,FP,Tax Exempt - Government,readiness/data/geometry/09283540180000.geojson,cadastre_government_owned_parcels,https://services1.arcgis.com/99lidPhWCzftIe9K/arcgis/rest/services/cadastre_government_owned_parcels/FeatureServer/0/query,2026-09-25
09284000080000,SALT LAKE CITY CORPORATION - PROPERTY MANAGEMENT,CITY,False,False,56.5,False,OS,Tax Exempt - Government,readiness/data/geometry/09284000080000.geojson,cadastre_government_owned_parcels,https://services1.arcgis.com/99lidPhWCzftIe9K/arcgis/rest/services/cadastre_government_owned_parcels/FeatureServer/0/query,2026-09-25
09291000010000,SALT LAKE CITY CORPORATION - PROPERTY MANAGEMENT,CITY,False,False,318.0,False,OS,Tax Exempt - Government,readiness/data/geometry/09291000010000.geojson,cadastre_government_owned_parcels,https://services1.arcgis.com/99lidPhWCzftIe9K/arcgis/rest/services/cadastre_government_owned_parcels/FeatureServer/0/query,2026-09-25
09293010040000,SALT LAKE CITY CORP - PROPERTY MANAGEMENT,CITY,False,False,16.6,False,OS,Tax Exempt - Government,readiness/data/geometry/09293010040000.geojson,cadastre_government_owned_parcels,https://services1.arcgis.com/99lidPhWCzftIe9K/arcgis/rest/services/cadastre_government_owned_parcels/FeatureServer/0/query,2026-09-25
09293010050000,SALT LAKE CITY - PROPERTY MANAGEMENT,CITY,False,False,0.2,False,OS,Tax Exempt - Government,readiness/data/geometry/09293010050000.geojson,cadastre_government_owned_parcels,https://services1.arcgis.com/99lidPhWCzftIe9K/arcgis/rest/services/cadastre_government_owned_parcels/FeatureServer/0/query,2026-09-25
09293260010000,SALT LAKE CITY CORP - PROPERTY MANAGEMENT,CITY,False,False,12.1,False,FR-3,Tax Exempt - Government,readiness/data/geometry/09293260010000.geojson,cadastre_government_owned_parcels,https://services1.arcgis.com/99lidPhWCzftIe9K/arcgis/rest/services/cadastre_government_owned_parcels/FeatureServer/0/query,2026-09-25
09293270030000,SALT LAKE CITY - PROPERTY MANAGEMENT,CITY,False,False,0.4,False,FR-3,Tax Exempt - Government,readiness/data/geometry/09293270030000.geojson,cadastre_government_owned_parcels,https://services1.arcgis.com/99lidPhWCzftIe9K/arcgis/rest/services/cadastre_government_owned_parcels/FeatureServer/0/query,2026-09-25
09293510270000,SALT LAKE COUNTY - REAL ESTATE DEPT # S3200,COUNTY,False,False,0.0,True,FR-3,Tax Exempt - Government,readiness/data/geometry/09293510270000.geojson,cadastre_government_owned_parcels,https://services1.arcgis.com/99lidPhWCzftIe9K/arcgis/rest/services/cadastre_government_owned_parcels/FeatureServer/0/query,2026-09-25
09294030180000,SALT LAKE CITY CORPORATION - PROPERTY MANAGEMENT,CITY,False,False,21.8,False,OS,Tax Exempt - Government,readiness/data/geometry/09294030180000.geojson,cadastre_government_owned_parcels,https://services1.arcgis.com/99lidPhWCzftIe9K/arcgis/rest/services/cadastre_government_owned_parcels/FeatureServer/0/query,2026-09-25
09294550230000,SALT LAKE CITY CORPORATION - PROPERTY MANAGEMENT,CITY,False,False,0.0,True,FR-2,Tax Exempt - Government,readiness/data/geometry/09294550230000.geojson,cadastre_government_owned_parcels,https://services1.arcgis.com/99lidPhWCzftIe9K/arcgis/rest/services/cadastre_government_owned_parcels/FeatureServer/0/query,2026-09-25
09294760020000,SALT LAKE CITY CORP,CITY,False,False,0.2,False,FP,Tax Exempt - Government,readiness/data/geometry/09294760020000.geojson,cadastre_government_owned_parcels,https://services1.arcgis.com/99lidPhWCzftIe9K/arcgis/rest/services/cadastre_government_owned_parcels/FeatureServer/0/query,2026-09-25
09294760030000,SALT LAKE CITY CORPORATION - PROPERTY MANAGEMENT,CITY,False,False,0.1,False,FP,Tax Exempt - Government,readiness/data/geometry/09294760030000.geojson,cadastre_government_owned_parcels,https://services1.arcgis.com/99lidPhWCzftIe9K/arcgis/rest/services/cadastre_government_owned_parcels/FeatureServer/0/query,2026-09-25
09294760050000,SALT LAKE CITY CORP - PROPERTY MANAGEMENT,CITY,False,False,0.4,False,FP,Tax Exempt - Government,readiness/data/geometry/09294760050000.geojson,cadastre_government_owned_parcels,https://services1.arcgis.com/99lidPhWCzftIe9K/arcgis/rest/services/cadastre_government_owned_parcels/FeatureServer/0/query,2026-09-25
09294760110000,SALT LAKE CITY CORP,CITY,False,False,0.8,False,FP,Tax Exempt - Government,readiness/data/geometry/09294760110000.geojson,cadastre_government_owned_parcels,https://services1.arcgis.com/99lidPhWCzftIe9K/arcgis/rest/services/cadastre_government_owned_parcels/FeatureServer/0/query,2026-09-25
09294760120000,SALT LAKE COUNTY - REAL ESTATE DEPT #S3200,COUNTY,False,False,0.0,True,FP,Tax Exempt - Government,readiness/data/geometry/09294760120000.geojson,cadastre_government_owned_parcels,https://services1.arcgis.com/99lidPhWCzftIe9K/arcgis/rest/services/cadastre_government_owned_parcels/FeatureServer/0/query,2026-09-25
09294810060000,SALT LAKE CITY CORP - PROPERTY MANAGEMENT,CITY,False,False,0.0,True,FR-2,Tax Exempt - Government,readiness/data/geometry/09294810060000.geojson,cadastre_government_owned_parcels,https://services1.arcgis.com/99lidPhWCzftIe9K/arcgis/rest/services/cadastre_government_owned_parcels/FeatureServer/0/query,2026-09-25
09301000010000,SALT LAKE CITY CORPORATION - PROPERTY MANAGEMENT,CITY,False,False,39.0,False,OS,Tax Exempt - Government,readiness/data/geometry/09301000010000.geojson,cadastre_government_owned_parcels,https://services1.arcgis.com/99lidPhWCzftIe9K/arcgis/rest/services/cadastre_government_owned_parcels/FeatureServer/0/query,2026-09-25
09301000020000,SALT LAKE CITY CORPORATION - PROPERTY MANAGEMENT,CITY,False,False,8.4,False,OS,Tax Exempt - Government,readiness/data/geometry/09301000020000.geojson,cadastre_government_owned_parcels,https://services1.arcgis.com/99lidPhWCzftIe9K/arcgis/rest/services/cadastre_government_owned_parcels/FeatureServer/0/query,2026-09-25
09301000100000,SALT LAKE CITY CORPORATION - PROPERTY MANAGEMENT,CITY,False,False,2.0,False,OS,Tax Exempt - Government,readiness/data/geometry/09301000100000.geojson,cadastre_government_owned_parcels,https://services1.arcgis.com/99lidPhWCzftIe9K/arcgis/rest/services/cadastre_government_owned_parcels/FeatureServer/0/query,2026-09-25
09301000120000,SALT LAKE CITY CORPORATION - PROPERTY MANAGEMENT,CITY,False,False,54.0,False,OS,Tax Exempt - Government,readiness/data/geometry/09301000120000.geojson,cadastre_government_owned_parcels,https://services1.arcgis.com/99lidPhWCzftIe9K/arcgis/rest/services/cadastre_government_owned_parcels/FeatureServer/0/query,2026-09-25
09301000130000,SALT LAKE CITY CORPORATION - PROPERTY MANAGEMENT,CITY,False,False,2.1,False,FR-3,Tax Exempt - Government,readiness/data/geometry/09301000130000.geojson,cadastre_government_owned_parcels,https://services1.arcgis.com/99lidPhWCzftIe9K/arcgis/rest/services/cadastre_government_owned_parcels/FeatureServer/0/query,2026-09-25
09301530010000,SALT LAKE CITY CORPORATION - PROPERTY MANAGEMENT,CITY,False,False,1.5,False,OS,Tax Exempt - Government,readiness/data/geometry/09301530010000.geojson,cadastre_government_owned_parcels,https://services1.arcgis.com/99lidPhWCzftIe9K/arcgis/rest/services/cadastre_government_owned_parcels/FeatureServer/0/query,2026-09-25
09302020070000,SALT LAKE CITY CORPORATION - PROPERTY MANAGEMENT,CITY,False,False,0.0,True,FR-1,Tax Exempt - Government,readiness/data/geometry/09302020070000.geojson,cadastre_government_owned_parcels,https://services1.arcgis.com/99lidPhWCzftIe9K/arcgis/rest/services/cadastre_government_owned_parcels/FeatureServer/0/query,2026-09-25
09303010090000,SALT LAKE CITY CORPORATION - PROPERTY MANAGEMENT,CITY,False,False,6.0,False,OS,Tax Exempt - Government,readiness/data/geometry/09303010090000.geojson,cadastre_government_owned_parcels,https://services1.arcgis.com/99lidPhWCzftIe9K/arcgis/rest/services/cadastre_government_owned_parcels/FeatureServer/0/query,2026-09-25
09303010110000,SALT LAKE CITY CORPORATION - PROPERTY MANAGEMENT,CITY,False,False,0.1,False,FR-3,Tax Exempt - Government,readiness/data/geometry/09303010110000.geojson,cadastre_government_owned_parcels,https://services1.arcgis.com/99lidPhWCzftIe9K/arcgis/rest/services/cadastre_government_owned_parcels/FeatureServer/0/query,2026-09-25
09303300140000,SALT LAKE CITY CORPORATION - PROPERTY MANAGEMENT,CITY,False,False,2.9,False,OS,Tax Exempt - Government,readiness/data/geometry/09303300140000.geojson,cadastre_government_owned_parcels,https://services1.arcgis.com/99lidPhWCzftIe9K/arcgis/rest/services/cadastre_government_owned_parcels/FeatureServer/0/query,2026-09-25
09303510400000,SALT LAKE CITY CORPORATION - PROPERTY MANAGEMENT,CITY,False,False,39.0,False,NOS,Tax Exempt - Government,readiness/data/geometry/09303510400000.geojson,cadastre_government_owned_parcels,https://services1.arcgis.com/99lidPhWCzftIe9K/arcgis/rest/services/cadastre_government_owned_parcels/FeatureServer/0/query,2026-09-25
04314000010000,STATE OF UTAH DIV OF STATE LAN,STATE,True,False,2.4,False,UNKNOWN,Tax Exempt - Government,readiness/data/geometry/04314000010000.geojson,cadastre_government_owned_parcels,https://services1.arcgis.com/99lidPhWCzftIe9K/arcgis/rest/services/cadastre_government_owned_parcels/FeatureServer/0/query,2026-09-25
07152000050000,SALT LAKE CITY CORPORATION - PROPERTY MANAGEMENT,CITY,False,False,185.0,False,OS,Tax Exempt - Government,readiness/data/geometry/07152000050000.geojson,cadastre_government_owned_parcels,https://services1.arcgis.com/99lidPhWCzftIe9K/arcgis/rest/services/cadastre_government_owned_parcels/FeatureServer/0/query,2026-09-25
07154000040000,SALT LAKE CITY CORPORATION - PROPERTY MANAGEMENT,CITY,False,False,265.0,False,OS,Tax Exempt - Government,readiness/data/geometry/07154000040000.geojson,cadastre_government_owned_parcels,https://services1.arcgis.com/99lidPhWCzftIe9K/arcgis/rest/services/cadastre_government_owned_parcels/FeatureServer/0/query,2026-09-25
07154000040000,SALT LAKE CITY CORPORATION - PROPERTY MANAGEMENT,CITY,False,False,265.0,False,OS,Tax Exempt - Government,readiness/data/geometry/07154000040000.geojson,cadastre_government_owned_parcels,https://services1.arcgis.com/99lidPhWCzftIe9K/arcgis/rest/services/cadastre_government_owned_parcels/FeatureServer/0/query,2026-09-25
07202000080000,STATE OF UTAH DIVISION OF FACI,STATE,True,False,246.2,False,M-1,Tax Exempt - Government,readiness/data/geometry/07202000080000.geojson,cadastre_government_owned_parcels,https://services1.arcgis.com/99lidPhWCzftIe9K/arcgis/rest/services/cadastre_government_owned_parcels/FeatureServer/0/query,2026-09-25
07203000030000,STATE OF UTAH DIVISION OF FACI,STATE,True,False,75.5,False,M-1,Tax Exempt - Government,readiness/data/geometry/07203000030000.geojson,cadastre_government_owned_parcels,https://services1.arcgis.com/99lidPhWCzftIe9K/arcgis/rest/services/cadastre_government_owned_parcels/FeatureServer/0/query,2026-09-25
07204000120000,UTAH STATE DIVISION OF FACILIT,STATE,True,False,1.3,False,M-1,Tax Exempt - Government,readiness/data/geometry/07204000120000.geojson,cadastre_government_owned_parcels,https://services1.arcgis.com/99lidPhWCzftIe9K/arcgis/rest/services/cadastre_government_owned_parcels/FeatureServer/0/query,2026-09-25
07204000120000,UTAH STATE DIVISION OF FACILIT,STATE,True,False,1.3,False,M-1,Tax Exempt - Government,readiness/data/geometry/07204000120000.geojson,cadastre_government_owned_parcels,https://services1.arcgis.com/99lidPhWCzftIe9K/arcgis/rest/services/cadastre_government_owned_parcels/FeatureServer/0/query,2026-09-25
07213510010000,SALT LAKE CITY CORPORATION - DIRECTOR,CITY,False,False,1.7,False,M-1,Tax Exempt - Government,readiness/data/geometry/07213510010000.geojson,cadastre_government_owned_parcels,https://services1.arcgis.com/99lidPhWCzftIe9K/arcgis/rest/services/cadastre_government_owned_parcels/FeatureServer/0/query,2026-09-25
07231000180000,SALT LAKE CITY CORPORATION,CITY,False,False,301.1,False,OS,Tax Exempt - Government,readiness/data/geometry/07231000180000.geojson,cadastre_government_owned_parcels,https://services1.arcgis.com/99lidPhWCzftIe9K/arcgis/rest/services/cadastre_government_owned_parcels/FeatureServer/0/query,2026-09-25
07231000190000,SALT LAKE CITY CORPORATION - SALT LAKE CITY CORPORATION,CITY,False,False,29.8,False,OS,Tax Exempt - Government,readiness/data/geometry/07231000190000.geojson,cadastre_government_owned_parcels,https://services1.arcgis.com/99lidPhWCzftIe9K/arcgis/rest/services/cadastre_government_owned_parcels/FeatureServer/0/query,2026-09-25
07252000060000,SALT LAKE COUNTY - REAL ESTATE DEPT # S3200,COUNTY,False,False,1.4,False,M-1,Tax Exempt - Government,readiness/data/geometry/07252000060000.geojson,cadastre_government_owned_parcels,https://services1.arcgis.com/99lidPhWCzftIe9K/arcgis/rest/services/cadastre_government_owned_parcels/FeatureServer/0/query,2026-09-25
07252000080000,SALT LAKE CITY CORPORATION - GILLMOR LIVESTOCK CORPORATION,CITY,False,False,205.0,False,M-1,Vacant,readiness/data/geometry/07252000080000.geojson,cadastre_government_owned_parcels,https://services1.arcgis.com/99lidPhWCzftIe9K/arcgis/rest/services/cadastre_government_owned_parcels/FeatureServer/0/query,2026-09-25
07252000090000,SALT LAKE CITY CORPORATION - GILLMOR LIVESTOCK CORPORATION,CITY,False,False,45.3,False,M-1,Vacant,readiness/data/geometry/07252000090000.geojson,cadastre_government_owned_parcels,https://services1.arcgis.com/99lidPhWCzftIe9K/arcgis/rest/services/cadastre_government_owned_parcels/FeatureServer/0/query,2026-09-25
07252000090000,SALT LAKE CITY CORPORATION - GILLMOR LIVESTOCK CORPORATION,CITY,False,False,45.3,False,M-1,Vacant,readiness/data/geometry/07252000090000.geojson,cadastre_government_owned_parcels,https://services1.arcgis.com/99lidPhWCzftIe9K/arcgis/rest/services/cadastre_government_owned_parcels/FeatureServer/0/query,2026-09-25
07252000100000,SALT LAKE CITY CORPORATION - GILLMOR LIVESTOCK CORPORATION,CITY,False,False,102.2,False,M-1,Vacant,readiness/data/geometry/07252000100000.geojson,cadastre_government_owned_parcels,https://services1.arcgis.com/99lidPhWCzftIe9K/arcgis/rest/services/cadastre_government_owned_parcels/FeatureServer/0/query,2026-09-25
07252000100000,SALT LAKE CITY CORPORATION - GILLMOR LIVESTOCK CORPORATION,CITY,False,False,102.2,False,M-1,Vacant,readiness/data/geometry/07252000100000.geojson,cadastre_government_owned_parcels,https://services1.arcgis.com/99lidPhWCzftIe9K/arcgis/rest/services/cadastre_government_owned_parcels/FeatureServer/0/query,2026-09-25
07252000100000,SALT LAKE CITY CORPORATION - GILLMOR LIVESTOCK CORPORATION,CITY,False,False,102.2,False,M-1,Vacant,readiness/data/geometry/07252000100000.geojson,cadastre_government_owned_parcels,https://services1.arcgis.com/99lidPhWCzftIe9K/arcgis/rest/services/cadastre_government_owned_parcels/FeatureServer/0/query,2026-09-25
07253010040000,SALT LAKE CITY CORPORATION,CITY,False,False,0.1,False,UNKNOWN,Vacant,readiness/data/geometry/07253010040000.geojson,cadastre_government_owned_parcels,https://services1.arcgis.com/99lidPhWCzftIe9K/arcgis/rest/services/cadastre_government_owned_parcels/FeatureServer/0/query,2026-09-25
07253010040000,SALT LAKE CITY CORPORATION,CITY,False,False,0.1,False,UNKNOWN,Vacant,readiness/data/geometry/07253010040000.geojson,cadastre_government_owned_parcels,https://services1.arcgis.com/99lidPhWCzftIe9K/arcgis/rest/services/cadastre_government_owned_parcels/FeatureServer/0/query,2026-09-25
07273010060000,SALT LAKE CITY CORPORATION,CITY,False,False,1.5,False,M-1,Tax Exempt - Government,readiness/data/geometry/07273010060000.geojson,cadastre_government_owned_parcels,https://services1.arcgis.com/99lidPhWCzftIe9K/arcgis/rest/services/cadastre_government_owned_parcels/FeatureServer/0/query,2026-09-25
07292000060000,UTAH STATE DIVISION OF FACILIT,STATE,True,False,16.6,False,M-1,Vacant,readiness/data/geometry/07292000060000.geojson,cadastre_government_owned_parcels,https://services1.arcgis.com/99lidPhWCzftIe9K/arcgis/rest/services/cadastre_government_owned_parcels/FeatureServer/0/query,2026-09-25
07292000060000,UTAH STATE DIVISION OF FACILIT,STATE,True,False,16.6,False,M-1,Vacant,readiness/data/geometry/07292000060000.geojson,cadastre_government_owned_parcels,https://services1.arcgis.com/99lidPhWCzftIe9K/arcgis/rest/services/cadastre_government_owned_parcels/FeatureServer/0/query,2026-09-25
07351000200000,SCHOOL AND INSTITUTIONAL TRUST,STATE,True,False,765.1,False,M-1,Vacant,readiness/data/geometry/07351000200000.geojson,cadastre_government_owned_parcels,https://services1.arcgis.com/99lidPhWCzftIe9K/arcgis/rest/services/cadastre_government_owned_parcels/FeatureServer/0/query,2026-09-25
07351000200000,SCHOOL AND INSTITUTIONAL TRUST,STATE,True,False,765.1,False,M-1,Vacant,readiness/data/geometry/07351000200000.geojson,cadastre_government_owned_parcels,https://services1.arcgis.com/99lidPhWCzftIe9K/arcgis/rest/services/cadastre_government_owned_parcels/FeatureServer/0/query,2026-09-25
07351000200000,SCHOOL AND INSTITUTIONAL TRUST,STATE,True,False,765.1,False,M-1,Vacant,readiness/data/geometry/07351000200000.geojson,cadastre_government_owned_parcels,https://services1.arcgis.com/99lidPhWCzftIe9K/arcgis/rest/services/cadastre_government_owned_parcels/FeatureServer/0/query,2026-09-25
07351000200000,SCHOOL AND INSTITUTIONAL TRUST,STATE,True,False,765.1,False,M-1,Vacant,readiness/data/geometry/07351000200000.geojson,cadastre_government_owned_parcels,https://services1.arcgis.com/99lidPhWCzftIe9K/arcgis/rest/services/cadastre_government_owned_parcels/FeatureServer/0/query,2026-09-25
07351000200000,SCHOOL AND INSTITUTIONAL TRUST,STATE,True,False,765.1,False,M-1,Vacant,readiness/data/geometry/07351000200000.geojson,cadastre_government_owned_parcels,https://services1.arcgis.com/99lidPhWCzftIe9K/arcgis/rest/services/cadastre_government_owned_parcels/FeatureServer/0/query,2026-09-25
07352010050000,SALT LAKE CITY CORP - PROPERTY MANAGEMENT,CITY,False,False,0.0,True,UNKNOWN,Tax Exempt - Government,readiness/data/geometry/07352010050000.geojson,cadastre_government_owned_parcels,https://services1.arcgis.com/99lidPhWCzftIe9K/arcgis/rest/services/cadastre_government_owned_parcels/FeatureServer/0/query,2026-09-25
07352760100000,SALT LAKE CITY CORPORATION - PROPERTY MANAGEMENT,CITY,False,False,1.3,False,M-1,Tax Exempt - Government,readiness/data/geometry/07352760100000.geojson,cadastre_government_owned_parcels,https://services1.arcgis.com/99lidPhWCzftIe9K/arcgis/rest/services/cadastre_government_owned_parcels/FeatureServer/0/query,2026-09-25
07352760110000,SALT LAKE CITY CORP - PROPERTY MANAGEMENT,CITY,False,False,2.7,False,M-1,Vacant,readiness/data/geometry/07352760110000.geojson,cadastre_government_owned_parcels,https://services1.arcgis.com/99lidPhWCzftIe9K/arcgis/rest/services/cadastre_government_owned_parcels/FeatureServer/0/query,2026-09-25
07353260104001,UTAH DEPARTMENT OF TRANSPORTAT,STATE,True,False,3.6,False,M-1,Vacant,readiness/data/geometry/07353260104001.geojson,cadastre_government_owned_parcels,https://services1.arcgis.com/99lidPhWCzftIe9K/arcgis/rest/services/cadastre_government_owned_parcels/FeatureServer/0/query,2026-09-25
07353260104002,UTAH DEPARTMENT OF TRANSPORTAT,STATE,True,False,2.0,False,M-1,Vacant,readiness/data/geometry/07353260104002.geojson,cadastre_government_owned_parcels,https://services1.arcgis.com/99lidPhWCzftIe9K/arcgis/rest/services/cadastre_government_owned_parcels/FeatureServer/0/query,2026-09-25
07354000020000,UTAH DEPARTMENT OF TRANSPORTAT - UDOT RIGHT OF WAY,STATE,True,False,0.5,False,M-1,Vacant,readiness/data/geometry/07354000020000.geojson,cadastre_government_owned_parcels,https://services1.arcgis.com/99lidPhWCzftIe9K/arcgis/rest/services/cadastre_government_owned_parcels/FeatureServer/0/query,2026-09-25
07354260120000,SALT LAKE CITY PUBLIC UTILITIE - DIRECTOR,CITY,False,False,0.2,False,M-1,Vacant,readiness/data/geometry/07354260120000.geojson,cadastre_government_owned_parcels,https://services1.arcgis.com/99lidPhWCzftIe9K/arcgis/rest/services/cadastre_government_owned_parcels/FeatureServer/0/query,2026-09-25
07361510010000,SALT LAKE COUNTY - REAL ESTATE DEPT #S3200,COUNTY,False,False,1.1,False,M-1,Vacant,readiness/data/geometry/07361510010000.geojson,cadastre_government_owned_parcels,https://services1.arcgis.com/99lidPhWCzftIe9K/arcgis/rest/services/cadastre_government_owned_parcels/FeatureServer/0/query,2026-09-25
07361510010000,SALT LAKE COUNTY - REAL ESTATE DEPT #S3200,COUNTY,False,False,1.1,False,M-1,Vacant,readiness/data/geometry/07361510010000.geojson,cadastre_government_owned_parcels,https://services1.arcgis.com/99lidPhWCzftIe9K/arcgis/rest/services/cadastre_government_owned_parcels/FeatureServer/0/query,2026-09-25
07362510020000,SALT LAKE COUNTY - REAL ESTATE DEPT #S3200,COUNTY,False,False,1.6,False,M-1,Vacant,readiness/data/geometry/07362510020000.geojson,cadastre_government_owned_parcels,https://services1.arcgis.com/99lidPhWCzftIe9K/arcgis/rest/services/cadastre_government_owned_parcels/FeatureServer/0/query,2026-09-25
07362510020000,SALT LAKE COUNTY - REAL ESTATE DEPT #S3200,COUNTY,False,False,1.6,False,M-1,Vacant,readiness/data/geometry/07362510020000.geojson,cadastre_government_owned_parcels,https://services1.arcgis.com/99lidPhWCzftIe9K/arcgis/rest/services/cadastre_government_owned_parcels/FeatureServer/0/query,2026-09-25
07362510070000,SALT LAKE CITY CORPORATION,CITY,False,False,0.2,False,M-1,Vacant,readiness/data/geometry/07362510070000.geojson,cadastre_government_owned_parcels,https://services1.arcgis.com/99lidPhWCzftIe9K/arcgis/rest/services/cadastre_government_owned_parcels/FeatureServer/0/query,2026-09-25
07362760120000,SALT LAKE CITY CORPORATION - SCOTT JOHNSON,CITY,False,False,8.3,False,M-1,Vacant,readiness/data/geometry/07362760120000.geojson,cadastre_government_owned_parcels,https://services1.arcgis.com/99lidPhWCzftIe9K/arcgis/rest/services/cadastre_government_owned_parcels/FeatureServer/0/query,2026-09-25
07363510010000,UTAH DEPARTMENT OF TRANSPORTAT - UDOT RIGHT OF WAY,STATE,True,False,0.5,False,UNKNOWN,Vacant,readiness/data/geometry/07363510010000.geojson,cadastre_government_owned_parcels,https://services1.arcgis.com/99lidPhWCzftIe9K/arcgis/rest/services/cadastre_government_owned_parcels/FeatureServer/0/query,2026-09-25
07363770010000,UTAH DEPARTMENT OF TRANSPORTAT - UDOT RIGHT OF WAY,STATE,True,False,10.5,False,M-1,Vacant,readiness/data/geometry/07363770010000.geojson,cadastre_government_owned_parcels,https://services1.arcgis.com/99lidPhWCzftIe9K/arcgis/rest/services/cadastre_government_owned_parcels/FeatureServer/0/query,2026-09-25
07364760090000,SALT LAKE CITY CORPORATION,CITY,False,False,0.0,True,M-1,Commercial - Office Space,readiness/data/geometry/07364760090000.geojson,cadastre_government_owned_parcels,https://services1.arcgis.com/99lidPhWCzftIe9K/arcgis/rest/services/cadastre_government_owned_parcels/FeatureServer/0/query,2026-09-25
07364760120000,SALT LAKE CITY CORPORATION,CITY,False,False,0.4,False,M-1,Commercial - Office Space,readiness/data/geometry/07364760120000.geojson,cadastre_government_owned_parcels,https://services1.arcgis.com/99lidPhWCzftIe9K/arcgis/rest/services/cadastre_government_owned_parcels/FeatureServer/0/query,2026-09-25
07364760242000,SALT LAKE CITY CORPORATION - REAL ESTATE SERVICES,CITY,False,False,2.0,False,M-1,Commercial - Office Space,readiness/data/geometry/07364760242000.geojson,cadastre_government_owned_parcels,https://services1.arcgis.com/99lidPhWCzftIe9K/arcgis/rest/services/cadastre_government_owned_parcels/FeatureServer/0/query,2026-09-25
08103000040000,PROVO-JORDAN RIVER PARKWAY AUT,SPECIAL_DISTRICT,False,False,7.6,False,UNKNOWN,Tax Exempt - Government,readiness/data/geometry/08103000040000.geojson,cadastre_government_owned_parcels,https://services1.arcgis.com/99lidPhWCzftIe9K/arcgis/rest/services/cadastre_government_owned_parcels/FeatureServer/0/query,2026-09-25
08103000070000,PROVO-JORDAN RIVER PARKWAY AUT,SPECIAL_DISTRICT,False,False,12.6,False,UNKNOWN,Tax Exempt - Government,readiness/data/geometry/08103000070000.geojson,cadastre_government_owned_parcels,https://services1.arcgis.com/99lidPhWCzftIe9K/arcgis/rest/services/cadastre_government_owned_parcels/FeatureServer/0/query,2026-09-25
08133000110000,SALT LAKE CITY CORPORATION - PROPERTY MANAGEMENT,CITY,False,False,16.2,False,NOS,Tax Exempt - Government,readiness/data/geometry/08133000110000.geojson,cadastre_government_owned_parcels,https://services1.arcgis.com/99lidPhWCzftIe9K/arcgis/rest/services/cadastre_government_owned_parcels/FeatureServer/0/query,2026-09-25
08133000150000,SALT LAKE CITY CORPORATION - PROPERTY MANAGEMENT,CITY,False,False,57.4,False,NOS,Tax Exempt - Government,readiness/data/geometry/08133000150000.geojson,cadastre_government_owned_parcels,https://services1.arcgis.com/99lidPhWCzftIe9K/arcgis/rest/services/cadastre_government_owned_parcels/FeatureServer/0/query,2026-09-25
08142000030000,SALT LAKE COUNTY - REAL ESTATE DEPT # S3200,COUNTY,False,False,0.5,False,M-1,Tax Exempt - Government,readiness/data/geometry/08142000030000.geojson,cadastre_government_owned_parcels,https://services1.arcgis.com/99lidPhWCzftIe9K/arcgis/rest/services/cadastre_government_owned_parcels/FeatureServer/0/query,2026-09-25
08142000040000,NORTH SALT LAKE CITY CORP,CITY,False,False,0.3,False,EI,Tax Exempt - Government,readiness/data/geometry/08142000040000.geojson,cadastre_government_owned_parcels,https://services1.arcgis.com/99lidPhWCzftIe9K/arcgis/rest/services/cadastre_government_owned_parcels/FeatureServer/0/query,2026-09-25
08143000040000,STATE ROAD COMMISSION OF UTAH - UDOT RIGHT OF WAY,STATE,True,False,1.0,False,M-1,Tax Exempt - Government,readiness/data/geometry/08143000040000.geojson,cadastre_government_owned_parcels,https://services1.arcgis.com/99lidPhWCzftIe9K/arcgis/rest/services/cadastre_government_owned_parcels/FeatureServer/0/query,2026-09-25
08151000010000,PROVO-JORDAN RIVER PARKWAY AUT,SPECIAL_DISTRICT,False,False,2.4,False,UNKNOWN,Tax Exempt - Government,readiness/data/geometry/08151000010000.geojson,cadastre_government_owned_parcels,https://services1.arcgis.com/99lidPhWCzftIe9K/arcgis/rest/services/cadastre_government_owned_parcels/FeatureServer/0/query,2026-09-25
08151000110000,SALT LAKE CITY CORPORATION,CITY,False,False,2.6,False,OS,Tax Exempt - Government,readiness/data/geometry/08151000110000.geojson,cadastre_government_owned_parcels,https://services1.arcgis.com/99lidPhWCzftIe9K/arcgis/rest/services/cadastre_government_owned_parcels/FeatureServer/0/query,2026-09-25
08151000160000,SALT LAKE CITY CORPORATION,CITY,False,False,0.4,False,OS,Tax Exempt - Government,readiness/data/geometry/08151000160000.geojson,cadastre_government_owned_parcels,https://services1.arcgis.com/99lidPhWCzftIe9K/arcgis/rest/services/cadastre_government_owned_parcels/FeatureServer/0/query,2026-09-25
08151760010000,SALT LAKE CITY CORPORATION,CITY,False,False,0.3,False,M-1,Tax Exempt - Government,readiness/data/geometry/08151760010000.geojson,cadastre_government_owned_parcels,https://services1.arcgis.com/99lidPhWCzftIe9K/arcgis/rest/services/cadastre_government_owned_parcels/FeatureServer/0/query,2026-09-25
08151760020000,SALT LAKE CITY CORPORATION,CITY,False,False,0.6,False,M-1,Vacant,readiness/data/geometry/08151760020000.geojson,cadastre_government_owned_parcels,https://services1.arcgis.com/99lidPhWCzftIe9K/arcgis/rest/services/cadastre_government_owned_parcels/FeatureServer/0/query,2026-09-25
08152010030000,SALT LAKE CITY CORPORATION - REAL ESTATE SERVICES,CITY,False,False,0.6,False,M-1,Vacant,readiness/data/geometry/08152010030000.geojson,cadastre_government_owned_parcels,https://services1.arcgis.com/99lidPhWCzftIe9K/arcgis/rest/services/cadastre_government_owned_parcels/FeatureServer/0/query,2026-09-25
08153260010000,SALT LAKE CITY - PROPERTY MANAGEMENT,CITY,False,False,3.5,False,OS,Tax Exempt - Government,readiness/data/geometry/08153260010000.geojson,cadastre_government_owned_parcels,https://services1.arcgis.com/99lidPhWCzftIe9K/arcgis/rest/services/cadastre_government_owned_parcels/FeatureServer/0/query,2026-09-25
08153260010000,SALT LAKE CITY - PROPERTY MANAGEMENT,CITY,False,False,3.5,False,OS,Tax Exempt - Government,readiness/data/geometry/08153260010000.geojson,cadastre_government_owned_parcels,https://services1.arcgis.com/99lidPhWCzftIe9K/arcgis/rest/services/cadastre_government_owned_parcels/FeatureServer/0/query,2026-09-25
08153270010000,SALT LAKE CITY CORPORATION,CITY,False,False,0.6,False,M-1,Tax Exempt - Government,readiness/data/geometry/08153270010000.geojson,cadastre_government_owned_parcels,https://services1.arcgis.com/99lidPhWCzftIe9K/arcgis/rest/services/cadastre_government_owned_parcels/FeatureServer/0/query,2026-09-25
08153270010000,SALT LAKE CITY CORPORATION,CITY,False,False,0.6,False,M-1,Tax Exempt - Government,readiness/data/geometry/08153270010000.geojson,cadastre_government_owned_parcels,https://services1.arcgis.com/99lidPhWCzftIe9K/arcgis/rest/services/cadastre_government_owned_parcels/FeatureServer/0/query,2026-09-25
08153270020000,SALT LAKE CITY CORPORATION,CITY,False,False,1.9,False,OS,Tax Exempt - Government,readiness/data/geometry/08153270020000.geojson,cadastre_government_owned_parcels,https://services1.arcgis.com/99lidPhWCzftIe9K/arcgis/rest/services/cadastre_government_owned_parcels/FeatureServer/0/query,2026-09-25
08153510030000,SALT LAKE CITY CORPORATION - PROPERTY MANAGEMENT,CITY,False,False,6.1,False,PL,Tax Exempt - Government,readiness/data/geometry/08153510030000.geojson,cadastre_government_owned_parcels,https://services1.arcgis.com/99lidPhWCzftIe9K/arcgis/rest/services/cadastre_government_owned_parcels/FeatureServer/0/query,2026-09-25
08153510044001,SALT LAKE CITY CORPORATION,CITY,False,False,44.9,False,OS,Tax Exempt - Government,readiness/data/geometry/08153510044001.geojson,cadastre_government_owned_parcels,https://services1.arcgis.com/99lidPhWCzftIe9K/arcgis/rest/services/cadastre_government_owned_parcels/FeatureServer/0/query,2026-09-25
08153510044002,SALT LAKE CITY CORPORATION,CITY,False,False,102.8,False,OS,Tax Exempt - Government,readiness/data/geometry/08153510044002.geojson,cadastre_government_owned_parcels,https://services1.arcgis.com/99lidPhWCzftIe9K/arcgis/rest/services/cadastre_government_owned_parcels/FeatureServer/0/query,2026-09-25
08153510050000,SALT LAKE CITY CORPORATION - REAL ESTATE SERVICES,CITY,False,False,14.2,False,OS,Tax Exempt - Government,readiness/data/geometry/08153510050000.geojson,cadastre_government_owned_parcels,https://services1.arcgis.com/99lidPhWCzftIe9K/arcgis/rest/services/cadastre_government_owned_parcels/FeatureServer/0/query,2026-09-25
08153510050000,SALT LAKE CITY CORPORATION - REAL ESTATE SERVICES,CITY,False,False,14.2,False,OS,Tax Exempt - Government,readiness/data/geometry/08153510050000.geojson,cadastre_government_owned_parcels,https://services1.arcgis.com/99lidPhWCzftIe9K/arcgis/rest/services/cadastre_government_owned_parcels/FeatureServer/0/query,2026-09-25
08153760010000,SALT LAKE CITY - PROPERTY MANAGEMENT,CITY,False,False,0.7,False,OS,Tax Exempt - Government,readiness/data/geometry/08153760010000.geojson,cadastre_government_owned_parcels,https://services1.arcgis.com/99lidPhWCzftIe9K/arcgis/rest/services/cadastre_government_owned_parcels/FeatureServer/0/query,2026-09-25
08153760020000,SALT LAKE CITY CORPORATION - REAL ESTATE SERVICES,CITY,False,False,1.0,False,OS,Tax Exempt - Government,readiness/data/geometry/08153760020000.geojson,cadastre_government_owned_parcels,https://services1.arcgis.com/99lidPhWCzftIe9K/arcgis/rest/services/cadastre_government_owned_parcels/FeatureServer/0/query,2026-09-25
08153760030000,SALT LAKE CITY CORPORATION,CITY,False,False,1.7,False,OS,Tax Exempt - Government,readiness/data/geometry/08153760030000.geojson,cadastre_government_owned_parcels,https://services1.arcgis.com/99lidPhWCzftIe9K/arcgis/rest/services/cadastre_government_owned_parcels/FeatureServer/0/query,2026-09-25
08153760070000,SALT LAKE CITY CORPORATION,CITY,False,False,1.1,False,OS,Tax Exempt - Government,readiness/data/geometry/08153760070000.geojson,cadastre_government_owned_parcels,https://services1.arcgis.com/99lidPhWCzftIe9K/arcgis/rest/services/cadastre_government_owned_parcels/FeatureServer/0/query,2026-09-25
08153760090000,SALT LAKE CITY - PROPERTY MANAGEMENT,CITY,False,False,0.2,False,OS,Tax Exempt - Government,readiness/data/geometry/08153760090000.geojson,cadastre_government_owned_parcels,https://services1.arcgis.com/99lidPhWCzftIe9K/arcgis/rest/services/cadastre_government_owned_parcels/FeatureServer/0/query,2026-09-25
08154010110000,SALT LAKE CITY CORPORATION - PROPERTY MANAGEMENT,CITY,False,False,0.6,False,M-1,Tax Exempt - Government,readiness/data/geometry/08154010110000.geojson,cadastre_government_owned_parcels,https://services1.arcgis.com/99lidPhWCzftIe9K/arcgis/rest/services/cadastre_government_owned_parcels/FeatureServer/0/query,2026-09-25
08154760060000,SALT LAKE CITY CORPORATION,CITY,False,False,114.9,False,M-1,Tax Exempt - Government,readiness/data/geometry/08154760060000.geojson,cadastre_government_owned_parcels,https://services1.arcgis.com/99lidPhWCzftIe9K/arcgis/rest/services/cadastre_government_owned_parcels/FeatureServer/0/query,2026-09-25
08163000080000,SALT LAKE CITY CORPORATION - PROPERTY MANAGEMENT,CITY,False,False,10.9,False,BP,Tax Exempt - Government,readiness/data/geometry/08163000080000.geojson,cadastre_government_owned_parcels,https://services1.arcgis.com/99lidPhWCzftIe9K/arcgis/rest/services/cadastre_government_owned_parcels/FeatureServer/0/query,2026-09-25
08163000090000,SALT LAKE CITY CORPORATION - PROPERTY MANAGEMENT,CITY,False,False,4.0,False,BP,Tax Exempt - Government,readiness/data/geometry/08163000090000.geojson,cadastre_government_owned_parcels,https://services1.arcgis.com/99lidPhWCzftIe9K/arcgis/rest/services/cadastre_government_owned_parcels/FeatureServer/0/query,2026-09-25
08163000110000,SALT LAKE CITY CORP - PROPERTY MANAGEMENT,CITY,False,False,9.0,False,BP,Tax Exempt - Government,readiness/data/geometry/08163000110000.geojson,cadastre_government_owned_parcels,https://services1.arcgis.com/99lidPhWCzftIe9K/arcgis/rest/services/cadastre_government_owned_parcels/FeatureServer/0/query,2026-09-25
08163000120000,SALT LAKE CITY CORPORATION - PROPERTY MANAGEMENT,CITY,False,False,8.1,False,BP,Tax Exempt - Government,readiness/data/geometry/08163000120000.geojson,cadastre_government_owned_parcels,https://services1.arcgis.com/99lidPhWCzftIe9K/arcgis/rest/services/cadastre_government_owned_parcels/FeatureServer/0/query,2026-09-25
08163000130000,SALT LAKE CITY CORP - PROPERTY MANAGEMENT,CITY,False,False,9.0,False,BP,Tax Exempt - Government,readiness/data/geometry/08163000130000.geojson,cadastre_government_owned_parcels,https://services1.arcgis.com/99lidPhWCzftIe9K/arcgis/rest/services/cadastre_government_owned_parcels/FeatureServer/0/query,2026-09-25
08164000110000,SALT LAKE CITY CORPORATION - PROPERTY MANAGEMENT,CITY,False,False,5.0,False,BP,Tax Exempt - Government,readiness/data/geometry/08164000110000.geojson,cadastre_government_owned_parcels,https://services1.arcgis.com/99lidPhWCzftIe9K/arcgis/rest/services/cadastre_government_owned_parcels/FeatureServer/0/query,2026-09-25
08164000150000,SALT LAKE CITY CORP - PROPERTY MANAGEMENT,CITY,False,False,2.9,False,BP,Vacant,readiness/data/geometry/08164000150000.geojson,cadastre_government_owned_parcels,https://services1.arcgis.com/99lidPhWCzftIe9K/arcgis/rest/services/cadastre_government_owned_parcels/FeatureServer/0/query,2026-09-25
08173000010000,LAKE CITY (TITLE BY WD) - PROPERTY MANAGEMENT,CITY,False,False,10.0,False,AIRPORT,Tax Exempt - Government,readiness/data/geometry/08173000010000.geojson,cadastre_government_owned_parcels,https://services1.arcgis.com/99lidPhWCzftIe9K/arcgis/rest/services/cadastre_government_owned_parcels/FeatureServer/0/query,2026-09-25
08173000020000,SALT LAKE CITY (WARRANTY DEED) - PROPERTY MANAGEMENT,CITY,False,False,10.0,False,AIRPORT,Tax Exempt - Government,readiness/data/geometry/08173000020000.geojson,cadastre_government_owned_parcels,https://services1.arcgis.com/99lidPhWCzftIe9K/arcgis/rest/services/cadastre_government_owned_parcels/FeatureServer/0/query,2026-09-25
08173000030000,SALT LAKE CITY (WARRANTY DEED) - PROPERTY MANAGEMENT,CITY,False,False,10.0,False,AIRPORT,Tax Exempt - Government,readiness/data/geometry/08173000030000.geojson,cadastre_government_owned_parcels,https://services1.arcgis.com/99lidPhWCzftIe9K/arcgis/rest/services/cadastre_government_owned_parcels/FeatureServer/0/query,2026-09-25
08173000040000,SALT LAKE CITY CORP - PROPERTY MANAGEMENT,CITY,False,False,10.0,False,AIRPORT,Tax Exempt - Government,readiness/data/geometry/08173000040000.geojson,cadastre_government_owned_parcels,https://services1.arcgis.com/99lidPhWCzftIe9K/arcgis/rest/services/cadastre_government_owned_parcels/FeatureServer/0/query,2026-09-25
08173000050000,SALT LAKE CITY - PROPERTY MANAGEMENT,CITY,False,False,6.0,False,AIRPORT,Tax Exempt - Government,readiness/data/geometry/08173000050000.geojson,cadastre_government_owned_parcels,https://services1.arcgis.com/99lidPhWCzftIe9K/arcgis/rest/services/cadastre_government_owned_parcels/FeatureServer/0/query,2026-09-25
08173000060000,SALT LAKE CITY - PROPERTY MANAGEMENT,CITY,False,False,14.0,False,AIRPORT,Tax Exempt - Government,readiness/data/geometry/08173000060000.geojson,cadastre_government_owned_parcels,https://services1.arcgis.com/99lidPhWCzftIe9K/arcgis/rest/services/cadastre_government_owned_parcels/FeatureServer/0/query,2026-09-25
08173000070000,SALT LAKE CITY - PROPERTY MANAGEMENT,CITY,False,False,20.0,False,AIRPORT,Vacant,readiness/data/geometry/08173000070000.geojson,cadastre_government_owned_parcels,https://services1.arcgis.com/99lidPhWCzftIe9K/arcgis/rest/services/cadastre_government_owned_parcels/FeatureServer/0/query,2026-09-25
08173000080000,SALT LAKE CITY - PROPERTY MANAGEMENT,CITY,False,False,80.0,False,AIRPORT,Vacant,readiness/data/geometry/08173000080000.geojson,cadastre_government_owned_parcels,https://services1.arcgis.com/99lidPhWCzftIe9K/arcgis/rest/services/cadastre_government_owned_parcels/FeatureServer/0/query,2026-09-25
08174030020000,SALT LAKE CITY DEPARTMENT OF A - SALT LAKE CITY CORP PROP MGMT,CITY,False,False,161.0,False,AIRPORT,Tax Exempt - Government,readiness/data/geometry/08174030020000.geojson,cadastre_government_owned_parcels,https://services1.arcgis.com/99lidPhWCzftIe9K/arcgis/rest/services/cadastre_government_owned_parcels/FeatureServer/0/query,2026-09-25
08181000020000,LAKE CITY CORP - DAVID O. HINCKLEY,CITY,False,False,637.8,False,AIRPORT,Tax Exempt - Government,readiness/data/geometry/08181000020000.geojson,cadastre_government_owned_parcels,https://services1.arcgis.com/99lidPhWCzftIe9K/arcgis/rest/services/cadastre_government_owned_parcels/FeatureServer/0/query,2026-09-25
08191000020000,SALT LAKE CITY CORP - PROPERTY MANAGEMENT,CITY,False,False,472.9,False,AIRPORT,Tax Exempt - Government,readiness/data/geometry/08191000020000.geojson,cadastre_government_owned_parcels,https://services1.arcgis.com/99lidPhWCzftIe9K/arcgis/rest/services/cadastre_government_owned_parcels/FeatureServer/0/query,2026-09-25
08192000010000,SALT LAKE CITY - PROPERTY MANAGEMENT,CITY,False,False,10.0,False,AIRPORT,Tax Exempt - Government,readiness/data/geometry/08192000010000.geojson,cadastre_government_owned_parcels,https://services1.arcgis.com/99lidPhWCzftIe9K/arcgis/rest/services/cadastre_government_owned_parcels/FeatureServer/0/query,2026-09-25
08192000020000,SALT LAKE CITY - PROPERTY MANAGEMENT,CITY,False,False,30.0,False,AIRPORT,Commercial - Office Space,readiness/data/geometry/08192000020000.geojson,cadastre_government_owned_parcels,https://services1.arcgis.com/99lidPhWCzftIe9K/arcgis/rest/services/cadastre_government_owned_parcels/FeatureServer/0/query,2026-09-25
08193000020000,SALT LAKE CITY - PROPERTY MANAGEMENT,CITY,False,False,39.8,False,AIRPORT,Tax Exempt - Government,readiness/data/geometry/08193000020000.geojson,cadastre_government_owned_parcels,https://services1.arcgis.com/99lidPhWCzftIe9K/arcgis/rest/services/cadastre_government_owned_parcels/FeatureServer/0/query,2026-09-25
08193000030000,SALT LAKE CITY CORP - PROPERTY MANAGEMENT,CITY,False,False,39.8,False,AIRPORT,Tax Exempt - Government,readiness/data/geometry/08193000030000.geojson,cadastre_government_owned_parcels,https://services1.arcgis.com/99lidPhWCzftIe9K/arcgis/rest/services/cadastre_government_owned_parcels/FeatureServer/0/query,2026-09-25
08201000150000,SALT LAKE CITY CORP - PROPERTY MANAGEMENT,CITY,False,False,80.0,False,AIRPORT,Tax Exempt - Government,readiness/data/geometry/08201000150000.geojson,cadastre_government_owned_parcels,https://services1.arcgis.com/99lidPhWCzftIe9K/arcgis/rest/services/cadastre_government_owned_parcels/FeatureServer/0/query,2026-09-25
08201000172000,SALT LAKE CITY - PROPERTY MANAGEMENT,CITY,False,False,237.6,False,AIRPORT,Tax Exempt - Government,readiness/data/geometry/08201000172000.geojson,cadastre_government_owned_parcels,https://services1.arcgis.com/99lidPhWCzftIe9K/arcgis/rest/services/cadastre_government_owned_parcels/FeatureServer/0/query,2026-09-25
08202000100000,SALT LAKE CITY - PROPERTY MANAGEMENT,CITY,False,False,81.0,False,AIRPORT,Tax Exempt - Government,readiness/data/geometry/08202000100000.geojson,cadastre_government_owned_parcels,https://services1.arcgis.com/99lidPhWCzftIe9K/arcgis/rest/services/cadastre_government_owned_parcels/FeatureServer/0/query,2026-09-25
08202000110000,SALT LAKE CITY CORPORATION - PROPERTY MANAGEMENT,CITY,False,False,80.0,False,AIRPORT,Tax Exempt - Government,readiness/data/geometry/08202000110000.geojson,cadastre_government_owned_parcels,https://services1.arcgis.com/99lidPhWCzftIe9K/arcgis/rest/services/cadastre_government_owned_parcels/FeatureServer/0/query,2026-09-25
08204000020000,SALT LAKE CITY - PROPERTY MANAGEMENT,CITY,False,False,38.0,False,AIRPORT,Tax Exempt - Government,readiness/data/geometry/08204000020000.geojson,cadastre_government_owned_parcels,https://services1.arcgis.com/99lidPhWCzftIe9K/arcgis/rest/services/cadastre_government_owned_parcels/FeatureServer/0/query,2026-09-25
08204000040000,SALT LAKE CITY - PROPERTY MANAGEMENT,CITY,False,False,40.0,False,AIRPORT,Tax Exempt - Government,readiness/data/geometry/08204000040000.geojson,cadastre_government_owned_parcels,https://services1.arcgis.com/99lidPhWCzftIe9K/arcgis/rest/services/cadastre_government_owned_parcels/FeatureServer/0/query,2026-09-25
08211000010000,SALT LAKE CITY - PROPERTY MANAGEMENT,CITY,False,False,23.5,False,AIRPORT,Tax Exempt - Government,readiness/data/geometry/08211000010000.geojson,cadastre_government_owned_parcels,https://services1.arcgis.com/99lidPhWCzftIe9K/arcgis/rest/services/cadastre_government_owned_parcels/FeatureServer/0/query,2026-09-25
08211000020000,SALT LAKE CITY - PROPERTY MANAGEMENT,CITY,False,False,26.5,False,AIRPORT,Tax Exempt - Government,readiness/data/geometry/08211000020000.geojson,cadastre_government_owned_parcels,https://services1.arcgis.com/99lidPhWCzftIe9K/arcgis/rest/services/cadastre_government_owned_parcels/FeatureServer/0/query,2026-09-25
08211000030000,SALT LAKE CITY - PROPERTY MANAGEMENT,CITY,False,False,47.3,False,AIRPORT,Tax Exempt - Government,readiness/data/geometry/08211000030000.geojson,cadastre_government_owned_parcels,https://services1.arcgis.com/99lidPhWCzftIe9K/arcgis/rest/services/cadastre_government_owned_parcels/FeatureServer/0/query,2026-09-25
08211000050000,SALT LAKE CITY - PROPERTY MANAGEMENT,CITY,False,False,59.4,False,AIRPORT,Tax Exempt - Government,readiness/data/geometry/08211000050000.geojson,cadastre_government_owned_parcels,https://services1.arcgis.com/99lidPhWCzftIe9K/arcgis/rest/services/cadastre_government_owned_parcels/FeatureServer/0/query,2026-09-25
08211000060000,SALT LAKE CITY - PROPERTY MANAGEMENT,CITY,False,False,40.0,False,AIRPORT,Tax Exempt - Government,readiness/data/geometry/08211000060000.geojson,cadastre_government_owned_parcels,https://services1.arcgis.com/99lidPhWCzftIe9K/arcgis/rest/services/cadastre_government_owned_parcels/FeatureServer/0/query,2026-09-25
08212010040000,SALT LAKE CITY CORPORATION - PROPERTY MANAGEMENT,CITY,False,False,1.0,False,AIRPORT,Tax Exempt - Government,readiness/data/geometry/08212010040000.geojson,cadastre_government_owned_parcels,https://services1.arcgis.com/99lidPhWCzftIe9K/arcgis/rest/services/cadastre_government_owned_parcels/FeatureServer/0/query,2026-09-25
08212010050000,SALT LAKE CITY CORPORATION - PROPERTY MANAGEMENT,CITY,False,False,1.0,False,AIRPORT,Tax Exempt - Government,readiness/data/geometry/08212010050000.geojson,cadastre_government_owned_parcels,https://services1.arcgis.com/99lidPhWCzftIe9K/arcgis/rest/services/cadastre_government_owned_parcels/FeatureServer/0/query,2026-09-25
08212010090000,SALT LAKE CITY CORPORATION - PROPERTY MANAGEMENT,CITY,False,False,1.0,False,AIRPORT,Tax Exempt - Government,readiness/data/geometry/08212010090000.geojson,cadastre_government_owned_parcels,https://services1.arcgis.com/99lidPhWCzftIe9K/arcgis/rest/services/cadastre_government_owned_parcels/FeatureServer/0/query,2026-09-25
08212010100000,SALT LAKE CITY CORPORATION,CITY,False,False,0.5,False,AIRPORT,Tax Exempt - Government,readiness/data/geometry/08212010100000.geojson,cadastre_government_owned_parcels,https://services1.arcgis.com/99lidPhWCzftIe9K/arcgis/rest/services/cadastre_government_owned_parcels/FeatureServer/0/query,2026-09-25
08212010110000,SALT LAKE CITY CORPORATION,CITY,False,False,0.5,False,AIRPORT,Tax Exempt - Government,readiness/data/geometry/08212010110000.geojson,cadastre_government_owned_parcels,https://services1.arcgis.com/99lidPhWCzftIe9K/arcgis/rest/services/cadastre_government_owned_parcels/FeatureServer/0/query,2026-09-25
08212010120000,SALT LAKE CITY CORPORATION,CITY,False,False,1.0,False,AIRPORT,Tax Exempt - Government,readiness/data/geometry/08212010120000.geojson,cadastre_government_owned_parcels,https://services1.arcgis.com/99lidPhWCzftIe9K/arcgis/rest/services/cadastre_government_owned_parcels/FeatureServer/0/query,2026-09-25
08212010180000,SALT LAKE CITY CORPORATION - PROPERTY MANAGEMENT,CITY,False,False,1.1,False,AIRPORT,Tax Exempt - Government,readiness/data/geometry/08212010180000.geojson,cadastre_government_owned_parcels,https://services1.arcgis.com/99lidPhWCzftIe9K/arcgis/rest/services/cadastre_government_owned_parcels/FeatureServer/0/query,2026-09-25
08212010190000,SALT LAKE CITY CORP - SLC AIRPORT AUTHORITY,CITY,False,False,1.7,False,AIRPORT,Tax Exempt - Government,readiness/data/geometry/08212010190000.geojson,cadastre_government_owned_parcels,https://services1.arcgis.com/99lidPhWCzftIe9K/arcgis/rest/services/cadastre_government_owned_parcels/FeatureServer/0/query,2026-09-25
08213000020000,SALT LAKE CITY - PROPERTY MANAGEMENT,CITY,False,False,8.7,False,AIRPORT,Tax Exempt - Government,readiness/data/geometry/08213000020000.geojson,cadastre_government_owned_parcels,https://services1.arcgis.com/99lidPhWCzftIe9K/arcgis/rest/services/cadastre_government_owned_parcels/FeatureServer/0/query,2026-09-25
08213000030000,SALT LAKE CITY - PROPERTY MANAGEMENT,CITY,False,False,42.6,False,AIRPORT,Tax Exempt - Government,readiness/data/geometry/08213000030000.geojson,cadastre_government_owned_parcels,https://services1.arcgis.com/99lidPhWCzftIe9K/arcgis/rest/services/cadastre_government_owned_parcels/FeatureServer/0/query,2026-09-25
08213000040000,SALT LAKE CITY - PROPERTY MANAGEMENT,CITY,False,False,18.0,False,AIRPORT,Tax Exempt - Government,readiness/data/geometry/08213000040000.geojson,cadastre_government_owned_parcels,https://services1.arcgis.com/99lidPhWCzftIe9K/arcgis/rest/services/cadastre_government_owned_parcels/FeatureServer/0/query,2026-09-25
08213000050000,SALT LAKE CITY CORP - PROPERTY MANAGEMENT,CITY,False,False,71.3,False,AIRPORT,Tax Exempt - Government,readiness/data/geometry/08213000050000.geojson,cadastre_government_owned_parcels,https://services1.arcgis.com/99lidPhWCzftIe9K/arcgis/rest/services/cadastre_government_owned_parcels/FeatureServer/0/query,2026-09-25
08221000020000,SALT LAKE CITY CORPORATION,CITY,False,False,0.8,False,OS,Tax Exempt - Government,readiness/data/geometry/08221000020000.geojson,cadastre_government_owned_parcels,https://services1.arcgis.com/99lidPhWCzftIe9K/arcgis/rest/services/cadastre_government_owned_parcels/FeatureServer/0/query,2026-09-25
08221000090000,SALT LAKE CITY CORPORATION,CITY,False,False,0.2,False,M-1,Tax Exempt - Government,readiness/data/geometry/08221000090000.geojson,cadastre_government_owned_parcels,https://services1.arcgis.com/99lidPhWCzftIe9K/arcgis/rest/services/cadastre_government_owned_parcels/FeatureServer/0/query,2026-09-25
08221000140000,SALT LAKE CITY CORPORATION - REAL ESTATE SERVICES,CITY,False,False,0.9,False,R-1-7000,Tax Exempt - Government,readiness/data/geometry/08221000140000.geojson,cadastre_government_owned_parcels,https://services1.arcgis.com/99lidPhWCzftIe9K/arcgis/rest/services/cadastre_government_owned_parcels/FeatureServer/0/query,2026-09-25
08221000150000,SALT LAKE CITY CORPORATION - REAL ESTATE SERVICES,CITY,False,False,0.9,False,R-1-7000,Tax Exempt - Government,readiness/data/geometry/08221000150000.geojson,cadastre_government_owned_parcels,https://services1.arcgis.com/99lidPhWCzftIe9K/arcgis/rest/services/cadastre_government_owned_parcels/FeatureServer/0/query,2026-09-25
08221000160000,SALT LAKE CITY CORPORATION,CITY,False,False,0.9,False,R-1-7000,Residential,readiness/data/geometry/08221000160000.geojson,cadastre_government_owned_parcels,https://services1.arcgis.com/99lidPhWCzftIe9K/arcgis/rest/services/cadastre_government_owned_parcels/FeatureServer/0/query,2026-09-25
08221000170000,SALT LAKE CITY CORPORATION,CITY,False,False,0.9,False,R-1-7000,Tax Exempt - Government,readiness/data/geometry/08221000170000.geojson,cadastre_government_owned_parcels,https://services1.arcgis.com/99lidPhWCzftIe9K/arcgis/rest/services/cadastre_government_owned_parcels/FeatureServer/0/query,2026-09-25
08221000210000,SALT LAKE CITY SCHOOL DISTRICT,SCHOOL_DISTRICT,False,False,8.5,False,PL,Tax Exempt - Government,readiness/data/geometry/08221000210000.geojson,cadastre_government_owned_parcels,https://services1.arcgis.com/99lidPhWCzftIe9K/arcgis/rest/services/cadastre_government_owned_parcels/FeatureServer/0/query,2026-09-25
08221000220000,SALT LAKE CITY SCHOOL BOARD,SCHOOL_DISTRICT,False,False,1.9,False,PL,Tax Exempt - Government,readiness/data/geometry/08221000220000.geojson,cadastre_government_owned_parcels,https://services1.arcgis.com/99lidPhWCzftIe9K/arcgis/rest/services/cadastre_government_owned_parcels/FeatureServer/0/query,2026-09-25
08221000230000,SALT LAKE CITY SCHOOL DISTRICT,SCHOOL_DISTRICT,False,False,1.9,False,PL,Tax Exempt - Government,readiness/data/geometry/08221000230000.geojson,cadastre_government_owned_parcels,https://services1.arcgis.com/99lidPhWCzftIe9K/arcgis/rest/services/cadastre_government_owned_parcels/FeatureServer/0/query,2026-09-25
08221010272000,SALT LAKE CITY CORPORATION,CITY,False,False,0.2,False,R-1-7000,Residential,readiness/data/geometry/08221010272000.geojson,cadastre_government_owned_parcels,https://services1.arcgis.com/99lidPhWCzftIe9K/arcgis/rest/services/cadastre_government_owned_parcels/FeatureServer/0/query,2026-09-25
08221510200000,SALT LAKE CITY CORP - PEGGY,CITY,False,False,0.6,False,R-1-7000,Tax Exempt - Government,readiness/data/geometry/08221510200000.geojson,cadastre_government_owned_parcels,https://services1.arcgis.com/99lidPhWCzftIe9K/arcgis/rest/services/cadastre_government_owned_parcels/FeatureServer/0/query,2026-09-25
08221530140000,SALT LAKE CITY CORP - PROPERTY MANAGEMENT,CITY,False,False,0.0,True,R-1-7000,Tax Exempt - Government,readiness/data/geometry/08221530140000.geojson,cadastre_government_owned_parcels,https://services1.arcgis.com/99lidPhWCzftIe9K/arcgis/rest/services/cadastre_government_owned_parcels/FeatureServer/0/query,2026-09-25
08221560080000,SALT LAKE CITY CORP - PROPERTY MANAGEMENT,CITY,False,False,0.0,True,R-1-7000,Tax Exempt - Government,readiness/data/geometry/08221560080000.geojson,cadastre_government_owned_parcels,https://services1.arcgis.com/99lidPhWCzftIe9K/arcgis/rest/services/cadastre_government_owned_parcels/FeatureServer/0/query,2026-09-25
08222010040000,SALT LAKE CITY CORPORATION - PUBLIC UTILITIES DEPARTMENT,CITY,False,False,2.1,False,M-1,Commercial - Industrial,readiness/data/geometry/08222010040000.geojson,cadastre_government_owned_parcels,https://services1.arcgis.com/99lidPhWCzftIe9K/arcgis/rest/services/cadastre_government_owned_parcels/FeatureServer/0/query,2026-09-25
08222520010000,SALT LAKE CITY CORPORATION - PROPERTY MANAGEMENT,CITY,False,False,0.8,False,UNKNOWN,Tax Exempt - Government,readiness/data/geometry/08222520010000.geojson,cadastre_government_owned_parcels,https://services1.arcgis.com/99lidPhWCzftIe9K/arcgis/rest/services/cadastre_government_owned_parcels/FeatureServer/0/query,2026-09-25
08222760010000,SALT LAKE CITY CORPORATION,CITY,False,False,0.4,False,UNKNOWN,Vacant,readiness/data/geometry/08222760010000.geojson,cadastre_government_owned_parcels,https://services1.arcgis.com/99lidPhWCzftIe9K/arcgis/rest/services/cadastre_government_owned_parcels/FeatureServer/0/query,2026-09-25
08222760010000,SALT LAKE CITY CORPORATION,CITY,False,False,0.4,False,UNKNOWN,Vacant,readiness/data/geometry/08222760010000.geojson,cadastre_government_owned_parcels,https://services1.arcgis.com/99lidPhWCzftIe9K/arcgis/rest/services/cadastre_government_owned_parcels/FeatureServer/0/query,2026-09-25
08222760040000,SALT LAKE CITY CORPORATION,CITY,False,False,1.1,False,M-1,Tax Exempt - Government,readiness/data/geometry/08222760040000.geojson,cadastre_government_owned_parcels,https://services1.arcgis.com/99lidPhWCzftIe9K/arcgis/rest/services/cadastre_government_owned_parcels/FeatureServer/0/query,2026-09-25
08222760050000,SALT LAKE CITY CORPORATION,CITY,False,False,6.5,False,M-1,Tax Exempt - Government,readiness/data/geometry/08222760050000.geojson,cadastre_government_owned_parcels,https://services1.arcgis.com/99lidPhWCzftIe9K/arcgis/rest/services/cadastre_government_owned_parcels/FeatureServer/0/query,2026-09-25
08223010130000,SALT LAKE CITY CORP - PROPERTY MANAGEMENT,CITY,False,False,0.1,False,R-1-7000,Tax Exempt - Government,readiness/data/geometry/08223010130000.geojson,cadastre_government_owned_parcels,https://services1.arcgis.com/99lidPhWCzftIe9K/arcgis/rest/services/cadastre_government_owned_parcels/FeatureServer/0/query,2026-09-25
08223010420000,SALT LAKE CITY CORPORATION - ATTN: KARRYN GREENLEAF,CITY,False,False,1.3,False,PL,Tax Exempt - Government,readiness/data/geometry/08223010420000.geojson,cadastre_government_owned_parcels,https://services1.arcgis.com/99lidPhWCzftIe9K/arcgis/rest/services/cadastre_government_owned_parcels/FeatureServer/0/query,2026-09-25
08223010430000,BOARD OF EDUCATION OF SALT LAK - BUSINESS ADMINISTRATION,SCHOOL_DISTRICT,False,False,13.1,False,PL,Tax Exempt - Government,readiness/data/geometry/08223010430000.geojson,cadastre_government_owned_parcels,https://services1.arcgis.com/99lidPhWCzftIe9K/arcgis/rest/services/cadastre_government_owned_parcels/FeatureServer/0/query,2026-09-25
08223260100000,SALT LAKE CITY CORP - PROPERTY MANAGEMENT,CITY,False,False,0.0,True,UNKNOWN,Tax Exempt - Government,readiness/data/geometry/08223260100000.geojson,cadastre_government_owned_parcels,https://services1.arcgis.com/99lidPhWCzftIe9K/arcgis/rest/services/cadastre_government_owned_parcels/FeatureServer/0/query,2026-09-25
08223260110000,SALT LAKE CITY CORPORATION - PROPERTY MANAGEMENT,CITY,False,False,0.0,True,UNKNOWN,Tax Exempt - Government,readiness/data/geometry/08223260110000.geojson,cadastre_government_owned_parcels,https://services1.arcgis.com/99lidPhWCzftIe9K/arcgis/rest/services/cadastre_government_owned_parcels/FeatureServer/0/query,2026-09-25
08223260120000,SALT LAKE CITY CORP - PROPERTY MANAGEMENT,CITY,False,False,0.0,True,OS,Tax Exempt - Government,readiness/data/geometry/08223260120000.geojson,cadastre_government_owned_parcels,https://services1.arcgis.com/99lidPhWCzftIe9K/arcgis/rest/services/cadastre_government_owned_parcels/FeatureServer/0/query,2026-09-25
08223260140000,SALT LAKE CITY CORPORATION - PROPERTY MANAGEMENT,CITY,False,False,0.5,False,OS,Tax Exempt - Government,readiness/data/geometry/08223260140000.geojson,cadastre_government_owned_parcels,https://services1.arcgis.com/99lidPhWCzftIe9K/arcgis/rest/services/cadastre_government_owned_parcels/FeatureServer/0/query,2026-09-25
08223260210000,SALT LAKE CITY CORPORATION - PROPERTY MANAGEMENT,CITY,False,False,0.2,False,R-1-7000,Tax Exempt - Government,readiness/data/geometry/08223260210000.geojson,cadastre_government_owned_parcels,https://services1.arcgis.com/99lidPhWCzftIe9K/arcgis/rest/services/cadastre_government_owned_parcels/FeatureServer/0/query,2026-09-25
08223280080000,SALT LAKE CITY CORP - PROPERTY MANAGEMENT,CITY,False,False,0.1,False,R-1-7000,Tax Exempt,readiness/data/geometry/08223280080000.geojson,cadastre_government_owned_parcels,https://services1.arcgis.com/99lidPhWCzftIe9K/arcgis/rest/services/cadastre_government_owned_parcels/FeatureServer/0/query,2026-09-25
08223280130000,"UTAH DEPARTMENT OF TRANSPORTAT - RIGHT OF WAY, FOURTH FLOOR",STATE,True,False,0.0,True,R-1-7000,Tax Exempt - Government,readiness/data/geometry/08223280130000.geojson,cadastre_government_owned_parcels,https://services1.arcgis.com/99lidPhWCzftIe9K/arcgis/rest/services/cadastre_government_owned_parcels/FeatureServer/0/query,2026-09-25
08223510220000,SALT LAKE CITY CORPORATION - PROPERTY MANAGEMENT,CITY,False,False,0.0,True,UNKNOWN,Tax Exempt - Government,readiness/data/geometry/08223510220000.geojson,cadastre_government_owned_parcels,https://services1.arcgis.com/99lidPhWCzftIe9K/arcgis/rest/services/cadastre_government_owned_parcels/FeatureServer/0/query,2026-09-25
08223770010000,SALT LAKE CITY - PROPERTY MANAGEMENT,CITY,False,False,0.1,False,UNKNOWN,Tax Exempt,readiness/data/geometry/08223770010000.geojson,cadastre_government_owned_parcels,https://services1.arcgis.com/99lidPhWCzftIe9K/arcgis/rest/services/cadastre_government_owned_parcels/FeatureServer/0/query,2026-09-25
08223780010000,SALT LAKE CITY - PROPERTY MANAGEMENT,CITY,False,False,0.1,False,UNKNOWN,Tax Exempt,readiness/data/geometry/08223780010000.geojson,cadastre_government_owned_parcels,https://services1.arcgis.com/99lidPhWCzftIe9K/arcgis/rest/services/cadastre_government_owned_parcels/FeatureServer/0/query,2026-09-25
08223790010000,SALT LAKE CITY CORP - PROPERTY MANAGEMENT,CITY,False,False,0.0,True,UNKNOWN,Tax Exempt,readiness/data/geometry/08223790010000.geojson,cadastre_government_owned_parcels,https://services1.arcgis.com/99lidPhWCzftIe9K/arcgis/rest/services/cadastre_government_owned_parcels/FeatureServer/0/query,2026-09-25
08223790020000,SALT LAKE CITY - PROPERTY MANAGEMENT,CITY,False,False,0.0,True,UNKNOWN,Tax Exempt,readiness/data/geometry/08223790020000.geojson,cadastre_government_owned_parcels,https://services1.arcgis.com/99lidPhWCzftIe9K/arcgis/rest/services/cadastre_government_owned_parcels/FeatureServer/0/query,2026-09-25
08224010010000,SALT LAKE CITY MUNICIPAL CORP - PROPERTY MANAGEMENT,CITY,False,False,25.2,False,OS,Tax Exempt - Government,readiness/data/geometry/08224010010000.geojson,cadastre_government_owned_parcels,https://services1.arcgis.com/99lidPhWCzftIe9K/arcgis/rest/services/cadastre_government_owned_parcels/FeatureServer/0/query,2026-09-25
08224010010000,SALT LAKE CITY MUNICIPAL CORP - PROPERTY MANAGEMENT,CITY,False,False,25.2,False,OS,Tax Exempt - Government,readiness/data/geometry/08224010010000.geojson,cadastre_government_owned_parcels,https://services1.arcgis.com/99lidPhWCzftIe9K/arcgis/rest/services/cadastre_government_owned_parcels/FeatureServer/0/query,2026-09-25
08224010010000,SALT LAKE CITY MUNICIPAL CORP - PROPERTY MANAGEMENT,CITY,False,False,25.2,False,OS,Tax Exempt - Government,readiness/data/geometry/08224010010000.geojson,cadastre_government_owned_parcels,https://services1.arcgis.com/99lidPhWCzftIe9K/arcgis/rest/services/cadastre_government_owned_parcels/FeatureServer/0/query,2026-09-25
08224010010000,SALT LAKE CITY MUNICIPAL CORP - PROPERTY MANAGEMENT,CITY,False,False,25.2,False,OS,Tax Exempt - Government,readiness/data/geometry/08224010010000.geojson,cadastre_government_owned_parcels,https://services1.arcgis.com/99lidPhWCzftIe9K/arcgis/rest/services/cadastre_government_owned_parcels/FeatureServer/0/query,2026-09-25
08224010010000,SALT LAKE CITY MUNICIPAL CORP - PROPERTY MANAGEMENT,CITY,False,False,25.2,False,OS,Tax Exempt - Government,readiness/data/geometry/08224010010000.geojson,cadastre_government_owned_parcels,https://services1.arcgis.com/99lidPhWCzftIe9K/arcgis/rest/services/cadastre_government_owned_parcels/FeatureServer/0/query,2026-09-25
08224010010000,SALT LAKE CITY MUNICIPAL CORP - PROPERTY MANAGEMENT,CITY,False,False,25.2,False,OS,Tax Exempt - Government,readiness/data/geometry/08224010010000.geojson,cadastre_government_owned_parcels,https://services1.arcgis.com/99lidPhWCzftIe9K/arcgis/rest/services/cadastre_government_owned_parcels/FeatureServer/0/query,2026-09-25
08224010010000,SALT LAKE CITY MUNICIPAL CORP - PROPERTY MANAGEMENT,CITY,False,False,25.2,False,OS,Tax Exempt - Government,readiness/data/geometry/08224010010000.geojson,cadastre_government_owned_parcels,https://services1.arcgis.com/99lidPhWCzftIe9K/arcgis/rest/services/cadastre_government_owned_parcels/FeatureServer/0/query,2026-09-25
08224010010000,SALT LAKE CITY MUNICIPAL CORP - PROPERTY MANAGEMENT,CITY,False,False,25.2,False,OS,Tax Exempt - Government,readiness/data/geometry/08224010010000.geojson,cadastre_government_owned_parcels,https://services1.arcgis.com/99lidPhWCzftIe9K/arcgis/rest/services/cadastre_government_owned_parcels/FeatureServer/0/query,2026-09-25
08224010010000,SALT LAKE CITY MUNICIPAL CORP - PROPERTY MANAGEMENT,CITY,False,False,25.2,False,OS,Tax Exempt - Government,readiness/data/geometry/08224010010000.geojson,cadastre_government_owned_parcels,https://services1.arcgis.com/99lidPhWCzftIe9K/arcgis/rest/services/cadastre_government_owned_parcels/FeatureServer/0/query,2026-09-25
08224010010000,SALT LAKE CITY MUNICIPAL CORP - PROPERTY MANAGEMENT,CITY,False,False,25.2,False,OS,Tax Exempt - Government,readiness/data/geometry/08224010010000.geojson,cadastre_government_owned_parcels,https://services1.arcgis.com/99lidPhWCzftIe9K/arcgis/rest/services/cadastre_government_owned_parcels/FeatureServer/0/query,2026-09-25
08224010010000,SALT LAKE CITY MUNICIPAL CORP - PROPERTY MANAGEMENT,CITY,False,False,25.2,False,OS,Tax Exempt - Government,readiness/data/geometry/08224010010000.geojson,cadastre_government_owned_parcels,https://services1.arcgis.com/99lidPhWCzftIe9K/arcgis/rest/services/cadastre_government_owned_parcels/FeatureServer/0/query,2026-09-25
08224010010000,SALT LAKE CITY MUNICIPAL CORP - PROPERTY MANAGEMENT,CITY,False,False,25.2,False,OS,Tax Exempt - Government,readiness/data/geometry/08224010010000.geojson,cadastre_government_owned_parcels,https://services1.arcgis.com/99lidPhWCzftIe9K/arcgis/rest/services/cadastre_government_owned_parcels/FeatureServer/0/query,2026-09-25
08224010010000,SALT LAKE CITY MUNICIPAL CORP - PROPERTY MANAGEMENT,CITY,False,False,25.2,False,OS,Tax Exempt - Government,readiness/data/geometry/08224010010000.geojson,cadastre_government_owned_parcels,https://services1.arcgis.com/99lidPhWCzftIe9K/arcgis/rest/services/cadastre_government_owned_parcels/FeatureServer/0/query,2026-09-25
08224010010000,SALT LAKE CITY MUNICIPAL CORP - PROPERTY MANAGEMENT,CITY,False,False,25.2,False,OS,Tax Exempt - Government,readiness/data/geometry/08224010010000.geojson,cadastre_government_owned_parcels,https://services1.arcgis.com/99lidPhWCzftIe9K/arcgis/rest/services/cadastre_government_owned_parcels/FeatureServer/0/query,2026-09-25
08224010010000,SALT LAKE CITY MUNICIPAL CORP - PROPERTY MANAGEMENT,CITY,False,False,25.2,False,OS,Tax Exempt - Government,readiness/data/geometry/08224010010000.geojson,cadastre_government_owned_parcels,https://services1.arcgis.com/99lidPhWCzftIe9K/arcgis/rest/services/cadastre_government_owned_parcels/FeatureServer/0/query,2026-09-25
08224020020000,SALT LAKE CITY MUNICIPAL CORP - PROPERTY MANAGEMENT,CITY,False,False,4.3,False,OS,Tax Exempt - Government,readiness/data/geometry/08224020020000.geojson,cadastre_government_owned_parcels,https://services1.arcgis.com/99lidPhWCzftIe9K/arcgis/rest/services/cadastre_government_owned_parcels/FeatureServer/0/query,2026-09-25
08224020030000,SALT LAKE CITY MUNICIPAL CORP - PROPERTY MANAGEMENT,CITY,False,False,4.2,False,OS,Tax Exempt - Government,readiness/data/geometry/08224020030000.geojson,cadastre_government_owned_parcels,https://services1.arcgis.com/99lidPhWCzftIe9K/arcgis/rest/services/cadastre_government_owned_parcels/FeatureServer/0/query,2026-09-25
08224020040000,SALT LAKE CITY CORP - PROPERTY MANAGEMENT,CITY,False,False,17.5,False,OS,Tax Exempt - Government,readiness/data/geometry/08224020040000.geojson,cadastre_government_owned_parcels,https://services1.arcgis.com/99lidPhWCzftIe9K/arcgis/rest/services/cadastre_government_owned_parcels/FeatureServer/0/query,2026-09-25
08224260010000,SALT LAKE CITY CORPORATION,CITY,False,False,2.0,False,M-1,Tax Exempt - Government,readiness/data/geometry/08224260010000.geojson,cadastre_government_owned_parcels,https://services1.arcgis.com/99lidPhWCzftIe9K/arcgis/rest/services/cadastre_government_owned_parcels/FeatureServer/0/query,2026-09-25
08224280010000,SALT LAKE CITY - PROPERTY MANAGEMENT,CITY,False,False,21.0,False,OS,Commercial,readiness/data/geometry/08224280010000.geojson,cadastre_government_owned_parcels,https://services1.arcgis.com/99lidPhWCzftIe9K/arcgis/rest/services/cadastre_government_owned_parcels/FeatureServer/0/query,2026-09-25
08224510010000,SALT LAKE CITY - PROPERTY MANAGEMENT,CITY,False,False,5.3,False,OS,Tax Exempt - Government,readiness/data/geometry/08224510010000.geojson,cadastre_government_owned_parcels,https://services1.arcgis.com/99lidPhWCzftIe9K/arcgis/rest/services/cadastre_government_owned_parcels/FeatureServer/0/query,2026-09-25
08224510040000,SALT LAKE CITY CORP - PROPERTY MANAGEMENT,CITY,False,False,12.0,False,UNKNOWN,Tax Exempt - Government,readiness/data/geometry/08224510040000.geojson,cadastre_government_owned_parcels,https://services1.arcgis.com/99lidPhWCzftIe9K/arcgis/rest/services/cadastre_government_owned_parcels/FeatureServer/0/query,2026-09-25
08224510050000,SALT LAKE CITY CORP - PROPERTY MANAGEMENT,CITY,False,False,5.2,False,OS,Tax Exempt - Government,readiness/data/geometry/08224510050000.geojson,cadastre_government_owned_parcels,https://services1.arcgis.com/99lidPhWCzftIe9K/arcgis/rest/services/cadastre_government_owned_parcels/FeatureServer/0/query,2026-09-25
08224520070000,"SALT LAKE CITY, CORP - PROPERTY MANAGEMENT",CITY,False,False,0.1,False,OS,Tax Exempt - Government,readiness/data/geometry/08224520070000.geojson,cadastre_government_owned_parcels,https://services1.arcgis.com/99lidPhWCzftIe9K/arcgis/rest/services/cadastre_government_owned_parcels/FeatureServer/0/query,2026-09-25
08224760010000,SALT LAKE CITY CORPORATION - PROPERTY MANAGEMENT,CITY,False,False,6.9,False,OS,Commercial,readiness/data/geometry/08224760010000.geojson,cadastre_government_owned_parcels,https://services1.arcgis.com/99lidPhWCzftIe9K/arcgis/rest/services/cadastre_government_owned_parcels/FeatureServer/0/query,2026-09-25
08224760020000,SALT LAKE CITY CORPORATION - PROPERTY MANAGEMENT,CITY,False,False,31.9,False,OS,Commercial,readiness/data/geometry/08224760020000.geojson,cadastre_government_owned_parcels,https://services1.arcgis.com/99lidPhWCzftIe9K/arcgis/rest/services/cadastre_government_owned_parcels/FeatureServer/0/query,2026-09-25
08231000240000,SALT LAKE CITY - PROPERTY MANAGEMENT,CITY,False,False,0.3,False,M-1,Tax Exempt - Government,readiness/data/geometry/08231000240000.geojson,cadastre_government_owned_parcels,https://services1.arcgis.com/99lidPhWCzftIe9K/arcgis/rest/services/cadastre_government_owned_parcels/FeatureServer/0/query,2026-09-25
08233010010000,SALT LAKE CITY - PROPERTY MANAGEMENT,CITY,False,False,2.0,False,OS,Tax Exempt - Government,readiness/data/geometry/08233010010000.geojson,cadastre_government_owned_parcels,https://services1.arcgis.com/99lidPhWCzftIe9K/arcgis/rest/services/cadastre_government_owned_parcels/FeatureServer/0/query,2026-09-25
08233010010000,SALT LAKE CITY - PROPERTY MANAGEMENT,CITY,False,False,2.0,False,OS,Tax Exempt - Government,readiness/data/geometry/08233010010000.geojson,cadastre_government_owned_parcels,https://services1.arcgis.com/99lidPhWCzftIe9K/arcgis/rest/services/cadastre_government_owned_parcels/FeatureServer/0/query,2026-09-25
08233260010000,SALT LAKE CITY CORP - PROPERTY MANAGEMENT,CITY,False,False,2.0,False,M-1,Tax Exempt - Government,readiness/data/geometry/08233260010000.geojson,cadastre_government_owned_parcels,https://services1.arcgis.com/99lidPhWCzftIe9K/arcgis/rest/services/cadastre_government_owned_parcels/FeatureServer/0/query,2026-09-25
08233270010000,SALT LAKE CITY CORP - PROPERTY MANAGEMENT,CITY,False,False,0.4,False,M-1,Tax Exempt - Government,readiness/data/geometry/08233270010000.geojson,cadastre_government_owned_parcels,https://services1.arcgis.com/99lidPhWCzftIe9K/arcgis/rest/services/cadastre_government_owned_parcels/FeatureServer/0/query,2026-09-25
08233510030000,SALT LAKE CITY - PROPERTY MANAGEMENT,CITY,False,False,12.6,False,OS,Commercial,readiness/data/geometry/08233510030000.geojson,cadastre_government_owned_parcels,https://services1.arcgis.com/99lidPhWCzftIe9K/arcgis/rest/services/cadastre_government_owned_parcels/FeatureServer/0/query,2026-09-25
08233760040000,STATE ROAD COMMISSION OF UTAH - UDOT RIGHT OF WAY,STATE,True,False,1.2,False,UNKNOWN,Tax Exempt - Government,readiness/data/geometry/08233760040000.geojson,cadastre_government_owned_parcels,https://services1.arcgis.com/99lidPhWCzftIe9K/arcgis/rest/services/cadastre_government_owned_parcels/FeatureServer/0/query,2026-09-25
08233770020000,STATE ROAD COMMISSION OF UTAH - UDOT RIGHT OF WAY,STATE,True,False,0.6,False,UNKNOWN,Tax Exempt - Government,readiness/data/geometry/08233770020000.geojson,cadastre_government_owned_parcels,https://services1.arcgis.com/99lidPhWCzftIe9K/arcgis/rest/services/cadastre_government_owned_parcels/FeatureServer/0/query,2026-09-25
08234260120000,SALT LAKE COUNTY - REAL ESTATE DEPT # S3200,COUNTY,False,False,0.0,True,M-1,Tax Exempt - Government,readiness/data/geometry/08234260120000.geojson,cadastre_government_owned_parcels,https://services1.arcgis.com/99lidPhWCzftIe9K/arcgis/rest/services/cadastre_government_owned_parcels/FeatureServer/0/query,2026-09-25
08234520030000,SALT LAKE CITY CORP - PROPERTY MANAGEMENT,CITY,False,False,0.2,False,UNKNOWN,Tax Exempt - Government,readiness/data/geometry/08234520030000.geojson,cadastre_government_owned_parcels,https://services1.arcgis.com/99lidPhWCzftIe9K/arcgis/rest/services/cadastre_government_owned_parcels/FeatureServer/0/query,2026-09-25
08234540030000,SALT LAKE CITY - PROPERTY MANAGEMENT,CITY,False,False,0.0,True,M-2,Tax Exempt - Government,readiness/data/geometry/08234540030000.geojson,cadastre_government_owned_parcels,https://services1.arcgis.com/99lidPhWCzftIe9K/arcgis/rest/services/cadastre_government_owned_parcels/FeatureServer/0/query,2026-09-25
08234540060000,SALT LAKE CITY CORPORATION,CITY,False,False,0.3,False,M-2,Tax Exempt - Government,readiness/data/geometry/08234540060000.geojson,cadastre_government_owned_parcels,https://services1.arcgis.com/99lidPhWCzftIe9K/arcgis/rest/services/cadastre_government_owned_parcels/FeatureServer/0/query,2026-09-25
08234570010000,SALT LAKE CITY CORPORATION - PUBLIC UTILITIES,CITY,False,False,0.1,False,M-2,Vacant,readiness/data/geometry/08234570010000.geojson,cadastre_government_owned_parcels,https://services1.arcgis.com/99lidPhWCzftIe9K/arcgis/rest/services/cadastre_government_owned_parcels/FeatureServer/0/query,2026-09-25
08234570160000,SALT LAKE CITY CORPORATION - PUBLIC UTILITIES,CITY,False,False,0.1,False,M-2,Vacant,readiness/data/geometry/08234570160000.geojson,cadastre_government_owned_parcels,https://services1.arcgis.com/99lidPhWCzftIe9K/arcgis/rest/services/cadastre_government_owned_parcels/FeatureServer/0/query,2026-09-25
08234770050000,SALT LAKE CITY CORPORATION - PROPERTY MANAGEMENT,CITY,False,False,0.6,False,M-2,Vacant,readiness/data/geometry/08234770050000.geojson,cadastre_government_owned_parcels,https://services1.arcgis.com/99lidPhWCzftIe9K/arcgis/rest/services/cadastre_government_owned_parcels/FeatureServer/0/query,2026-09-25
08241000040000,SALT LAKE CITY CORPORATION - PROPERTY MANAGEMENT,CITY,False,False,3.5,False,NOS,Tax Exempt - Government,readiness/data/geometry/08241000040000.geojson,cadastre_government_owned_parcels,https://services1.arcgis.com/99lidPhWCzftIe9K/arcgis/rest/services/cadastre_government_owned_parcels/FeatureServer/0/query,2026-09-25
08242000020000,STATE ROAD COMMISSION OF UTAH - UDOT RIGHT OF WAY,STATE,True,False,1.0,False,OS,Tax Exempt - Government,readiness/data/geometry/08242000020000.geojson,cadastre_government_owned_parcels,https://services1.arcgis.com/99lidPhWCzftIe9K/arcgis/rest/services/cadastre_government_owned_parcels/FeatureServer/0/query,2026-09-25
08243000060000,SALT LAKE CITY CORPORATION - REAL ESTATE SERVICES,CITY,False,False,10.8,False,OS,Tax Exempt - Government,readiness/data/geometry/08243000060000.geojson,cadastre_government_owned_parcels,https://services1.arcgis.com/99lidPhWCzftIe9K/arcgis/rest/services/cadastre_government_owned_parcels/FeatureServer/0/query,2026-09-25
08243000220000,SALT LAKE CITY CORPORATION - PROPERTY MANAGEMENT,CITY,False,False,21.0,False,OS,Tax Exempt - Government,readiness/data/geometry/08243000220000.geojson,cadastre_government_owned_parcels,https://services1.arcgis.com/99lidPhWCzftIe9K/arcgis/rest/services/cadastre_government_owned_parcels/FeatureServer/0/query,2026-09-25
08244000050000,SALT LAKE CITY CORP - PROPERTY MANAGEMENT,CITY,False,False,196.2,False,OS,Tax Exempt - Government,readiness/data/geometry/08244000050000.geojson,cadastre_government_owned_parcels,https://services1.arcgis.com/99lidPhWCzftIe9K/arcgis/rest/services/cadastre_government_owned_parcels/FeatureServer/0/query,2026-09-25
08244000060000,SALT LAKE CITY CORPORATION - PROPERTY MANAGEMENT,CITY,False,False,40.0,False,OS,Vacant,readiness/data/geometry/08244000060000.geojson,cadastre_government_owned_parcels,https://services1.arcgis.com/99lidPhWCzftIe9K/arcgis/rest/services/cadastre_government_owned_parcels/FeatureServer/0/query,2026-09-25
08251770010000,STATE ROAD COMMISSION OF UTAH - UDOT RIGHT OF WAY,STATE,True,False,0.3,False,CC,Tax Exempt - Government,readiness/data/geometry/08251770010000.geojson,cadastre_government_owned_parcels,https://services1.arcgis.com/99lidPhWCzftIe9K/arcgis/rest/services/cadastre_government_owned_parcels/FeatureServer/0/query,2026-09-25
08251770070000,SALT LAKE CITY CORPORATION - PROPERTY MANAGEMENT,CITY,False,False,0.0,True,CC,Tax Exempt - Government,readiness/data/geometry/08251770070000.geojson,cadastre_government_owned_parcels,https://services1.arcgis.com/99lidPhWCzftIe9K/arcgis/rest/services/cadastre_government_owned_parcels/FeatureServer/0/query,2026-09-25
08252000020000,SALT LAKE CITY CORP - PROPERTY MANAGEMENT,CITY,False,False,37.6,False,OS,Tax Exempt - Government,readiness/data/geometry/08252000020000.geojson,cadastre_government_owned_parcels,https://services1.arcgis.com/99lidPhWCzftIe9K/arcgis/rest/services/cadastre_government_owned_parcels/FeatureServer/0/query,2026-09-25
08252000100000,SALT LAKE CITY CORP - PROPERTY MANAGEMENT,CITY,False,False,21.9,False,OS,Tax Exempt - Government,readiness/data/geometry/08252000100000.geojson,cadastre_government_owned_parcels,https://services1.arcgis.com/99lidPhWCzftIe9K/arcgis/rest/services/cadastre_government_owned_parcels/FeatureServer/0/query,2026-09-25
08252780010000,SALT LAKE CITY CORPORATION - PROPERTY MANAGEMENT,CITY,False,False,8.9,False,FR-2,Tax Exempt - Government,readiness/data/geometry/08252780010000.geojson,cadastre_government_owned_parcels,https://services1.arcgis.com/99lidPhWCzftIe9K/arcgis/rest/services/cadastre_government_owned_parcels/FeatureServer/0/query,2026-09-25
08253260150000,SALT LAKE CITY CORPORATION - PROPERTY MANAGEMENT,CITY,False,False,0.3,False,M-1,Tax Exempt - Government,readiness/data/geometry/08253260150000.geojson,cadastre_government_owned_parcels,https://services1.arcgis.com/99lidPhWCzftIe9K/arcgis/rest/services/cadastre_government_owned_parcels/FeatureServer/0/query,2026-09-25
08253260180000,UTAH TRANSIT AUTHORITY - PROPERTY MANAGEMENT,UTA,False,False,20.5,False,M-2,Tax Exempt - Government,readiness/data/geometry/08253260180000.geojson,cadastre_government_owned_parcels,https://services1.arcgis.com/99lidPhWCzftIe9K/arcgis/rest/services/cadastre_government_owned_parcels/FeatureServer/0/query,2026-09-25
08253260220000,UTAH TRANSIT AUTHORITY - PROPERTY MANAGEMENT,UTA,False,False,0.4,False,M-2,Tax Exempt - Government,readiness/data/geometry/08253260220000.geojson,cadastre_government_owned_parcels,https://services1.arcgis.com/99lidPhWCzftIe9K/arcgis/rest/services/cadastre_government_owned_parcels/FeatureServer/0/query,2026-09-25
08253280050000,SALT LAKE CITY CORPORATION - PROPERTY MANAGEMENT,CITY,False,False,0.1,False,M-1,Tax Exempt - Government,readiness/data/geometry/08253280050000.geojson,cadastre_government_owned_parcels,https://services1.arcgis.com/99lidPhWCzftIe9K/arcgis/rest/services/cadastre_government_owned_parcels/FeatureServer/0/query,2026-09-25
08253760140000,SALT LAKE CITY CORPORATION - PROPERTY MANAGEMENT,CITY,False,False,1.2,False,M-1,Vacant,readiness/data/geometry/08253760140000.geojson,cadastre_government_owned_parcels,https://services1.arcgis.com/99lidPhWCzftIe9K/arcgis/rest/services/cadastre_government_owned_parcels/FeatureServer/0/query,2026-09-25
08253760190000,SALT LAKE CITY CORP - PROPERTY MANAGEMENT,CITY,False,False,0.7,False,M-1,Vacant,readiness/data/geometry/08253760190000.geojson,cadastre_government_owned_parcels,https://services1.arcgis.com/99lidPhWCzftIe9K/arcgis/rest/services/cadastre_government_owned_parcels/FeatureServer/0/query,2026-09-25
08253760600000,UTAH TRANSIT AUTHORITY - REAL ESTATE DEPARTMENT,UTA,False,False,0.4,False,M-2,Vacant,readiness/data/geometry/08253760600000.geojson,cadastre_government_owned_parcels,https://services1.arcgis.com/99lidPhWCzftIe9K/arcgis/rest/services/cadastre_government_owned_parcels/FeatureServer/0/query,2026-09-25
08253780110000,SALT LAKE COUNTY - REAL ESTATE DEPT # S3200,COUNTY,False,False,0.0,True,MU,Tax Exempt - Government,readiness/data/geometry/08253780110000.geojson,cadastre_government_owned_parcels,https://services1.arcgis.com/99lidPhWCzftIe9K/arcgis/rest/services/cadastre_government_owned_parcels/FeatureServer/0/query,2026-09-25
08253780330000,SALT LAKE COUNTY - REAL ESTATE DEPARTMENT,COUNTY,False,False,0.2,False,MU,Tax Exempt - Government,readiness/data/geometry/08253780330000.geojson,cadastre_government_owned_parcels,https://services1.arcgis.com/99lidPhWCzftIe9K/arcgis/rest/services/cadastre_government_owned_parcels/FeatureServer/0/query,2026-09-25
08254030010000,SALT LAKE CITY CORPORATION - PROPERTY MANAGEMENT,CITY,False,False,20.1,False,OS,Tax Exempt - Government,readiness/data/geometry/08254030010000.geojson,cadastre_government_owned_parcels,https://services1.arcgis.com/99lidPhWCzftIe9K/arcgis/rest/services/cadastre_government_owned_parcels/FeatureServer/0/query,2026-09-25
08254260040000,SALT LAKE CITY CORP - PROPERTY MANAGEMENT,CITY,False,False,0.0,True,FR-3,Tax Exempt - Government,readiness/data/geometry/08254260040000.geojson,cadastre_government_owned_parcels,https://services1.arcgis.com/99lidPhWCzftIe9K/arcgis/rest/services/cadastre_government_owned_parcels/FeatureServer/0/query,2026-09-25
08254280010000,SALT LAKE CITY CORPORATION - PROPERTY MANAGEMENT,CITY,False,False,7.1,False,FR-2,Tax Exempt - Government,readiness/data/geometry/08254280010000.geojson,cadastre_government_owned_parcels,https://services1.arcgis.com/99lidPhWCzftIe9K/arcgis/rest/services/cadastre_government_owned_parcels/FeatureServer/0/query,2026-09-25
08254550330000,SALT LAKE COUNTY - REAL ESTATE DEPT # S3200,COUNTY,False,False,0.0,True,SR-1A,Tax Exempt - Government,readiness/data/geometry/08254550330000.geojson,cadastre_government_owned_parcels,https://services1.arcgis.com/99lidPhWCzftIe9K/arcgis/rest/services/cadastre_government_owned_parcels/FeatureServer/0/query,2026-09-25
08254790010000,SALT LAKE COUNTY - REAL ESTATE DEPT # S3200,COUNTY,False,False,0.2,False,SR-1A,Tax Exempt - Government,readiness/data/geometry/08254790010000.geojson,cadastre_government_owned_parcels,https://services1.arcgis.com/99lidPhWCzftIe9K/arcgis/rest/services/cadastre_government_owned_parcels/FeatureServer/0/query,2026-09-25
08254790020000,STATE ROAD COMMISSION OF UTAH - UDOT RIGHT OF WAY,STATE,True,False,0.1,False,SR-1A,Tax Exempt - Government,readiness/data/geometry/08254790020000.geojson,cadastre_government_owned_parcels,https://services1.arcgis.com/99lidPhWCzftIe9K/arcgis/rest/services/cadastre_government_owned_parcels/FeatureServer/0/query,2026-09-25
08254800020000,STATE ROAD COMMISSION OF UTAH - UDOT RIGHT OF WAY,STATE,True,False,2.5,False,UNKNOWN,Tax Exempt - Government,readiness/data/geometry/08254800020000.geojson,cadastre_government_owned_parcels,https://services1.arcgis.com/99lidPhWCzftIe9K/arcgis/rest/services/cadastre_government_owned_parcels/FeatureServer/0/query,2026-09-25
08254800020000,STATE ROAD COMMISSION OF UTAH - UDOT RIGHT OF WAY,STATE,True,False,2.5,False,UNKNOWN,Tax Exempt - Government,readiness/data/geometry/08254800020000.geojson,cadastre_government_owned_parcels,https://services1.arcgis.com/99lidPhWCzftIe9K/arcgis/rest/services/cadastre_government_owned_parcels/FeatureServer/0/query,2026-09-25
08254800030000,STATE ROAD COMMISSION OF UTAH - UDOT RIGHT OF WAY,STATE,True,False,1.6,False,UNKNOWN,Tax Exempt - Government,readiness/data/geometry/08254800030000.geojson,cadastre_government_owned_parcels,https://services1.arcgis.com/99lidPhWCzftIe9K/arcgis/rest/services/cadastre_government_owned_parcels/FeatureServer/0/query,2026-09-25
08254810020000,SALT LAKE CITY CORP - PROPERTY MANAGEMENT,CITY,False,False,0.1,False,OS,Tax Exempt - Government,readiness/data/geometry/08254810020000.geojson,cadastre_government_owned_parcels,https://services1.arcgis.com/99lidPhWCzftIe9K/arcgis/rest/services/cadastre_government_owned_parcels/FeatureServer/0/query,2026-09-25
08254820010000,SALT LAKE CITY - PROPERTY MANAGEMENT,CITY,False,False,0.2,False,OS,Tax Exempt - Government,readiness/data/geometry/08254820010000.geojson,cadastre_government_owned_parcels,https://services1.arcgis.com/99lidPhWCzftIe9K/arcgis/rest/services/cadastre_government_owned_parcels/FeatureServer/0/query,2026-09-25
08254820020000,SALT LAKE CITY - PROPERTY MANAGEMENT,CITY,False,False,0.3,False,OS,Tax Exempt - Government,readiness/data/geometry/08254820020000.geojson,cadastre_government_owned_parcels,https://services1.arcgis.com/99lidPhWCzftIe9K/arcgis/rest/services/cadastre_government_owned_parcels/FeatureServer/0/query,2026-09-25
08254820030000,SALT LAKE CITY - PROPERTY MANAGEMENT,CITY,False,False,0.8,False,OS,Tax Exempt - Government,readiness/data/geometry/08254820030000.geojson,cadastre_government_owned_parcels,https://services1.arcgis.com/99lidPhWCzftIe9K/arcgis/rest/services/cadastre_government_owned_parcels/FeatureServer/0/query,2026-09-25
08254820030000,SALT LAKE CITY - PROPERTY MANAGEMENT,CITY,False,False,0.8,False,OS,Tax Exempt - Government,readiness/data/geometry/08254820030000.geojson,cadastre_government_owned_parcels,https://services1.arcgis.com/99lidPhWCzftIe9K/arcgis/rest/services/cadastre_government_owned_parcels/FeatureServer/0/query,2026-09-25
08261780432000,SALT LAKE CITY CORPORATION,CITY,False,False,0.2,False,R-1-5000,Residential,readiness/data/geometry/08261780432000.geojson,cadastre_government_owned_parcels,https://services1.arcgis.com/99lidPhWCzftIe9K/arcgis/rest/services/cadastre_government_owned_parcels/FeatureServer/0/query,2026-09-25
08262030190000,SALT LAKE CITY CORPORATION,CITY,False,False,0.2,False,R-1-7000,Residential,readiness/data/geometry/08262030190000.geojson,cadastre_government_owned_parcels,https://services1.arcgis.com/99lidPhWCzftIe9K/arcgis/rest/services/cadastre_government_owned_parcels/FeatureServer/0/query,2026-09-25
08262030210000,STATE ROAD COMMISSION OF UTAH - UDOT RIGHT OF WAY,STATE,True,False,0.3,False,UNKNOWN,Tax Exempt,readiness/data/geometry/08262030210000.geojson,cadastre_government_owned_parcels,https://services1.arcgis.com/99lidPhWCzftIe9K/arcgis/rest/services/cadastre_government_owned_parcels/FeatureServer/0/query,2026-09-25
08262030210000,STATE ROAD COMMISSION OF UTAH - UDOT RIGHT OF WAY,STATE,True,False,0.3,False,UNKNOWN,Tax Exempt,readiness/data/geometry/08262030210000.geojson,cadastre_government_owned_parcels,https://services1.arcgis.com/99lidPhWCzftIe9K/arcgis/rest/services/cadastre_government_owned_parcels/FeatureServer/0/query,2026-09-25
08262030220000,STATE ROAD COMMISSION OF UTAH - UDOT RIGHT OF WAY,STATE,True,False,1.1,False,UNKNOWN,Tax Exempt,readiness/data/geometry/08262030220000.geojson,cadastre_government_owned_parcels,https://services1.arcgis.com/99lidPhWCzftIe9K/arcgis/rest/services/cadastre_government_owned_parcels/FeatureServer/0/query,2026-09-25
08262030220000,STATE ROAD COMMISSION OF UTAH - UDOT RIGHT OF WAY,STATE,True,False,1.1,False,UNKNOWN,Tax Exempt,readiness/data/geometry/08262030220000.geojson,cadastre_government_owned_parcels,https://services1.arcgis.com/99lidPhWCzftIe9K/arcgis/rest/services/cadastre_government_owned_parcels/FeatureServer/0/query,2026-09-25
08262030220000,STATE ROAD COMMISSION OF UTAH - UDOT RIGHT OF WAY,STATE,True,False,1.1,False,UNKNOWN,Tax Exempt,readiness/data/geometry/08262030220000.geojson,cadastre_government_owned_parcels,https://services1.arcgis.com/99lidPhWCzftIe9K/arcgis/rest/services/cadastre_government_owned_parcels/FeatureServer/0/query,2026-09-25
08262030220000,STATE ROAD COMMISSION OF UTAH - UDOT RIGHT OF WAY,STATE,True,False,1.1,False,UNKNOWN,Tax Exempt,readiness/data/geometry/08262030220000.geojson,cadastre_government_owned_parcels,https://services1.arcgis.com/99lidPhWCzftIe9K/arcgis/rest/services/cadastre_government_owned_parcels/FeatureServer/0/query,2026-09-25
08262030220000,STATE ROAD COMMISSION OF UTAH - UDOT RIGHT OF WAY,STATE,True,False,1.1,False,UNKNOWN,Tax Exempt,readiness/data/geometry/08262030220000.geojson,cadastre_government_owned_parcels,https://services1.arcgis.com/99lidPhWCzftIe9K/arcgis/rest/services/cadastre_government_owned_parcels/FeatureServer/0/query,2026-09-25
08262030220000,STATE ROAD COMMISSION OF UTAH - UDOT RIGHT OF WAY,STATE,True,False,1.1,False,UNKNOWN,Tax Exempt,readiness/data/geometry/08262030220000.geojson,cadastre_government_owned_parcels,https://services1.arcgis.com/99lidPhWCzftIe9K/arcgis/rest/services/cadastre_government_owned_parcels/FeatureServer/0/query,2026-09-25
08262030230000,STATE ROAD COMMISSION OF UTAH - UDOT RIGHT OF WAY,STATE,True,False,0.3,False,UNKNOWN,Tax Exempt,readiness/data/geometry/08262030230000.geojson,cadastre_government_owned_parcels,https://services1.arcgis.com/99lidPhWCzftIe9K/arcgis/rest/services/cadastre_government_owned_parcels/FeatureServer/0/query,2026-09-25
08262030230000,STATE ROAD COMMISSION OF UTAH - UDOT RIGHT OF WAY,STATE,True,False,0.3,False,UNKNOWN,Tax Exempt,readiness/data/geometry/08262030230000.geojson,cadastre_government_owned_parcels,https://services1.arcgis.com/99lidPhWCzftIe9K/arcgis/rest/services/cadastre_government_owned_parcels/FeatureServer/0/query,2026-09-25
08262030240000,STATE ROAD COMMISSION OF UTAH - UDOT RIGHT OF WAY,STATE,True,False,0.2,False,UNKNOWN,Tax Exempt,readiness/data/geometry/08262030240000.geojson,cadastre_government_owned_parcels,https://services1.arcgis.com/99lidPhWCzftIe9K/arcgis/rest/services/cadastre_government_owned_parcels/FeatureServer/0/query,2026-09-25
08262030250000,STATE ROAD COMMISSION OF UTAH - UDOT RIGHT OF WAY,STATE,True,False,0.2,False,UNKNOWN,Tax Exempt,readiness/data/geometry/08262030250000.geojson,cadastre_government_owned_parcels,https://services1.arcgis.com/99lidPhWCzftIe9K/arcgis/rest/services/cadastre_government_owned_parcels/FeatureServer/0/query,2026-09-25
08262030260000,STATE ROAD COMMISSION OF UTAH - UDOT RIGHT OF WAY,STATE,True,False,0.1,False,UNKNOWN,Tax Exempt,readiness/data/geometry/08262030260000.geojson,cadastre_government_owned_parcels,https://services1.arcgis.com/99lidPhWCzftIe9K/arcgis/rest/services/cadastre_government_owned_parcels/FeatureServer/0/query,2026-09-25
08262030270000,STATE ROAD COMMISSION OF UTAH - UDOT RIGHT OF WAY,STATE,True,False,0.1,False,UNKNOWN,Tax Exempt,readiness/data/geometry/08262030270000.geojson,cadastre_government_owned_parcels,https://services1.arcgis.com/99lidPhWCzftIe9K/arcgis/rest/services/cadastre_government_owned_parcels/FeatureServer/0/query,2026-09-25
08262030280000,STATE ROAD COMMISSION OF UTAH - UDOT RIGHT OF WAY,STATE,True,False,0.1,False,UNKNOWN,Tax Exempt,readiness/data/geometry/08262030280000.geojson,cadastre_government_owned_parcels,https://services1.arcgis.com/99lidPhWCzftIe9K/arcgis/rest/services/cadastre_government_owned_parcels/FeatureServer/0/query,2026-09-25
08262030290000,STATE ROAD COMMISSION OF UTAH - UDOT RIGHT OF WAY,STATE,True,False,0.1,False,UNKNOWN,Tax Exempt,readiness/data/geometry/08262030290000.geojson,cadastre_government_owned_parcels,https://services1.arcgis.com/99lidPhWCzftIe9K/arcgis/rest/services/cadastre_government_owned_parcels/FeatureServer/0/query,2026-09-25
08262030300000,STATE ROAD COMMISSION OF UTAH - UDOT RIGHT OF WAY,STATE,True,False,0.1,False,UNKNOWN,Tax Exempt,readiness/data/geometry/08262030300000.geojson,cadastre_government_owned_parcels,https://services1.arcgis.com/99lidPhWCzftIe9K/arcgis/rest/services/cadastre_government_owned_parcels/FeatureServer/0/query,2026-09-25
08262030310000,STATE ROAD COMMISSION OF UTAH - UDOT RIGHT OF WAY,STATE,True,False,0.2,False,UNKNOWN,Tax Exempt,readiness/data/geometry/08262030310000.geojson,cadastre_government_owned_parcels,https://services1.arcgis.com/99lidPhWCzftIe9K/arcgis/rest/services/cadastre_government_owned_parcels/FeatureServer/0/query,2026-09-25
08262030320000,STATE ROAD COMMISSION OF UTAH - UDOT RIGHT OF WAY,STATE,True,False,0.2,False,UNKNOWN,Tax Exempt,readiness/data/geometry/08262030320000.geojson,cadastre_government_owned_parcels,https://services1.arcgis.com/99lidPhWCzftIe9K/arcgis/rest/services/cadastre_government_owned_parcels/FeatureServer/0/query,2026-09-25
08262030330000,STATE ROAD COMMISSION OF UTAH - UDOT RIGHT OF WAY,STATE,True,False,0.1,False,UNKNOWN,Tax Exempt,readiness/data/geometry/08262030330000.geojson,cadastre_government_owned_parcels,https://services1.arcgis.com/99lidPhWCzftIe9K/arcgis/rest/services/cadastre_government_owned_parcels/FeatureServer/0/query,2026-09-25
08262030340000,STATE ROAD COMMISSION OF UTAH - UDOT RIGHT OF WAY,STATE,True,False,0.2,False,UNKNOWN,Tax Exempt,readiness/data/geometry/08262030340000.geojson,cadastre_government_owned_parcels,https://services1.arcgis.com/99lidPhWCzftIe9K/arcgis/rest/services/cadastre_government_owned_parcels/FeatureServer/0/query,2026-09-25
08262040010000,STATE ROAD COMMISSION OF UTAH - UDOT RIGHT OF WAY,STATE,True,False,1.2,False,UNKNOWN,Tax Exempt,readiness/data/geometry/08262040010000.geojson,cadastre_government_owned_parcels,https://services1.arcgis.com/99lidPhWCzftIe9K/arcgis/rest/services/cadastre_government_owned_parcels/FeatureServer/0/query,2026-09-25
08262050010000,SALT LAKE COUNTY - REAL ESTATE DEPT # S3200,COUNTY,False,False,0.0,True,UNKNOWN,Tax Exempt,readiness/data/geometry/08262050010000.geojson,cadastre_government_owned_parcels,https://services1.arcgis.com/99lidPhWCzftIe9K/arcgis/rest/services/cadastre_government_owned_parcels/FeatureServer/0/query,2026-09-25
08262050020000,STATE ROAD COMMISSION OF UTAH - UDOT RIGHT OF WAY,STATE,True,False,2.7,False,UNKNOWN,Tax Exempt,readiness/data/geometry/08262050020000.geojson,cadastre_government_owned_parcels,https://services1.arcgis.com/99lidPhWCzftIe9K/arcgis/rest/services/cadastre_government_owned_parcels/FeatureServer/0/query,2026-09-25
08262060010000,STATE ROAD COMMISSION OF UTAH - UDOT RIGHT OF WAY,STATE,True,False,1.3,False,UNKNOWN,Tax Exempt,readiness/data/geometry/08262060010000.geojson,cadastre_government_owned_parcels,https://services1.arcgis.com/99lidPhWCzftIe9K/arcgis/rest/services/cadastre_government_owned_parcels/FeatureServer/0/query,2026-09-25
08262060020000,SALT LAKE COUNTY - REAL ESTATE DEPT # S3200,COUNTY,False,False,0.4,False,M-2,Tax Exempt,readiness/data/geometry/08262060020000.geojson,cadastre_government_owned_parcels,https://services1.arcgis.com/99lidPhWCzftIe9K/arcgis/rest/services/cadastre_government_owned_parcels/FeatureServer/0/query,2026-09-25
08262070010000,STATE ROAD COMMISSION OF UTAH - UDOT RIGHT OF WAY,STATE,True,False,0.8,False,UNKNOWN,Tax Exempt,readiness/data/geometry/08262070010000.geojson,cadastre_government_owned_parcels,https://services1.arcgis.com/99lidPhWCzftIe9K/arcgis/rest/services/cadastre_government_owned_parcels/FeatureServer/0/query,2026-09-25
08262070020000,STATE ROAD COMMISSION OF UTAH - UDOT RIGHT OF WAY,STATE,True,False,0.1,False,UNKNOWN,Tax Exempt,readiness/data/geometry/08262070020000.geojson,cadastre_government_owned_parcels,https://services1.arcgis.com/99lidPhWCzftIe9K/arcgis/rest/services/cadastre_government_owned_parcels/FeatureServer/0/query,2026-09-25
08262070030000,STATE ROAD COMMISSION OF UTAH - UDOT RIGHT OF WAY,STATE,True,False,0.2,False,UNKNOWN,Tax Exempt,readiness/data/geometry/08262070030000.geojson,cadastre_government_owned_parcels,https://services1.arcgis.com/99lidPhWCzftIe9K/arcgis/rest/services/cadastre_government_owned_parcels/FeatureServer/0/query,2026-09-25
08262070040000,STATE ROAD COMMISSION OF UTAH - UDOT RIGHT OF WAY,STATE,True,False,0.1,False,UNKNOWN,Tax Exempt,readiness/data/geometry/08262070040000.geojson,cadastre_government_owned_parcels,https://services1.arcgis.com/99lidPhWCzftIe9K/arcgis/rest/services/cadastre_government_owned_parcels/FeatureServer/0/query,2026-09-25
08262070050000,STATE ROAD COMMISSION OF UTAH - UDOT RIGHT OF WAY,STATE,True,False,0.1,False,UNKNOWN,Tax Exempt,readiness/data/geometry/08262070050000.geojson,cadastre_government_owned_parcels,https://services1.arcgis.com/99lidPhWCzftIe9K/arcgis/rest/services/cadastre_government_owned_parcels/FeatureServer/0/query,2026-09-25
08262070060000,STATE ROAD COMMISSION OF UTAH - UDOT RIGHT OF WAY,STATE,True,False,0.2,False,UNKNOWN,Tax Exempt,readiness/data/geometry/08262070060000.geojson,cadastre_government_owned_parcels,https://services1.arcgis.com/99lidPhWCzftIe9K/arcgis/rest/services/cadastre_government_owned_parcels/FeatureServer/0/query,2026-09-25
08262070070000,STATE ROAD COMMISSION OF UTAH - UDOT RIGHT OF WAY,STATE,True,False,0.1,False,UNKNOWN,Tax Exempt,readiness/data/geometry/08262070070000.geojson,cadastre_government_owned_parcels,https://services1.arcgis.com/99lidPhWCzftIe9K/arcgis/rest/services/cadastre_government_owned_parcels/FeatureServer/0/query,2026-09-25
08262070080000,STATE ROAD COMMISSION OF UTAH - UDOT RIGHT OF WAY,STATE,True,False,0.1,False,UNKNOWN,Tax Exempt,readiness/data/geometry/08262070080000.geojson,cadastre_government_owned_parcels,https://services1.arcgis.com/99lidPhWCzftIe9K/arcgis/rest/services/cadastre_government_owned_parcels/FeatureServer/0/query,2026-09-25
08262070090000,STATE ROAD COMMISSION OF UTAH - UDOT RIGHT OF WAY,STATE,True,False,0.2,False,M-2,Tax Exempt,readiness/data/geometry/08262070090000.geojson,cadastre_government_owned_parcels,https://services1.arcgis.com/99lidPhWCzftIe9K/arcgis/rest/services/cadastre_government_owned_parcels/FeatureServer/0/query,2026-09-25
08262520120000,STATE ROAD COMMISSION OF UTAH - UDOT RIGHT OF WAY,STATE,True,False,0.1,False,UNKNOWN,Tax Exempt - Government,readiness/data/geometry/08262520120000.geojson,cadastre_government_owned_parcels,https://services1.arcgis.com/99lidPhWCzftIe9K/arcgis/rest/services/cadastre_government_owned_parcels/FeatureServer/0/query,2026-09-25
08262520130000,STATE ROAD COMMISSION OF UTAH - UDOT RIGHT OF WAY,STATE,True,False,0.1,False,UNKNOWN,Tax Exempt - Government,readiness/data/geometry/08262520130000.geojson,cadastre_government_owned_parcels,https://services1.arcgis.com/99lidPhWCzftIe9K/arcgis/rest/services/cadastre_government_owned_parcels/FeatureServer/0/query,2026-09-25
08262520140000,STATE ROAD COMMISSION OF UTAH - UDOT RIGHT OF WAY,STATE,True,False,0.6,False,UNKNOWN,Tax Exempt - Government,readiness/data/geometry/08262520140000.geojson,cadastre_government_owned_parcels,https://services1.arcgis.com/99lidPhWCzftIe9K/arcgis/rest/services/cadastre_government_owned_parcels/FeatureServer/0/query,2026-09-25
08262520140000,STATE ROAD COMMISSION OF UTAH - UDOT RIGHT OF WAY,STATE,True,False,0.6,False,UNKNOWN,Tax Exempt - Government,readiness/data/geometry/08262520140000.geojson,cadastre_government_owned_parcels,https://services1.arcgis.com/99lidPhWCzftIe9K/arcgis/rest/services/cadastre_government_owned_parcels/FeatureServer/0/query,2026-09-25
08262520140000,STATE ROAD COMMISSION OF UTAH - UDOT RIGHT OF WAY,STATE,True,False,0.6,False,UNKNOWN,Tax Exempt - Government,readiness/data/geometry/08262520140000.geojson,cadastre_government_owned_parcels,https://services1.arcgis.com/99lidPhWCzftIe9K/arcgis/rest/services/cadastre_government_owned_parcels/FeatureServer/0/query,2026-09-25
08262520150000,STATE ROAD COMMISSION OF UTAH - UDOT RIGHT OF WAY,STATE,True,False,0.1,False,UNKNOWN,Tax Exempt - Government,readiness/data/geometry/08262520150000.geojson,cadastre_government_owned_parcels,https://services1.arcgis.com/99lidPhWCzftIe9K/arcgis/rest/services/cadastre_government_owned_parcels/FeatureServer/0/query,2026-09-25
08262520160000,STATE ROAD COMMISSION OF UTAH - UDOT RIGHT OF WAY,STATE,True,False,0.1,False,UNKNOWN,Tax Exempt - Government,readiness/data/geometry/08262520160000.geojson,cadastre_government_owned_parcels,https://services1.arcgis.com/99lidPhWCzftIe9K/arcgis/rest/services/cadastre_government_owned_parcels/FeatureServer/0/query,2026-09-25
08262520190000,STATE ROAD COMMISSION OF UTAH - UDOT RIGHT OF WAY,STATE,True,False,0.2,False,UNKNOWN,Tax Exempt - Government,readiness/data/geometry/08262520190000.geojson,cadastre_government_owned_parcels,https://services1.arcgis.com/99lidPhWCzftIe9K/arcgis/rest/services/cadastre_government_owned_parcels/FeatureServer/0/query,2026-09-25
08262520200000,STATE ROAD COMMISSION OF UTAH - UDOT RIGHT OF WAY,STATE,True,False,0.5,False,UNKNOWN,Tax Exempt - Government,readiness/data/geometry/08262520200000.geojson,cadastre_government_owned_parcels,https://services1.arcgis.com/99lidPhWCzftIe9K/arcgis/rest/services/cadastre_government_owned_parcels/FeatureServer/0/query,2026-09-25
08262520210000,STATE ROAD COMMISSION OF UTAH - UDOT RIGHT OF WAY,STATE,True,False,0.5,False,UNKNOWN,Commercial,readiness/data/geometry/08262520210000.geojson,cadastre_government_owned_parcels,https://services1.arcgis.com/99lidPhWCzftIe9K/arcgis/rest/services/cadastre_government_owned_parcels/FeatureServer/0/query,2026-09-25
08262520220000,STATE ROAD COMMISSION OF UTAH - UDOT RIGHT OF WAY,STATE,True,False,0.2,False,UNKNOWN,Tax Exempt - Government,readiness/data/geometry/08262520220000.geojson,cadastre_government_owned_parcels,https://services1.arcgis.com/99lidPhWCzftIe9K/arcgis/rest/services/cadastre_government_owned_parcels/FeatureServer/0/query,2026-09-25
08262530010000,STATE ROAD COMMISSION OF UTAH - UDOT RIGHT OF WAY,STATE,True,False,0.2,False,UNKNOWN,Tax Exempt - Government,readiness/data/geometry/08262530010000.geojson,cadastre_government_owned_parcels,https://services1.arcgis.com/99lidPhWCzftIe9K/arcgis/rest/services/cadastre_government_owned_parcels/FeatureServer/0/query,2026-09-25
08262530020000,STATE ROAD COMMISSION OF UTAH - UDOT RIGHT OF WAY,STATE,True,False,0.2,False,UNKNOWN,Tax Exempt - Government,readiness/data/geometry/08262530020000.geojson,cadastre_government_owned_parcels,https://services1.arcgis.com/99lidPhWCzftIe9K/arcgis/rest/services/cadastre_government_owned_parcels/FeatureServer/0/query,2026-09-25
08262530030000,STATE ROAD COMMISSION OF UTAH - UDOT RIGHT OF WAY,STATE,True,False,0.1,False,UNKNOWN,Tax Exempt - Government,readiness/data/geometry/08262530030000.geojson,cadastre_government_owned_parcels,https://services1.arcgis.com/99lidPhWCzftIe9K/arcgis/rest/services/cadastre_government_owned_parcels/FeatureServer/0/query,2026-09-25
08262530040000,STATE ROAD COMMISSION OF UTAH - UDOT RIGHT OF WAY,STATE,True,False,0.1,False,UNKNOWN,Tax Exempt - Government,readiness/data/geometry/08262530040000.geojson,cadastre_government_owned_parcels,https://services1.arcgis.com/99lidPhWCzftIe9K/arcgis/rest/services/cadastre_government_owned_parcels/FeatureServer/0/query,2026-09-25
08262530050000,STATE ROAD COMMISSION OF UTAH - UDOT RIGHT OF WAY,STATE,True,False,0.1,False,UNKNOWN,Tax Exempt - Government,readiness/data/geometry/08262530050000.geojson,cadastre_government_owned_parcels,https://services1.arcgis.com/99lidPhWCzftIe9K/arcgis/rest/services/cadastre_government_owned_parcels/FeatureServer/0/query,2026-09-25
08262530050000,STATE ROAD COMMISSION OF UTAH - UDOT RIGHT OF WAY,STATE,True,False,0.1,False,UNKNOWN,Tax Exempt - Government,readiness/data/geometry/08262530050000.geojson,cadastre_government_owned_parcels,https://services1.arcgis.com/99lidPhWCzftIe9K/arcgis/rest/services/cadastre_government_owned_parcels/FeatureServer/0/query,2026-09-25
08262530060000,STATE ROAD COMMISSION OF UTAH - UDOT RIGHT OF WAY,STATE,True,False,0.1,False,UNKNOWN,Tax Exempt - Government,readiness/data/geometry/08262530060000.geojson,cadastre_government_owned_parcels,https://services1.arcgis.com/99lidPhWCzftIe9K/arcgis/rest/services/cadastre_government_owned_parcels/FeatureServer/0/query,2026-09-25
08262530070000,STATE ROAD COMMISSION OF UTAH - UDOT RIGHT OF WAY,STATE,True,False,0.1,False,UNKNOWN,Commercial,readiness/data/geometry/08262530070000.geojson,cadastre_government_owned_parcels,https://services1.arcgis.com/99lidPhWCzftIe9K/arcgis/rest/services/cadastre_government_owned_parcels/FeatureServer/0/query,2026-09-25
08262530080000,STATE ROAD COMMISSION OF UTAH - UDOT RIGHT OF WAY,STATE,True,False,0.2,False,UNKNOWN,Tax Exempt - Government,readiness/data/geometry/08262530080000.geojson,cadastre_government_owned_parcels,https://services1.arcgis.com/99lidPhWCzftIe9K/arcgis/rest/services/cadastre_government_owned_parcels/FeatureServer/0/query,2026-09-25
08262530090000,STATE ROAD COMMISSION OF UTAH - UDOT RIGHT OF WAY,STATE,True,False,0.6,False,UNKNOWN,Tax Exempt - Government,readiness/data/geometry/08262530090000.geojson,cadastre_government_owned_parcels,https://services1.arcgis.com/99lidPhWCzftIe9K/arcgis/rest/services/cadastre_government_owned_parcels/FeatureServer/0/query,2026-09-25
08262530090000,STATE ROAD COMMISSION OF UTAH - UDOT RIGHT OF WAY,STATE,True,False,0.6,False,UNKNOWN,Tax Exempt - Government,readiness/data/geometry/08262530090000.geojson,cadastre_government_owned_parcels,https://services1.arcgis.com/99lidPhWCzftIe9K/arcgis/rest/services/cadastre_government_owned_parcels/FeatureServer/0/query,2026-09-25
08262530100000,STATE ROAD COMMISSION OF UTAH - UDOT RIGHT OF WAY,STATE,True,False,0.2,False,UNKNOWN,Tax Exempt - Government,readiness/data/geometry/08262530100000.geojson,cadastre_government_owned_parcels,https://services1.arcgis.com/99lidPhWCzftIe9K/arcgis/rest/services/cadastre_government_owned_parcels/FeatureServer/0/query,2026-09-25
08262530110000,STATE ROAD COMMISSION OF UTAH - UDOT RIGHT OF WAY,STATE,True,False,0.2,False,UNKNOWN,Tax Exempt - Government,readiness/data/geometry/08262530110000.geojson,cadastre_government_owned_parcels,https://services1.arcgis.com/99lidPhWCzftIe9K/arcgis/rest/services/cadastre_government_owned_parcels/FeatureServer/0/query,2026-09-25
08262530120000,STATE ROAD COMMISSION OF UTAH - UDOT RIGHT OF WAY,STATE,True,False,0.2,False,UNKNOWN,Tax Exempt - Government,readiness/data/geometry/08262530120000.geojson,cadastre_government_owned_parcels,https://services1.arcgis.com/99lidPhWCzftIe9K/arcgis/rest/services/cadastre_government_owned_parcels/FeatureServer/0/query,2026-09-25
08262530130000,STATE ROAD COMMISSION OF UTAH - UDOT RIGHT OF WAY,STATE,True,False,0.2,False,UNKNOWN,Tax Exempt - Government,readiness/data/geometry/08262530130000.geojson,cadastre_government_owned_parcels,https://services1.arcgis.com/99lidPhWCzftIe9K/arcgis/rest/services/cadastre_government_owned_parcels/FeatureServer/0/query,2026-09-25
08262550010000,STATE ROAD COMMISSION OF UTAH - UDOT RIGHT OF WAY,STATE,True,False,1.0,False,UNKNOWN,Tax Exempt - Government,readiness/data/geometry/08262550010000.geojson,cadastre_government_owned_parcels,https://services1.arcgis.com/99lidPhWCzftIe9K/arcgis/rest/services/cadastre_government_owned_parcels/FeatureServer/0/query,2026-09-25
08262550010000,STATE ROAD COMMISSION OF UTAH - UDOT RIGHT OF WAY,STATE,True,False,1.0,False,UNKNOWN,Tax Exempt - Government,readiness/data/geometry/08262550010000.geojson,cadastre_government_owned_parcels,https://services1.arcgis.com/99lidPhWCzftIe9K/arcgis/rest/services/cadastre_government_owned_parcels/FeatureServer/0/query,2026-09-25
08262550020000,STATE ROAD COMMISSION OF UTAH - UDOT RIGHT OF WAY,STATE,True,False,0.5,False,UNKNOWN,Tax Exempt - Government,readiness/data/geometry/08262550020000.geojson,cadastre_government_owned_parcels,https://services1.arcgis.com/99lidPhWCzftIe9K/arcgis/rest/services/cadastre_government_owned_parcels/FeatureServer/0/query,2026-09-25
08262550030000,STATE ROAD COMMISSION OF UTAH - UDOT RIGHT OF WAY,STATE,True,False,0.2,False,UNKNOWN,Tax Exempt - Government,readiness/data/geometry/08262550030000.geojson,cadastre_government_owned_parcels,https://services1.arcgis.com/99lidPhWCzftIe9K/arcgis/rest/services/cadastre_government_owned_parcels/FeatureServer/0/query,2026-09-25
08262550040000,STATE ROAD COMMISSION OF UTAH - UDOT RIGHT OF WAY,STATE,True,False,0.3,False,UNKNOWN,Tax Exempt,readiness/data/geometry/08262550040000.geojson,cadastre_government_owned_parcels,https://services1.arcgis.com/99lidPhWCzftIe9K/arcgis/rest/services/cadastre_government_owned_parcels/FeatureServer/0/query,2026-09-25
08262610010000,STATE ROAD COMMISSION OF UTAH - UDOT RIGHT OF WAY,STATE,True,False,0.2,False,UNKNOWN,Tax Exempt - Government,readiness/data/geometry/08262610010000.geojson,cadastre_government_owned_parcels,https://services1.arcgis.com/99lidPhWCzftIe9K/arcgis/rest/services/cadastre_government_owned_parcels/FeatureServer/0/query,2026-09-25
08262610020000,STATE ROAD COMMISSION OF UTAH - UDOT RIGHT OF WAY,STATE,True,False,0.2,False,UNKNOWN,Tax Exempt - Government,readiness/data/geometry/08262610020000.geojson,cadastre_government_owned_parcels,https://services1.arcgis.com/99lidPhWCzftIe9K/arcgis/rest/services/cadastre_government_owned_parcels/FeatureServer/0/query,2026-09-25
08262610030000,STATE ROAD COMMISSION OF UTAH - UDOT RIGHT OF WAY,STATE,True,False,0.6,False,UNKNOWN,Tax Exempt - Government,readiness/data/geometry/08262610030000.geojson,cadastre_government_owned_parcels,https://services1.arcgis.com/99lidPhWCzftIe9K/arcgis/rest/services/cadastre_government_owned_parcels/FeatureServer/0/query,2026-09-25
08262610030000,STATE ROAD COMMISSION OF UTAH - UDOT RIGHT OF WAY,STATE,True,False,0.6,False,UNKNOWN,Tax Exempt - Government,readiness/data/geometry/08262610030000.geojson,cadastre_government_owned_parcels,https://services1.arcgis.com/99lidPhWCzftIe9K/arcgis/rest/services/cadastre_government_owned_parcels/FeatureServer/0/query,2026-09-25
08262610040000,STATE ROAD COMMISSION OF UTAH - UDOT RIGHT OF WAY,STATE,True,False,0.2,False,UNKNOWN,Tax Exempt - Government,readiness/data/geometry/08262610040000.geojson,cadastre_government_owned_parcels,https://services1.arcgis.com/99lidPhWCzftIe9K/arcgis/rest/services/cadastre_government_owned_parcels/FeatureServer/0/query,2026-09-25
08262610050000,STATE ROAD COMMISSION OF UTAH - UDOT RIGHT OF WAY,STATE,True,False,0.2,False,UNKNOWN,Tax Exempt - Government,readiness/data/geometry/08262610050000.geojson,cadastre_government_owned_parcels,https://services1.arcgis.com/99lidPhWCzftIe9K/arcgis/rest/services/cadastre_government_owned_parcels/FeatureServer/0/query,2026-09-25
08262610060000,STATE OF UTAH (ROAD COMMISSION - UDOT RIGHT OF WAY,STATE,True,False,0.2,False,UNKNOWN,Tax Exempt - Government,readiness/data/geometry/08262610060000.geojson,cadastre_government_owned_parcels,https://services1.arcgis.com/99lidPhWCzftIe9K/arcgis/rest/services/cadastre_government_owned_parcels/FeatureServer/0/query,2026-09-25
08262610070000,STATE OF UTAH (ROAD COMMISSION - UDOT RIGHT OF WAY,STATE,True,False,0.3,False,UNKNOWN,Tax Exempt - Government,readiness/data/geometry/08262610070000.geojson,cadastre_government_owned_parcels,https://services1.arcgis.com/99lidPhWCzftIe9K/arcgis/rest/services/cadastre_government_owned_parcels/FeatureServer/0/query,2026-09-25
08263020280000,SALT LAKE COUNTY - REAL ESTATE DEPT,COUNTY,False,False,0.0,True,R-1-7000,Tax Exempt - Government,readiness/data/geometry/08263020280000.geojson,cadastre_government_owned_parcels,https://services1.arcgis.com/99lidPhWCzftIe9K/arcgis/rest/services/cadastre_government_owned_parcels/FeatureServer/0/query,2026-09-25
08263260020000,BOARD OF EDUCATION OF SALT LAK,SCHOOL_DISTRICT,False,False,8.1,False,PL,Tax Exempt - Government,readiness/data/geometry/08263260020000.geojson,cadastre_government_owned_parcels,https://services1.arcgis.com/99lidPhWCzftIe9K/arcgis/rest/services/cadastre_government_owned_parcels/FeatureServer/0/query,2026-09-25
08263800040000,SALT LAKE CITY CORP - PROPERTY MANAGEMENT,CITY,False,False,0.6,False,OS,Tax Exempt,readiness/data/geometry/08263800040000.geojson,cadastre_government_owned_parcels,https://services1.arcgis.com/99lidPhWCzftIe9K/arcgis/rest/services/cadastre_government_owned_parcels/FeatureServer/0/query,2026-09-25
09303520010000,SALT LAKE CITY - PROPERTY MANAGEMENT,CITY,False,False,1.3,False,OS,Tax Exempt - Government,readiness/data/geometry/09303520010000.geojson,cadastre_government_owned_parcels,https://services1.arcgis.com/99lidPhWCzftIe9K/arcgis/rest/services/cadastre_government_owned_parcels/FeatureServer/0/query,2026-09-25
09303520010000,SALT LAKE CITY - PROPERTY MANAGEMENT,CITY,False,False,1.3,False,OS,Tax Exempt - Government,readiness/data/geometry/09303520010000.geojson,cadastre_government_owned_parcels,https://services1.arcgis.com/99lidPhWCzftIe9K/arcgis/rest/services/cadastre_government_owned_parcels/FeatureServer/0/query,2026-09-25
09303760210000,SALT LAKE CITY CORPORATION - PROPERTY MANAGEMENT,CITY,False,False,10.0,False,R-1-7000,Tax Exempt - Government,readiness/data/geometry/09303760210000.geojson,cadastre_government_owned_parcels,https://services1.arcgis.com/99lidPhWCzftIe9K/arcgis/rest/services/cadastre_government_owned_parcels/FeatureServer/0/query,2026-09-25
09303760230000,SALT LAKE CITY CORPORATION - PROPERTY MANAGEMENT,CITY,False,False,0.1,False,R-1-7000,Tax Exempt - Government,readiness/data/geometry/09303760230000.geojson,cadastre_government_owned_parcels,https://services1.arcgis.com/99lidPhWCzftIe9K/arcgis/rest/services/cadastre_government_owned_parcels/FeatureServer/0/query,2026-09-25
09304020032000,SALT LAKE CITY CORPORATION - PROPERTY MANAGEMENT,CITY,False,False,241.5,False,OS,Tax Exempt - Government,readiness/data/geometry/09304020032000.geojson,cadastre_government_owned_parcels,https://services1.arcgis.com/99lidPhWCzftIe9K/arcgis/rest/services/cadastre_government_owned_parcels/FeatureServer/0/query,2026-09-25
09304020032000,SALT LAKE CITY CORPORATION - PROPERTY MANAGEMENT,CITY,False,False,241.5,False,OS,Tax Exempt - Government,readiness/data/geometry/09304020032000.geojson,cadastre_government_owned_parcels,https://services1.arcgis.com/99lidPhWCzftIe9K/arcgis/rest/services/cadastre_government_owned_parcels/FeatureServer/0/query,2026-09-25
09304020032000,SALT LAKE CITY CORPORATION - PROPERTY MANAGEMENT,CITY,False,False,241.5,False,OS,Tax Exempt - Government,readiness/data/geometry/09304020032000.geojson,cadastre_government_owned_parcels,https://services1.arcgis.com/99lidPhWCzftIe9K/arcgis/rest/services/cadastre_government_owned_parcels/FeatureServer/0/query,2026-09-25
09304020036000,SALT LAKE CITY CORPORATION - PROPERTY MANAGEMENT,CITY,False,False,241.5,False,OS,Tax Exempt - Government,readiness/data/geometry/09304020036000.geojson,cadastre_government_owned_parcels,https://services1.arcgis.com/99lidPhWCzftIe9K/arcgis/rest/services/cadastre_government_owned_parcels/FeatureServer/0/query,2026-09-25
09304020036000,SALT LAKE CITY CORPORATION - PROPERTY MANAGEMENT,CITY,False,False,241.5,False,OS,Tax Exempt - Government,readiness/data/geometry/09304020036000.geojson,cadastre_government_owned_parcels,https://services1.arcgis.com/99lidPhWCzftIe9K/arcgis/rest/services/cadastre_government_owned_parcels/FeatureServer/0/query,2026-09-25
09304020036000,SALT LAKE CITY CORPORATION - PROPERTY MANAGEMENT,CITY,False,False,241.5,False,OS,Tax Exempt - Government,readiness/data/geometry/09304020036000.geojson,cadastre_government_owned_parcels,https://services1.arcgis.com/99lidPhWCzftIe9K/arcgis/rest/services/cadastre_government_owned_parcels/FeatureServer/0/query,2026-09-25
09304020036000,SALT LAKE CITY CORPORATION - PROPERTY MANAGEMENT,CITY,False,False,241.5,False,OS,Tax Exempt - Government,readiness/data/geometry/09304020036000.geojson,cadastre_government_owned_parcels,https://services1.arcgis.com/99lidPhWCzftIe9K/arcgis/rest/services/cadastre_government_owned_parcels/FeatureServer/0/query,2026-09-25
09304020036000,SALT LAKE CITY CORPORATION - PROPERTY MANAGEMENT,CITY,False,False,241.5,False,OS,Tax Exempt - Government,readiness/data/geometry/09304020036000.geojson,cadastre_government_owned_parcels,https://services1.arcgis.com/99lidPhWCzftIe9K/arcgis/rest/services/cadastre_government_owned_parcels/FeatureServer/0/query,2026-09-25
09304020036000,SALT LAKE CITY CORPORATION - PROPERTY MANAGEMENT,CITY,False,False,241.5,False,OS,Tax Exempt - Government,readiness/data/geometry/09304020036000.geojson,cadastre_government_owned_parcels,https://services1.arcgis.com/99lidPhWCzftIe9K/arcgis/rest/services/cadastre_government_owned_parcels/FeatureServer/0/query,2026-09-25
09304270030000,SALT LAKE COUNTY - REAL ESTATE DEPT # S3200,COUNTY,False,False,0.0,True,FR-3,Tax Exempt - Government,readiness/data/geometry/09304270030000.geojson,cadastre_government_owned_parcels,https://services1.arcgis.com/99lidPhWCzftIe9K/arcgis/rest/services/cadastre_government_owned_parcels/FeatureServer/0/query,2026-09-25
09304530130000,SALT LAKE CITY - PROPERTY MANAGEMENT,CITY,False,False,0.9,False,FR-3,Tax Exempt - Government,readiness/data/geometry/09304530130000.geojson,cadastre_government_owned_parcels,https://services1.arcgis.com/99lidPhWCzftIe9K/arcgis/rest/services/cadastre_government_owned_parcels/FeatureServer/0/query,2026-09-25
09304530130000,SALT LAKE CITY - PROPERTY MANAGEMENT,CITY,False,False,0.9,False,FR-3,Tax Exempt - Government,readiness/data/geometry/09304530130000.geojson,cadastre_government_owned_parcels,https://services1.arcgis.com/99lidPhWCzftIe9K/arcgis/rest/services/cadastre_government_owned_parcels/FeatureServer/0/query,2026-09-25
09304540160000,SALT LAKE CITY - PROPERTY MANAGEMENT,CITY,False,False,0.8,False,OS,Tax Exempt - Government,readiness/data/geometry/09304540160000.geojson,cadastre_government_owned_parcels,https://services1.arcgis.com/99lidPhWCzftIe9K/arcgis/rest/services/cadastre_government_owned_parcels/FeatureServer/0/query,2026-09-25
09304540160000,SALT LAKE CITY - PROPERTY MANAGEMENT,CITY,False,False,0.8,False,OS,Tax Exempt - Government,readiness/data/geometry/09304540160000.geojson,cadastre_government_owned_parcels,https://services1.arcgis.com/99lidPhWCzftIe9K/arcgis/rest/services/cadastre_government_owned_parcels/FeatureServer/0/query,2026-09-25
09304760220000,SALT LAKE CITY CORP - PROPERTY MANAGEMENT,CITY,False,False,5.4,False,FR-3,Tax Exempt - Government,readiness/data/geometry/09304760220000.geojson,cadastre_government_owned_parcels,https://services1.arcgis.com/99lidPhWCzftIe9K/arcgis/rest/services/cadastre_government_owned_parcels/FeatureServer/0/query,2026-09-25
09311010010000,SALT LAKE CITY - PROPERTY MANAGEMENT,CITY,False,False,1.8,False,UNKNOWN,Tax Exempt - Government,readiness/data/geometry/09311010010000.geojson,cadastre_government_owned_parcels,https://services1.arcgis.com/99lidPhWCzftIe9K/arcgis/rest/services/cadastre_government_owned_parcels/FeatureServer/0/query,2026-09-25
09311010320000,SALT LAKE CITY CORPORATION - PROPERTY MANAGEMENT,CITY,False,False,0.0,True,R-2,Tax Exempt - Government,readiness/data/geometry/09311010320000.geojson,cadastre_government_owned_parcels,https://services1.arcgis.com/99lidPhWCzftIe9K/arcgis/rest/services/cadastre_government_owned_parcels/FeatureServer/0/query,2026-09-25
09311090010000,SALT LAKE CITY CORP - PROPERTY MANAGEMENT,CITY,False,False,3.3,False,PL,Tax Exempt - Government,readiness/data/geometry/09311090010000.geojson,cadastre_government_owned_parcels,https://services1.arcgis.com/99lidPhWCzftIe9K/arcgis/rest/services/cadastre_government_owned_parcels/FeatureServer/0/query,2026-09-25
09311090010000,SALT LAKE CITY CORP - PROPERTY MANAGEMENT,CITY,False,False,3.3,False,PL,Tax Exempt - Government,readiness/data/geometry/09311090010000.geojson,cadastre_government_owned_parcels,https://services1.arcgis.com/99lidPhWCzftIe9K/arcgis/rest/services/cadastre_government_owned_parcels/FeatureServer/0/query,2026-09-25
09311290010000,SALT LAKE CITY CORP - PROPERTY MANAGEMENT,CITY,False,False,0.4,False,SR-1A,Tax Exempt - Government,readiness/data/geometry/09311290010000.geojson,cadastre_government_owned_parcels,https://services1.arcgis.com/99lidPhWCzftIe9K/arcgis/rest/services/cadastre_government_owned_parcels/FeatureServer/0/query,2026-09-25
09311510070000,UTAH DEPARTMENT OF TRANSPORTAT - UDOT RIGHT OF WAY,STATE,True,False,0.1,False,R-2,Vacant,readiness/data/geometry/09311510070000.geojson,cadastre_government_owned_parcels,https://services1.arcgis.com/99lidPhWCzftIe9K/arcgis/rest/services/cadastre_government_owned_parcels/FeatureServer/0/query,2026-09-25
09311510090000,UTAH DEPARTMENT OF TRANSPORTAT - UDOT RIGHT OF WAY,STATE,True,False,0.1,False,R-2,Residential,readiness/data/geometry/09311510090000.geojson,cadastre_government_owned_parcels,https://services1.arcgis.com/99lidPhWCzftIe9K/arcgis/rest/services/cadastre_government_owned_parcels/FeatureServer/0/query,2026-09-25
09311540010000,STATE OF UTAH - DIVISION  OF FACILITIES,STATE,True,False,1.1,False,OS,Tax Exempt - Government,readiness/data/geometry/09311540010000.geojson,cadastre_government_owned_parcels,https://services1.arcgis.com/99lidPhWCzftIe9K/arcgis/rest/services/cadastre_government_owned_parcels/FeatureServer/0/query,2026-09-25
09311560040000,STATE OF UTAH - DIVISION  OF FACILITIES,STATE,True,False,0.2,False,OS,Tax Exempt - Government,readiness/data/geometry/09311560040000.geojson,cadastre_government_owned_parcels,https://services1.arcgis.com/99lidPhWCzftIe9K/arcgis/rest/services/cadastre_government_owned_parcels/FeatureServer/0/query,2026-09-25
09311580020000,STATE OF UTAH,STATE,True,False,0.3,False,PL,Tax Exempt - Government,readiness/data/geometry/09311580020000.geojson,cadastre_government_owned_parcels,https://services1.arcgis.com/99lidPhWCzftIe9K/arcgis/rest/services/cadastre_government_owned_parcels/FeatureServer/0/query,2026-09-25
09311580030000,STATE OF UTAH,STATE,True,False,0.1,False,PL,Commercial - Office Space,readiness/data/geometry/09311580030000.geojson,cadastre_government_owned_parcels,https://services1.arcgis.com/99lidPhWCzftIe9K/arcgis/rest/services/cadastre_government_owned_parcels/FeatureServer/0/query,2026-09-25
09311580040000,STATE OF UTAH - DIVISION  OF FACILITIES,STATE,True,False,0.6,False,PL,Commercial - Office Space,readiness/data/geometry/09311580040000.geojson,cadastre_government_owned_parcels,https://services1.arcgis.com/99lidPhWCzftIe9K/arcgis/rest/services/cadastre_government_owned_parcels/FeatureServer/0/query,2026-09-25
09311590010000,STATE OF UTAH - DIVISION  OF FACILITIES,STATE,True,False,0.1,False,PL,Commercial,readiness/data/geometry/09311590010000.geojson,cadastre_government_owned_parcels,https://services1.arcgis.com/99lidPhWCzftIe9K/arcgis/rest/services/cadastre_government_owned_parcels/FeatureServer/0/query,2026-09-25
09311600010000,STATE OF UTAH - DIVISION  OF FACILITIES,STATE,True,False,1.1,False,SR-1A,Commercial,readiness/data/geometry/09311600010000.geojson,cadastre_government_owned_parcels,https://services1.arcgis.com/99lidPhWCzftIe9K/arcgis/rest/services/cadastre_government_owned_parcels/FeatureServer/0/query,2026-09-25
09311600010000,STATE OF UTAH - DIVISION  OF FACILITIES,STATE,True,False,1.1,False,SR-1A,Commercial,readiness/data/geometry/09311600010000.geojson,cadastre_government_owned_parcels,https://services1.arcgis.com/99lidPhWCzftIe9K/arcgis/rest/services/cadastre_government_owned_parcels/FeatureServer/0/query,2026-09-25
09311610020000,STATE OF UTAH - DIVISION  OF FACILITIES,STATE,True,False,20.1,False,PL,Tax Exempt - Government,readiness/data/geometry/09311610020000.geojson,cadastre_government_owned_parcels,https://services1.arcgis.com/99lidPhWCzftIe9K/arcgis/rest/services/cadastre_government_owned_parcels/FeatureServer/0/query,2026-09-25
09311620010000,STATE OF UTAH - DIVISION  OF FACILITIES,STATE,True,False,4.3,False,PL,Commercial,readiness/data/geometry/09311620010000.geojson,cadastre_government_owned_parcels,https://services1.arcgis.com/99lidPhWCzftIe9K/arcgis/rest/services/cadastre_government_owned_parcels/FeatureServer/0/query,2026-09-25
09312010010000,SALT LAKE CITY CORPORATION - PROPERTY MANAGEMENT,CITY,False,False,1.0,False,OS,Tax Exempt - Government,readiness/data/geometry/09312010010000.geojson,cadastre_government_owned_parcels,https://services1.arcgis.com/99lidPhWCzftIe9K/arcgis/rest/services/cadastre_government_owned_parcels/FeatureServer/0/query,2026-09-25
09312080060000,SALT LAKE CITY CORPORATION - PROPERTY MANAGEMENT,CITY,False,False,0.2,False,FR-3,Tax Exempt - Government,readiness/data/geometry/09312080060000.geojson,cadastre_government_owned_parcels,https://services1.arcgis.com/99lidPhWCzftIe9K/arcgis/rest/services/cadastre_government_owned_parcels/FeatureServer/0/query,2026-09-25
09312350170000,SALT LAKE COUNTY - REAL ESTATE DEPT # S3200,COUNTY,False,False,0.0,True,SR-1A,Tax Exempt - Government,readiness/data/geometry/09312350170000.geojson,cadastre_government_owned_parcels,https://services1.arcgis.com/99lidPhWCzftIe9K/arcgis/rest/services/cadastre_government_owned_parcels/FeatureServer/0/query,2026-09-25
09312760030000,SALT LAKE CITY CORPORATION - PROPERTY MANAGEMENT,CITY,False,False,0.5,False,PL,Tax Exempt - Government,readiness/data/geometry/09312760030000.geojson,cadastre_government_owned_parcels,https://services1.arcgis.com/99lidPhWCzftIe9K/arcgis/rest/services/cadastre_government_owned_parcels/FeatureServer/0/query,2026-09-25
09312760060000,SALT LAKE CITY PUBLIC LIBRARY,CITY,False,False,0.2,False,PL,Commercial - Office Space,readiness/data/geometry/09312760060000.geojson,cadastre_government_owned_parcels,https://services1.arcgis.com/99lidPhWCzftIe9K/arcgis/rest/services/cadastre_government_owned_parcels/FeatureServer/0/query,2026-09-25
09313010010000,STATE OF UTAH - DIVISION  OF FACILITIES,STATE,True,False,0.6,False,PL,Tax Exempt - Government,readiness/data/geometry/09313010010000.geojson,cadastre_government_owned_parcels,https://services1.arcgis.com/99lidPhWCzftIe9K/arcgis/rest/services/cadastre_government_owned_parcels/FeatureServer/0/query,2026-09-25
09313020010000,STATE OF UTAH,STATE,True,False,1.5,False,PL,Commercial,readiness/data/geometry/09313020010000.geojson,cadastre_government_owned_parcels,https://services1.arcgis.com/99lidPhWCzftIe9K/arcgis/rest/services/cadastre_government_owned_parcels/FeatureServer/0/query,2026-09-25
09313030010000,"STATE OF UTAH, THE - FAC CONST & MANAGEMENT",STATE,True,False,2.0,False,PL,Commercial,readiness/data/geometry/09313030010000.geojson,cadastre_government_owned_parcels,https://services1.arcgis.com/99lidPhWCzftIe9K/arcgis/rest/services/cadastre_government_owned_parcels/FeatureServer/0/query,2026-09-25
09313030020000,"STATE OF UTAH, THE - FAC CONST MANAGEMENT",STATE,True,False,0.2,False,PL,Commercial,readiness/data/geometry/09313030020000.geojson,cadastre_government_owned_parcels,https://services1.arcgis.com/99lidPhWCzftIe9K/arcgis/rest/services/cadastre_government_owned_parcels/FeatureServer/0/query,2026-09-25
09313040010000,STATE OF UTAH - DIVISION  OF FACILITIES,STATE,True,False,2.6,False,PL,Commercial,readiness/data/geometry/09313040010000.geojson,cadastre_government_owned_parcels,https://services1.arcgis.com/99lidPhWCzftIe9K/arcgis/rest/services/cadastre_government_owned_parcels/FeatureServer/0/query,2026-09-25
09313110010000,"STATE OF UTAH - DIV OF FRD (JONES, WILLIAM)",STATE,True,False,0.7,False,PL,Tax Exempt - Government,readiness/data/geometry/09313110010000.geojson,cadastre_government_owned_parcels,https://services1.arcgis.com/99lidPhWCzftIe9K/arcgis/rest/services/cadastre_government_owned_parcels/FeatureServer/0/query,2026-09-25
09313110050000,STATE OF UTAH DEPT OF ADM SERV,STATE,True,False,0.9,False,PL,Tax Exempt - Charitable Organization or Religious,readiness/data/geometry/09313110050000.geojson,cadastre_government_owned_parcels,https://services1.arcgis.com/99lidPhWCzftIe9K/arcgis/rest/services/cadastre_government_owned_parcels/FeatureServer/0/query,2026-09-25
09313270220000,SALT LAKE CITY CORP - PROPERTY MANAGEMENT,CITY,False,False,0.7,False,OS,Tax Exempt - Government,readiness/data/geometry/09313270220000.geojson,cadastre_government_owned_parcels,https://services1.arcgis.com/99lidPhWCzftIe9K/arcgis/rest/services/cadastre_government_owned_parcels/FeatureServer/0/query,2026-09-25
09313270220000,SALT LAKE CITY CORP - PROPERTY MANAGEMENT,CITY,False,False,0.7,False,OS,Tax Exempt - Government,readiness/data/geometry/09313270220000.geojson,cadastre_government_owned_parcels,https://services1.arcgis.com/99lidPhWCzftIe9K/arcgis/rest/services/cadastre_government_owned_parcels/FeatureServer/0/query,2026-09-25
09313280010000,SALT LAKE CITY CORP - PROPERTY MANAGEMENT,CITY,False,False,0.3,False,SR-1A,Tax Exempt - Government,readiness/data/geometry/09313280010000.geojson,cadastre_government_owned_parcels,https://services1.arcgis.com/99lidPhWCzftIe9K/arcgis/rest/services/cadastre_government_owned_parcels/FeatureServer/0/query,2026-09-25
09313280020000,SALT LAKE CITY CORP - PROPERTY MANAGEMENT,CITY,False,False,0.3,False,SR-1A,Tax Exempt - Government,readiness/data/geometry/09313280020000.geojson,cadastre_government_owned_parcels,https://services1.arcgis.com/99lidPhWCzftIe9K/arcgis/rest/services/cadastre_government_owned_parcels/FeatureServer/0/query,2026-09-25
09313360010000,SALT LAKE CITY CORP - PROPERTY MANAGEMENT,CITY,False,False,0.6,False,OS,Tax Exempt - Government,readiness/data/geometry/09313360010000.geojson,cadastre_government_owned_parcels,https://services1.arcgis.com/99lidPhWCzftIe9K/arcgis/rest/services/cadastre_government_owned_parcels/FeatureServer/0/query,2026-09-25
09313530290000,SALT LAKE CITY CORP - PROPERTY MANAGEMENT,CITY,False,False,1.9,False,OS,Tax Exempt - Government,readiness/data/geometry/09313530290000.geojson,cadastre_government_owned_parcels,https://services1.arcgis.com/99lidPhWCzftIe9K/arcgis/rest/services/cadastre_government_owned_parcels/FeatureServer/0/query,2026-09-25
09314050040000,SALT LAKE COUNTY - REAL ESTATE DEPT # S3200,COUNTY,False,False,0.0,True,SR-1A,Tax Exempt - Government,readiness/data/geometry/09314050040000.geojson,cadastre_government_owned_parcels,https://services1.arcgis.com/99lidPhWCzftIe9K/arcgis/rest/services/cadastre_government_owned_parcels/FeatureServer/0/query,2026-09-25
09314080010000,SALT LAKE CITY CORP - PROPERTY MANAGEMENT,CITY,False,False,0.4,False,SR-1A,Tax Exempt - Government,readiness/data/geometry/09314080010000.geojson,cadastre_government_owned_parcels,https://services1.arcgis.com/99lidPhWCzftIe9K/arcgis/rest/services/cadastre_government_owned_parcels/FeatureServer/0/query,2026-09-25
09314110170000,SALT LAKE CITY CORPORATION - PROPERTY MANAGEMENT,CITY,False,False,0.2,False,RMF-35,Tax Exempt - Government,readiness/data/geometry/09314110170000.geojson,cadastre_government_owned_parcels,https://services1.arcgis.com/99lidPhWCzftIe9K/arcgis/rest/services/cadastre_government_owned_parcels/FeatureServer/0/query,2026-09-25
09314530010000,BOARD OF EDUCATION OF SALT LAK,SCHOOL_DISTRICT,False,False,2.5,False,PL,Tax Exempt - Government,readiness/data/geometry/09314530010000.geojson,cadastre_government_owned_parcels,https://services1.arcgis.com/99lidPhWCzftIe9K/arcgis/rest/services/cadastre_government_owned_parcels/FeatureServer/0/query,2026-09-25
09314550030000,SALT LAKE COUNTY - REAL ESTATE DEPT # S3200,COUNTY,False,False,0.0,True,RMF-35,Tax Exempt - Government,readiness/data/geometry/09314550030000.geojson,cadastre_government_owned_parcels,https://services1.arcgis.com/99lidPhWCzftIe9K/arcgis/rest/services/cadastre_government_owned_parcels/FeatureServer/0/query,2026-09-25
09314870010000,"STATE OF UTAH, DIVISION OF FAC - DFCM RECEPTION DESK, 3RD FLOO",STATE,True,False,0.1,False,RMF-35,Commercial - Apartment & Condo,readiness/data/geometry/09314870010000.geojson,cadastre_government_owned_parcels,https://services1.arcgis.com/99lidPhWCzftIe9K/arcgis/rest/services/cadastre_government_owned_parcels/FeatureServer/0/query,2026-09-25
09314870020000,STATE OF UTAH DIVISION OF FACI,STATE,True,False,0.1,False,RMF-35,Commercial - Apartment & Condo,readiness/data/geometry/09314870020000.geojson,cadastre_government_owned_parcels,https://services1.arcgis.com/99lidPhWCzftIe9K/arcgis/rest/services/cadastre_government_owned_parcels/FeatureServer/0/query,2026-09-25
09314870030000,UTAH DEPARTMENT OF TRANSPORTAT - UDOT RIGHT OF WAY,STATE,True,False,0.1,False,RMF-35,Tax Exempt - Government,readiness/data/geometry/09314870030000.geojson,cadastre_government_owned_parcels,https://services1.arcgis.com/99lidPhWCzftIe9K/arcgis/rest/services/cadastre_government_owned_parcels/FeatureServer/0/query,2026-09-25
09314870040000,STATE OF UTAH,STATE,True,False,1.1,False,RO,Tax Exempt - Government,readiness/data/geometry/09314870040000.geojson,cadastre_government_owned_parcels,https://services1.arcgis.com/99lidPhWCzftIe9K/arcgis/rest/services/cadastre_government_owned_parcels/FeatureServer/0/query,2026-09-25
09314870050000,DIVISION OF FACILITIES STATE O,STATE,True,False,0.3,False,RMF-35,Commercial - Apartment & Condo,readiness/data/geometry/09314870050000.geojson,cadastre_government_owned_parcels,https://services1.arcgis.com/99lidPhWCzftIe9K/arcgis/rest/services/cadastre_government_owned_parcels/FeatureServer/0/query,2026-09-25
09314870060000,STATE OF UTAH,STATE,True,False,0.2,False,RMF-35,Tax Exempt - Government,readiness/data/geometry/09314870060000.geojson,cadastre_government_owned_parcels,https://services1.arcgis.com/99lidPhWCzftIe9K/arcgis/rest/services/cadastre_government_owned_parcels/FeatureServer/0/query,2026-09-25
09314870070000,"STATE OF UTAH - DIV OF FRD (JONES, WILLIAM)",STATE,True,False,0.3,False,RMF-35,Tax Exempt - Government,readiness/data/geometry/09314870070000.geojson,cadastre_government_owned_parcels,https://services1.arcgis.com/99lidPhWCzftIe9K/arcgis/rest/services/cadastre_government_owned_parcels/FeatureServer/0/query,2026-09-25
09314870080000,STATE OF UTAH,STATE,True,False,0.4,False,RO,Tax Exempt - Government,readiness/data/geometry/09314870080000.geojson,cadastre_government_owned_parcels,https://services1.arcgis.com/99lidPhWCzftIe9K/arcgis/rest/services/cadastre_government_owned_parcels/FeatureServer/0/query,2026-09-25
09321040030000,BOARD OF EDUCATION OF SALT LAK,SCHOOL_DISTRICT,False,False,1.6,False,PL,Tax Exempt - Government,readiness/data/geometry/09321040030000.geojson,cadastre_government_owned_parcels,https://services1.arcgis.com/99lidPhWCzftIe9K/arcgis/rest/services/cadastre_government_owned_parcels/FeatureServer/0/query,2026-09-25
09321080250000,SALT LAKE CITY CORPORATION - PROPERTY MANAGEMENT,CITY,False,False,0.0,True,SR-1A,Residential,readiness/data/geometry/09321080250000.geojson,cadastre_government_owned_parcels,https://services1.arcgis.com/99lidPhWCzftIe9K/arcgis/rest/services/cadastre_government_owned_parcels/FeatureServer/0/query,2026-09-25
09321260010000,BOARD OF EDUCATION OF SALT LAK,SCHOOL_DISTRICT,False,False,2.5,False,PL,Tax Exempt - Government,readiness/data/geometry/09321260010000.geojson,cadastre_government_owned_parcels,https://services1.arcgis.com/99lidPhWCzftIe9K/arcgis/rest/services/cadastre_government_owned_parcels/FeatureServer/0/query,2026-09-25
09321270010000,BOARD OF EDUCATION OF SALT LAK,SCHOOL_DISTRICT,False,False,2.5,False,PL,Tax Exempt - Government,readiness/data/geometry/09321270010000.geojson,cadastre_government_owned_parcels,https://services1.arcgis.com/99lidPhWCzftIe9K/arcgis/rest/services/cadastre_government_owned_parcels/FeatureServer/0/query,2026-09-25
09321280010000,BOARD OF EDUCATION OF SALT LAK,SCHOOL_DISTRICT,False,False,0.6,False,PL,Tax Exempt - Government,readiness/data/geometry/09321280010000.geojson,cadastre_government_owned_parcels,https://services1.arcgis.com/99lidPhWCzftIe9K/arcgis/rest/services/cadastre_government_owned_parcels/FeatureServer/0/query,2026-09-25
09321280020000,BOARD OF EDUCATION OF SALT LAK,SCHOOL_DISTRICT,False,False,0.6,False,PL,Tax Exempt - Government,readiness/data/geometry/09321280020000.geojson,cadastre_government_owned_parcels,https://services1.arcgis.com/99lidPhWCzftIe9K/arcgis/rest/services/cadastre_government_owned_parcels/FeatureServer/0/query,2026-09-25
09321280120000,BOARD OF EDUCATION OF SALT LAK,SCHOOL_DISTRICT,False,False,0.1,False,PL,Tax Exempt - Government,readiness/data/geometry/09321280120000.geojson,cadastre_government_owned_parcels,https://services1.arcgis.com/99lidPhWCzftIe9K/arcgis/rest/services/cadastre_government_owned_parcels/FeatureServer/0/query,2026-09-25
09321290010000,BOARD OF EDUCATION OF SALT LAK,SCHOOL_DISTRICT,False,False,2.4,False,PL,Tax Exempt - Government,readiness/data/geometry/09321290010000.geojson,cadastre_government_owned_parcels,https://services1.arcgis.com/99lidPhWCzftIe9K/arcgis/rest/services/cadastre_government_owned_parcels/FeatureServer/0/query,2026-09-25
09321290020000,BOARD OF EDUCATION OF SALT LAK,SCHOOL_DISTRICT,False,False,0.2,False,PL,Tax Exempt - Government,readiness/data/geometry/09321290020000.geojson,cadastre_government_owned_parcels,https://services1.arcgis.com/99lidPhWCzftIe9K/arcgis/rest/services/cadastre_government_owned_parcels/FeatureServer/0/query,2026-09-25
09321300010000,BOARD OF EDUCATION OF SALT LAK,SCHOOL_DISTRICT,False,False,12.6,False,OS,Tax Exempt - Government,readiness/data/geometry/09321300010000.geojson,cadastre_government_owned_parcels,https://services1.arcgis.com/99lidPhWCzftIe9K/arcgis/rest/services/cadastre_government_owned_parcels/FeatureServer/0/query,2026-09-25
09321320050000,SALT LAKE CITY CORP - PROPERTY MANAGEMENT,CITY,False,False,1.3,False,PL,Tax Exempt - Government,readiness/data/geometry/09321320050000.geojson,cadastre_government_owned_parcels,https://services1.arcgis.com/99lidPhWCzftIe9K/arcgis/rest/services/cadastre_government_owned_parcels/FeatureServer/0/query,2026-09-25
09321810010000,SALT LAKE CITY CORP - PROPERTY MANAGEMENT,CITY,False,False,2.5,False,OS,Tax Exempt - Government,readiness/data/geometry/09321810010000.geojson,cadastre_government_owned_parcels,https://services1.arcgis.com/99lidPhWCzftIe9K/arcgis/rest/services/cadastre_government_owned_parcels/FeatureServer/0/query,2026-09-25
09321810020000,SALT LAKE CITY CORP - PROPERTY MANAGEMENT,CITY,False,False,2.5,False,OS,Tax Exempt - Government,readiness/data/geometry/09321810020000.geojson,cadastre_government_owned_parcels,https://services1.arcgis.com/99lidPhWCzftIe9K/arcgis/rest/services/cadastre_government_owned_parcels/FeatureServer/0/query,2026-09-25
09321810030000,SALT LAKE CITY CORP - PROPERTY MANAGEMENT,CITY,False,False,2.5,False,OS,Tax Exempt - Government,readiness/data/geometry/09321810030000.geojson,cadastre_government_owned_parcels,https://services1.arcgis.com/99lidPhWCzftIe9K/arcgis/rest/services/cadastre_government_owned_parcels/FeatureServer/0/query,2026-09-25
09321810040000,SALT LAKE CITY - PROPERTY MANAGEMENT,CITY,False,False,2.5,False,OS,Tax Exempt - Government,readiness/data/geometry/09321810040000.geojson,cadastre_government_owned_parcels,https://services1.arcgis.com/99lidPhWCzftIe9K/arcgis/rest/services/cadastre_government_owned_parcels/FeatureServer/0/query,2026-09-25
09321810050000,SALT LAKE CITY CORP - PROPERTY MANAGEMENT,CITY,False,False,2.5,False,OS,Tax Exempt - Government,readiness/data/geometry/09321810050000.geojson,cadastre_government_owned_parcels,https://services1.arcgis.com/99lidPhWCzftIe9K/arcgis/rest/services/cadastre_government_owned_parcels/FeatureServer/0/query,2026-09-25
09321810060000,SALT LAKE CITY CORP - PROPERTY MANAGEMENT,CITY,False,False,2.5,False,OS,Tax Exempt - Government,readiness/data/geometry/09321810060000.geojson,cadastre_government_owned_parcels,https://services1.arcgis.com/99lidPhWCzftIe9K/arcgis/rest/services/cadastre_government_owned_parcels/FeatureServer/0/query,2026-09-25
09322020170000,SALT LAKE CITY CORP - PROPERTY MANAGEMENT,CITY,False,False,2.5,False,FR-2,Tax Exempt - Government,readiness/data/geometry/09322020170000.geojson,cadastre_government_owned_parcels,https://services1.arcgis.com/99lidPhWCzftIe9K/arcgis/rest/services/cadastre_government_owned_parcels/FeatureServer/0/query,2026-09-25
09322030020000,SALT LAKE CITY CORPORATION - PROPERTY MANAGEMENT,CITY,False,False,3.2,False,OS,Tax Exempt - Government,readiness/data/geometry/09322030020000.geojson,cadastre_government_owned_parcels,https://services1.arcgis.com/99lidPhWCzftIe9K/arcgis/rest/services/cadastre_government_owned_parcels/FeatureServer/0/query,2026-09-25
09322260020000,SALT LAKE COUNTY - REAL ESTATE DEPT # S3200,COUNTY,False,False,2.4,False,OS,Tax Exempt - Government,readiness/data/geometry/09322260020000.geojson,cadastre_government_owned_parcels,https://services1.arcgis.com/99lidPhWCzftIe9K/arcgis/rest/services/cadastre_government_owned_parcels/FeatureServer/0/query,2026-09-25
09322260020000,SALT LAKE COUNTY - REAL ESTATE DEPT # S3200,COUNTY,False,False,2.4,False,OS,Tax Exempt - Government,readiness/data/geometry/09322260020000.geojson,cadastre_government_owned_parcels,https://services1.arcgis.com/99lidPhWCzftIe9K/arcgis/rest/services/cadastre_government_owned_parcels/FeatureServer/0/query,2026-09-25
09322260070000,SALT LAKE CITY - PROPERTY MANAGEMENT,CITY,False,False,1.4,False,PL,Tax Exempt - Government,readiness/data/geometry/09322260070000.geojson,cadastre_government_owned_parcels,https://services1.arcgis.com/99lidPhWCzftIe9K/arcgis/rest/services/cadastre_government_owned_parcels/FeatureServer/0/query,2026-09-25
09322260160000,SALT LAKE CITY CORPORATION - PROPERTY MANAGEMENT,CITY,False,False,6.6,False,OS,Tax Exempt - Government,readiness/data/geometry/09322260160000.geojson,cadastre_government_owned_parcels,https://services1.arcgis.com/99lidPhWCzftIe9K/arcgis/rest/services/cadastre_government_owned_parcels/FeatureServer/0/query,2026-09-25
09322760040000,SALT LAKE COUNTY - REAL ESTATE DEPT # S3200,COUNTY,False,False,0.8,False,FR-3,Tax Exempt - Government,readiness/data/geometry/09322760040000.geojson,cadastre_government_owned_parcels,https://services1.arcgis.com/99lidPhWCzftIe9K/arcgis/rest/services/cadastre_government_owned_parcels/FeatureServer/0/query,2026-09-25
09323040030000,SALT LAKE COUNTY - REAL ESTATE DEPT #S3200,COUNTY,False,False,0.0,True,SR-1A,Tax Exempt - Government,readiness/data/geometry/09323040030000.geojson,cadastre_government_owned_parcels,https://services1.arcgis.com/99lidPhWCzftIe9K/arcgis/rest/services/cadastre_government_owned_parcels/FeatureServer/0/query,2026-09-25
09323090110000,SALT LAKE CITY CORP - PROPERTY MANAGEMENT,CITY,False,False,0.1,False,SR-1A,Tax Exempt - Government,readiness/data/geometry/09323090110000.geojson,cadastre_government_owned_parcels,https://services1.arcgis.com/99lidPhWCzftIe9K/arcgis/rest/services/cadastre_government_owned_parcels/FeatureServer/0/query,2026-09-25
09323520070000,SALT LAKE COUNTY - REAL ESTATE DEPT # S3200,COUNTY,False,False,0.0,True,SR-1A,Tax Exempt - Government,readiness/data/geometry/09323520070000.geojson,cadastre_government_owned_parcels,https://services1.arcgis.com/99lidPhWCzftIe9K/arcgis/rest/services/cadastre_government_owned_parcels/FeatureServer/0/query,2026-09-25
09323520080000,SALT LAKE COUNTY - REAL ESTATE DEPT # S3200,COUNTY,False,False,0.0,True,SR-1A,Tax Exempt - Government,readiness/data/geometry/09323520080000.geojson,cadastre_government_owned_parcels,https://services1.arcgis.com/99lidPhWCzftIe9K/arcgis/rest/services/cadastre_government_owned_parcels/FeatureServer/0/query,2026-09-25
09323520190000,SALT LAKE COUNTY - REAL ESTATE DEPT # S3200,COUNTY,False,False,0.0,True,SR-1A,Tax Exempt - Government,readiness/data/geometry/09323520190000.geojson,cadastre_government_owned_parcels,https://services1.arcgis.com/99lidPhWCzftIe9K/arcgis/rest/services/cadastre_government_owned_parcels/FeatureServer/0/query,2026-09-25
09324260020000,SALT LAKE CITY CORPORATION - PROPERTY MANAGEMENT,CITY,False,False,1.2,False,OS,Tax Exempt - Government,readiness/data/geometry/09324260020000.geojson,cadastre_government_owned_parcels,https://services1.arcgis.com/99lidPhWCzftIe9K/arcgis/rest/services/cadastre_government_owned_parcels/FeatureServer/0/query,2026-09-25
09324310070000,SALT LAKE COUNTY - REAL ESTATE DEPT # S3200,COUNTY,False,False,0.0,True,SR-1A,Tax Exempt - Government,readiness/data/geometry/09324310070000.geojson,cadastre_government_owned_parcels,https://services1.arcgis.com/99lidPhWCzftIe9K/arcgis/rest/services/cadastre_government_owned_parcels/FeatureServer/0/query,2026-09-25
09324840010000,BOARD OF EDUCATION OF SALT LAK,SCHOOL_DISTRICT,False,False,1.6,False,PL,Tax Exempt - Government,readiness/data/geometry/09324840010000.geojson,cadastre_government_owned_parcels,https://services1.arcgis.com/99lidPhWCzftIe9K/arcgis/rest/services/cadastre_government_owned_parcels/FeatureServer/0/query,2026-09-25
09324840020000,THE BOARD OF EDUCATION OF SALT,SCHOOL_DISTRICT,False,False,0.3,False,PL,Tax Exempt - Government,readiness/data/geometry/09324840020000.geojson,cadastre_government_owned_parcels,https://services1.arcgis.com/99lidPhWCzftIe9K/arcgis/rest/services/cadastre_government_owned_parcels/FeatureServer/0/query,2026-09-25
09331010070000,SALT LAKE CITY CORPORATION - PROPERTY MANAGEMENT,CITY,False,False,0.1,False,PL,Tax Exempt - Government,readiness/data/geometry/09331010070000.geojson,cadastre_government_owned_parcels,https://services1.arcgis.com/99lidPhWCzftIe9K/arcgis/rest/services/cadastre_government_owned_parcels/FeatureServer/0/query,2026-09-25
09331030060000,SALT LAKE CITY CORP - PROPERTY MANAGEMENT,CITY,False,False,0.0,True,FR-3,Tax Exempt - Government,readiness/data/geometry/09331030060000.geojson,cadastre_government_owned_parcels,https://services1.arcgis.com/99lidPhWCzftIe9K/arcgis/rest/services/cadastre_government_owned_parcels/FeatureServer/0/query,2026-09-25
09331260140000,SALT LAKE CITY CORP - PROPERTY MANAGEMENT,CITY,False,False,7.3,False,FR-3,Tax Exempt - Government,readiness/data/geometry/09331260140000.geojson,cadastre_government_owned_parcels,https://services1.arcgis.com/99lidPhWCzftIe9K/arcgis/rest/services/cadastre_government_owned_parcels/FeatureServer/0/query,2026-09-25
09331270530000,SALT LAKE CITY CORPORATION - PROPERTY MANAGEMENT,CITY,False,False,0.0,True,UNKNOWN,Tax Exempt - Government,readiness/data/geometry/09331270530000.geojson,cadastre_government_owned_parcels,https://services1.arcgis.com/99lidPhWCzftIe9K/arcgis/rest/services/cadastre_government_owned_parcels/FeatureServer/0/query,2026-09-25
09331540090000,SALT LAKE CITY CORPORATION - PROPERTY MANAGEMENT,CITY,False,False,0.0,True,I,Tax Exempt - Government,readiness/data/geometry/09331540090000.geojson,cadastre_government_owned_parcels,https://services1.arcgis.com/99lidPhWCzftIe9K/arcgis/rest/services/cadastre_government_owned_parcels/FeatureServer/0/query,2026-09-25
09331760230000,SALT LAKE CITY CORPORATION - PROPERTY MANAGEMENT,CITY,False,False,37.2,False,I,Tax Exempt - Government,readiness/data/geometry/09331760230000.geojson,cadastre_government_owned_parcels,https://services1.arcgis.com/99lidPhWCzftIe9K/arcgis/rest/services/cadastre_government_owned_parcels/FeatureServer/0/query,2026-09-25
09331760230000,SALT LAKE CITY CORPORATION - PROPERTY MANAGEMENT,CITY,False,False,37.2,False,I,Tax Exempt - Government,readiness/data/geometry/09331760230000.geojson,cadastre_government_owned_parcels,https://services1.arcgis.com/99lidPhWCzftIe9K/arcgis/rest/services/cadastre_government_owned_parcels/FeatureServer/0/query,2026-09-25
09331760230000,SALT LAKE CITY CORPORATION - PROPERTY MANAGEMENT,CITY,False,False,37.2,False,I,Tax Exempt - Government,readiness/data/geometry/09331760230000.geojson,cadastre_government_owned_parcels,https://services1.arcgis.com/99lidPhWCzftIe9K/arcgis/rest/services/cadastre_government_owned_parcels/FeatureServer/0/query,2026-09-25
09332020270000,SALT LAKE COUNTY - REAL ESTATE DEPT # S3200,COUNTY,False,False,0.3,False,FP,Tax Exempt - Government,readiness/data/geometry/09332020270000.geojson,cadastre_government_owned_parcels,https://services1.arcgis.com/99lidPhWCzftIe9K/arcgis/rest/services/cadastre_government_owned_parcels/FeatureServer/0/query,2026-09-25
09332510430000,SALT LAKE CITY CORPORATION - PROPERTY MANAGEMENT,CITY,False,False,0.0,True,OS,Tax Exempt - Government,readiness/data/geometry/09332510430000.geojson,cadastre_government_owned_parcels,https://services1.arcgis.com/99lidPhWCzftIe9K/arcgis/rest/services/cadastre_government_owned_parcels/FeatureServer/0/query,2026-09-25
09334030080000,SALT LAKE CITY CORP - PROPERTY MANAGEMENT,CITY,False,False,1.8,False,FR-3,Tax Exempt - Government,readiness/data/geometry/09334030080000.geojson,cadastre_government_owned_parcels,https://services1.arcgis.com/99lidPhWCzftIe9K/arcgis/rest/services/cadastre_government_owned_parcels/FeatureServer/0/query,2026-09-25
14011000110000,SALT LAKE CITY - PLANNING DIRECTOR,CITY,False,False,0.0,True,UNKNOWN,Tax Exempt - Government,readiness/data/geometry/14011000110000.geojson,cadastre_government_owned_parcels,https://services1.arcgis.com/99lidPhWCzftIe9K/arcgis/rest/services/cadastre_government_owned_parcels/FeatureServer/0/query,2026-09-25
14011000120000,SALT LAKE CITY - PLANNING DIRECTOR,CITY,False,False,0.0,True,UNKNOWN,Tax Exempt - Government,readiness/data/geometry/14011000120000.geojson,cadastre_government_owned_parcels,https://services1.arcgis.com/99lidPhWCzftIe9K/arcgis/rest/services/cadastre_government_owned_parcels/FeatureServer/0/query,2026-09-25
14011510030000,"UTAH DEPARTMENT OF TRANSPORTAT - RIGHT OF WAY, FOURTH FLOOR",STATE,True,False,0.0,True,CG,Tax Exempt - Government,readiness/data/geometry/14011510030000.geojson,cadastre_government_owned_parcels,https://services1.arcgis.com/99lidPhWCzftIe9K/arcgis/rest/services/cadastre_government_owned_parcels/FeatureServer/0/query,2026-09-25
14011510100000,SALT LAKE CITY CORPORATION,CITY,False,False,0.1,False,CG,Tax Exempt - Government,readiness/data/geometry/14011510100000.geojson,cadastre_government_owned_parcels,https://services1.arcgis.com/99lidPhWCzftIe9K/arcgis/rest/services/cadastre_government_owned_parcels/FeatureServer/0/query,2026-09-25
14012000140000,SALT LAKE CITY CORPORATION - PROPERTY MANAGEMENT,CITY,False,False,0.0,True,UNKNOWN,Tax Exempt - Government,readiness/data/geometry/14012000140000.geojson,cadastre_government_owned_parcels,https://services1.arcgis.com/99lidPhWCzftIe9K/arcgis/rest/services/cadastre_government_owned_parcels/FeatureServer/0/query,2026-09-25
14021000130000,SALT LAKE CITY CORPORATION - PEGGY GARCIA,CITY,False,False,0.1,False,M-1,Tax Exempt - Government,readiness/data/geometry/14021000130000.geojson,cadastre_government_owned_parcels,https://services1.arcgis.com/99lidPhWCzftIe9K/arcgis/rest/services/cadastre_government_owned_parcels/FeatureServer/0/query,2026-09-25
14022510010000,SALT LAKE CITY CORPORATION - KATHY CHARLES,CITY,False,False,0.1,False,M-1,Tax Exempt - Government,readiness/data/geometry/14022510010000.geojson,cadastre_government_owned_parcels,https://services1.arcgis.com/99lidPhWCzftIe9K/arcgis/rest/services/cadastre_government_owned_parcels/FeatureServer/0/query,2026-09-25
14022760020000,SALT LAKE CITY CORPORATION - PROPERTY MANAGEMENT,CITY,False,False,0.2,False,M-1,Commercial,readiness/data/geometry/14022760020000.geojson,cadastre_government_owned_parcels,https://services1.arcgis.com/99lidPhWCzftIe9K/arcgis/rest/services/cadastre_government_owned_parcels/FeatureServer/0/query,2026-09-25
14023010100000,"UTAH DEPARTMENT OF TRANSPORATI - RIGHT OF WAY, 4TH FLOOR",STATE,True,False,9.8,False,M-1,Tax Exempt - Government,readiness/data/geometry/14023010100000.geojson,cadastre_government_owned_parcels,https://services1.arcgis.com/99lidPhWCzftIe9K/arcgis/rest/services/cadastre_government_owned_parcels/FeatureServer/0/query,2026-09-25
14024270040000,UTAH DEPARTMENT OF TRANSPORTAT - RIGHT OF WAY 4TH FL,STATE,True,False,0.0,True,M-1,Tax Exempt - Government,readiness/data/geometry/14024270040000.geojson,cadastre_government_owned_parcels,https://services1.arcgis.com/99lidPhWCzftIe9K/arcgis/rest/services/cadastre_government_owned_parcels/FeatureServer/0/query,2026-09-25
14024770090000,"UTAH DEPARTMENT OF TRANSPORTAT - RIGHT OF WAY, FOURTH FLOOR",STATE,True,False,0.0,True,M-1,Vacant,readiness/data/geometry/14024770090000.geojson,cadastre_government_owned_parcels,https://services1.arcgis.com/99lidPhWCzftIe9K/arcgis/rest/services/cadastre_government_owned_parcels/FeatureServer/0/query,2026-09-25
14024770120000,UTAH DEPARTMENT OF TRANSPORTAT - RIGHT OF WAY 4TH FLOOR,STATE,True,False,0.0,True,M-1,Tax Exempt - Government,readiness/data/geometry/14024770120000.geojson,cadastre_government_owned_parcels,https://services1.arcgis.com/99lidPhWCzftIe9K/arcgis/rest/services/cadastre_government_owned_parcels/FeatureServer/0/query,2026-09-25
14024780060000,"UTAH DEPARTMENT OF TRANSPORTAT - RIGHT OF WAY, 4TH FLOOR, BOX",STATE,True,False,0.1,False,UNKNOWN,Tax Exempt - Government,readiness/data/geometry/14024780060000.geojson,cadastre_government_owned_parcels,https://services1.arcgis.com/99lidPhWCzftIe9K/arcgis/rest/services/cadastre_government_owned_parcels/FeatureServer/0/query,2026-09-25
14024780090000,"UTAH DEPARTMENT OF TRANSPORTAT - RIGHT OF WAY, 4TH FLOOR BOX 1",STATE,True,False,0.2,False,M-1,Tax Exempt - Government,readiness/data/geometry/14024780090000.geojson,cadastre_government_owned_parcels,https://services1.arcgis.com/99lidPhWCzftIe9K/arcgis/rest/services/cadastre_government_owned_parcels/FeatureServer/0/query,2026-09-25
14032760060000,SALT LAKE CITY CORPORATION - SALT LAKE CITY PUBLIC UTILITI,CITY,False,False,0.3,False,M-1,Vacant,readiness/data/geometry/14032760060000.geojson,cadastre_government_owned_parcels,https://services1.arcgis.com/99lidPhWCzftIe9K/arcgis/rest/services/cadastre_government_owned_parcels/FeatureServer/0/query,2026-09-25
14111000100000,SALT LAKE CITY CORPORATION - PROPERTY MANAGEMENT,CITY,False,False,0.7,False,M-1,Tax Exempt - Government,readiness/data/geometry/14111000100000.geojson,cadastre_government_owned_parcels,https://services1.arcgis.com/99lidPhWCzftIe9K/arcgis/rest/services/cadastre_government_owned_parcels/FeatureServer/0/query,2026-09-25
14112000220000,SALT LAKE CITY CORPORATION - PROPERTY MANAGEMENT,CITY,False,False,1.3,False,CG,Tax Exempt - Government,readiness/data/geometry/14112000220000.geojson,cadastre_government_owned_parcels,https://services1.arcgis.com/99lidPhWCzftIe9K/arcgis/rest/services/cadastre_government_owned_parcels/FeatureServer/0/query,2026-09-25
14112000220000,SALT LAKE CITY CORPORATION - PROPERTY MANAGEMENT,CITY,False,False,1.3,False,CG,Tax Exempt - Government,readiness/data/geometry/14112000220000.geojson,cadastre_government_owned_parcels,https://services1.arcgis.com/99lidPhWCzftIe9K/arcgis/rest/services/cadastre_government_owned_parcels/FeatureServer/0/query,2026-09-25
14112000240000,UTAH DEPARTMENT OF TRANSPORTAT - FOURTH FLOOR,STATE,True,False,2.6,False,CG,Tax Exempt - Government,readiness/data/geometry/14112000240000.geojson,cadastre_government_owned_parcels,https://services1.arcgis.com/99lidPhWCzftIe9K/arcgis/rest/services/cadastre_government_owned_parcels/FeatureServer/0/query,2026-09-25
14112260010000,SALT LAKE CITY CORPORATION - PROPERTY MANAGEMENT,CITY,False,False,1.6,False,CG,Tax Exempt - Government,readiness/data/geometry/14112260010000.geojson,cadastre_government_owned_parcels,https://services1.arcgis.com/99lidPhWCzftIe9K/arcgis/rest/services/cadastre_government_owned_parcels/FeatureServer/0/query,2026-09-25
14113000070000,SALT LAKE COUNTY & SALT LAKE C - REAL ESTATE DEPT # S3200,COUNTY,False,False,537.4,False,OS,Tax Exempt - Government,readiness/data/geometry/14113000070000.geojson,cadastre_government_owned_parcels,https://services1.arcgis.com/99lidPhWCzftIe9K/arcgis/rest/services/cadastre_government_owned_parcels/FeatureServer/0/query,2026-09-25
14114270060000,UTAH DEPARTMENT OF TRANSPORTAT - RIGHT OF WAY FOURTH FLOOR,STATE,True,False,0.7,False,M-1,Tax Exempt - Government,readiness/data/geometry/14114270060000.geojson,cadastre_government_owned_parcels,https://services1.arcgis.com/99lidPhWCzftIe9K/arcgis/rest/services/cadastre_government_owned_parcels/FeatureServer/0/query,2026-09-25
14114270150000,UTAH DEPARTMENT OF TRANSPORTAT,STATE,True,False,0.0,True,M-1,Tax Exempt - Government,readiness/data/geometry/14114270150000.geojson,cadastre_government_owned_parcels,https://services1.arcgis.com/99lidPhWCzftIe9K/arcgis/rest/services/cadastre_government_owned_parcels/FeatureServer/0/query,2026-09-25
14114270160000,SALT LAKE CITY CORPORATION,CITY,False,False,0.7,False,M-1,Tax Exempt - Government,readiness/data/geometry/14114270160000.geojson,cadastre_government_owned_parcels,https://services1.arcgis.com/99lidPhWCzftIe9K/arcgis/rest/services/cadastre_government_owned_parcels/FeatureServer/0/query,2026-09-25
14114270190000,UTAH DEPARTMENT OF TRANSPORTAT - FOURTH FLOOR,STATE,True,False,0.1,False,M-1,Tax Exempt - Government,readiness/data/geometry/14114270190000.geojson,cadastre_government_owned_parcels,https://services1.arcgis.com/99lidPhWCzftIe9K/arcgis/rest/services/cadastre_government_owned_parcels/FeatureServer/0/query,2026-09-25
14114280040000,UTAH DEPARTMENT OF TRASPORTATI - RIGHT OF WAY,STATE,True,False,0.2,False,M-1,Tax Exempt - Government,readiness/data/geometry/14114280040000.geojson,cadastre_government_owned_parcels,https://services1.arcgis.com/99lidPhWCzftIe9K/arcgis/rest/services/cadastre_government_owned_parcels/FeatureServer/0/query,2026-09-25
14114760010000,UTAH DEPARTMENT OF TRANSPORTAT - RIGHT OF WAY 4TH FL,STATE,True,False,6.5,False,M-1,Tax Exempt - Government,readiness/data/geometry/14114760010000.geojson,cadastre_government_owned_parcels,https://services1.arcgis.com/99lidPhWCzftIe9K/arcgis/rest/services/cadastre_government_owned_parcels/FeatureServer/0/query,2026-09-25
14114760020000,UTAH DEPARTMENT OF TRANSPORTAT - RIGHT OF WAY 4TH FL,STATE,True,False,5.0,False,M-1,Tax Exempt - Government,readiness/data/geometry/14114760020000.geojson,cadastre_government_owned_parcels,https://services1.arcgis.com/99lidPhWCzftIe9K/arcgis/rest/services/cadastre_government_owned_parcels/FeatureServer/0/query,2026-09-25
14114760040000,UTAH DEPARTMENT OF TRANSPORTAT,STATE,True,False,5.8,False,M-1,Tax Exempt - Government,readiness/data/geometry/14114760040000.geojson,cadastre_government_owned_parcels,https://services1.arcgis.com/99lidPhWCzftIe9K/arcgis/rest/services/cadastre_government_owned_parcels/FeatureServer/0/query,2026-09-25
14114760050000,SALT LAKE CITY CORPORATION - PROPERTY MANAGEMENT,CITY,False,False,0.3,False,M-1,Tax Exempt - Government,readiness/data/geometry/14114760050000.geojson,cadastre_government_owned_parcels,https://services1.arcgis.com/99lidPhWCzftIe9K/arcgis/rest/services/cadastre_government_owned_parcels/FeatureServer/0/query,2026-09-25
14114770090000,UTAH DEPARTMENT OF TRANSPORTAT,STATE,True,False,0.2,False,M-1,Tax Exempt - Government,readiness/data/geometry/14114770090000.geojson,cadastre_government_owned_parcels,https://services1.arcgis.com/99lidPhWCzftIe9K/arcgis/rest/services/cadastre_government_owned_parcels/FeatureServer/0/query,2026-09-25
14114770110000,UTAH DEPARTMENT OF TRANSPORTAT - R/W FOURTH FLOOR,STATE,True,False,0.1,False,M-1,Tax Exempt - Government,readiness/data/geometry/14114770110000.geojson,cadastre_government_owned_parcels,https://services1.arcgis.com/99lidPhWCzftIe9K/arcgis/rest/services/cadastre_government_owned_parcels/FeatureServer/0/query,2026-09-25
14121030060000,UTAH DEPARTMENT OF TRANSPORTAT - RIGHT OF WAY 4TH FLOOR,STATE,True,False,0.0,True,CG,Tax Exempt - Government,readiness/data/geometry/14121030060000.geojson,cadastre_government_owned_parcels,https://services1.arcgis.com/99lidPhWCzftIe9K/arcgis/rest/services/cadastre_government_owned_parcels/FeatureServer/0/query,2026-09-25
14121030080000,SALT LAKE CITY CORPORATION,CITY,False,False,0.0,True,CG,Tax Exempt - Government,readiness/data/geometry/14121030080000.geojson,cadastre_government_owned_parcels,https://services1.arcgis.com/99lidPhWCzftIe9K/arcgis/rest/services/cadastre_government_owned_parcels/FeatureServer/0/query,2026-09-25
14131000120000,"UTAH DEPARTMENT OF TRANSPORTAT - RIGHT OF WAY, 4TH FLOOR",STATE,True,False,2.7,False,CG,Tax Exempt - Government,readiness/data/geometry/14131000120000.geojson,cadastre_government_owned_parcels,https://services1.arcgis.com/99lidPhWCzftIe9K/arcgis/rest/services/cadastre_government_owned_parcels/FeatureServer/0/query,2026-09-25
14131000130000,"UTAH DEPARTMENT OF TRANSPORTAT - RIGHT OF WAY, 4TH FLOOR",STATE,True,False,0.0,True,CG,Tax Exempt - Government,readiness/data/geometry/14131000130000.geojson,cadastre_government_owned_parcels,https://services1.arcgis.com/99lidPhWCzftIe9K/arcgis/rest/services/cadastre_government_owned_parcels/FeatureServer/0/query,2026-09-25
14131520050000,"UTAH DEPARTMENT OF TRANSPORTAT - RIGHT OF WAY, 4TH FLOOR",STATE,True,False,0.0,True,CG,Tax Exempt - Government,readiness/data/geometry/14131520050000.geojson,cadastre_government_owned_parcels,https://services1.arcgis.com/99lidPhWCzftIe9K/arcgis/rest/services/cadastre_government_owned_parcels/FeatureServer/0/query,2026-09-25
14131520060000,UTAH DEPARTMENT OF TRANSPORTAT - LONGPOINT PARTNERS LP,STATE,True,False,0.1,False,CG,Tax Exempt - Government,readiness/data/geometry/14131520060000.geojson,cadastre_government_owned_parcels,https://services1.arcgis.com/99lidPhWCzftIe9K/arcgis/rest/services/cadastre_government_owned_parcels/FeatureServer/0/query,2026-09-25
14133010140000,UTAH DEPARTMENT OF TRANSPORTAT - RIGHT OF WAY 4H FLOOR,STATE,True,False,0.0,True,UNKNOWN,Tax Exempt - Government,readiness/data/geometry/14133010140000.geojson,cadastre_government_owned_parcels,https://services1.arcgis.com/99lidPhWCzftIe9K/arcgis/rest/services/cadastre_government_owned_parcels/FeatureServer/0/query,2026-09-25
14133510060000,"UTAH DEPARTMENT OF TRANSPORTAT - RIGHT OF WAY, 4TH FLOOR",STATE,True,False,0.1,False,M-1,Tax Exempt - Government,readiness/data/geometry/14133510060000.geojson,cadastre_government_owned_parcels,https://services1.arcgis.com/99lidPhWCzftIe9K/arcgis/rest/services/cadastre_government_owned_parcels/FeatureServer/0/query,2026-09-25
14141000010000,STATE OF UTAH,STATE,True,False,160.0,False,OS,Tax Exempt - Government,readiness/data/geometry/14141000010000.geojson,cadastre_government_owned_parcels,https://services1.arcgis.com/99lidPhWCzftIe9K/arcgis/rest/services/cadastre_government_owned_parcels/FeatureServer/0/query,2026-09-25
14142000030000,UTAH DEPARTMENT OF TRANSPORTAT - RIGHT OF WAY 4TH FL,STATE,True,False,68.7,False,OS,Tax Exempt - Government,readiness/data/geometry/14142000030000.geojson,cadastre_government_owned_parcels,https://services1.arcgis.com/99lidPhWCzftIe9K/arcgis/rest/services/cadastre_government_owned_parcels/FeatureServer/0/query,2026-09-25
14142010010000,STATE OF UTAH - UTAH DIVISION OF WILDLIFE RES,STATE,True,False,60.5,False,OS,Tax Exempt - Government,readiness/data/geometry/14142010010000.geojson,cadastre_government_owned_parcels,https://services1.arcgis.com/99lidPhWCzftIe9K/arcgis/rest/services/cadastre_government_owned_parcels/FeatureServer/0/query,2026-09-25
14143010010000,STATE OF UTAH - UTAH DIVISION OF WILDLIFE RES,STATE,True,False,152.6,False,OS,Tax Exempt - Government,readiness/data/geometry/14143010010000.geojson,cadastre_government_owned_parcels,https://services1.arcgis.com/99lidPhWCzftIe9K/arcgis/rest/services/cadastre_government_owned_parcels/FeatureServer/0/query,2026-09-25
14144000030000,UTAH DEPARTMENT OF TRANSPORTAT - RIGHT OF WAY 4TH FL,STATE,True,False,2.7,False,OS,Tax Exempt - Government,readiness/data/geometry/14144000030000.geojson,cadastre_government_owned_parcels,https://services1.arcgis.com/99lidPhWCzftIe9K/arcgis/rest/services/cadastre_government_owned_parcels/FeatureServer/0/query,2026-09-25
14144010020000,STATE OF UTAH - UTAH DIVISION OF WILDLIFE RES,STATE,True,False,58.7,False,OS,Tax Exempt - Government,readiness/data/geometry/14144010020000.geojson,cadastre_government_owned_parcels,https://services1.arcgis.com/99lidPhWCzftIe9K/arcgis/rest/services/cadastre_government_owned_parcels/FeatureServer/0/query,2026-09-25
14144010020000,STATE OF UTAH - UTAH DIVISION OF WILDLIFE RES,STATE,True,False,58.7,False,OS,Tax Exempt - Government,readiness/data/geometry/14144010020000.geojson,cadastre_government_owned_parcels,https://services1.arcgis.com/99lidPhWCzftIe9K/arcgis/rest/services/cadastre_government_owned_parcels/FeatureServer/0/query,2026-09-25
14151000010000,STATE OF UTAH,STATE,True,False,160.0,False,OS,Tax Exempt - Government,readiness/data/geometry/14151000010000.geojson,cadastre_government_owned_parcels,https://services1.arcgis.com/99lidPhWCzftIe9K/arcgis/rest/services/cadastre_government_owned_parcels/FeatureServer/0/query,2026-09-25
14152000010000,STATE OF UTAH,STATE,True,False,160.0,False,OS,Tax Exempt - Government,readiness/data/geometry/14152000010000.geojson,cadastre_government_owned_parcels,https://services1.arcgis.com/99lidPhWCzftIe9K/arcgis/rest/services/cadastre_government_owned_parcels/FeatureServer/0/query,2026-09-25
14153000010000,STATE OF UTAH,STATE,True,False,160.0,False,OS,Tax Exempt - Government,readiness/data/geometry/14153000010000.geojson,cadastre_government_owned_parcels,https://services1.arcgis.com/99lidPhWCzftIe9K/arcgis/rest/services/cadastre_government_owned_parcels/FeatureServer/0/query,2026-09-25
14154000010000,STATE OF UTAH,STATE,True,False,160.0,False,OS,Tax Exempt - Government,readiness/data/geometry/14154000010000.geojson,cadastre_government_owned_parcels,https://services1.arcgis.com/99lidPhWCzftIe9K/arcgis/rest/services/cadastre_government_owned_parcels/FeatureServer/0/query,2026-09-25
15111290030000,SALT LAKE CITY CORPORATION - PROPERTY MANAGEMENT,CITY,False,False,0.1,False,R-1-5000,Tax Exempt - Government,readiness/data/geometry/15111290030000.geojson,cadastre_government_owned_parcels,https://services1.arcgis.com/99lidPhWCzftIe9K/arcgis/rest/services/cadastre_government_owned_parcels/FeatureServer/0/query,2026-09-25
15111290040000,SALT LAKE CITY CORPORATION - PROPERTY MANAGEMENT,CITY,False,False,0.3,False,R-1-5000,Tax Exempt - Government,readiness/data/geometry/15111290040000.geojson,cadastre_government_owned_parcels,https://services1.arcgis.com/99lidPhWCzftIe9K/arcgis/rest/services/cadastre_government_owned_parcels/FeatureServer/0/query,2026-09-25
15111290090000,SALT LAKE CITY - PROPERTY MANAGEMENT,CITY,False,False,0.1,False,R-1-5000,Tax Exempt - Government,readiness/data/geometry/15111290090000.geojson,cadastre_government_owned_parcels,https://services1.arcgis.com/99lidPhWCzftIe9K/arcgis/rest/services/cadastre_government_owned_parcels/FeatureServer/0/query,2026-09-25
15111290100000,SALT LAKE CITY CORPORATION - PROPERTY MANAGEMENT,CITY,False,False,0.3,False,R-1-5000,Tax Exempt - Government,readiness/data/geometry/15111290100000.geojson,cadastre_government_owned_parcels,https://services1.arcgis.com/99lidPhWCzftIe9K/arcgis/rest/services/cadastre_government_owned_parcels/FeatureServer/0/query,2026-09-25
15221260230000,SALT LAKE COUNTY - REAL ESTATE DEPT # S3200,COUNTY,False,False,0.1,False,UNKNOWN,Tax Exempt - Government,readiness/data/geometry/15221260230000.geojson,cadastre_government_owned_parcels,https://services1.arcgis.com/99lidPhWCzftIe9K/arcgis/rest/services/cadastre_government_owned_parcels/FeatureServer/0/query,2026-09-25
15111300010000,SALT LAKE CITY - PROPERTY MANAGEMENT,CITY,False,False,0.2,False,UNKNOWN,Tax Exempt - Government,readiness/data/geometry/15111300010000.geojson,cadastre_government_owned_parcels,https://services1.arcgis.com/99lidPhWCzftIe9K/arcgis/rest/services/cadastre_government_owned_parcels/FeatureServer/0/query,2026-09-25
15111300020000,SALT LAKE CITY CORPORATION - PROPERTY MANAGEMENT,CITY,False,False,0.0,True,R-1-5000,Tax Exempt - Government,readiness/data/geometry/15111300020000.geojson,cadastre_government_owned_parcels,https://services1.arcgis.com/99lidPhWCzftIe9K/arcgis/rest/services/cadastre_government_owned_parcels/FeatureServer/0/query,2026-09-25
15111300030000,SALT LAKE CITY CORPORATION - PROPERTY MANAGEMENT,CITY,False,False,0.1,False,OS,Tax Exempt - Government,readiness/data/geometry/15111300030000.geojson,cadastre_government_owned_parcels,https://services1.arcgis.com/99lidPhWCzftIe9K/arcgis/rest/services/cadastre_government_owned_parcels/FeatureServer/0/query,2026-09-25
15011010070000,UTAH TRANSIT AUTHORITY - PROPERTY MANAGEMENT,UTA,False,False,0.0,True,GMU,Tax Exempt - Government,readiness/data/geometry/15011010070000.geojson,cadastre_government_owned_parcels,https://services1.arcgis.com/99lidPhWCzftIe9K/arcgis/rest/services/cadastre_government_owned_parcels/FeatureServer/0/query,2026-09-25
15111300040000,SALT LAKE CITY CORPORATION - PROPERTY MANAGEMENT,CITY,False,False,0.1,False,OS,Tax Exempt - Government,readiness/data/geometry/15111300040000.geojson,cadastre_government_owned_parcels,https://services1.arcgis.com/99lidPhWCzftIe9K/arcgis/rest/services/cadastre_government_owned_parcels/FeatureServer/0/query,2026-09-25
15011010080000,UTAH TRANSIT AUTHORITY - PROPERTY MANAGEMENT,UTA,False,False,0.0,True,GMU,Tax Exempt - Government,readiness/data/geometry/15011010080000.geojson,cadastre_government_owned_parcels,https://services1.arcgis.com/99lidPhWCzftIe9K/arcgis/rest/services/cadastre_government_owned_parcels/FeatureServer/0/query,2026-09-25
15111300090000,SALT LAKE CITY CORPORATION - PROPERTY MANAGEMENT,CITY,False,False,0.5,False,R-1-5000,Tax Exempt - Government,readiness/data/geometry/15111300090000.geojson,cadastre_government_owned_parcels,https://services1.arcgis.com/99lidPhWCzftIe9K/arcgis/rest/services/cadastre_government_owned_parcels/FeatureServer/0/query,2026-09-25
15011030050000,REDEVELOPMENT AGENCY OF SALT L - SLC RECORDER ROOM #4155,CRA,False,False,0.1,False,GMU,Commercial,readiness/data/geometry/15011030050000.geojson,cadastre_government_owned_parcels,https://services1.arcgis.com/99lidPhWCzftIe9K/arcgis/rest/services/cadastre_government_owned_parcels/FeatureServer/0/query,2026-09-25
15111320050000,BOARD OF EDUCATION OF SALT LAK,SCHOOL_DISTRICT,False,False,0.2,False,PL,Tax Exempt - Government,readiness/data/geometry/15111320050000.geojson,cadastre_government_owned_parcels,https://services1.arcgis.com/99lidPhWCzftIe9K/arcgis/rest/services/cadastre_government_owned_parcels/FeatureServer/0/query,2026-09-25
15111320090000,SALT LAKE CITY CORPORATION - PROPERTY MANAGEMENT,CITY,False,False,3.8,False,PL,Tax Exempt - Government,readiness/data/geometry/15111320090000.geojson,cadastre_government_owned_parcels,https://services1.arcgis.com/99lidPhWCzftIe9K/arcgis/rest/services/cadastre_government_owned_parcels/FeatureServer/0/query,2026-09-25
15011030110000,UTAH TRANSIT AUTHORITY - PROPERTY MANAGEMENT,UTA,False,False,0.2,False,GMU,Tax Exempt - Government,readiness/data/geometry/15011030110000.geojson,cadastre_government_owned_parcels,https://services1.arcgis.com/99lidPhWCzftIe9K/arcgis/rest/services/cadastre_government_owned_parcels/FeatureServer/0/query,2026-09-25
15111340120000,SALT LAKE CITY CORPORATION - PROPERTY MANAGEMENT,CITY,False,False,0.1,False,OS,Tax Exempt - Government,readiness/data/geometry/15111340120000.geojson,cadastre_government_owned_parcels,https://services1.arcgis.com/99lidPhWCzftIe9K/arcgis/rest/services/cadastre_government_owned_parcels/FeatureServer/0/query,2026-09-25
15011030170000,REDEVELOPMENT AGENCY OF SALT L - SLC RECORDER ROOM #4155,CRA,False,False,0.1,False,GMU,Commercial,readiness/data/geometry/15011030170000.geojson,cadastre_government_owned_parcels,https://services1.arcgis.com/99lidPhWCzftIe9K/arcgis/rest/services/cadastre_government_owned_parcels/FeatureServer/0/query,2026-09-25
15011030200000,REDEVELOPMENT AGENCY OF SALT L,CRA,False,False,0.1,False,GMU,Commercial,readiness/data/geometry/15011030200000.geojson,cadastre_government_owned_parcels,https://services1.arcgis.com/99lidPhWCzftIe9K/arcgis/rest/services/cadastre_government_owned_parcels/FeatureServer/0/query,2026-09-25
15111340130000,SALT LAKE CITY CORPORATION - PROPERTY MANAGEMENT,CITY,False,False,0.0,True,OS,Tax Exempt - Government,readiness/data/geometry/15111340130000.geojson,cadastre_government_owned_parcels,https://services1.arcgis.com/99lidPhWCzftIe9K/arcgis/rest/services/cadastre_government_owned_parcels/FeatureServer/0/query,2026-09-25
15011030210000,REDEVELOPMENT AGENCY OF SALT L,CRA,False,False,0.4,False,GMU,Commercial,readiness/data/geometry/15011030210000.geojson,cadastre_government_owned_parcels,https://services1.arcgis.com/99lidPhWCzftIe9K/arcgis/rest/services/cadastre_government_owned_parcels/FeatureServer/0/query,2026-09-25
15111340140000,SALT LAKE CITY CORPORATION - PROPERTY MANAGEMENT,CITY,False,False,0.0,True,R-1-5000,Tax Exempt - Government,readiness/data/geometry/15111340140000.geojson,cadastre_government_owned_parcels,https://services1.arcgis.com/99lidPhWCzftIe9K/arcgis/rest/services/cadastre_government_owned_parcels/FeatureServer/0/query,2026-09-25
15111340230000,SALT LAKE CITY CORPORATION - PROPERTY MANAGEMENT,CITY,False,False,0.1,False,OS,Tax Exempt,readiness/data/geometry/15111340230000.geojson,cadastre_government_owned_parcels,https://services1.arcgis.com/99lidPhWCzftIe9K/arcgis/rest/services/cadastre_government_owned_parcels/FeatureServer/0/query,2026-09-25
15011030220000,REDEVELOPMENT AGENCY OF SALT L,CRA,False,False,0.5,False,GMU,Commercial,readiness/data/geometry/15011030220000.geojson,cadastre_government_owned_parcels,https://services1.arcgis.com/99lidPhWCzftIe9K/arcgis/rest/services/cadastre_government_owned_parcels/FeatureServer/0/query,2026-09-25
15111340250000,SALT LAKE CITY - PROPERTY MANAGEMENT,CITY,False,False,0.4,False,OS,Tax Exempt - Government,readiness/data/geometry/15111340250000.geojson,cadastre_government_owned_parcels,https://services1.arcgis.com/99lidPhWCzftIe9K/arcgis/rest/services/cadastre_government_owned_parcels/FeatureServer/0/query,2026-09-25
15011030230000,REDEVELOPMENT AGENCY OF SALT L,CRA,False,False,0.3,False,GMU,Commercial,readiness/data/geometry/15011030230000.geojson,cadastre_government_owned_parcels,https://services1.arcgis.com/99lidPhWCzftIe9K/arcgis/rest/services/cadastre_government_owned_parcels/FeatureServer/0/query,2026-09-25
15111340270000,SALT LAKE CITY CORPORATION - PROPERTY MANAGEMENT,CITY,False,False,0.1,False,OS,Tax Exempt - Government,readiness/data/geometry/15111340270000.geojson,cadastre_government_owned_parcels,https://services1.arcgis.com/99lidPhWCzftIe9K/arcgis/rest/services/cadastre_government_owned_parcels/FeatureServer/0/query,2026-09-25
15111340270000,SALT LAKE CITY CORPORATION - PROPERTY MANAGEMENT,CITY,False,False,0.1,False,OS,Tax Exempt - Government,readiness/data/geometry/15111340270000.geojson,cadastre_government_owned_parcels,https://services1.arcgis.com/99lidPhWCzftIe9K/arcgis/rest/services/cadastre_government_owned_parcels/FeatureServer/0/query,2026-09-25
15011030280000,SALT LAKE CITY CORPORATION - REAL ESTATE SERVICES,CITY,False,False,0.5,False,GMU,Tax Exempt - Government,readiness/data/geometry/15011030280000.geojson,cadastre_government_owned_parcels,https://services1.arcgis.com/99lidPhWCzftIe9K/arcgis/rest/services/cadastre_government_owned_parcels/FeatureServer/0/query,2026-09-25
15111340280000,SALT LAKE CITY CORPORATION - PROPERTY MANAGEMENT,CITY,False,False,0.0,True,R-1-5000,Tax Exempt - Government,readiness/data/geometry/15111340280000.geojson,cadastre_government_owned_parcels,https://services1.arcgis.com/99lidPhWCzftIe9K/arcgis/rest/services/cadastre_government_owned_parcels/FeatureServer/0/query,2026-09-25
15011040040000,REDEVELOPMENT AGENCY OF SALT L - EXECUTIVE DIRECTOR,CRA,False,False,0.2,False,GMU,Residential,readiness/data/geometry/15011040040000.geojson,cadastre_government_owned_parcels,https://services1.arcgis.com/99lidPhWCzftIe9K/arcgis/rest/services/cadastre_government_owned_parcels/FeatureServer/0/query,2026-09-25
15111360010000,SALT LAKE CITY CORPORATION - PROPERTY MANAGEMENT,CITY,False,False,0.1,False,OS,Tax Exempt - Government,readiness/data/geometry/15111360010000.geojson,cadastre_government_owned_parcels,https://services1.arcgis.com/99lidPhWCzftIe9K/arcgis/rest/services/cadastre_government_owned_parcels/FeatureServer/0/query,2026-09-25
15011040130000,REDEVELOPMENT AGENCY OF SALT L,CRA,False,False,0.3,False,GMU,Commercial,readiness/data/geometry/15011040130000.geojson,cadastre_government_owned_parcels,https://services1.arcgis.com/99lidPhWCzftIe9K/arcgis/rest/services/cadastre_government_owned_parcels/FeatureServer/0/query,2026-09-25
15111540080000,SALT LAKE CITY - PROPERTY MANAGEMENT,CITY,False,False,0.2,False,R-1-5000,Tax Exempt - Government,readiness/data/geometry/15111540080000.geojson,cadastre_government_owned_parcels,https://services1.arcgis.com/99lidPhWCzftIe9K/arcgis/rest/services/cadastre_government_owned_parcels/FeatureServer/0/query,2026-09-25
15011040140000,REDEVELOPMENT AGENCY OF SALT L,CRA,False,False,0.3,False,GMU,Commercial,readiness/data/geometry/15011040140000.geojson,cadastre_government_owned_parcels,https://services1.arcgis.com/99lidPhWCzftIe9K/arcgis/rest/services/cadastre_government_owned_parcels/FeatureServer/0/query,2026-09-25
15111540090000,SALT LAKE CITY CORPORATION - REAL ESTATE SERVICES,CITY,False,False,2.3,False,R-1-5000,Tax Exempt - Government,readiness/data/geometry/15111540090000.geojson,cadastre_government_owned_parcels,https://services1.arcgis.com/99lidPhWCzftIe9K/arcgis/rest/services/cadastre_government_owned_parcels/FeatureServer/0/query,2026-09-25
15011040150000,REDEVELOPMENT AGENCY OF SALT L,CRA,False,False,0.1,False,UNKNOWN,Commercial,readiness/data/geometry/15011040150000.geojson,cadastre_government_owned_parcels,https://services1.arcgis.com/99lidPhWCzftIe9K/arcgis/rest/services/cadastre_government_owned_parcels/FeatureServer/0/query,2026-09-25
15111590250000,SALT LAKE CITY CORP - PROPERTY MANAGEMENT,CITY,False,False,0.0,True,R-1-5000,Tax Exempt - Government,readiness/data/geometry/15111590250000.geojson,cadastre_government_owned_parcels,https://services1.arcgis.com/99lidPhWCzftIe9K/arcgis/rest/services/cadastre_government_owned_parcels/FeatureServer/0/query,2026-09-25
15011070220000,UTAH TRANSIT AUTHORITY - PROPERTY MANAGEMENT,UTA,False,False,0.0,True,GMU,Tax Exempt - Government,readiness/data/geometry/15011070220000.geojson,cadastre_government_owned_parcels,https://services1.arcgis.com/99lidPhWCzftIe9K/arcgis/rest/services/cadastre_government_owned_parcels/FeatureServer/0/query,2026-09-25
15111600010000,BOARD OF EDUCATION,SCHOOL_DISTRICT,False,False,12.3,False,PL,Tax Exempt - Government,readiness/data/geometry/15111600010000.geojson,cadastre_government_owned_parcels,https://services1.arcgis.com/99lidPhWCzftIe9K/arcgis/rest/services/cadastre_government_owned_parcels/FeatureServer/0/query,2026-09-25
15011070240000,UTAH TRANSIT AUTHORITY - PROPERTY MANAGEMENT,UTA,False,False,7.3,False,GMU,Commercial,readiness/data/geometry/15011070240000.geojson,cadastre_government_owned_parcels,https://services1.arcgis.com/99lidPhWCzftIe9K/arcgis/rest/services/cadastre_government_owned_parcels/FeatureServer/0/query,2026-09-25
15011070340000,REDEVELOPMENT AGENCY OF SALT L,CRA,False,False,0.2,False,GMU,Commercial,readiness/data/geometry/15011070340000.geojson,cadastre_government_owned_parcels,https://services1.arcgis.com/99lidPhWCzftIe9K/arcgis/rest/services/cadastre_government_owned_parcels/FeatureServer/0/query,2026-09-25
15111780090000,SALT LAKE CITY CORPORATION - REAL ESTATE SERVICES,CITY,False,False,1.6,False,R-2,Tax Exempt - Government,readiness/data/geometry/15111780090000.geojson,cadastre_government_owned_parcels,https://services1.arcgis.com/99lidPhWCzftIe9K/arcgis/rest/services/cadastre_government_owned_parcels/FeatureServer/0/query,2026-09-25
15111780090000,SALT LAKE CITY CORPORATION - REAL ESTATE SERVICES,CITY,False,False,1.6,False,R-2,Tax Exempt - Government,readiness/data/geometry/15111780090000.geojson,cadastre_government_owned_parcels,https://services1.arcgis.com/99lidPhWCzftIe9K/arcgis/rest/services/cadastre_government_owned_parcels/FeatureServer/0/query,2026-09-25
15011070350000,REDEVELOPMENT AGENCY OF SALT L,CRA,False,False,0.0,True,GMU,Commercial,readiness/data/geometry/15011070350000.geojson,cadastre_government_owned_parcels,https://services1.arcgis.com/99lidPhWCzftIe9K/arcgis/rest/services/cadastre_government_owned_parcels/FeatureServer/0/query,2026-09-25
15111780100000,SALT LAKE CITY CORPORATION,CITY,False,False,0.2,False,UNKNOWN,Tax Exempt - Government,readiness/data/geometry/15111780100000.geojson,cadastre_government_owned_parcels,https://services1.arcgis.com/99lidPhWCzftIe9K/arcgis/rest/services/cadastre_government_owned_parcels/FeatureServer/0/query,2026-09-25
15011070360000,REDEVELOPMENT AGENCY OF SALT L,CRA,False,False,0.2,False,GMU,Commercial,readiness/data/geometry/15011070360000.geojson,cadastre_government_owned_parcels,https://services1.arcgis.com/99lidPhWCzftIe9K/arcgis/rest/services/cadastre_government_owned_parcels/FeatureServer/0/query,2026-09-25
15111800040000,SALT LAKE CITY - PROPERTY MANAGEMENT,CITY,False,False,0.1,False,OS,Tax Exempt - Government,readiness/data/geometry/15111800040000.geojson,cadastre_government_owned_parcels,https://services1.arcgis.com/99lidPhWCzftIe9K/arcgis/rest/services/cadastre_government_owned_parcels/FeatureServer/0/query,2026-09-25
15011070370000,REDEVELOPMENT AGENCY OF SALT L,CRA,False,False,0.2,False,GMU,Commercial,readiness/data/geometry/15011070370000.geojson,cadastre_government_owned_parcels,https://services1.arcgis.com/99lidPhWCzftIe9K/arcgis/rest/services/cadastre_government_owned_parcels/FeatureServer/0/query,2026-09-25
15111800100000,SALT LAKE CITY CORPORATION - PROPERTY MANAGEMENT,CITY,False,False,0.1,False,OS,Tax Exempt - Government,readiness/data/geometry/15111800100000.geojson,cadastre_government_owned_parcels,https://services1.arcgis.com/99lidPhWCzftIe9K/arcgis/rest/services/cadastre_government_owned_parcels/FeatureServer/0/query,2026-09-25
15011070380000,REDEVELOPMENT AGENCY OF SALT L,CRA,False,False,0.3,False,GMU,Commercial,readiness/data/geometry/15011070380000.geojson,cadastre_government_owned_parcels,https://services1.arcgis.com/99lidPhWCzftIe9K/arcgis/rest/services/cadastre_government_owned_parcels/FeatureServer/0/query,2026-09-25
15111800110000,SALT LAKE CITY CORPORATION - PROPERTY MANAGEMENT,CITY,False,False,0.1,False,OS,Tax Exempt - Government,readiness/data/geometry/15111800110000.geojson,cadastre_government_owned_parcels,https://services1.arcgis.com/99lidPhWCzftIe9K/arcgis/rest/services/cadastre_government_owned_parcels/FeatureServer/0/query,2026-09-25
15011070390000,REDEVELOPMENT AGENCY OF SALT L,CRA,False,False,0.2,False,GMU,Commercial,readiness/data/geometry/15011070390000.geojson,cadastre_government_owned_parcels,https://services1.arcgis.com/99lidPhWCzftIe9K/arcgis/rest/services/cadastre_government_owned_parcels/FeatureServer/0/query,2026-09-25
15011070400000,REDEVELOPMENT AGENCY OF SALT L,CRA,False,False,0.2,False,GMU,Commercial,readiness/data/geometry/15011070400000.geojson,cadastre_government_owned_parcels,https://services1.arcgis.com/99lidPhWCzftIe9K/arcgis/rest/services/cadastre_government_owned_parcels/FeatureServer/0/query,2026-09-25
15111800120000,SALT LAKE CITY CORPORATION; I - PROPERTY MANAGEMENT,CITY,False,False,0.1,False,OS,Tax Exempt - Government,readiness/data/geometry/15111800120000.geojson,cadastre_government_owned_parcels,https://services1.arcgis.com/99lidPhWCzftIe9K/arcgis/rest/services/cadastre_government_owned_parcels/FeatureServer/0/query,2026-09-25
15011070410000,REDEVELOPMENT AGENCY OF SALT L,CRA,False,False,0.3,False,GMU,Commercial - Industrial,readiness/data/geometry/15011070410000.geojson,cadastre_government_owned_parcels,https://services1.arcgis.com/99lidPhWCzftIe9K/arcgis/rest/services/cadastre_government_owned_parcels/FeatureServer/0/query,2026-09-25
15111800140000,SALT LAKE CITY CORPORATION - PROPERTY MANAGEMENT,CITY,False,False,0.1,False,OS,Tax Exempt - Government,readiness/data/geometry/15111800140000.geojson,cadastre_government_owned_parcels,https://services1.arcgis.com/99lidPhWCzftIe9K/arcgis/rest/services/cadastre_government_owned_parcels/FeatureServer/0/query,2026-09-25
15011070420000,REDEVELOPMENT AGENCY OF SALT L,CRA,False,False,0.3,False,GMU,Commercial - Office Space,readiness/data/geometry/15011070420000.geojson,cadastre_government_owned_parcels,https://services1.arcgis.com/99lidPhWCzftIe9K/arcgis/rest/services/cadastre_government_owned_parcels/FeatureServer/0/query,2026-09-25
15111800150000,SALT LAKE CITY CORPORATION - PROPERTY MANAGEMENT,CITY,False,False,0.0,True,OS,Tax Exempt - Government,readiness/data/geometry/15111800150000.geojson,cadastre_government_owned_parcels,https://services1.arcgis.com/99lidPhWCzftIe9K/arcgis/rest/services/cadastre_government_owned_parcels/FeatureServer/0/query,2026-09-25
15111800160000,SALT LAKE CITY CORPORATION - PROPERTY MANAGEMENT,CITY,False,False,0.1,False,OS,Tax Exempt - Government,readiness/data/geometry/15111800160000.geojson,cadastre_government_owned_parcels,https://services1.arcgis.com/99lidPhWCzftIe9K/arcgis/rest/services/cadastre_government_owned_parcels/FeatureServer/0/query,2026-09-25
15111800180000,SALT LAKE CITY CORPORATION - REAL ESTATE SERVICES,CITY,False,False,5.0,False,R-1-5000,Tax Exempt - Government,readiness/data/geometry/15111800180000.geojson,cadastre_government_owned_parcels,https://services1.arcgis.com/99lidPhWCzftIe9K/arcgis/rest/services/cadastre_government_owned_parcels/FeatureServer/0/query,2026-09-25
15011090062000,UTAH TRANSIT AUTHORITY - PROPERTY MANAGEMENT,UTA,False,False,13.3,False,CG,Tax Exempt - Government,readiness/data/geometry/15011090062000.geojson,cadastre_government_owned_parcels,https://services1.arcgis.com/99lidPhWCzftIe9K/arcgis/rest/services/cadastre_government_owned_parcels/FeatureServer/0/query,2026-09-25
15111810010000,SALT LAKE CITY - PROPERTY MANAGEMENT,CITY,False,False,0.2,False,OS,Tax Exempt - Government,readiness/data/geometry/15111810010000.geojson,cadastre_government_owned_parcels,https://services1.arcgis.com/99lidPhWCzftIe9K/arcgis/rest/services/cadastre_government_owned_parcels/FeatureServer/0/query,2026-09-25
15111810020000,SALT LAKE CITY - PROPERTY MANAGEMENT,CITY,False,False,0.2,False,OS,Tax Exempt - Government,readiness/data/geometry/15111810020000.geojson,cadastre_government_owned_parcels,https://services1.arcgis.com/99lidPhWCzftIe9K/arcgis/rest/services/cadastre_government_owned_parcels/FeatureServer/0/query,2026-09-25
15011260090000,SALT LAKE CITY CORPORATION - PROPERTY MANAGEMENT,CITY,False,False,0.4,False,GMU,Tax Exempt - Government,readiness/data/geometry/15011260090000.geojson,cadastre_government_owned_parcels,https://services1.arcgis.com/99lidPhWCzftIe9K/arcgis/rest/services/cadastre_government_owned_parcels/FeatureServer/0/query,2026-09-25
15111810030000,SALT LAKE CITY - PROPERTY MANAGEMENT,CITY,False,False,0.1,False,OS,Tax Exempt - Government,readiness/data/geometry/15111810030000.geojson,cadastre_government_owned_parcels,https://services1.arcgis.com/99lidPhWCzftIe9K/arcgis/rest/services/cadastre_government_owned_parcels/FeatureServer/0/query,2026-09-25
15011260120000,MUNICIPAL BUILDING AUTHORITY O - PROPERTY MANAGEMENT,SPECIAL_DISTRICT,False,False,0.2,False,GMU,Tax Exempt - Government,readiness/data/geometry/15011260120000.geojson,cadastre_government_owned_parcels,https://services1.arcgis.com/99lidPhWCzftIe9K/arcgis/rest/services/cadastre_government_owned_parcels/FeatureServer/0/query,2026-09-25
15111810040000,SALT LAKE CITY CORPORATION - PROPERTY MANAGEMENT,CITY,False,False,0.2,False,OS,Tax Exempt - Government,readiness/data/geometry/15111810040000.geojson,cadastre_government_owned_parcels,https://services1.arcgis.com/99lidPhWCzftIe9K/arcgis/rest/services/cadastre_government_owned_parcels/FeatureServer/0/query,2026-09-25
15011260130000,SALT LAKE CITY CORPORATION - PROPERTY MANAGEMENT,CITY,False,False,2.3,False,GMU,Tax Exempt - Government,readiness/data/geometry/15011260130000.geojson,cadastre_government_owned_parcels,https://services1.arcgis.com/99lidPhWCzftIe9K/arcgis/rest/services/cadastre_government_owned_parcels/FeatureServer/0/query,2026-09-25
15111810050000,SALT LAKE CITY CORPORATION - PROPERTY MANAGEMENT,CITY,False,False,0.6,False,OS,Tax Exempt - Government,readiness/data/geometry/15111810050000.geojson,cadastre_government_owned_parcels,https://services1.arcgis.com/99lidPhWCzftIe9K/arcgis/rest/services/cadastre_government_owned_parcels/FeatureServer/0/query,2026-09-25
15011260130000,SALT LAKE CITY CORPORATION - PROPERTY MANAGEMENT,CITY,False,False,2.3,False,GMU,Tax Exempt - Government,readiness/data/geometry/15011260130000.geojson,cadastre_government_owned_parcels,https://services1.arcgis.com/99lidPhWCzftIe9K/arcgis/rest/services/cadastre_government_owned_parcels/FeatureServer/0/query,2026-09-25
15111810060000,SALT LAKE CITY CORPORATION - PROPERTY MANAGEMENT,CITY,False,False,0.1,False,OS,Tax Exempt - Government,readiness/data/geometry/15111810060000.geojson,cadastre_government_owned_parcels,https://services1.arcgis.com/99lidPhWCzftIe9K/arcgis/rest/services/cadastre_government_owned_parcels/FeatureServer/0/query,2026-09-25
15011260140000,SALT LAKE CITY CORPORATION - PROPERTY MANAGEMENT,CITY,False,False,2.1,False,GMU,Tax Exempt - Government,readiness/data/geometry/15011260140000.geojson,cadastre_government_owned_parcels,https://services1.arcgis.com/99lidPhWCzftIe9K/arcgis/rest/services/cadastre_government_owned_parcels/FeatureServer/0/query,2026-09-25
15111810070000,SALT LAKE CITY CORPORATION - PROPERTY MANAGEMENT,CITY,False,False,0.1,False,OS,Tax Exempt - Government,readiness/data/geometry/15111810070000.geojson,cadastre_government_owned_parcels,https://services1.arcgis.com/99lidPhWCzftIe9K/arcgis/rest/services/cadastre_government_owned_parcels/FeatureServer/0/query,2026-09-25
15011270172000,REDEVELOPMENT AGENCY OF SALT L - CITY & COUNTY BLDG RM 418,CRA,False,False,9.2,False,D-4,Tax Exempt - Government,readiness/data/geometry/15011270172000.geojson,cadastre_government_owned_parcels,https://services1.arcgis.com/99lidPhWCzftIe9K/arcgis/rest/services/cadastre_government_owned_parcels/FeatureServer/0/query,2026-09-25
15111810080000,SALT LAKE CITY CORPORATION - PROPERTY MANAGEMENT,CITY,False,False,0.2,False,OS,Tax Exempt - Government,readiness/data/geometry/15111810080000.geojson,cadastre_government_owned_parcels,https://services1.arcgis.com/99lidPhWCzftIe9K/arcgis/rest/services/cadastre_government_owned_parcels/FeatureServer/0/query,2026-09-25
15111810100000,SALT LAKE CITY CORPORATION - PROPERTY MANAGEMENT,CITY,False,False,0.2,False,FB-UN1,Tax Exempt - Government,readiness/data/geometry/15111810100000.geojson,cadastre_government_owned_parcels,https://services1.arcgis.com/99lidPhWCzftIe9K/arcgis/rest/services/cadastre_government_owned_parcels/FeatureServer/0/query,2026-09-25
15111820010000,SALT LAKE CITY CORPORATION - PROPERTY MANAGEMENT,CITY,False,False,1.8,False,OS,Tax Exempt - Government,readiness/data/geometry/15111820010000.geojson,cadastre_government_owned_parcels,https://services1.arcgis.com/99lidPhWCzftIe9K/arcgis/rest/services/cadastre_government_owned_parcels/FeatureServer/0/query,2026-09-25
15011270182000,REDEVELOPMENT AGENCY OF SALT L - CITY & COUNTY BLDG RM 418,CRA,False,False,0.8,False,D-4,Tax Exempt - Government,readiness/data/geometry/15011270182000.geojson,cadastre_government_owned_parcels,https://services1.arcgis.com/99lidPhWCzftIe9K/arcgis/rest/services/cadastre_government_owned_parcels/FeatureServer/0/query,2026-09-25
15111850100000,DIVISION OF HOUSING SALT LAKE,STATE,True,False,0.1,False,R-1-5000,Residential,readiness/data/geometry/15111850100000.geojson,cadastre_government_owned_parcels,https://services1.arcgis.com/99lidPhWCzftIe9K/arcgis/rest/services/cadastre_government_owned_parcels/FeatureServer/0/query,2026-09-25
15111860170000,SALT LAKE CITY CORPORATION - PROPERTY MANAGEMENT,CITY,False,False,0.5,False,R-1-5000,Tax Exempt - Government,readiness/data/geometry/15111860170000.geojson,cadastre_government_owned_parcels,https://services1.arcgis.com/99lidPhWCzftIe9K/arcgis/rest/services/cadastre_government_owned_parcels/FeatureServer/0/query,2026-09-25
15011310040000,SALT LAKE COUNTY - REAL ESTATE DEPT # S3200,COUNTY,False,False,0.1,False,GMU,Commercial - Office Space,readiness/data/geometry/15011310040000.geojson,cadastre_government_owned_parcels,https://services1.arcgis.com/99lidPhWCzftIe9K/arcgis/rest/services/cadastre_government_owned_parcels/FeatureServer/0/query,2026-09-25
15111860180000,SALT LAKE CITY - PROPERTY MANAGEMENT,CITY,False,False,0.4,False,OS,Tax Exempt - Government,readiness/data/geometry/15111860180000.geojson,cadastre_government_owned_parcels,https://services1.arcgis.com/99lidPhWCzftIe9K/arcgis/rest/services/cadastre_government_owned_parcels/FeatureServer/0/query,2026-09-25
15011310100000,STATE BOARD OF REGENTS LOAN PU - BOB MCRAE,STATE,True,False,0.0,True,GMU,Commercial - Office Space,readiness/data/geometry/15011310100000.geojson,cadastre_government_owned_parcels,https://services1.arcgis.com/99lidPhWCzftIe9K/arcgis/rest/services/cadastre_government_owned_parcels/FeatureServer/0/query,2026-09-25
15111870150000,SALT LAKE CITY CORPORATION - PROPERTY MANAGEMENT,CITY,False,False,0.2,False,R-1-5000,Tax Exempt - Government,readiness/data/geometry/15111870150000.geojson,cadastre_government_owned_parcels,https://services1.arcgis.com/99lidPhWCzftIe9K/arcgis/rest/services/cadastre_government_owned_parcels/FeatureServer/0/query,2026-09-25
15011310110000,STATE BOARD OF REGENTS LOAN PU - BOB MCRAE,STATE,True,False,0.0,True,GMU,Commercial - Office Space,readiness/data/geometry/15011310110000.geojson,cadastre_government_owned_parcels,https://services1.arcgis.com/99lidPhWCzftIe9K/arcgis/rest/services/cadastre_government_owned_parcels/FeatureServer/0/query,2026-09-25
15111870160000,SALT LAKE CITY CORPORATION - PROPERTY MANAGEMENT,CITY,False,False,0.2,False,OS,Tax Exempt - Government,readiness/data/geometry/15111870160000.geojson,cadastre_government_owned_parcels,https://services1.arcgis.com/99lidPhWCzftIe9K/arcgis/rest/services/cadastre_government_owned_parcels/FeatureServer/0/query,2026-09-25
15011310120000,STATE BOARD OF REGENTS LOAN PU - BOB MCRAE,STATE,True,False,0.0,True,GMU,Commercial - Office Space,readiness/data/geometry/15011310120000.geojson,cadastre_government_owned_parcels,https://services1.arcgis.com/99lidPhWCzftIe9K/arcgis/rest/services/cadastre_government_owned_parcels/FeatureServer/0/query,2026-09-25
15112040290000,SALT LAKE CITY CORP - PROPERTY MANAGEMENT,CITY,False,False,0.6,False,R-1-5000,Tax Exempt - Government,readiness/data/geometry/15112040290000.geojson,cadastre_government_owned_parcels,https://services1.arcgis.com/99lidPhWCzftIe9K/arcgis/rest/services/cadastre_government_owned_parcels/FeatureServer/0/query,2026-09-25
15011310130000,STATE BOARD OF REGENTS LOAN PU - BOB MCRAE,STATE,True,False,0.0,True,GMU,Commercial - Office Space,readiness/data/geometry/15011310130000.geojson,cadastre_government_owned_parcels,https://services1.arcgis.com/99lidPhWCzftIe9K/arcgis/rest/services/cadastre_government_owned_parcels/FeatureServer/0/query,2026-09-25
15112510290000,SALT LAKE CITY CORPORATION - PROPERTY MANAGER,CITY,False,False,0.5,False,FB-UN1,Tax Exempt - Government,readiness/data/geometry/15112510290000.geojson,cadastre_government_owned_parcels,https://services1.arcgis.com/99lidPhWCzftIe9K/arcgis/rest/services/cadastre_government_owned_parcels/FeatureServer/0/query,2026-09-25
15011310140000,STATE BOARD OF REGENTS LOAN PU - BOB MCRAE,STATE,True,False,0.0,True,GMU,Commercial - Office Space,readiness/data/geometry/15011310140000.geojson,cadastre_government_owned_parcels,https://services1.arcgis.com/99lidPhWCzftIe9K/arcgis/rest/services/cadastre_government_owned_parcels/FeatureServer/0/query,2026-09-25
15011310150000,STATE BOARD OF REGENTS LOAN PU - BOB MCRAE,STATE,True,False,0.0,True,GMU,Commercial - Office Space,readiness/data/geometry/15011310150000.geojson,cadastre_government_owned_parcels,https://services1.arcgis.com/99lidPhWCzftIe9K/arcgis/rest/services/cadastre_government_owned_parcels/FeatureServer/0/query,2026-09-25
15112530010000,SALT LAKE CITY CORPORATION - PROPERTY MANAGEMENT,CITY,False,False,0.1,False,OS,Tax Exempt - Government,readiness/data/geometry/15112530010000.geojson,cadastre_government_owned_parcels,https://services1.arcgis.com/99lidPhWCzftIe9K/arcgis/rest/services/cadastre_government_owned_parcels/FeatureServer/0/query,2026-09-25
15011510050000,REDEVELOPMENT AGENCY OF SALT L,CRA,False,False,0.3,False,GMU,Vacant,readiness/data/geometry/15011510050000.geojson,cadastre_government_owned_parcels,https://services1.arcgis.com/99lidPhWCzftIe9K/arcgis/rest/services/cadastre_government_owned_parcels/FeatureServer/0/query,2026-09-25
15112530020000,SALT LAKE CITY CORP - SL CITY MGMT SERVICES,CITY,False,False,0.1,False,R-MU-45,Tax Exempt - Government,readiness/data/geometry/15112530020000.geojson,cadastre_government_owned_parcels,https://services1.arcgis.com/99lidPhWCzftIe9K/arcgis/rest/services/cadastre_government_owned_parcels/FeatureServer/0/query,2026-09-25
15112530120000,SALT LAKE CITY CORPORATION - PROPERTY MANAGEMENT,CITY,False,False,0.3,False,OS,Tax Exempt - Government,readiness/data/geometry/15112530120000.geojson,cadastre_government_owned_parcels,https://services1.arcgis.com/99lidPhWCzftIe9K/arcgis/rest/services/cadastre_government_owned_parcels/FeatureServer/0/query,2026-09-25
15011510080000,REDEVELOPMENT AGENCY OF SALT L - VALDA TARBET,CRA,False,False,0.5,False,GMU,Vacant,readiness/data/geometry/15011510080000.geojson,cadastre_government_owned_parcels,https://services1.arcgis.com/99lidPhWCzftIe9K/arcgis/rest/services/cadastre_government_owned_parcels/FeatureServer/0/query,2026-09-25
15112530130000,SALT LAKE CITY CORPORATION - PROPERTY MANAGEMENT,CITY,False,False,0.3,False,OS,Tax Exempt - Government,readiness/data/geometry/15112530130000.geojson,cadastre_government_owned_parcels,https://services1.arcgis.com/99lidPhWCzftIe9K/arcgis/rest/services/cadastre_government_owned_parcels/FeatureServer/0/query,2026-09-25
15011510090000,REDEVELOPMENT AGENCY OF SALT L - VALDA TARBET,CRA,False,False,0.5,False,GMU,Vacant,readiness/data/geometry/15011510090000.geojson,cadastre_government_owned_parcels,https://services1.arcgis.com/99lidPhWCzftIe9K/arcgis/rest/services/cadastre_government_owned_parcels/FeatureServer/0/query,2026-09-25
15112530140000,SALT LAKE CITY CORPORATION - PROPERTY MANAGEMENT,CITY,False,False,0.3,False,R-MU-45,Tax Exempt - Government,readiness/data/geometry/15112530140000.geojson,cadastre_government_owned_parcels,https://services1.arcgis.com/99lidPhWCzftIe9K/arcgis/rest/services/cadastre_government_owned_parcels/FeatureServer/0/query,2026-09-25
15011510100000,REDEVELOPMENT AGENCY OF SALT L - VALDA TARBET,CRA,False,False,0.9,False,GMU,Commercial,readiness/data/geometry/15011510100000.geojson,cadastre_government_owned_parcels,https://services1.arcgis.com/99lidPhWCzftIe9K/arcgis/rest/services/cadastre_government_owned_parcels/FeatureServer/0/query,2026-09-25
15112540010000,SALT LAKE COUNTY,COUNTY,False,False,0.6,False,R-MU-35,Tax Exempt - Government,readiness/data/geometry/15112540010000.geojson,cadastre_government_owned_parcels,https://services1.arcgis.com/99lidPhWCzftIe9K/arcgis/rest/services/cadastre_government_owned_parcels/FeatureServer/0/query,2026-09-25
15011510110000,REDEVELOPMENT AGENCY OF SALT L - VALDA TARBET,CRA,False,False,0.1,False,GMU,Vacant,readiness/data/geometry/15011510110000.geojson,cadastre_government_owned_parcels,https://services1.arcgis.com/99lidPhWCzftIe9K/arcgis/rest/services/cadastre_government_owned_parcels/FeatureServer/0/query,2026-09-25
15112540170000,SALT LAKE COUNTY,COUNTY,False,False,0.8,False,R-MU-35,Tax Exempt - Government,readiness/data/geometry/15112540170000.geojson,cadastre_government_owned_parcels,https://services1.arcgis.com/99lidPhWCzftIe9K/arcgis/rest/services/cadastre_government_owned_parcels/FeatureServer/0/query,2026-09-25
15011510120000,REDEVELOPMENT AGENCY OF SALT L - VALDA TARBET,CRA,False,False,0.3,False,GMU,Vacant,readiness/data/geometry/15011510120000.geojson,cadastre_government_owned_parcels,https://services1.arcgis.com/99lidPhWCzftIe9K/arcgis/rest/services/cadastre_government_owned_parcels/FeatureServer/0/query,2026-09-25
15112560030000,"DEPT OF NATURAL RESOURCES - BARKER, MIKE",STATE,True,False,0.1,False,OS,Tax Exempt - Government,readiness/data/geometry/15112560030000.geojson,cadastre_government_owned_parcels,https://services1.arcgis.com/99lidPhWCzftIe9K/arcgis/rest/services/cadastre_government_owned_parcels/FeatureServer/0/query,2026-09-25
15011510130000,REDEVELOPMENT AGENCY OF SALT L - VALDA TARBET,CRA,False,False,0.1,False,GMU,Vacant,readiness/data/geometry/15011510130000.geojson,cadastre_government_owned_parcels,https://services1.arcgis.com/99lidPhWCzftIe9K/arcgis/rest/services/cadastre_government_owned_parcels/FeatureServer/0/query,2026-09-25
15112560040000,SALT LAKE CITY - PROPERTY MANAGEMENT,CITY,False,False,0.7,False,OS,Tax Exempt - Government,readiness/data/geometry/15112560040000.geojson,cadastre_government_owned_parcels,https://services1.arcgis.com/99lidPhWCzftIe9K/arcgis/rest/services/cadastre_government_owned_parcels/FeatureServer/0/query,2026-09-25
15011510140000,REDEVELOPMENT AGENCY OF SALT L - VALDA TARBET,CRA,False,False,0.1,False,GMU,Vacant,readiness/data/geometry/15011510140000.geojson,cadastre_government_owned_parcels,https://services1.arcgis.com/99lidPhWCzftIe9K/arcgis/rest/services/cadastre_government_owned_parcels/FeatureServer/0/query,2026-09-25
15011510200000,REDEVELOPMENT AGENCY OF SALT L - 451 S STATE ROOM 118,CRA,False,False,0.4,False,GMU,Vacant,readiness/data/geometry/15011510200000.geojson,cadastre_government_owned_parcels,https://services1.arcgis.com/99lidPhWCzftIe9K/arcgis/rest/services/cadastre_government_owned_parcels/FeatureServer/0/query,2026-09-25
15112580030000,SALT LAKE CITY CORPORATION - REAL ESTATE SERVICES,CITY,False,False,0.1,False,FB-UN1,Tax Exempt - Government,readiness/data/geometry/15112580030000.geojson,cadastre_government_owned_parcels,https://services1.arcgis.com/99lidPhWCzftIe9K/arcgis/rest/services/cadastre_government_owned_parcels/FeatureServer/0/query,2026-09-25
15011520250000,REDEVELOPMENT AGENCY OF SALT L - EXECUTIVE DIRECTOR,CRA,False,False,0.6,False,GMU,Commercial,readiness/data/geometry/15011520250000.geojson,cadastre_government_owned_parcels,https://services1.arcgis.com/99lidPhWCzftIe9K/arcgis/rest/services/cadastre_government_owned_parcels/FeatureServer/0/query,2026-09-25
15112580040000,SALT LAKE CITY CORPORATION - REAL ESTATE SERVICES,CITY,False,False,0.3,False,FB-UN1,Residential,readiness/data/geometry/15112580040000.geojson,cadastre_government_owned_parcels,https://services1.arcgis.com/99lidPhWCzftIe9K/arcgis/rest/services/cadastre_government_owned_parcels/FeatureServer/0/query,2026-09-25
15011530040000,REDEVELOPMENT AGENCY OF SALT L,CRA,False,False,0.2,False,GMU,Commercial,readiness/data/geometry/15011530040000.geojson,cadastre_government_owned_parcels,https://services1.arcgis.com/99lidPhWCzftIe9K/arcgis/rest/services/cadastre_government_owned_parcels/FeatureServer/0/query,2026-09-25
15112580150000,SALT LAKE CITY CORPORATION - PROPERTY MANAGEMENT,CITY,False,False,0.2,False,OS,Tax Exempt - Government,readiness/data/geometry/15112580150000.geojson,cadastre_government_owned_parcels,https://services1.arcgis.com/99lidPhWCzftIe9K/arcgis/rest/services/cadastre_government_owned_parcels/FeatureServer/0/query,2026-09-25
15011530050000,REDEVELOPMENT AGENCY OF SALT L,CRA,False,False,0.2,False,GMU,Commercial,readiness/data/geometry/15011530050000.geojson,cadastre_government_owned_parcels,https://services1.arcgis.com/99lidPhWCzftIe9K/arcgis/rest/services/cadastre_government_owned_parcels/FeatureServer/0/query,2026-09-25
15112580160000,SALT LAKE CITY CORPORATION - PROPERTY MANAGEMENT,CITY,False,False,0.1,False,OS,Tax Exempt - Government,readiness/data/geometry/15112580160000.geojson,cadastre_government_owned_parcels,https://services1.arcgis.com/99lidPhWCzftIe9K/arcgis/rest/services/cadastre_government_owned_parcels/FeatureServer/0/query,2026-09-25
15011530060000,REDEVELOPMENT AGENCY OF SALT L,CRA,False,False,0.1,False,GMU,Commercial,readiness/data/geometry/15011530060000.geojson,cadastre_government_owned_parcels,https://services1.arcgis.com/99lidPhWCzftIe9K/arcgis/rest/services/cadastre_government_owned_parcels/FeatureServer/0/query,2026-09-25
15112590010000,SALT LAKE CITY CORP - PROPERTY MANAGEMENT,CITY,False,False,7.7,False,OS,Tax Exempt - Government,readiness/data/geometry/15112590010000.geojson,cadastre_government_owned_parcels,https://services1.arcgis.com/99lidPhWCzftIe9K/arcgis/rest/services/cadastre_government_owned_parcels/FeatureServer/0/query,2026-09-25
15011530090000,REDEVELOPMENT AGENCY OF SALT L,CRA,False,False,0.6,False,GMU,Commercial,readiness/data/geometry/15011530090000.geojson,cadastre_government_owned_parcels,https://services1.arcgis.com/99lidPhWCzftIe9K/arcgis/rest/services/cadastre_government_owned_parcels/FeatureServer/0/query,2026-09-25
15112590020000,SALT LAKE CITY CORPORATION - REAL ESTATE SERVICES,CITY,False,False,0.3,False,OS,Tax Exempt - Government,readiness/data/geometry/15112590020000.geojson,cadastre_government_owned_parcels,https://services1.arcgis.com/99lidPhWCzftIe9K/arcgis/rest/services/cadastre_government_owned_parcels/FeatureServer/0/query,2026-09-25
15011530100000,REDEVELOPMENT AGENCY OF SALT L,CRA,False,False,0.2,False,GMU,Commercial,readiness/data/geometry/15011530100000.geojson,cadastre_government_owned_parcels,https://services1.arcgis.com/99lidPhWCzftIe9K/arcgis/rest/services/cadastre_government_owned_parcels/FeatureServer/0/query,2026-09-25
15112590030000,SALT LAKE CITY CORP - PROPERTY MANAGEMENT,CITY,False,False,0.6,False,OS,Tax Exempt - Government,readiness/data/geometry/15112590030000.geojson,cadastre_government_owned_parcels,https://services1.arcgis.com/99lidPhWCzftIe9K/arcgis/rest/services/cadastre_government_owned_parcels/FeatureServer/0/query,2026-09-25
15011530110000,REDEVELOPMENT AGENCY OF SALT L,CRA,False,False,0.1,False,GMU,Commercial,readiness/data/geometry/15011530110000.geojson,cadastre_government_owned_parcels,https://services1.arcgis.com/99lidPhWCzftIe9K/arcgis/rest/services/cadastre_government_owned_parcels/FeatureServer/0/query,2026-09-25
15011760140000,SALT LAKE CITY CORPORATION - PROPERTY MANAGEMENT,CITY,False,False,0.5,False,GMU,Tax Exempt - Government,readiness/data/geometry/15011760140000.geojson,cadastre_government_owned_parcels,https://services1.arcgis.com/99lidPhWCzftIe9K/arcgis/rest/services/cadastre_government_owned_parcels/FeatureServer/0/query,2026-09-25
15112590040000,SALT LAKE CITY CORP - PROPERTY MANAGEMENT,CITY,False,False,0.0,True,OS,Tax Exempt - Government,readiness/data/geometry/15112590040000.geojson,cadastre_government_owned_parcels,https://services1.arcgis.com/99lidPhWCzftIe9K/arcgis/rest/services/cadastre_government_owned_parcels/FeatureServer/0/query,2026-09-25
15011770110000,SALT LAKE COUNTY - REAL ESTATE DEPT # S3200,COUNTY,False,False,0.1,False,GMU,Commercial - Retail,readiness/data/geometry/15011770110000.geojson,cadastre_government_owned_parcels,https://services1.arcgis.com/99lidPhWCzftIe9K/arcgis/rest/services/cadastre_government_owned_parcels/FeatureServer/0/query,2026-09-25
15112590060000,SALT LAKE CITY CORP - PROPERTY MANAGEMENT,CITY,False,False,0.4,False,OS,Tax Exempt - Government,readiness/data/geometry/15112590060000.geojson,cadastre_government_owned_parcels,https://services1.arcgis.com/99lidPhWCzftIe9K/arcgis/rest/services/cadastre_government_owned_parcels/FeatureServer/0/query,2026-09-25
15112590070000,SALT LAKE CITY CORP - PROPERTY MANAGEMENT,CITY,False,False,0.6,False,OS,Tax Exempt - Government,readiness/data/geometry/15112590070000.geojson,cadastre_government_owned_parcels,https://services1.arcgis.com/99lidPhWCzftIe9K/arcgis/rest/services/cadastre_government_owned_parcels/FeatureServer/0/query,2026-09-25
15112590080000,SALT LAKE CITY CORP - PROPERTY MANAGEMENT,CITY,False,False,0.5,False,OS,Tax Exempt - Government,readiness/data/geometry/15112590080000.geojson,cadastre_government_owned_parcels,https://services1.arcgis.com/99lidPhWCzftIe9K/arcgis/rest/services/cadastre_government_owned_parcels/FeatureServer/0/query,2026-09-25
15112600070000,SALT LAKE COUNTY - REAL ESTATE DEPT # S3200,COUNTY,False,False,0.0,True,R-1-5000,Tax Exempt - Government,readiness/data/geometry/15112600070000.geojson,cadastre_government_owned_parcels,https://services1.arcgis.com/99lidPhWCzftIe9K/arcgis/rest/services/cadastre_government_owned_parcels/FeatureServer/0/query,2026-09-25
15112600200000,SALT LAKE CITY CORPORATION - REAL ESTATE SERVICES,CITY,False,False,1.3,False,OS,Tax Exempt - Government,readiness/data/geometry/15112600200000.geojson,cadastre_government_owned_parcels,https://services1.arcgis.com/99lidPhWCzftIe9K/arcgis/rest/services/cadastre_government_owned_parcels/FeatureServer/0/query,2026-09-25
15012040360000,SALT LAKE COUNTY - REAL ESTATE DEPT # S3200,COUNTY,False,False,3.2,False,D-4,Tax Exempt - Government,readiness/data/geometry/15012040360000.geojson,cadastre_government_owned_parcels,https://services1.arcgis.com/99lidPhWCzftIe9K/arcgis/rest/services/cadastre_government_owned_parcels/FeatureServer/0/query,2026-09-25
15112760110000,SALT LAKE COUNTY - REAL ESTATE DEPT # S3200,COUNTY,False,False,0.0,True,M-1,Tax Exempt - Government,readiness/data/geometry/15112760110000.geojson,cadastre_government_owned_parcels,https://services1.arcgis.com/99lidPhWCzftIe9K/arcgis/rest/services/cadastre_government_owned_parcels/FeatureServer/0/query,2026-09-25
15012040370000,SALT LAKE COUNTY - REAL ESTATE DEPT # S3200,COUNTY,False,False,0.5,False,D-4,Tax Exempt - Government,readiness/data/geometry/15012040370000.geojson,cadastre_government_owned_parcels,https://services1.arcgis.com/99lidPhWCzftIe9K/arcgis/rest/services/cadastre_government_owned_parcels/FeatureServer/0/query,2026-09-25
15112800150000,SALT LAKE CITY CORPORATION - REAL ESTATE SERVICES,CITY,False,False,5.0,False,M-1,Tax Exempt - Government,readiness/data/geometry/15112800150000.geojson,cadastre_government_owned_parcels,https://services1.arcgis.com/99lidPhWCzftIe9K/arcgis/rest/services/cadastre_government_owned_parcels/FeatureServer/0/query,2026-09-25
15113010100000,SALT LAKE COUNTY - REAL ESTATE DEPT # S3200,COUNTY,False,False,0.0,True,R-1-5000,Tax Exempt - Government,readiness/data/geometry/15113010100000.geojson,cadastre_government_owned_parcels,https://services1.arcgis.com/99lidPhWCzftIe9K/arcgis/rest/services/cadastre_government_owned_parcels/FeatureServer/0/query,2026-09-25
15113260120000,SALT LAKE CITY CORPORATION - PROPERTY MANAGEMENT,CITY,False,False,0.3,False,OS,Tax Exempt - Government,readiness/data/geometry/15113260120000.geojson,cadastre_government_owned_parcels,https://services1.arcgis.com/99lidPhWCzftIe9K/arcgis/rest/services/cadastre_government_owned_parcels/FeatureServer/0/query,2026-09-25
15012040420000,SALT LAKE COUNTY - REAL ESTATE SECTION,COUNTY,False,False,0.3,False,D-4,Tax Exempt - Government,readiness/data/geometry/15012040420000.geojson,cadastre_government_owned_parcels,https://services1.arcgis.com/99lidPhWCzftIe9K/arcgis/rest/services/cadastre_government_owned_parcels/FeatureServer/0/query,2026-09-25
15012040430000,SALT LAKE COUNTY - REAL ESTATE SECTION,COUNTY,False,False,0.3,False,D-4,Tax Exempt - Government,readiness/data/geometry/15012040430000.geojson,cadastre_government_owned_parcels,https://services1.arcgis.com/99lidPhWCzftIe9K/arcgis/rest/services/cadastre_government_owned_parcels/FeatureServer/0/query,2026-09-25
15113260200000,SALT LAKE CITY CORPORATION - PROPERTY MANAGEMENT,CITY,False,False,0.0,True,OS,Tax Exempt - Government,readiness/data/geometry/15113260200000.geojson,cadastre_government_owned_parcels,https://services1.arcgis.com/99lidPhWCzftIe9K/arcgis/rest/services/cadastre_government_owned_parcels/FeatureServer/0/query,2026-09-25
15012040440000,SALT LAKE COUNTY - REAL ESTATE SECTION,COUNTY,False,False,0.9,False,D-4,Tax Exempt - Government,readiness/data/geometry/15012040440000.geojson,cadastre_government_owned_parcels,https://services1.arcgis.com/99lidPhWCzftIe9K/arcgis/rest/services/cadastre_government_owned_parcels/FeatureServer/0/query,2026-09-25
15113260210000,SALT LAKE CITY CORPORATION - PROPERTY MANAGEMENT,CITY,False,False,0.1,False,R-1-5000,Tax Exempt - Government,readiness/data/geometry/15113260210000.geojson,cadastre_government_owned_parcels,https://services1.arcgis.com/99lidPhWCzftIe9K/arcgis/rest/services/cadastre_government_owned_parcels/FeatureServer/0/query,2026-09-25
15113260220000,SALT LAKE CITY CORPORATION - PROPERTY MANAGEMENT,CITY,False,False,0.1,False,OS,Tax Exempt - Government,readiness/data/geometry/15113260220000.geojson,cadastre_government_owned_parcels,https://services1.arcgis.com/99lidPhWCzftIe9K/arcgis/rest/services/cadastre_government_owned_parcels/FeatureServer/0/query,2026-09-25
15113280220000,DIVISION OF HOUSING SALT LAKE,STATE,True,False,0.1,False,R-1-5000,Residential,readiness/data/geometry/15113280220000.geojson,cadastre_government_owned_parcels,https://services1.arcgis.com/99lidPhWCzftIe9K/arcgis/rest/services/cadastre_government_owned_parcels/FeatureServer/0/query,2026-09-25
15012260010000,SALT LAKE COUNTY - REAL ESTATE SECTION,COUNTY,False,False,6.8,False,D-4,Tax Exempt - Government,readiness/data/geometry/15012260010000.geojson,cadastre_government_owned_parcels,https://services1.arcgis.com/99lidPhWCzftIe9K/arcgis/rest/services/cadastre_government_owned_parcels/FeatureServer/0/query,2026-09-25
15113300030000,SALT LAKE CITY CORP - PROPERTY MANAGEMENT,CITY,False,False,0.0,True,OS,Tax Exempt - Government,readiness/data/geometry/15113300030000.geojson,cadastre_government_owned_parcels,https://services1.arcgis.com/99lidPhWCzftIe9K/arcgis/rest/services/cadastre_government_owned_parcels/FeatureServer/0/query,2026-09-25
15012260020000,SALT LAKE COUNTY - REAL ESTATE DEPT # S3200,COUNTY,False,False,4.1,False,D-4,Tax Exempt - Government,readiness/data/geometry/15012260020000.geojson,cadastre_government_owned_parcels,https://services1.arcgis.com/99lidPhWCzftIe9K/arcgis/rest/services/cadastre_government_owned_parcels/FeatureServer/0/query,2026-09-25
15113300060000,DEPARTMENT OF NATURAL RESOURCE,STATE,True,False,0.4,False,OS,Tax Exempt - Government,readiness/data/geometry/15113300060000.geojson,cadastre_government_owned_parcels,https://services1.arcgis.com/99lidPhWCzftIe9K/arcgis/rest/services/cadastre_government_owned_parcels/FeatureServer/0/query,2026-09-25
15113310040000,SALT LAKE CITY CORPORATION - PROPERTY MANAGEMENT,CITY,False,False,0.3,False,R-1-5000,Tax Exempt - Government,readiness/data/geometry/15113310040000.geojson,cadastre_government_owned_parcels,https://services1.arcgis.com/99lidPhWCzftIe9K/arcgis/rest/services/cadastre_government_owned_parcels/FeatureServer/0/query,2026-09-25
15012260060000,SALT LAKE COUNTY - SALT LAKE COUNTY REAL ESTATE,COUNTY,False,False,9.7,False,D-4,Tax Exempt - Government,readiness/data/geometry/15012260060000.geojson,cadastre_government_owned_parcels,https://services1.arcgis.com/99lidPhWCzftIe9K/arcgis/rest/services/cadastre_government_owned_parcels/FeatureServer/0/query,2026-09-25
15113310050000,SALT LAKE COUNTY - REAL ESTATE DEPT # S3200,COUNTY,False,False,0.1,False,OS,Tax Exempt - Government,readiness/data/geometry/15113310050000.geojson,cadastre_government_owned_parcels,https://services1.arcgis.com/99lidPhWCzftIe9K/arcgis/rest/services/cadastre_government_owned_parcels/FeatureServer/0/query,2026-09-25
15113310120000,SALT LAKE CITY CORPORATION - PROPERTY MANAGEMENT,CITY,False,False,0.5,False,OS,Tax Exempt - Government,readiness/data/geometry/15113310120000.geojson,cadastre_government_owned_parcels,https://services1.arcgis.com/99lidPhWCzftIe9K/arcgis/rest/services/cadastre_government_owned_parcels/FeatureServer/0/query,2026-09-25
15012290050000,SALT LAKE CITY CORPORATION - PROPERTY MANAGEMENT,CITY,False,False,0.2,False,D-1,Commercial,readiness/data/geometry/15012290050000.geojson,cadastre_government_owned_parcels,https://services1.arcgis.com/99lidPhWCzftIe9K/arcgis/rest/services/cadastre_government_owned_parcels/FeatureServer/0/query,2026-09-25
15113320040000,SALT LAKE CITY CORP - PROPERTY MANAGEMENT,CITY,False,False,0.2,False,OS,Tax Exempt - Government,readiness/data/geometry/15113320040000.geojson,cadastre_government_owned_parcels,https://services1.arcgis.com/99lidPhWCzftIe9K/arcgis/rest/services/cadastre_government_owned_parcels/FeatureServer/0/query,2026-09-25
15012290190000,SALT LAKE COUNTY - REAL ESTATE DEPT # S3200,COUNTY,False,False,0.0,True,D-1,Commercial,readiness/data/geometry/15012290190000.geojson,cadastre_government_owned_parcels,https://services1.arcgis.com/99lidPhWCzftIe9K/arcgis/rest/services/cadastre_government_owned_parcels/FeatureServer/0/query,2026-09-25
15113320050000,SALT LAKE CITY - PROPERTY MANAGEMENT,CITY,False,False,0.4,False,OS,Tax Exempt - Government,readiness/data/geometry/15113320050000.geojson,cadastre_government_owned_parcels,https://services1.arcgis.com/99lidPhWCzftIe9K/arcgis/rest/services/cadastre_government_owned_parcels/FeatureServer/0/query,2026-09-25
15012290780000,SALT LAKE COUNTY - REAL ESTATE DEPT # S3200,COUNTY,False,False,0.9,False,D-1,Tax Exempt - Government,readiness/data/geometry/15012290780000.geojson,cadastre_government_owned_parcels,https://services1.arcgis.com/99lidPhWCzftIe9K/arcgis/rest/services/cadastre_government_owned_parcels/FeatureServer/0/query,2026-09-25
15113320080000,SALT LAKE CITY CORP - PROPERTY MANAGEMENT,CITY,False,False,4.0,False,OS,Tax Exempt - Government,readiness/data/geometry/15113320080000.geojson,cadastre_government_owned_parcels,https://services1.arcgis.com/99lidPhWCzftIe9K/arcgis/rest/services/cadastre_government_owned_parcels/FeatureServer/0/query,2026-09-25
15012760180000,SALT LAKE CITY CORPORATION - PROPERTY MANAGEMENT,CITY,False,False,0.1,False,D-1,Commercial,readiness/data/geometry/15012760180000.geojson,cadastre_government_owned_parcels,https://services1.arcgis.com/99lidPhWCzftIe9K/arcgis/rest/services/cadastre_government_owned_parcels/FeatureServer/0/query,2026-09-25
15113330040000,SALT LAKE CITY CORPORATION - PROPERTY MANAGEMENT,CITY,False,False,0.1,False,OS,Tax Exempt - Government,readiness/data/geometry/15113330040000.geojson,cadastre_government_owned_parcels,https://services1.arcgis.com/99lidPhWCzftIe9K/arcgis/rest/services/cadastre_government_owned_parcels/FeatureServer/0/query,2026-09-25
15012760230000,SALT LAKE CITY CORPORATION,CITY,False,False,0.0,True,D-1,Commercial,readiness/data/geometry/15012760230000.geojson,cadastre_government_owned_parcels,https://services1.arcgis.com/99lidPhWCzftIe9K/arcgis/rest/services/cadastre_government_owned_parcels/FeatureServer/0/query,2026-09-25
15012770150000,SALT LAKE COUNTY - REAL ESTATE DEPT # S3200,COUNTY,False,False,0.1,False,D-3,Tax Exempt - Government,readiness/data/geometry/15012770150000.geojson,cadastre_government_owned_parcels,https://services1.arcgis.com/99lidPhWCzftIe9K/arcgis/rest/services/cadastre_government_owned_parcels/FeatureServer/0/query,2026-09-25
15113330050000,DEPARTMENT OF NATURAL RESOURCE,STATE,True,False,0.5,False,OS,Tax Exempt - Government,readiness/data/geometry/15113330050000.geojson,cadastre_government_owned_parcels,https://services1.arcgis.com/99lidPhWCzftIe9K/arcgis/rest/services/cadastre_government_owned_parcels/FeatureServer/0/query,2026-09-25
15113340010000,SALT LAKE CITY CORPORATION - PROPERTY MANAGEMENT,CITY,False,False,2.4,False,OS,Tax Exempt - Government,readiness/data/geometry/15113340010000.geojson,cadastre_government_owned_parcels,https://services1.arcgis.com/99lidPhWCzftIe9K/arcgis/rest/services/cadastre_government_owned_parcels/FeatureServer/0/query,2026-09-25
15113510140000,SALT LAKE CITY CORP - PROPERTY MANAGEMENT,CITY,False,False,0.2,False,RMF-45,Tax Exempt - Government,readiness/data/geometry/15113510140000.geojson,cadastre_government_owned_parcels,https://services1.arcgis.com/99lidPhWCzftIe9K/arcgis/rest/services/cadastre_government_owned_parcels/FeatureServer/0/query,2026-09-25
15012770260000,SALT LAKE COUNTY - REAL ESTATE DEPT # S3200,COUNTY,False,False,0.8,False,D-1,Tax Exempt - Government,readiness/data/geometry/15012770260000.geojson,cadastre_government_owned_parcels,https://services1.arcgis.com/99lidPhWCzftIe9K/arcgis/rest/services/cadastre_government_owned_parcels/FeatureServer/0/query,2026-09-25
15113510150000,SALT LAKE CITY CORP - PROPERTY MANAGEMENT,CITY,False,False,0.0,True,RMF-45,Tax Exempt - Government,readiness/data/geometry/15113510150000.geojson,cadastre_government_owned_parcels,https://services1.arcgis.com/99lidPhWCzftIe9K/arcgis/rest/services/cadastre_government_owned_parcels/FeatureServer/0/query,2026-09-25
15012770300000,SALT LAKE COUNTY - REAL ESTATE DEPT # S3200,COUNTY,False,False,0.2,False,D-3,Commercial,readiness/data/geometry/15012770300000.geojson,cadastre_government_owned_parcels,https://services1.arcgis.com/99lidPhWCzftIe9K/arcgis/rest/services/cadastre_government_owned_parcels/FeatureServer/0/query,2026-09-25
15113510160000,SALT LAKE CITY CORP - PROPERTY MANAGEMENT,CITY,False,False,0.0,True,RMF-45,Tax Exempt - Government,readiness/data/geometry/15113510160000.geojson,cadastre_government_owned_parcels,https://services1.arcgis.com/99lidPhWCzftIe9K/arcgis/rest/services/cadastre_government_owned_parcels/FeatureServer/0/query,2026-09-25
15013010030000,SALT LAKE CITY CORPORATION - PROPERTY MANAGEMENT,CITY,False,False,0.4,False,GMU,Tax Exempt - Government,readiness/data/geometry/15013010030000.geojson,cadastre_government_owned_parcels,https://services1.arcgis.com/99lidPhWCzftIe9K/arcgis/rest/services/cadastre_government_owned_parcels/FeatureServer/0/query,2026-09-25
15113510170000,SALT LAKE CITY CORP - PROPERTY MANAGEMENT,CITY,False,False,0.7,False,R-1-5000,Tax Exempt - Government,readiness/data/geometry/15113510170000.geojson,cadastre_government_owned_parcels,https://services1.arcgis.com/99lidPhWCzftIe9K/arcgis/rest/services/cadastre_government_owned_parcels/FeatureServer/0/query,2026-09-25
15013020170000,REDEVELOPMENT AGENCY OF SALT L,CRA,False,False,0.9,False,GMU,Commercial,readiness/data/geometry/15013020170000.geojson,cadastre_government_owned_parcels,https://services1.arcgis.com/99lidPhWCzftIe9K/arcgis/rest/services/cadastre_government_owned_parcels/FeatureServer/0/query,2026-09-25
15113510180000,SALT LAKE CITY CORP - PROPERTY MANAGEMENT,CITY,False,False,0.2,False,R-1-5000,Tax Exempt - Government,readiness/data/geometry/15113510180000.geojson,cadastre_government_owned_parcels,https://services1.arcgis.com/99lidPhWCzftIe9K/arcgis/rest/services/cadastre_government_owned_parcels/FeatureServer/0/query,2026-09-25
15013020180000,REDEVELOPMENT AGENCY OF SALT L - TRAVIS PEARCE,CRA,False,False,0.6,False,GMU,Commercial,readiness/data/geometry/15013020180000.geojson,cadastre_government_owned_parcels,https://services1.arcgis.com/99lidPhWCzftIe9K/arcgis/rest/services/cadastre_government_owned_parcels/FeatureServer/0/query,2026-09-25
15113510420000,SALT LAKE CITY CORP - PROPERTY MANAGEMENT,CITY,False,False,0.1,False,R-1-5000,Tax Exempt - Government,readiness/data/geometry/15113510420000.geojson,cadastre_government_owned_parcels,https://services1.arcgis.com/99lidPhWCzftIe9K/arcgis/rest/services/cadastre_government_owned_parcels/FeatureServer/0/query,2026-09-25
15013020190000,REDEVELOPMENT AGENCY OF SALT L - TRAVIS PEARCE,CRA,False,False,0.2,False,GMU,Commercial,readiness/data/geometry/15013020190000.geojson,cadastre_government_owned_parcels,https://services1.arcgis.com/99lidPhWCzftIe9K/arcgis/rest/services/cadastre_government_owned_parcels/FeatureServer/0/query,2026-09-25
15113560300000,SALT LAKE COUNTY - REAL ESTATE DEPT,COUNTY,False,False,0.0,True,UNKNOWN,Tax Exempt - Government,readiness/data/geometry/15113560300000.geojson,cadastre_government_owned_parcels,https://services1.arcgis.com/99lidPhWCzftIe9K/arcgis/rest/services/cadastre_government_owned_parcels/FeatureServer/0/query,2026-09-25
15013020200000,REDEVELOPMENT AGENCY OF SALT L - TRAVIS PEARCE,CRA,False,False,0.3,False,GMU,Commercial,readiness/data/geometry/15013020200000.geojson,cadastre_government_owned_parcels,https://services1.arcgis.com/99lidPhWCzftIe9K/arcgis/rest/services/cadastre_government_owned_parcels/FeatureServer/0/query,2026-09-25
15013020210000,REDEVELOPMENT AGENCY OF SALT L - TRAVIS PEARCE,CRA,False,False,0.3,False,GMU,Commercial,readiness/data/geometry/15013020210000.geojson,cadastre_government_owned_parcels,https://services1.arcgis.com/99lidPhWCzftIe9K/arcgis/rest/services/cadastre_government_owned_parcels/FeatureServer/0/query,2026-09-25
15113770050000,SALT LAKE CITY CORPORATION - PROPERTY MANAGEMENT,CITY,False,False,0.0,True,R-1-5000,Tax Exempt - Government,readiness/data/geometry/15113770050000.geojson,cadastre_government_owned_parcels,https://services1.arcgis.com/99lidPhWCzftIe9K/arcgis/rest/services/cadastre_government_owned_parcels/FeatureServer/0/query,2026-09-25
15013020220000,REDEVELOPMENT AGENCY OF SALT L,CRA,False,False,1.3,False,GMU,Commercial - Industrial,readiness/data/geometry/15013020220000.geojson,cadastre_government_owned_parcels,https://services1.arcgis.com/99lidPhWCzftIe9K/arcgis/rest/services/cadastre_government_owned_parcels/FeatureServer/0/query,2026-09-25
15113770060000,SALT LAKE CITY CORPORATION - PROPERTY MANAGEMENT,CITY,False,False,0.1,False,R-1-5000,Tax Exempt - Government,readiness/data/geometry/15113770060000.geojson,cadastre_government_owned_parcels,https://services1.arcgis.com/99lidPhWCzftIe9K/arcgis/rest/services/cadastre_government_owned_parcels/FeatureServer/0/query,2026-09-25
15113770070000,SALT LAKE CITY CORPORATION - PROPERTY MANAGEMENT,CITY,False,False,0.1,False,R-1-5000,Tax Exempt - Government,readiness/data/geometry/15113770070000.geojson,cadastre_government_owned_parcels,https://services1.arcgis.com/99lidPhWCzftIe9K/arcgis/rest/services/cadastre_government_owned_parcels/FeatureServer/0/query,2026-09-25
15013510010000,UTAH TRANSIT AUTHORITY - PROPERTY MANAGEMENT,UTA,False,False,0.8,False,CG,Tax Exempt - Government,readiness/data/geometry/15013510010000.geojson,cadastre_government_owned_parcels,https://services1.arcgis.com/99lidPhWCzftIe9K/arcgis/rest/services/cadastre_government_owned_parcels/FeatureServer/0/query,2026-09-25
15013530020000,UTAH DEPARTMENT OF TRANSPORTAT - UDOT RIGHT OF WAY,STATE,True,False,0.1,False,CG,Tax Exempt - Government,readiness/data/geometry/15013530020000.geojson,cadastre_government_owned_parcels,https://services1.arcgis.com/99lidPhWCzftIe9K/arcgis/rest/services/cadastre_government_owned_parcels/FeatureServer/0/query,2026-09-25
15113770080000,SALT LAKE CITY CORPORATION - PROPERTY MANAGEMENT,CITY,False,False,0.2,False,OS,Tax Exempt - Government,readiness/data/geometry/15113770080000.geojson,cadastre_government_owned_parcels,https://services1.arcgis.com/99lidPhWCzftIe9K/arcgis/rest/services/cadastre_government_owned_parcels/FeatureServer/0/query,2026-09-25
15013530030000,UTAH TRANSIT AUTHORITY - PROPERTY MANAGEMENT,UTA,False,False,1.7,False,CG,Tax Exempt - Government,readiness/data/geometry/15013530030000.geojson,cadastre_government_owned_parcels,https://services1.arcgis.com/99lidPhWCzftIe9K/arcgis/rest/services/cadastre_government_owned_parcels/FeatureServer/0/query,2026-09-25
15113770110000,SALT LAKE CITY CORPORATION - PROPERTY MANAGEMENT,CITY,False,False,0.2,False,R-1-5000,Tax Exempt - Government,readiness/data/geometry/15113770110000.geojson,cadastre_government_owned_parcels,https://services1.arcgis.com/99lidPhWCzftIe9K/arcgis/rest/services/cadastre_government_owned_parcels/FeatureServer/0/query,2026-09-25
15113780010000,SALT LAKE COUNTY - REAL ESTATE DEPT # S3200,COUNTY,False,False,0.1,False,OS,Vacant,readiness/data/geometry/15113780010000.geojson,cadastre_government_owned_parcels,https://services1.arcgis.com/99lidPhWCzftIe9K/arcgis/rest/services/cadastre_government_owned_parcels/FeatureServer/0/query,2026-09-25
15113780020000,SALT LAKE CITY CORPORATION - PROPERTY MANAGEMENT,CITY,False,False,0.2,False,OS,Tax Exempt - Government,readiness/data/geometry/15113780020000.geojson,cadastre_government_owned_parcels,https://services1.arcgis.com/99lidPhWCzftIe9K/arcgis/rest/services/cadastre_government_owned_parcels/FeatureServer/0/query,2026-09-25
15014310060000,SHUBRICK BUILDING LLC,SPECIAL_DISTRICT,False,False,0.6,False,D-1,Commercial - Office Space,readiness/data/geometry/15014310060000.geojson,cadastre_government_owned_parcels,https://services1.arcgis.com/99lidPhWCzftIe9K/arcgis/rest/services/cadastre_government_owned_parcels/FeatureServer/0/query,2026-09-25
15113780060000,SALT LAKE CITY CORPORATION - PROPERTY MANAGEMENT,CITY,False,False,0.0,True,OS,Tax Exempt - Government,readiness/data/geometry/15113780060000.geojson,cadastre_government_owned_parcels,https://services1.arcgis.com/99lidPhWCzftIe9K/arcgis/rest/services/cadastre_government_owned_parcels/FeatureServer/0/query,2026-09-25
15014310070000,SHUBRICK BUILDING LLC,SPECIAL_DISTRICT,False,False,0.1,False,D-1,Commercial - Office Space,readiness/data/geometry/15014310070000.geojson,cadastre_government_owned_parcels,https://services1.arcgis.com/99lidPhWCzftIe9K/arcgis/rest/services/cadastre_government_owned_parcels/FeatureServer/0/query,2026-09-25
15113780070000,SALT LAKE CITY CORPORATION - PROPERTY MANAGEMENT,CITY,False,False,0.0,True,OS,Tax Exempt - Government,readiness/data/geometry/15113780070000.geojson,cadastre_government_owned_parcels,https://services1.arcgis.com/99lidPhWCzftIe9K/arcgis/rest/services/cadastre_government_owned_parcels/FeatureServer/0/query,2026-09-25
15014310080000,SHUBRICK BUILDING LLC,SPECIAL_DISTRICT,False,False,0.1,False,D-1,Commercial - Office Space,readiness/data/geometry/15014310080000.geojson,cadastre_government_owned_parcels,https://services1.arcgis.com/99lidPhWCzftIe9K/arcgis/rest/services/cadastre_government_owned_parcels/FeatureServer/0/query,2026-09-25
15113780080000,SALT LAKE CITY CORPORATION - PROPERTY MANAGEMENT,CITY,False,False,0.1,False,OS,Tax Exempt - Government,readiness/data/geometry/15113780080000.geojson,cadastre_government_owned_parcels,https://services1.arcgis.com/99lidPhWCzftIe9K/arcgis/rest/services/cadastre_government_owned_parcels/FeatureServer/0/query,2026-09-25
15113780090000,PROVO-JORDAN RIVER PARKWAY AUT,SPECIAL_DISTRICT,False,False,0.1,False,OS,Tax Exempt - Government,readiness/data/geometry/15113780090000.geojson,cadastre_government_owned_parcels,https://services1.arcgis.com/99lidPhWCzftIe9K/arcgis/rest/services/cadastre_government_owned_parcels/FeatureServer/0/query,2026-09-25
15113780140000,SALT LAKE CITY CORPORATION - PROPERTY MANAGEMENT,CITY,False,False,0.1,False,OS,Tax Exempt - Government,readiness/data/geometry/15113780140000.geojson,cadastre_government_owned_parcels,https://services1.arcgis.com/99lidPhWCzftIe9K/arcgis/rest/services/cadastre_government_owned_parcels/FeatureServer/0/query,2026-09-25
15113780150000,SALT LAKE CITY CORPORATION - PROPERTY MANAGEMENT,CITY,False,False,0.0,True,OS,Tax Exempt - Government,readiness/data/geometry/15113780150000.geojson,cadastre_government_owned_parcels,https://services1.arcgis.com/99lidPhWCzftIe9K/arcgis/rest/services/cadastre_government_owned_parcels/FeatureServer/0/query,2026-09-25
15113810530000,SALT LAKE CITY CORPORATION - PROPERTY MANAGEMENT,CITY,False,False,1.4,False,R-1-5000,Tax Exempt - Government,readiness/data/geometry/15113810530000.geojson,cadastre_government_owned_parcels,https://services1.arcgis.com/99lidPhWCzftIe9K/arcgis/rest/services/cadastre_government_owned_parcels/FeatureServer/0/query,2026-09-25
15014330020000,SALT LAKE CITY CORP - PROPERTY MANAGEMENT,CITY,False,False,0.0,True,D-1,Tax Exempt - Government,readiness/data/geometry/15014330020000.geojson,cadastre_government_owned_parcels,https://services1.arcgis.com/99lidPhWCzftIe9K/arcgis/rest/services/cadastre_government_owned_parcels/FeatureServer/0/query,2026-09-25
15113820010000,SALT LAKE CITY CORP - PROPERTY MANAGEMENT,CITY,False,False,0.1,False,OS,Tax Exempt - Government,readiness/data/geometry/15113820010000.geojson,cadastre_government_owned_parcels,https://services1.arcgis.com/99lidPhWCzftIe9K/arcgis/rest/services/cadastre_government_owned_parcels/FeatureServer/0/query,2026-09-25
15014330030000,SALT LAKE CITY CORP - PROPERTY MANAGEMENT,CITY,False,False,0.0,True,D-1,Tax Exempt - Government,readiness/data/geometry/15014330030000.geojson,cadastre_government_owned_parcels,https://services1.arcgis.com/99lidPhWCzftIe9K/arcgis/rest/services/cadastre_government_owned_parcels/FeatureServer/0/query,2026-09-25
15113820020000,SALT LAKE CITY - PROPERTY MANAGEMENT,CITY,False,False,1.9,False,UNKNOWN,Tax Exempt - Government,readiness/data/geometry/15113820020000.geojson,cadastre_government_owned_parcels,https://services1.arcgis.com/99lidPhWCzftIe9K/arcgis/rest/services/cadastre_government_owned_parcels/FeatureServer/0/query,2026-09-25
15015010360000,UTAH TRANSIT AUTHORITY - PROPERTY MANAGEMENT,UTA,False,False,0.3,False,CG,Tax Exempt - Government,readiness/data/geometry/15015010360000.geojson,cadastre_government_owned_parcels,https://services1.arcgis.com/99lidPhWCzftIe9K/arcgis/rest/services/cadastre_government_owned_parcels/FeatureServer/0/query,2026-09-25
15021030050000,SALT LAKE COUNTY - SALT LAKE COUNTY REAL ESTATE,COUNTY,False,False,0.3,False,TSA-UN-T,Tax Exempt - Government,readiness/data/geometry/15021030050000.geojson,cadastre_government_owned_parcels,https://services1.arcgis.com/99lidPhWCzftIe9K/arcgis/rest/services/cadastre_government_owned_parcels/FeatureServer/0/query,2026-09-25
15114010010000,SALT LAKE CITY CORPORATION - PROPERTY MANAGEMENT,CITY,False,False,3.1,False,OS,Commercial - Office Space,readiness/data/geometry/15114010010000.geojson,cadastre_government_owned_parcels,https://services1.arcgis.com/99lidPhWCzftIe9K/arcgis/rest/services/cadastre_government_owned_parcels/FeatureServer/0/query,2026-09-25
15021270030000,SALT LAKE CITY CORPORATION - PROPERTY MANAGEMENT,CITY,False,False,0.0,True,M-1,Tax Exempt - Government,readiness/data/geometry/15021270030000.geojson,cadastre_government_owned_parcels,https://services1.arcgis.com/99lidPhWCzftIe9K/arcgis/rest/services/cadastre_government_owned_parcels/FeatureServer/0/query,2026-09-25
15114010460000,SALT LAKE CITY CORP. - PROPERTY MANAGEMENT,CITY,False,False,2.5,False,OS,Tax Exempt - Government,readiness/data/geometry/15114010460000.geojson,cadastre_government_owned_parcels,https://services1.arcgis.com/99lidPhWCzftIe9K/arcgis/rest/services/cadastre_government_owned_parcels/FeatureServer/0/query,2026-09-25
15021280100000,SALT LAKE CITY CORPORATION - PROPERTY MANAGEMENT,CITY,False,False,0.1,False,M-1,Tax Exempt - Government,readiness/data/geometry/15021280100000.geojson,cadastre_government_owned_parcels,https://services1.arcgis.com/99lidPhWCzftIe9K/arcgis/rest/services/cadastre_government_owned_parcels/FeatureServer/0/query,2026-09-25
15114040200000,SALT LAKE CITY CORP - PROPERTY MANAGEMENT,CITY,False,False,0.0,True,UNKNOWN,Tax Exempt - Government,readiness/data/geometry/15114040200000.geojson,cadastre_government_owned_parcels,https://services1.arcgis.com/99lidPhWCzftIe9K/arcgis/rest/services/cadastre_government_owned_parcels/FeatureServer/0/query,2026-09-25
15021280140000,SALT LAKE CITY CORPORATION - PROPERTY MANAGEMENT,CITY,False,False,0.0,True,M-1,Tax Exempt - Government,readiness/data/geometry/15021280140000.geojson,cadastre_government_owned_parcels,https://services1.arcgis.com/99lidPhWCzftIe9K/arcgis/rest/services/cadastre_government_owned_parcels/FeatureServer/0/query,2026-09-25
15114050120000,SALT LAKE CITY CORPORATION - PROPERTY MANAGEMENT,CITY,False,False,0.4,False,OS,Tax Exempt - Government,readiness/data/geometry/15114050120000.geojson,cadastre_government_owned_parcels,https://services1.arcgis.com/99lidPhWCzftIe9K/arcgis/rest/services/cadastre_government_owned_parcels/FeatureServer/0/query,2026-09-25
15114050130000,SALT LAKE CITY CORPORATION - PROPERTY MANAGEMENT,CITY,False,False,0.1,False,OS,Tax Exempt - Government,readiness/data/geometry/15114050130000.geojson,cadastre_government_owned_parcels,https://services1.arcgis.com/99lidPhWCzftIe9K/arcgis/rest/services/cadastre_government_owned_parcels/FeatureServer/0/query,2026-09-25
15021290050000,SALT LAKE CITY CORPORATION - PROPERTY MANAGEMENT,CITY,False,False,0.1,False,M-1,Tax Exempt - Government,readiness/data/geometry/15021290050000.geojson,cadastre_government_owned_parcels,https://services1.arcgis.com/99lidPhWCzftIe9K/arcgis/rest/services/cadastre_government_owned_parcels/FeatureServer/0/query,2026-09-25
15114050150000,SALT LAKE CITY CORPORATION - PROPERTY MANAGEMENT,CITY,False,False,0.1,False,OS,Tax Exempt - Government,readiness/data/geometry/15114050150000.geojson,cadastre_government_owned_parcels,https://services1.arcgis.com/99lidPhWCzftIe9K/arcgis/rest/services/cadastre_government_owned_parcels/FeatureServer/0/query,2026-09-25
15021290070000,SALT LAKE CITY CORPORATION,CITY,False,False,0.4,False,UNKNOWN,Tax Exempt - Government,readiness/data/geometry/15021290070000.geojson,cadastre_government_owned_parcels,https://services1.arcgis.com/99lidPhWCzftIe9K/arcgis/rest/services/cadastre_government_owned_parcels/FeatureServer/0/query,2026-09-25
15114050160000,SALT LAKE CITY CORPORATION - PROPERTY MANAGEMENT,CITY,False,False,0.2,False,OS,Tax Exempt - Government,readiness/data/geometry/15114050160000.geojson,cadastre_government_owned_parcels,https://services1.arcgis.com/99lidPhWCzftIe9K/arcgis/rest/services/cadastre_government_owned_parcels/FeatureServer/0/query,2026-09-25
15021310060000,SALT LAKE CITY CORPORATION - REAL ESTATE SERVICES,CITY,False,False,1.0,False,M-1,Tax Exempt - Government,readiness/data/geometry/15021310060000.geojson,cadastre_government_owned_parcels,https://services1.arcgis.com/99lidPhWCzftIe9K/arcgis/rest/services/cadastre_government_owned_parcels/FeatureServer/0/query,2026-09-25
15114050170000,SALT LAKE CITY CORPORATION - PROPERTY MANAGEMENT,CITY,False,False,0.1,False,OS,Tax Exempt - Government,readiness/data/geometry/15114050170000.geojson,cadastre_government_owned_parcels,https://services1.arcgis.com/99lidPhWCzftIe9K/arcgis/rest/services/cadastre_government_owned_parcels/FeatureServer/0/query,2026-09-25
15021330300000,SALT LAKE CITY CORPORATION - PROPERTY MANAGEMENT,CITY,False,False,0.1,False,BP,Tax Exempt - Government,readiness/data/geometry/15021330300000.geojson,cadastre_government_owned_parcels,https://services1.arcgis.com/99lidPhWCzftIe9K/arcgis/rest/services/cadastre_government_owned_parcels/FeatureServer/0/query,2026-09-25
15114050180000,SALT LAKE CITY CORPORATION - PROPERTY MANAGEMENT,CITY,False,False,0.1,False,OS,Tax Exempt - Government,readiness/data/geometry/15114050180000.geojson,cadastre_government_owned_parcels,https://services1.arcgis.com/99lidPhWCzftIe9K/arcgis/rest/services/cadastre_government_owned_parcels/FeatureServer/0/query,2026-09-25
15021520030000,SALT LAKE CITY CORPORATION - PROPERTY MANAGEMENT,CITY,False,False,0.1,False,I,Tax Exempt - Government,readiness/data/geometry/15021520030000.geojson,cadastre_government_owned_parcels,https://services1.arcgis.com/99lidPhWCzftIe9K/arcgis/rest/services/cadastre_government_owned_parcels/FeatureServer/0/query,2026-09-25
15114050190000,SALT LAKE CITY CORPORATION - PROPERTY MANAGEMENT,CITY,False,False,0.1,False,R-1-7000,Tax Exempt - Government,readiness/data/geometry/15114050190000.geojson,cadastre_government_owned_parcels,https://services1.arcgis.com/99lidPhWCzftIe9K/arcgis/rest/services/cadastre_government_owned_parcels/FeatureServer/0/query,2026-09-25
15021520040000,SALT LAKE CITY CORPORATION - PROPERTY MANAGEMENT,CITY,False,False,0.9,False,I,Tax Exempt - Government,readiness/data/geometry/15021520040000.geojson,cadastre_government_owned_parcels,https://services1.arcgis.com/99lidPhWCzftIe9K/arcgis/rest/services/cadastre_government_owned_parcels/FeatureServer/0/query,2026-09-25
15114510030000,SALT LAKE CITY CORPORATION - PROPERTY MANAGEMENT,CITY,False,False,0.2,False,OS,Tax Exempt - Government,readiness/data/geometry/15114510030000.geojson,cadastre_government_owned_parcels,https://services1.arcgis.com/99lidPhWCzftIe9K/arcgis/rest/services/cadastre_government_owned_parcels/FeatureServer/0/query,2026-09-25
15021550010000,SALT LAKE CITY - PROPERTY MANAGEMENT,CITY,False,False,0.1,False,R-1-5000,Tax Exempt - Government,readiness/data/geometry/15021550010000.geojson,cadastre_government_owned_parcels,https://services1.arcgis.com/99lidPhWCzftIe9K/arcgis/rest/services/cadastre_government_owned_parcels/FeatureServer/0/query,2026-09-25
15114510050000,SALT LAKE CITY CORPORATION - PROPERTY MANAGEMENT,CITY,False,False,0.4,False,OS,Tax Exempt - Government,readiness/data/geometry/15114510050000.geojson,cadastre_government_owned_parcels,https://services1.arcgis.com/99lidPhWCzftIe9K/arcgis/rest/services/cadastre_government_owned_parcels/FeatureServer/0/query,2026-09-25
15114510060000,SALT LAKE CITY CORPORATION - PROPERTY MANAGEMENT,CITY,False,False,0.1,False,OS,Tax Exempt - Government,readiness/data/geometry/15114510060000.geojson,cadastre_government_owned_parcels,https://services1.arcgis.com/99lidPhWCzftIe9K/arcgis/rest/services/cadastre_government_owned_parcels/FeatureServer/0/query,2026-09-25
15021550020000,SALT LAKE CITY CORPORATION - PROPERTY MANAGEMENT,CITY,False,False,0.1,False,R-1-5000,Tax Exempt - Government,readiness/data/geometry/15021550020000.geojson,cadastre_government_owned_parcels,https://services1.arcgis.com/99lidPhWCzftIe9K/arcgis/rest/services/cadastre_government_owned_parcels/FeatureServer/0/query,2026-09-25
15114530080000,SALT LAKE CITY CORPORATION - PROPERTY MANAGEMENT,CITY,False,False,0.2,False,R-1-5000,Tax Exempt - Government,readiness/data/geometry/15114530080000.geojson,cadastre_government_owned_parcels,https://services1.arcgis.com/99lidPhWCzftIe9K/arcgis/rest/services/cadastre_government_owned_parcels/FeatureServer/0/query,2026-09-25
15021550080000,SALT LAKE CITY CORPORATION - PROPERTY MANAGEMENT,CITY,False,False,0.0,True,R-1-5000,Tax Exempt - Government,readiness/data/geometry/15021550080000.geojson,cadastre_government_owned_parcels,https://services1.arcgis.com/99lidPhWCzftIe9K/arcgis/rest/services/cadastre_government_owned_parcels/FeatureServer/0/query,2026-09-25
15114530100000,SALT LAKE CITY CORPORATION - PROPERTY MANAGEMENT,CITY,False,False,0.1,False,OS,Tax Exempt - Government,readiness/data/geometry/15114530100000.geojson,cadastre_government_owned_parcels,https://services1.arcgis.com/99lidPhWCzftIe9K/arcgis/rest/services/cadastre_government_owned_parcels/FeatureServer/0/query,2026-09-25
15021550090000,SALT LAKE CITY CORPORATION - PROPERTY MANAGEMENT,CITY,False,False,0.0,True,R-1-5000,Tax Exempt - Government,readiness/data/geometry/15021550090000.geojson,cadastre_government_owned_parcels,https://services1.arcgis.com/99lidPhWCzftIe9K/arcgis/rest/services/cadastre_government_owned_parcels/FeatureServer/0/query,2026-09-25
15114530110000,SALT LAKE CITY CORPORATION - PROPERTY MANAGEMENT,CITY,False,False,0.0,True,OS,Tax Exempt - Government,readiness/data/geometry/15114530110000.geojson,cadastre_government_owned_parcels,https://services1.arcgis.com/99lidPhWCzftIe9K/arcgis/rest/services/cadastre_government_owned_parcels/FeatureServer/0/query,2026-09-25
15021550110000,SALT LAKE CITY CORPORATION - PROPERTY MANAGEMENT,CITY,False,False,0.1,False,R-1-5000,Tax Exempt - Government,readiness/data/geometry/15021550110000.geojson,cadastre_government_owned_parcels,https://services1.arcgis.com/99lidPhWCzftIe9K/arcgis/rest/services/cadastre_government_owned_parcels/FeatureServer/0/query,2026-09-25
15114530120000,SALT LAKE CITY CORPORATION - PROPERTY MANAGEMENT,CITY,False,False,0.0,True,OS,Tax Exempt - Government,readiness/data/geometry/15114530120000.geojson,cadastre_government_owned_parcels,https://services1.arcgis.com/99lidPhWCzftIe9K/arcgis/rest/services/cadastre_government_owned_parcels/FeatureServer/0/query,2026-09-25
15021550120000,SALT LAKE CITY CORPORATION - PROPERTY MANAGEMENT,CITY,False,False,0.1,False,R-1-5000,Tax Exempt - Government,readiness/data/geometry/15021550120000.geojson,cadastre_government_owned_parcels,https://services1.arcgis.com/99lidPhWCzftIe9K/arcgis/rest/services/cadastre_government_owned_parcels/FeatureServer/0/query,2026-09-25
15114530130000,SALT LAKE CITY CORPORATION - PROPERTY MANAGEMENT,CITY,False,False,0.1,False,OS,Tax Exempt - Government,readiness/data/geometry/15114530130000.geojson,cadastre_government_owned_parcels,https://services1.arcgis.com/99lidPhWCzftIe9K/arcgis/rest/services/cadastre_government_owned_parcels/FeatureServer/0/query,2026-09-25
15021550150000,SALT LAKE CITY CORPORATION - PROPERTY MANAGEMENT,CITY,False,False,0.4,False,R-1-5000,Tax Exempt - Government,readiness/data/geometry/15021550150000.geojson,cadastre_government_owned_parcels,https://services1.arcgis.com/99lidPhWCzftIe9K/arcgis/rest/services/cadastre_government_owned_parcels/FeatureServer/0/query,2026-09-25
15114530150000,SALT LAKE CITY CORPORATION - PROPERTY MANAGEMENT,CITY,False,False,1.7,False,OS,Tax Exempt - Government,readiness/data/geometry/15114530150000.geojson,cadastre_government_owned_parcels,https://services1.arcgis.com/99lidPhWCzftIe9K/arcgis/rest/services/cadastre_government_owned_parcels/FeatureServer/0/query,2026-09-25
15114530160000,SALT LAKE CITY CORPORATION - REAL ESTATE SERVICES,CITY,False,False,1.1,False,OS,Tax Exempt - Government,readiness/data/geometry/15114530160000.geojson,cadastre_government_owned_parcels,https://services1.arcgis.com/99lidPhWCzftIe9K/arcgis/rest/services/cadastre_government_owned_parcels/FeatureServer/0/query,2026-09-25
15114540010000,SALT LAKE CITY CORPORATION - PROPERTY MANAGEMENT,CITY,False,False,0.2,False,OS,Tax Exempt - Government,readiness/data/geometry/15114540010000.geojson,cadastre_government_owned_parcels,https://services1.arcgis.com/99lidPhWCzftIe9K/arcgis/rest/services/cadastre_government_owned_parcels/FeatureServer/0/query,2026-09-25
15114540020000,SALT LAKE CITY CORPORATION - PROPERTY MANAGEMENT,CITY,False,False,0.1,False,OS,Tax Exempt - Government,readiness/data/geometry/15114540020000.geojson,cadastre_government_owned_parcels,https://services1.arcgis.com/99lidPhWCzftIe9K/arcgis/rest/services/cadastre_government_owned_parcels/FeatureServer/0/query,2026-09-25
15114540030000,SALT LAKE CITY CORPORATION - PROPERTY MANAGEMENT,CITY,False,False,0.1,False,OS,Tax Exempt - Government,readiness/data/geometry/15114540030000.geojson,cadastre_government_owned_parcels,https://services1.arcgis.com/99lidPhWCzftIe9K/arcgis/rest/services/cadastre_government_owned_parcels/FeatureServer/0/query,2026-09-25
15114540040000,SALT LAKE CITY CORPORATION - PROPERTY MANAGEMENT,CITY,False,False,0.2,False,OS,Tax Exempt - Government,readiness/data/geometry/15114540040000.geojson,cadastre_government_owned_parcels,https://services1.arcgis.com/99lidPhWCzftIe9K/arcgis/rest/services/cadastre_government_owned_parcels/FeatureServer/0/query,2026-09-25
15114540050000,SALT LAKE CITY CORPORATION - PROPERTY MANAGEMENT,CITY,False,False,0.2,False,OS,Tax Exempt - Government,readiness/data/geometry/15114540050000.geojson,cadastre_government_owned_parcels,https://services1.arcgis.com/99lidPhWCzftIe9K/arcgis/rest/services/cadastre_government_owned_parcels/FeatureServer/0/query,2026-09-25
15114540060000,SALT LAKE CITY CORPORATION - PROPERTY MANAGEMENT,CITY,False,False,0.2,False,OS,Tax Exempt - Government,readiness/data/geometry/15114540060000.geojson,cadastre_government_owned_parcels,https://services1.arcgis.com/99lidPhWCzftIe9K/arcgis/rest/services/cadastre_government_owned_parcels/FeatureServer/0/query,2026-09-25
15114540070000,SALT LAKE CITY CORPORATION - PROPERTY MANAGEMENT,CITY,False,False,0.4,False,OS,Tax Exempt - Government,readiness/data/geometry/15114540070000.geojson,cadastre_government_owned_parcels,https://services1.arcgis.com/99lidPhWCzftIe9K/arcgis/rest/services/cadastre_government_owned_parcels/FeatureServer/0/query,2026-09-25
15114540080000,SALT LAKE CITY CORPORATION - PROPERTY MANAGEMENT,CITY,False,False,0.2,False,OS,Tax Exempt - Government,readiness/data/geometry/15114540080000.geojson,cadastre_government_owned_parcels,https://services1.arcgis.com/99lidPhWCzftIe9K/arcgis/rest/services/cadastre_government_owned_parcels/FeatureServer/0/query,2026-09-25
15114540090000,SALT LAKE CITY CORPORATION - PROPERTY MANAGEMENT,CITY,False,False,0.1,False,OS,Tax Exempt - Government,readiness/data/geometry/15114540090000.geojson,cadastre_government_owned_parcels,https://services1.arcgis.com/99lidPhWCzftIe9K/arcgis/rest/services/cadastre_government_owned_parcels/FeatureServer/0/query,2026-09-25
15114540100000,SALT LAKE CITY CORPORATION - PROPERTY MANAGEMENT,CITY,False,False,0.1,False,OS,Tax Exempt - Government,readiness/data/geometry/15114540100000.geojson,cadastre_government_owned_parcels,https://services1.arcgis.com/99lidPhWCzftIe9K/arcgis/rest/services/cadastre_government_owned_parcels/FeatureServer/0/query,2026-09-25
15114540110000,SALT LAKE CITY CORPORATION - PROPERTY MANAGEMENT,CITY,False,False,0.1,False,OS,Tax Exempt - Government,readiness/data/geometry/15114540110000.geojson,cadastre_government_owned_parcels,https://services1.arcgis.com/99lidPhWCzftIe9K/arcgis/rest/services/cadastre_government_owned_parcels/FeatureServer/0/query,2026-09-25
15021760010000,STATE ROAD COMMISSION OF UTAH - UDOT RIGHT OF WAY,STATE,True,False,0.2,False,UNKNOWN,Tax Exempt,readiness/data/geometry/15021760010000.geojson,cadastre_government_owned_parcels,https://services1.arcgis.com/99lidPhWCzftIe9K/arcgis/rest/services/cadastre_government_owned_parcels/FeatureServer/0/query,2026-09-25
15114540120000,SALT LAKE CITY CORPORATION - PROPERTY MANAGEMENT,CITY,False,False,0.1,False,R-1-7000,Tax Exempt - Government,readiness/data/geometry/15114540120000.geojson,cadastre_government_owned_parcels,https://services1.arcgis.com/99lidPhWCzftIe9K/arcgis/rest/services/cadastre_government_owned_parcels/FeatureServer/0/query,2026-09-25
15114540130000,SALT LAKE CITY CORPORATION - PROPERTY MANAGEMENT,CITY,False,False,0.1,False,R-1-7000,Tax Exempt - Government,readiness/data/geometry/15114540130000.geojson,cadastre_government_owned_parcels,https://services1.arcgis.com/99lidPhWCzftIe9K/arcgis/rest/services/cadastre_government_owned_parcels/FeatureServer/0/query,2026-09-25
15114540260000,SALT LAKE CITY CORPORATION,CITY,False,False,0.4,False,R-1-7000,Residential,readiness/data/geometry/15114540260000.geojson,cadastre_government_owned_parcels,https://services1.arcgis.com/99lidPhWCzftIe9K/arcgis/rest/services/cadastre_government_owned_parcels/FeatureServer/0/query,2026-09-25
15114540270000,SALT LAKE CITY CORPORATION - REAL ESTATE SERVICES,CITY,False,False,0.4,False,R-1-7000,Tax Exempt - Government,readiness/data/geometry/15114540270000.geojson,cadastre_government_owned_parcels,https://services1.arcgis.com/99lidPhWCzftIe9K/arcgis/rest/services/cadastre_government_owned_parcels/FeatureServer/0/query,2026-09-25
15021760190000,UTAH DEPARTMENT OF TRANSPORTAT - UDOT RIGHT OF WAY,STATE,True,False,0.2,False,R-1-5000,Tax Exempt - Government,readiness/data/geometry/15021760190000.geojson,cadastre_government_owned_parcels,https://services1.arcgis.com/99lidPhWCzftIe9K/arcgis/rest/services/cadastre_government_owned_parcels/FeatureServer/0/query,2026-09-25
15114540340000,SALT LAKE CITY CORPORATION - PROPERTY MANAGEMENT,CITY,False,False,0.0,True,R-1-7000,Tax Exempt - Government,readiness/data/geometry/15114540340000.geojson,cadastre_government_owned_parcels,https://services1.arcgis.com/99lidPhWCzftIe9K/arcgis/rest/services/cadastre_government_owned_parcels/FeatureServer/0/query,2026-09-25
15021780270000,SALT LAKE CITY CORPORATION - PROPERTY MANAGEMENT,CITY,False,False,0.1,False,RMF-35,Tax Exempt - Government,readiness/data/geometry/15021780270000.geojson,cadastre_government_owned_parcels,https://services1.arcgis.com/99lidPhWCzftIe9K/arcgis/rest/services/cadastre_government_owned_parcels/FeatureServer/0/query,2026-09-25
15114550040000,SALT LAKE COUNTY - REAL ESTATE DEPT # S3200,COUNTY,False,False,0.0,True,R-1-7000,Tax Exempt - Government,readiness/data/geometry/15114550040000.geojson,cadastre_government_owned_parcels,https://services1.arcgis.com/99lidPhWCzftIe9K/arcgis/rest/services/cadastre_government_owned_parcels/FeatureServer/0/query,2026-09-25
15021780280000,SALT LAKE CITY CORPORATION - PROPERTY MANAGEMENT,CITY,False,False,0.1,False,RMF-35,Tax Exempt - Government,readiness/data/geometry/15021780280000.geojson,cadastre_government_owned_parcels,https://services1.arcgis.com/99lidPhWCzftIe9K/arcgis/rest/services/cadastre_government_owned_parcels/FeatureServer/0/query,2026-09-25
15114550050000,SALT LAKE COUNTY - REAL ESTATE DEPT # S3200,COUNTY,False,False,0.0,True,R-1-7000,Tax Exempt - Government,readiness/data/geometry/15114550050000.geojson,cadastre_government_owned_parcels,https://services1.arcgis.com/99lidPhWCzftIe9K/arcgis/rest/services/cadastre_government_owned_parcels/FeatureServer/0/query,2026-09-25
15021780290000,SALT LAKE CITY CORPORATION - PROPERTY MANAGEMENT,CITY,False,False,0.1,False,TSA-UN-T,Tax Exempt - Government,readiness/data/geometry/15021780290000.geojson,cadastre_government_owned_parcels,https://services1.arcgis.com/99lidPhWCzftIe9K/arcgis/rest/services/cadastre_government_owned_parcels/FeatureServer/0/query,2026-09-25
15114560290000,SALT LAKE CITY - PROPERTY MANAGEMENT,CITY,False,False,0.2,False,UNKNOWN,Tax Exempt - Government,readiness/data/geometry/15114560290000.geojson,cadastre_government_owned_parcels,https://services1.arcgis.com/99lidPhWCzftIe9K/arcgis/rest/services/cadastre_government_owned_parcels/FeatureServer/0/query,2026-09-25
15021790060000,STATE ROAD COMMISSION OF UTAH - UDOT RIGHT OF WAY,STATE,True,False,0.0,True,R-1-5000,Tax Exempt - Government,readiness/data/geometry/15021790060000.geojson,cadastre_government_owned_parcels,https://services1.arcgis.com/99lidPhWCzftIe9K/arcgis/rest/services/cadastre_government_owned_parcels/FeatureServer/0/query,2026-09-25
15114570010000,SALT LAKE CITY CORPORATION - PROPERTY MANAGEMENT,CITY,False,False,0.1,False,OS,Tax Exempt - Government,readiness/data/geometry/15114570010000.geojson,cadastre_government_owned_parcels,https://services1.arcgis.com/99lidPhWCzftIe9K/arcgis/rest/services/cadastre_government_owned_parcels/FeatureServer/0/query,2026-09-25
15114570020000,SALT LAKE CITY CORPORATION - PROPERTY MANAGEMENT,CITY,False,False,0.1,False,OS,Tax Exempt - Government,readiness/data/geometry/15114570020000.geojson,cadastre_government_owned_parcels,https://services1.arcgis.com/99lidPhWCzftIe9K/arcgis/rest/services/cadastre_government_owned_parcels/FeatureServer/0/query,2026-09-25
15021790090000,SALT LAKE CITY CORPORATION,CITY,False,False,0.1,False,R-1-5000,Tax Exempt - Government,readiness/data/geometry/15021790090000.geojson,cadastre_government_owned_parcels,https://services1.arcgis.com/99lidPhWCzftIe9K/arcgis/rest/services/cadastre_government_owned_parcels/FeatureServer/0/query,2026-09-25
15021790100000,SALT LAKE CITY CORPORATION,CITY,False,False,0.2,False,R-1-5000,Tax Exempt - Government,readiness/data/geometry/15021790100000.geojson,cadastre_government_owned_parcels,https://services1.arcgis.com/99lidPhWCzftIe9K/arcgis/rest/services/cadastre_government_owned_parcels/FeatureServer/0/query,2026-09-25
15114570030000,SALT LAKE CITY CORPORATION - PROPERTY MANAGEMENT,CITY,False,False,0.1,False,OS,Tax Exempt - Government,readiness/data/geometry/15114570030000.geojson,cadastre_government_owned_parcels,https://services1.arcgis.com/99lidPhWCzftIe9K/arcgis/rest/services/cadastre_government_owned_parcels/FeatureServer/0/query,2026-09-25
15021790110000,STATE ROAD COMM OF UTAH & MART - UDOT RIGHT OF WAY,STATE,True,False,0.1,False,UNKNOWN,Tax Exempt - Government,readiness/data/geometry/15021790110000.geojson,cadastre_government_owned_parcels,https://services1.arcgis.com/99lidPhWCzftIe9K/arcgis/rest/services/cadastre_government_owned_parcels/FeatureServer/0/query,2026-09-25
15114570040000,SALT LAKE CITY CORPORATION - PROPERTY MANAGEMENT,CITY,False,False,0.1,False,OS,Tax Exempt - Government,readiness/data/geometry/15114570040000.geojson,cadastre_government_owned_parcels,https://services1.arcgis.com/99lidPhWCzftIe9K/arcgis/rest/services/cadastre_government_owned_parcels/FeatureServer/0/query,2026-09-25
15021790120000,SALT LAKE CITY CORPORATION,CITY,False,False,0.0,True,R-1-5000,Tax Exempt - Government,readiness/data/geometry/15021790120000.geojson,cadastre_government_owned_parcels,https://services1.arcgis.com/99lidPhWCzftIe9K/arcgis/rest/services/cadastre_government_owned_parcels/FeatureServer/0/query,2026-09-25
15114570050000,SALT LAKE CITY CORPORATION - PROPERTY MANAGEMENT,CITY,False,False,0.1,False,OS,Tax Exempt - Government,readiness/data/geometry/15114570050000.geojson,cadastre_government_owned_parcels,https://services1.arcgis.com/99lidPhWCzftIe9K/arcgis/rest/services/cadastre_government_owned_parcels/FeatureServer/0/query,2026-09-25
15021800040000,SALT LAKE COUNTY - REAL ESTATE DEPT,COUNTY,False,False,0.0,True,R-1-5000,Tax Exempt - Government,readiness/data/geometry/15021800040000.geojson,cadastre_government_owned_parcels,https://services1.arcgis.com/99lidPhWCzftIe9K/arcgis/rest/services/cadastre_government_owned_parcels/FeatureServer/0/query,2026-09-25
15114570060000,SALT LAKE CITY CORPORATION - PROPERTY MANAGEMENT,CITY,False,False,0.1,False,OS,Tax Exempt - Government,readiness/data/geometry/15114570060000.geojson,cadastre_government_owned_parcels,https://services1.arcgis.com/99lidPhWCzftIe9K/arcgis/rest/services/cadastre_government_owned_parcels/FeatureServer/0/query,2026-09-25
15021810020000,SALT LAKE CITY CORPORATION - PROPERTY MANAGEMENT,CITY,False,False,0.3,False,R-1-5000,Tax Exempt - Government,readiness/data/geometry/15021810020000.geojson,cadastre_government_owned_parcels,https://services1.arcgis.com/99lidPhWCzftIe9K/arcgis/rest/services/cadastre_government_owned_parcels/FeatureServer/0/query,2026-09-25
15114570070000,SALT LAKE CITY CORPORATION - PROPERTY MANAGEMENT,CITY,False,False,0.1,False,OS,Tax Exempt - Government,readiness/data/geometry/15114570070000.geojson,cadastre_government_owned_parcels,https://services1.arcgis.com/99lidPhWCzftIe9K/arcgis/rest/services/cadastre_government_owned_parcels/FeatureServer/0/query,2026-09-25
15114570080000,SALT LAKE CITY CORPORATION - PROPERTY MANAGEMENT,CITY,False,False,0.1,False,OS,Tax Exempt - Government,readiness/data/geometry/15114570080000.geojson,cadastre_government_owned_parcels,https://services1.arcgis.com/99lidPhWCzftIe9K/arcgis/rest/services/cadastre_government_owned_parcels/FeatureServer/0/query,2026-09-25
15021810030000,SALT LAKE CITY - PROPERTY MANAGEMENT,CITY,False,False,0.1,False,OS,Tax Exempt - Government,readiness/data/geometry/15021810030000.geojson,cadastre_government_owned_parcels,https://services1.arcgis.com/99lidPhWCzftIe9K/arcgis/rest/services/cadastre_government_owned_parcels/FeatureServer/0/query,2026-09-25
15114570090000,SALT LAKE CITY CORPORATION - PROPERTY MANAGEMENT,CITY,False,False,0.1,False,OS,Tax Exempt - Government,readiness/data/geometry/15114570090000.geojson,cadastre_government_owned_parcels,https://services1.arcgis.com/99lidPhWCzftIe9K/arcgis/rest/services/cadastre_government_owned_parcels/FeatureServer/0/query,2026-09-25
15021840080000,SALT LAKE COUNTY - REAL ESTATE DEPT # S3200,COUNTY,False,False,0.0,True,R-1-5000,Tax Exempt - Government,readiness/data/geometry/15021840080000.geojson,cadastre_government_owned_parcels,https://services1.arcgis.com/99lidPhWCzftIe9K/arcgis/rest/services/cadastre_government_owned_parcels/FeatureServer/0/query,2026-09-25
15114570100000,SALT LAKE CITY CORPORATION - PROPERTY MANAGEMENT,CITY,False,False,0.1,False,OS,Tax Exempt - Government,readiness/data/geometry/15114570100000.geojson,cadastre_government_owned_parcels,https://services1.arcgis.com/99lidPhWCzftIe9K/arcgis/rest/services/cadastre_government_owned_parcels/FeatureServer/0/query,2026-09-25
15022010030000,SALT LAKE CITY CORPORATION - PROPERTY MANAGEMENT,CITY,False,False,0.1,False,TSA-UN-T,Tax Exempt - Government,readiness/data/geometry/15022010030000.geojson,cadastre_government_owned_parcels,https://services1.arcgis.com/99lidPhWCzftIe9K/arcgis/rest/services/cadastre_government_owned_parcels/FeatureServer/0/query,2026-09-25
15114570110000,SALT LAKE CITY CORPORATION - PROPERTY MANAGEMENT,CITY,False,False,0.2,False,OS,Tax Exempt - Government,readiness/data/geometry/15114570110000.geojson,cadastre_government_owned_parcels,https://services1.arcgis.com/99lidPhWCzftIe9K/arcgis/rest/services/cadastre_government_owned_parcels/FeatureServer/0/query,2026-09-25
15022010120000,SALT LAKE CITY CORPORATION - PROPERTY MANAGEMENT,CITY,False,False,0.4,False,TSA-UN-T,Commercial - Industrial,readiness/data/geometry/15022010120000.geojson,cadastre_government_owned_parcels,https://services1.arcgis.com/99lidPhWCzftIe9K/arcgis/rest/services/cadastre_government_owned_parcels/FeatureServer/0/query,2026-09-25
15114580170000,SALT LAKE CITY CORPORATION - PROPERTY MANAGEMENT,CITY,False,False,0.2,False,R-1-5000,Tax Exempt - Government,readiness/data/geometry/15114580170000.geojson,cadastre_government_owned_parcels,https://services1.arcgis.com/99lidPhWCzftIe9K/arcgis/rest/services/cadastre_government_owned_parcels/FeatureServer/0/query,2026-09-25
15022010130000,SALT LAKE CITY CORPORATION - PROPERTY MANAGEMENT,CITY,False,False,0.3,False,TSA-UN-T,Commercial - Industrial,readiness/data/geometry/15022010130000.geojson,cadastre_government_owned_parcels,https://services1.arcgis.com/99lidPhWCzftIe9K/arcgis/rest/services/cadastre_government_owned_parcels/FeatureServer/0/query,2026-09-25
15114760040000,SALT LAKE COUNTY - REAL ESTATE DEPT # S3200,COUNTY,False,False,0.0,True,R-1-7000,Tax Exempt - Government,readiness/data/geometry/15114760040000.geojson,cadastre_government_owned_parcels,https://services1.arcgis.com/99lidPhWCzftIe9K/arcgis/rest/services/cadastre_government_owned_parcels/FeatureServer/0/query,2026-09-25
15022010150000,SALT LAKE CITY CORPORATION - REAL ESTATE SERVICES,CITY,False,False,1.2,False,TSA-UN-T,Tax Exempt - Government,readiness/data/geometry/15022010150000.geojson,cadastre_government_owned_parcels,https://services1.arcgis.com/99lidPhWCzftIe9K/arcgis/rest/services/cadastre_government_owned_parcels/FeatureServer/0/query,2026-09-25
15114770110000,SALT LAKE CITY CORP - PROPERTY MANAGEMENT,CITY,False,False,0.1,False,R-1-7000,Tax Exempt - Government,readiness/data/geometry/15114770110000.geojson,cadastre_government_owned_parcels,https://services1.arcgis.com/99lidPhWCzftIe9K/arcgis/rest/services/cadastre_government_owned_parcels/FeatureServer/0/query,2026-09-25
15022020010000,REDEVELOPMENT AGENCY OF SALT L - EXECUTIVE DIRECTOR,CRA,False,False,0.2,False,TSA-UN-T,Commercial - Industrial,readiness/data/geometry/15022020010000.geojson,cadastre_government_owned_parcels,https://services1.arcgis.com/99lidPhWCzftIe9K/arcgis/rest/services/cadastre_government_owned_parcels/FeatureServer/0/query,2026-09-25
15114770110000,SALT LAKE CITY CORP - PROPERTY MANAGEMENT,CITY,False,False,0.1,False,R-1-7000,Tax Exempt - Government,readiness/data/geometry/15114770110000.geojson,cadastre_government_owned_parcels,https://services1.arcgis.com/99lidPhWCzftIe9K/arcgis/rest/services/cadastre_government_owned_parcels/FeatureServer/0/query,2026-09-25
15022020020000,REDEVELOPMENT AGENCY OF SALT L - EXECUTIVE DIRECTOR,CRA,False,False,0.2,False,TSA-UN-T,Commercial,readiness/data/geometry/15022020020000.geojson,cadastre_government_owned_parcels,https://services1.arcgis.com/99lidPhWCzftIe9K/arcgis/rest/services/cadastre_government_owned_parcels/FeatureServer/0/query,2026-09-25
15114800010000,SALT LAKE CITY CORPORATION - PROPERTY MANAGEMENT,CITY,False,False,0.2,False,R-1-7000,Tax Exempt - Government,readiness/data/geometry/15114800010000.geojson,cadastre_government_owned_parcels,https://services1.arcgis.com/99lidPhWCzftIe9K/arcgis/rest/services/cadastre_government_owned_parcels/FeatureServer/0/query,2026-09-25
15022020030000,REDEVELOPMENT AGENCY OF SALT L - EXECUTIVE DIRECTOR,CRA,False,False,0.2,False,TSA-UN-T,Commercial - Office Space,readiness/data/geometry/15022020030000.geojson,cadastre_government_owned_parcels,https://services1.arcgis.com/99lidPhWCzftIe9K/arcgis/rest/services/cadastre_government_owned_parcels/FeatureServer/0/query,2026-09-25
15114800030000,SALT LAKE CITY CORPORATION - PROPERTY MANAGEMENT,CITY,False,False,0.2,False,R-1-7000,Tax Exempt - Government,readiness/data/geometry/15114800030000.geojson,cadastre_government_owned_parcels,https://services1.arcgis.com/99lidPhWCzftIe9K/arcgis/rest/services/cadastre_government_owned_parcels/FeatureServer/0/query,2026-09-25
15114800060000,SALT LAKE CITY CORPORATION - REAL ESTATE SERVICES,CITY,False,False,0.2,False,R-1-7000,Tax Exempt - Government,readiness/data/geometry/15114800060000.geojson,cadastre_government_owned_parcels,https://services1.arcgis.com/99lidPhWCzftIe9K/arcgis/rest/services/cadastre_government_owned_parcels/FeatureServer/0/query,2026-09-25
15022040070000,REDEVELOPMENT AGENCY OF SALT L,CRA,False,False,0.3,False,TSA-UN-T,Commercial - Industrial,readiness/data/geometry/15022040070000.geojson,cadastre_government_owned_parcels,https://services1.arcgis.com/99lidPhWCzftIe9K/arcgis/rest/services/cadastre_government_owned_parcels/FeatureServer/0/query,2026-09-25
15114800120000,SALT LAKE CITY CORPORATION - PROPERTY MANAGEMENT,CITY,False,False,0.1,False,PL,Commercial,readiness/data/geometry/15114800120000.geojson,cadastre_government_owned_parcels,https://services1.arcgis.com/99lidPhWCzftIe9K/arcgis/rest/services/cadastre_government_owned_parcels/FeatureServer/0/query,2026-09-25
15022040100000,SALT LAKE CITY CORPORATION,CITY,False,False,1.0,False,UNKNOWN,Commercial,readiness/data/geometry/15022040100000.geojson,cadastre_government_owned_parcels,https://services1.arcgis.com/99lidPhWCzftIe9K/arcgis/rest/services/cadastre_government_owned_parcels/FeatureServer/0/query,2026-09-25
15114800280000,SALT LAKE CITY CORPORATION - PROPERTY MANAGEMENT,CITY,False,False,1.2,False,PL,Commercial,readiness/data/geometry/15114800280000.geojson,cadastre_government_owned_parcels,https://services1.arcgis.com/99lidPhWCzftIe9K/arcgis/rest/services/cadastre_government_owned_parcels/FeatureServer/0/query,2026-09-25
15022060170000,SALT LAKE COUNTY - REAL ESTATE DEPT # S3200,COUNTY,False,False,0.0,True,TSA-UN-T,Tax Exempt - Government,readiness/data/geometry/15022060170000.geojson,cadastre_government_owned_parcels,https://services1.arcgis.com/99lidPhWCzftIe9K/arcgis/rest/services/cadastre_government_owned_parcels/FeatureServer/0/query,2026-09-25
15114800290000,SALT LAKE CITY CORPORATION - PROPERTY MANAGEMENT,CITY,False,False,0.2,False,PL,Tax Exempt - Government,readiness/data/geometry/15114800290000.geojson,cadastre_government_owned_parcels,https://services1.arcgis.com/99lidPhWCzftIe9K/arcgis/rest/services/cadastre_government_owned_parcels/FeatureServer/0/query,2026-09-25
15022260080000,SALT LAKE CITY CORPORATION - REAL ESTATE SERVICES,CITY,False,False,1.3,False,TSA-UN-T,Tax Exempt - Government,readiness/data/geometry/15022260080000.geojson,cadastre_government_owned_parcels,https://services1.arcgis.com/99lidPhWCzftIe9K/arcgis/rest/services/cadastre_government_owned_parcels/FeatureServer/0/query,2026-09-25
15114800320000,SALT LAKE CITY CORPORATION - PROPERTY MANAGEMENT,CITY,False,False,0.2,False,R-1-7000,Tax Exempt - Government,readiness/data/geometry/15114800320000.geojson,cadastre_government_owned_parcels,https://services1.arcgis.com/99lidPhWCzftIe9K/arcgis/rest/services/cadastre_government_owned_parcels/FeatureServer/0/query,2026-09-25
15022260080000,SALT LAKE CITY CORPORATION - REAL ESTATE SERVICES,CITY,False,False,1.3,False,TSA-UN-T,Tax Exempt - Government,readiness/data/geometry/15022260080000.geojson,cadastre_government_owned_parcels,https://services1.arcgis.com/99lidPhWCzftIe9K/arcgis/rest/services/cadastre_government_owned_parcels/FeatureServer/0/query,2026-09-25
15114800330000,SALT LAKE CITY CORPORATION - PROPERTY MANAGEMENT,CITY,False,False,0.2,False,PL,Commercial,readiness/data/geometry/15114800330000.geojson,cadastre_government_owned_parcels,https://services1.arcgis.com/99lidPhWCzftIe9K/arcgis/rest/services/cadastre_government_owned_parcels/FeatureServer/0/query,2026-09-25
15022270010000,SALT LAKE CITY CORP - PROPERTY MANAGEMENT,CITY,False,False,0.1,False,TSA-UN-T,Tax Exempt - Government,readiness/data/geometry/15022270010000.geojson,cadastre_government_owned_parcels,https://services1.arcgis.com/99lidPhWCzftIe9K/arcgis/rest/services/cadastre_government_owned_parcels/FeatureServer/0/query,2026-09-25
15121020030000,UTAH TRANSIT AUTHORITY - PROPERTY MANAGEMENT,UTA,False,False,0.0,True,CG,Tax Exempt - Government,readiness/data/geometry/15121020030000.geojson,cadastre_government_owned_parcels,https://services1.arcgis.com/99lidPhWCzftIe9K/arcgis/rest/services/cadastre_government_owned_parcels/FeatureServer/0/query,2026-09-25
15022270020000,SALT LAKE CITY CORP - PROPERTY MANAGEMENT,CITY,False,False,0.1,False,TSA-UN-T,Tax Exempt - Government,readiness/data/geometry/15022270020000.geojson,cadastre_government_owned_parcels,https://services1.arcgis.com/99lidPhWCzftIe9K/arcgis/rest/services/cadastre_government_owned_parcels/FeatureServer/0/query,2026-09-25
15121050010000,SALT LAKE CITY CORP - PROPERTY MANAGEMENT,CITY,False,False,0.4,False,CG,Commercial,readiness/data/geometry/15121050010000.geojson,cadastre_government_owned_parcels,https://services1.arcgis.com/99lidPhWCzftIe9K/arcgis/rest/services/cadastre_government_owned_parcels/FeatureServer/0/query,2026-09-25
15022270030000,SALT LAKE CITY CORPORATION - PROPERTY MANAGEMENT,CITY,False,False,0.1,False,TSA-UN-T,Tax Exempt - Government,readiness/data/geometry/15022270030000.geojson,cadastre_government_owned_parcels,https://services1.arcgis.com/99lidPhWCzftIe9K/arcgis/rest/services/cadastre_government_owned_parcels/FeatureServer/0/query,2026-09-25
15121060100000,UTAH TRANSIT AUTHORITY - PROPERTY MANAGEMENT,UTA,False,False,0.0,True,CG,Commercial,readiness/data/geometry/15121060100000.geojson,cadastre_government_owned_parcels,https://services1.arcgis.com/99lidPhWCzftIe9K/arcgis/rest/services/cadastre_government_owned_parcels/FeatureServer/0/query,2026-09-25
15121520020000,UTAH TRANSIT AUTHORITY - PROPERTY MANAGEMENT,UTA,False,False,0.1,False,CG,Tax Exempt - Government,readiness/data/geometry/15121520020000.geojson,cadastre_government_owned_parcels,https://services1.arcgis.com/99lidPhWCzftIe9K/arcgis/rest/services/cadastre_government_owned_parcels/FeatureServer/0/query,2026-09-25
15022270040000,SALT LAKE CITY CORP - PROPERTY MANAGEMENT,CITY,False,False,0.1,False,TSA-UN-T,Tax Exempt - Government,readiness/data/geometry/15022270040000.geojson,cadastre_government_owned_parcels,https://services1.arcgis.com/99lidPhWCzftIe9K/arcgis/rest/services/cadastre_government_owned_parcels/FeatureServer/0/query,2026-09-25
15121540020000,SALT LAKE CITY CORPORATION - REAL ESTATE SERVICES,CITY,False,False,0.5,False,M-1,Vacant,readiness/data/geometry/15121540020000.geojson,cadastre_government_owned_parcels,https://services1.arcgis.com/99lidPhWCzftIe9K/arcgis/rest/services/cadastre_government_owned_parcels/FeatureServer/0/query,2026-09-25
15022270050000,SALT LAKE CITY CORPORATION,CITY,False,False,0.7,False,UNKNOWN,Tax Exempt - Government,readiness/data/geometry/15022270050000.geojson,cadastre_government_owned_parcels,https://services1.arcgis.com/99lidPhWCzftIe9K/arcgis/rest/services/cadastre_government_owned_parcels/FeatureServer/0/query,2026-09-25
15121540030000,SALT LAKE CITY CORPORATION - REAL ESTATE SERVICES,CITY,False,False,0.8,False,UNKNOWN,Vacant,readiness/data/geometry/15121540030000.geojson,cadastre_government_owned_parcels,https://services1.arcgis.com/99lidPhWCzftIe9K/arcgis/rest/services/cadastre_government_owned_parcels/FeatureServer/0/query,2026-09-25
15022280010000,SALT LAKE CITY CORP - PROPERTY MANAGEMENT,CITY,False,False,0.1,False,TSA-UN-T,Tax Exempt - Government,readiness/data/geometry/15022280010000.geojson,cadastre_government_owned_parcels,https://services1.arcgis.com/99lidPhWCzftIe9K/arcgis/rest/services/cadastre_government_owned_parcels/FeatureServer/0/query,2026-09-25
15121550040000,UTAH DEPARTMENT OF TRANSPORTAT,STATE,True,False,0.1,False,UNKNOWN,Tax Exempt - Government,readiness/data/geometry/15121550040000.geojson,cadastre_government_owned_parcels,https://services1.arcgis.com/99lidPhWCzftIe9K/arcgis/rest/services/cadastre_government_owned_parcels/FeatureServer/0/query,2026-09-25
15022280020000,SALT LAKE CITY CORPORATION - PROPERTY MANAGEMENT,CITY,False,False,0.2,False,TSA-UN-T,Tax Exempt - Government,readiness/data/geometry/15022280020000.geojson,cadastre_government_owned_parcels,https://services1.arcgis.com/99lidPhWCzftIe9K/arcgis/rest/services/cadastre_government_owned_parcels/FeatureServer/0/query,2026-09-25
15121570040000,STATE ROAD COMMISSION OF UTAH - UDOT RIGHT OF WAY,STATE,True,False,0.1,False,CG,Commercial,readiness/data/geometry/15121570040000.geojson,cadastre_government_owned_parcels,https://services1.arcgis.com/99lidPhWCzftIe9K/arcgis/rest/services/cadastre_government_owned_parcels/FeatureServer/0/query,2026-09-25
15022280030000,SALT LAKE CITY CORP - PROPERTY MANAGEMENT,CITY,False,False,0.2,False,TSA-UN-T,Tax Exempt - Government,readiness/data/geometry/15022280030000.geojson,cadastre_government_owned_parcels,https://services1.arcgis.com/99lidPhWCzftIe9K/arcgis/rest/services/cadastre_government_owned_parcels/FeatureServer/0/query,2026-09-25
15121800230000,SALT LAKE CITY CORP - PROPERTY MANAGMENT,CITY,False,False,0.3,False,CG,Tax Exempt - Government,readiness/data/geometry/15121800230000.geojson,cadastre_government_owned_parcels,https://services1.arcgis.com/99lidPhWCzftIe9K/arcgis/rest/services/cadastre_government_owned_parcels/FeatureServer/0/query,2026-09-25
15022280040000,SALT LAKE CITY CORP - PROPERTY MANAGEMENT,CITY,False,False,0.1,False,TSA-UN-T,Tax Exempt - Government,readiness/data/geometry/15022280040000.geojson,cadastre_government_owned_parcels,https://services1.arcgis.com/99lidPhWCzftIe9K/arcgis/rest/services/cadastre_government_owned_parcels/FeatureServer/0/query,2026-09-25
15122060162000,REDEVELOPMENT AGENCY OF SALT L,CRA,False,False,0.1,False,FB-UN2,Tax Exempt - Government,readiness/data/geometry/15122060162000.geojson,cadastre_government_owned_parcels,https://services1.arcgis.com/99lidPhWCzftIe9K/arcgis/rest/services/cadastre_government_owned_parcels/FeatureServer/0/query,2026-09-25
15022280050000,SALT LAKE CITY CORP - PROPERTY MANAGEMENT,CITY,False,False,0.2,False,TSA-UN-T,Tax Exempt - Government,readiness/data/geometry/15022280050000.geojson,cadastre_government_owned_parcels,https://services1.arcgis.com/99lidPhWCzftIe9K/arcgis/rest/services/cadastre_government_owned_parcels/FeatureServer/0/query,2026-09-25
15122070010000,REDEVELOPMENT AGENCY OF SALT L - EXECUTIVE DIRECTOR,CRA,False,False,0.3,False,FB-UN2,Vacant,readiness/data/geometry/15122070010000.geojson,cadastre_government_owned_parcels,https://services1.arcgis.com/99lidPhWCzftIe9K/arcgis/rest/services/cadastre_government_owned_parcels/FeatureServer/0/query,2026-09-25
15122070020000,REDEVELOPMENT AGENCY OF SALT L - EXECUTIVE DIRECTOR,CRA,False,False,0.2,False,FB-UN2,Vacant,readiness/data/geometry/15122070020000.geojson,cadastre_government_owned_parcels,https://services1.arcgis.com/99lidPhWCzftIe9K/arcgis/rest/services/cadastre_government_owned_parcels/FeatureServer/0/query,2026-09-25
15122070120000,REDEVELOPMENT AGENCY OF SALT L,CRA,False,False,0.1,False,FB-UN2,Commercial,readiness/data/geometry/15122070120000.geojson,cadastre_government_owned_parcels,https://services1.arcgis.com/99lidPhWCzftIe9K/arcgis/rest/services/cadastre_government_owned_parcels/FeatureServer/0/query,2026-09-25
15122070130000,REDEVELOPMENT AGENCY OF SALT L,CRA,False,False,0.8,False,FB-UN2,Commercial,readiness/data/geometry/15122070130000.geojson,cadastre_government_owned_parcels,https://services1.arcgis.com/99lidPhWCzftIe9K/arcgis/rest/services/cadastre_government_owned_parcels/FeatureServer/0/query,2026-09-25
15022300110000,SALT LAKE CITY CORPORATION - REAL ESTATE SERVICES,CITY,False,False,1.3,False,TSA-UN-T,Tax Exempt - Government,readiness/data/geometry/15022300110000.geojson,cadastre_government_owned_parcels,https://services1.arcgis.com/99lidPhWCzftIe9K/arcgis/rest/services/cadastre_government_owned_parcels/FeatureServer/0/query,2026-09-25
15122510010000,SALT LAKE CITY CORP - PROPERTY MANAGEMENT,CITY,False,False,8.8,False,PL,Commercial,readiness/data/geometry/15122510010000.geojson,cadastre_government_owned_parcels,https://services1.arcgis.com/99lidPhWCzftIe9K/arcgis/rest/services/cadastre_government_owned_parcels/FeatureServer/0/query,2026-09-25
15022310010000,STATE ROAD COMMISSION OF UTAH - UDOT RIGHT OF WAY,STATE,True,False,0.2,False,GMU,Tax Exempt - Government,readiness/data/geometry/15022310010000.geojson,cadastre_government_owned_parcels,https://services1.arcgis.com/99lidPhWCzftIe9K/arcgis/rest/services/cadastre_government_owned_parcels/FeatureServer/0/query,2026-09-25
15022310040000,UTAH DEPARTMENT OF TRANSPORTAT - UDOT RIGHT OF WAY,STATE,True,False,0.3,False,GMU,Tax Exempt - Government,readiness/data/geometry/15022310040000.geojson,cadastre_government_owned_parcels,https://services1.arcgis.com/99lidPhWCzftIe9K/arcgis/rest/services/cadastre_government_owned_parcels/FeatureServer/0/query,2026-09-25
15022310050000,SALT LAKE CITY CORP - PROPERTY MANAGEMENT,CITY,False,False,0.4,False,UNKNOWN,Tax Exempt - Government,readiness/data/geometry/15022310050000.geojson,cadastre_government_owned_parcels,https://services1.arcgis.com/99lidPhWCzftIe9K/arcgis/rest/services/cadastre_government_owned_parcels/FeatureServer/0/query,2026-09-25
15022340150000,REDEVELOPMENT AGENCY OF SALT L,CRA,False,False,0.3,False,GMU,Commercial,readiness/data/geometry/15022340150000.geojson,cadastre_government_owned_parcels,https://services1.arcgis.com/99lidPhWCzftIe9K/arcgis/rest/services/cadastre_government_owned_parcels/FeatureServer/0/query,2026-09-25
15122600010000,SALT LAKE CITY CORPORATION - PROPERTY MANAGEMENT,CITY,False,False,0.1,False,FB-UN2,Commercial,readiness/data/geometry/15122600010000.geojson,cadastre_government_owned_parcels,https://services1.arcgis.com/99lidPhWCzftIe9K/arcgis/rest/services/cadastre_government_owned_parcels/FeatureServer/0/query,2026-09-25
15022520010000,STATE ROAD COMMISSION OF UTAH - UDOT RIGHT OF WAY,STATE,True,False,0.0,True,UNKNOWN,Tax Exempt - Government,readiness/data/geometry/15022520010000.geojson,cadastre_government_owned_parcels,https://services1.arcgis.com/99lidPhWCzftIe9K/arcgis/rest/services/cadastre_government_owned_parcels/FeatureServer/0/query,2026-09-25
15122600020000,SALT LAKE CITY CORPORATION - PROPERTY MANAGEMENT,CITY,False,False,0.1,False,FB-UN2,Commercial,readiness/data/geometry/15122600020000.geojson,cadastre_government_owned_parcels,https://services1.arcgis.com/99lidPhWCzftIe9K/arcgis/rest/services/cadastre_government_owned_parcels/FeatureServer/0/query,2026-09-25
15022520020000,STATE ROAD COMMISSION - UDOT RIGHT OF WAY,STATE,True,False,0.1,False,UNKNOWN,Tax Exempt - Government,readiness/data/geometry/15022520020000.geojson,cadastre_government_owned_parcels,https://services1.arcgis.com/99lidPhWCzftIe9K/arcgis/rest/services/cadastre_government_owned_parcels/FeatureServer/0/query,2026-09-25
15122790170000,UTAH DEPARTMENT OF TRANSPORTAT - UDOT RIGHT OF WAY,STATE,True,False,0.1,False,UNKNOWN,Commercial,readiness/data/geometry/15122790170000.geojson,cadastre_government_owned_parcels,https://services1.arcgis.com/99lidPhWCzftIe9K/arcgis/rest/services/cadastre_government_owned_parcels/FeatureServer/0/query,2026-09-25
15022520030000,STATE ROAD COMMISSION OF UTAH - UDOT RIGHT OF WAY,STATE,True,False,0.1,False,UNKNOWN,Tax Exempt - Government,readiness/data/geometry/15022520030000.geojson,cadastre_government_owned_parcels,https://services1.arcgis.com/99lidPhWCzftIe9K/arcgis/rest/services/cadastre_government_owned_parcels/FeatureServer/0/query,2026-09-25
15123020070000,UTAH TRANSIT AUTHORITY - PROPERTY MANAGEMENT,UTA,False,False,0.4,False,CG,Vacant,readiness/data/geometry/15123020070000.geojson,cadastre_government_owned_parcels,https://services1.arcgis.com/99lidPhWCzftIe9K/arcgis/rest/services/cadastre_government_owned_parcels/FeatureServer/0/query,2026-09-25
15022520040000,STATE ROAD COMMISSION OF UTAH - UDOT RIGHT OF WAY,STATE,True,False,0.0,True,UNKNOWN,Tax Exempt - Government,readiness/data/geometry/15022520040000.geojson,cadastre_government_owned_parcels,https://services1.arcgis.com/99lidPhWCzftIe9K/arcgis/rest/services/cadastre_government_owned_parcels/FeatureServer/0/query,2026-09-25
15123540020000,UTAH TRANSIT AUTHORITY - PROPERTY MANAGEMENT,UTA,False,False,0.7,False,CG,Commercial,readiness/data/geometry/15123540020000.geojson,cadastre_government_owned_parcels,https://services1.arcgis.com/99lidPhWCzftIe9K/arcgis/rest/services/cadastre_government_owned_parcels/FeatureServer/0/query,2026-09-25
15022520050000,STATE ROAD COMMISSION OF UTAH - UDOT RIGHT OF WAY,STATE,True,False,0.0,True,UNKNOWN,Tax Exempt - Government,readiness/data/geometry/15022520050000.geojson,cadastre_government_owned_parcels,https://services1.arcgis.com/99lidPhWCzftIe9K/arcgis/rest/services/cadastre_government_owned_parcels/FeatureServer/0/query,2026-09-25
15123770010000,STATE ROAD COMMISSION OF UTAH - UDOT RIGHT OF WAY,STATE,True,False,0.1,False,UNKNOWN,Tax Exempt - Government,readiness/data/geometry/15123770010000.geojson,cadastre_government_owned_parcels,https://services1.arcgis.com/99lidPhWCzftIe9K/arcgis/rest/services/cadastre_government_owned_parcels/FeatureServer/0/query,2026-09-25
15022520060000,STATE ROAD COMMISSION OF UTAH - UDOT RIGHT OF WAY,STATE,True,False,0.1,False,UNKNOWN,Tax Exempt - Government,readiness/data/geometry/15022520060000.geojson,cadastre_government_owned_parcels,https://services1.arcgis.com/99lidPhWCzftIe9K/arcgis/rest/services/cadastre_government_owned_parcels/FeatureServer/0/query,2026-09-25
15123770020000,STATE ROAD COMMISSION OF UTAH - UDOT RIGHT OF WAY,STATE,True,False,0.1,False,UNKNOWN,Tax Exempt - Government,readiness/data/geometry/15123770020000.geojson,cadastre_government_owned_parcels,https://services1.arcgis.com/99lidPhWCzftIe9K/arcgis/rest/services/cadastre_government_owned_parcels/FeatureServer/0/query,2026-09-25
15124020010000,STATE ROAD COMMISSION OF UTAH; - UDOT RIGHT OF WAY,STATE,True,False,0.1,False,CG,Tax Exempt - Government,readiness/data/geometry/15124020010000.geojson,cadastre_government_owned_parcels,https://services1.arcgis.com/99lidPhWCzftIe9K/arcgis/rest/services/cadastre_government_owned_parcels/FeatureServer/0/query,2026-09-25
15124020070000,SALT LAKE CITY CORPORATION - REAL ESTATE SERVICES,CITY,False,False,0.1,False,UNKNOWN,Commercial,readiness/data/geometry/15124020070000.geojson,cadastre_government_owned_parcels,https://services1.arcgis.com/99lidPhWCzftIe9K/arcgis/rest/services/cadastre_government_owned_parcels/FeatureServer/0/query,2026-09-25
15124030010000,STATE ROAD COMMISSION OF UTAH - UDOT RIGHT OF WAY,STATE,True,False,0.2,False,CG,Tax Exempt - Government,readiness/data/geometry/15124030010000.geojson,cadastre_government_owned_parcels,https://services1.arcgis.com/99lidPhWCzftIe9K/arcgis/rest/services/cadastre_government_owned_parcels/FeatureServer/0/query,2026-09-25
15022520070000,STATE ROAD COMMISSION OF UTAH - UDOT RIGHT OF WAY,STATE,True,False,0.1,False,UNKNOWN,Tax Exempt - Government,readiness/data/geometry/15022520070000.geojson,cadastre_government_owned_parcels,https://services1.arcgis.com/99lidPhWCzftIe9K/arcgis/rest/services/cadastre_government_owned_parcels/FeatureServer/0/query,2026-09-25
15124260010000,STATE ROAD COMM OF UTAH - UDOT RIGHT OF WAY,STATE,True,False,0.2,False,RMF-35,Tax Exempt - Government,readiness/data/geometry/15124260010000.geojson,cadastre_government_owned_parcels,https://services1.arcgis.com/99lidPhWCzftIe9K/arcgis/rest/services/cadastre_government_owned_parcels/FeatureServer/0/query,2026-09-25
15022540010000,STATE ROAD COMMISSION OF UTAH; - UDOT RIGHT OF WAY,STATE,True,False,0.1,False,UNKNOWN,Tax Exempt - Government,readiness/data/geometry/15022540010000.geojson,cadastre_government_owned_parcels,https://services1.arcgis.com/99lidPhWCzftIe9K/arcgis/rest/services/cadastre_government_owned_parcels/FeatureServer/0/query,2026-09-25
15022540020000,STATE ROAD COMMISSION OF UTAH; - UDOT RIGHT OF WAY,STATE,True,False,0.1,False,UNKNOWN,Tax Exempt - Government,readiness/data/geometry/15022540020000.geojson,cadastre_government_owned_parcels,https://services1.arcgis.com/99lidPhWCzftIe9K/arcgis/rest/services/cadastre_government_owned_parcels/FeatureServer/0/query,2026-09-25
15022550020000,STATE ROAD COMMISSION OF UTAH - UDOT RIGHT OF WAY,STATE,True,False,0.1,False,UNKNOWN,Tax Exempt - Government,readiness/data/geometry/15022550020000.geojson,cadastre_government_owned_parcels,https://services1.arcgis.com/99lidPhWCzftIe9K/arcgis/rest/services/cadastre_government_owned_parcels/FeatureServer/0/query,2026-09-25
15022570090000,SALT LAKE CITY CORPORATION - SLC HOUSING & NEIGH DEVELOP,CITY,False,False,0.1,False,R-1-5000,Tax Exempt - Government,readiness/data/geometry/15022570090000.geojson,cadastre_government_owned_parcels,https://services1.arcgis.com/99lidPhWCzftIe9K/arcgis/rest/services/cadastre_government_owned_parcels/FeatureServer/0/query,2026-09-25
15022760010000,STATE ROAD COMMISSION OF UTAH - UDOT RIGHT OF WAY,STATE,True,False,0.0,True,UNKNOWN,Tax Exempt - Government,readiness/data/geometry/15022760010000.geojson,cadastre_government_owned_parcels,https://services1.arcgis.com/99lidPhWCzftIe9K/arcgis/rest/services/cadastre_government_owned_parcels/FeatureServer/0/query,2026-09-25
15124280170000,SALT LAKE CITY - KARRYN GREENLEAF,CITY,False,False,0.2,False,OS,Tax Exempt - Government,readiness/data/geometry/15124280170000.geojson,cadastre_government_owned_parcels,https://services1.arcgis.com/99lidPhWCzftIe9K/arcgis/rest/services/cadastre_government_owned_parcels/FeatureServer/0/query,2026-09-25
15124280180000,SALT LAKE CITY - KARRYN GREENLEAF,CITY,False,False,0.2,False,OS,Tax Exempt - Government,readiness/data/geometry/15124280180000.geojson,cadastre_government_owned_parcels,https://services1.arcgis.com/99lidPhWCzftIe9K/arcgis/rest/services/cadastre_government_owned_parcels/FeatureServer/0/query,2026-09-25
15022780120000,UTAH TRANSIT AUTHORITY - PROPERTY MANAGEMENT,UTA,False,False,17.8,False,CG,Tax Exempt - Government,readiness/data/geometry/15022780120000.geojson,cadastre_government_owned_parcels,https://services1.arcgis.com/99lidPhWCzftIe9K/arcgis/rest/services/cadastre_government_owned_parcels/FeatureServer/0/query,2026-09-25
15124280190000,SALT LAKE CITY CORP - PROPERTY MANAGEMENT,CITY,False,False,0.3,False,OS,Tax Exempt - Government,readiness/data/geometry/15124280190000.geojson,cadastre_government_owned_parcels,https://services1.arcgis.com/99lidPhWCzftIe9K/arcgis/rest/services/cadastre_government_owned_parcels/FeatureServer/0/query,2026-09-25
15023020210000,SALT LAKE CITY CORPORATION,CITY,False,False,0.2,False,R-1-5000,Residential,readiness/data/geometry/15023020210000.geojson,cadastre_government_owned_parcels,https://services1.arcgis.com/99lidPhWCzftIe9K/arcgis/rest/services/cadastre_government_owned_parcels/FeatureServer/0/query,2026-09-25
15124280200000,SALT LAKE CITY - KARRYN GREENLEAF,CITY,False,False,0.1,False,OS,Tax Exempt - Government,readiness/data/geometry/15124280200000.geojson,cadastre_government_owned_parcels,https://services1.arcgis.com/99lidPhWCzftIe9K/arcgis/rest/services/cadastre_government_owned_parcels/FeatureServer/0/query,2026-09-25
15023020262000,SALT LAKE CITY CORPORATION - HOUSING & NEIGHBORHOOD DEVELO,CITY,False,False,0.2,False,R-1-5000,Residential,readiness/data/geometry/15023020262000.geojson,cadastre_government_owned_parcels,https://services1.arcgis.com/99lidPhWCzftIe9K/arcgis/rest/services/cadastre_government_owned_parcels/FeatureServer/0/query,2026-09-25
15124280210000,SALT LAKE CITY - KARRYN GREENLEAF,CITY,False,False,0.2,False,OS,Tax Exempt - Government,readiness/data/geometry/15124280210000.geojson,cadastre_government_owned_parcels,https://services1.arcgis.com/99lidPhWCzftIe9K/arcgis/rest/services/cadastre_government_owned_parcels/FeatureServer/0/query,2026-09-25
15023030060000,SALT LAKE COUNTY - REAL ESTATE DEPT # S3200,COUNTY,False,False,0.0,True,R-1-5000,Tax Exempt - Government,readiness/data/geometry/15023030060000.geojson,cadastre_government_owned_parcels,https://services1.arcgis.com/99lidPhWCzftIe9K/arcgis/rest/services/cadastre_government_owned_parcels/FeatureServer/0/query,2026-09-25
15124280220000,SALT LAKE CITY - KARRYN GREENLEAF,CITY,False,False,0.2,False,OS,Tax Exempt - Government,readiness/data/geometry/15124280220000.geojson,cadastre_government_owned_parcels,https://services1.arcgis.com/99lidPhWCzftIe9K/arcgis/rest/services/cadastre_government_owned_parcels/FeatureServer/0/query,2026-09-25
15023030252000,SALT LAKE CITY CORPORATION - HOUSING STABILITY DIVISION,CITY,False,False,0.2,False,R-1-5000,Residential,readiness/data/geometry/15023030252000.geojson,cadastre_government_owned_parcels,https://services1.arcgis.com/99lidPhWCzftIe9K/arcgis/rest/services/cadastre_government_owned_parcels/FeatureServer/0/query,2026-09-25
15124280230000,SALT LAKE CITY - KARRYN GREENLEAF,CITY,False,False,0.2,False,OS,Tax Exempt - Government,readiness/data/geometry/15124280230000.geojson,cadastre_government_owned_parcels,https://services1.arcgis.com/99lidPhWCzftIe9K/arcgis/rest/services/cadastre_government_owned_parcels/FeatureServer/0/query,2026-09-25
15023060140000,SALT LAKE CITY CORPORATION - PROPERTY MANAGEMENT,CITY,False,False,0.0,True,UNKNOWN,Tax Exempt - Government,readiness/data/geometry/15023060140000.geojson,cadastre_government_owned_parcels,https://services1.arcgis.com/99lidPhWCzftIe9K/arcgis/rest/services/cadastre_government_owned_parcels/FeatureServer/0/query,2026-09-25
15124280240000,SALT LAKE CITY - KARRYN GREENLEAF,CITY,False,False,0.1,False,OS,Tax Exempt - Government,readiness/data/geometry/15124280240000.geojson,cadastre_government_owned_parcels,https://services1.arcgis.com/99lidPhWCzftIe9K/arcgis/rest/services/cadastre_government_owned_parcels/FeatureServer/0/query,2026-09-25
15023260020000,SALT LAKE CITY CORPORATION - PROPERTY MANAGEMENT,CITY,False,False,0.1,False,OS,Tax Exempt - Government,readiness/data/geometry/15023260020000.geojson,cadastre_government_owned_parcels,https://services1.arcgis.com/99lidPhWCzftIe9K/arcgis/rest/services/cadastre_government_owned_parcels/FeatureServer/0/query,2026-09-25
15124280250000,SALT LAKE CITY - KARRYN GREENLEAF,CITY,False,False,0.1,False,OS,Tax Exempt - Government,readiness/data/geometry/15124280250000.geojson,cadastre_government_owned_parcels,https://services1.arcgis.com/99lidPhWCzftIe9K/arcgis/rest/services/cadastre_government_owned_parcels/FeatureServer/0/query,2026-09-25
15023260040000,SALT LAKE CITY CORPORATION - PROPERTY MANAGEMENT,CITY,False,False,0.1,False,OS,Tax Exempt - Government,readiness/data/geometry/15023260040000.geojson,cadastre_government_owned_parcels,https://services1.arcgis.com/99lidPhWCzftIe9K/arcgis/rest/services/cadastre_government_owned_parcels/FeatureServer/0/query,2026-09-25
15124280260000,SALT LAKE CITY - KARRYN GREENLEAF,CITY,False,False,0.1,False,OS,Tax Exempt - Government,readiness/data/geometry/15124280260000.geojson,cadastre_government_owned_parcels,https://services1.arcgis.com/99lidPhWCzftIe9K/arcgis/rest/services/cadastre_government_owned_parcels/FeatureServer/0/query,2026-09-25
15023270080000,SALT LAKE CITY CORPORATION - PROPERTY MANAGEMENT,CITY,False,False,0.3,False,OS,Tax Exempt,readiness/data/geometry/15023270080000.geojson,cadastre_government_owned_parcels,https://services1.arcgis.com/99lidPhWCzftIe9K/arcgis/rest/services/cadastre_government_owned_parcels/FeatureServer/0/query,2026-09-25
15124280270000,SALT LAKE CITY - KARRYN GREENLEAF,CITY,False,False,0.2,False,OS,Tax Exempt - Government,readiness/data/geometry/15124280270000.geojson,cadastre_government_owned_parcels,https://services1.arcgis.com/99lidPhWCzftIe9K/arcgis/rest/services/cadastre_government_owned_parcels/FeatureServer/0/query,2026-09-25
15023270100000,SALT LAKE CITY CORPORATION - PROPERTY MANAGEMENT,CITY,False,False,0.1,False,R-1-5000,Tax Exempt - Government,readiness/data/geometry/15023270100000.geojson,cadastre_government_owned_parcels,https://services1.arcgis.com/99lidPhWCzftIe9K/arcgis/rest/services/cadastre_government_owned_parcels/FeatureServer/0/query,2026-09-25
15124280280000,SALT LAKE CITY - KARRYN GREENLEAF,CITY,False,False,0.8,False,OS,Tax Exempt - Government,readiness/data/geometry/15124280280000.geojson,cadastre_government_owned_parcels,https://services1.arcgis.com/99lidPhWCzftIe9K/arcgis/rest/services/cadastre_government_owned_parcels/FeatureServer/0/query,2026-09-25
15023270110000,SALT LAKE CITY - PROPERTY MANAGEMENT,CITY,False,False,0.1,False,R-1-5000,Tax Exempt - Government,readiness/data/geometry/15023270110000.geojson,cadastre_government_owned_parcels,https://services1.arcgis.com/99lidPhWCzftIe9K/arcgis/rest/services/cadastre_government_owned_parcels/FeatureServer/0/query,2026-09-25
15124300240000,DIV OF FACILITIES STATE OF UT,STATE,True,False,2.5,False,CC,Commercial - Office Space,readiness/data/geometry/15124300240000.geojson,cadastre_government_owned_parcels,https://services1.arcgis.com/99lidPhWCzftIe9K/arcgis/rest/services/cadastre_government_owned_parcels/FeatureServer/0/query,2026-09-25
15023270182000,SALT LAKE CITY CORPORATION,CITY,False,False,0.2,False,R-1-5000,Residential,readiness/data/geometry/15023270182000.geojson,cadastre_government_owned_parcels,https://services1.arcgis.com/99lidPhWCzftIe9K/arcgis/rest/services/cadastre_government_owned_parcels/FeatureServer/0/query,2026-09-25
15124300250000,HOUSING AUTHORITY OF SALT LAKE,SPECIAL_DISTRICT,False,False,2.6,False,R-MU,Commercial,readiness/data/geometry/15124300250000.geojson,cadastre_government_owned_parcels,https://services1.arcgis.com/99lidPhWCzftIe9K/arcgis/rest/services/cadastre_government_owned_parcels/FeatureServer/0/query,2026-09-25
15023280080000,BOARD OF EDUCATION OF SALT LAK,SCHOOL_DISTRICT,False,False,10.2,False,I,Tax Exempt - Government,readiness/data/geometry/15023280080000.geojson,cadastre_government_owned_parcels,https://services1.arcgis.com/99lidPhWCzftIe9K/arcgis/rest/services/cadastre_government_owned_parcels/FeatureServer/0/query,2026-09-25
15124300260000,STATE OF UTAH,STATE,True,False,0.6,False,CC,Commercial,readiness/data/geometry/15124300260000.geojson,cadastre_government_owned_parcels,https://services1.arcgis.com/99lidPhWCzftIe9K/arcgis/rest/services/cadastre_government_owned_parcels/FeatureServer/0/query,2026-09-25
15124300320000,HOUSING AUTHORITY OF SALT LAKE,SPECIAL_DISTRICT,False,False,2.6,False,R-MU,Commercial,readiness/data/geometry/15124300320000.geojson,cadastre_government_owned_parcels,https://services1.arcgis.com/99lidPhWCzftIe9K/arcgis/rest/services/cadastre_government_owned_parcels/FeatureServer/0/query,2026-09-25
15023340080000,SALT LAKE CITY CORPORATION - PROPERTY MANAGEMENT,CITY,False,False,0.3,False,R-1-5000,Tax Exempt - Government,readiness/data/geometry/15023340080000.geojson,cadastre_government_owned_parcels,https://services1.arcgis.com/99lidPhWCzftIe9K/arcgis/rest/services/cadastre_government_owned_parcels/FeatureServer/0/query,2026-09-25
15023340150000,SALT LAKE CITY CORPORATION - PROPERTY MANAGEMENT,CITY,False,False,0.1,False,I,Tax Exempt - Government,readiness/data/geometry/15023340150000.geojson,cadastre_government_owned_parcels,https://services1.arcgis.com/99lidPhWCzftIe9K/arcgis/rest/services/cadastre_government_owned_parcels/FeatureServer/0/query,2026-09-25
15124310200000,HOUSING AUTHORITY OF SALT LAKE,SPECIAL_DISTRICT,False,False,0.8,False,CC,Vacant,readiness/data/geometry/15124310200000.geojson,cadastre_government_owned_parcels,https://services1.arcgis.com/99lidPhWCzftIe9K/arcgis/rest/services/cadastre_government_owned_parcels/FeatureServer/0/query,2026-09-25
15124770260000,UTAH TRANSIT AUTHORITY - PROPERTY MANAGEMENT,UTA,False,False,3.2,False,CG,Commercial,readiness/data/geometry/15124770260000.geojson,cadastre_government_owned_parcels,https://services1.arcgis.com/99lidPhWCzftIe9K/arcgis/rest/services/cadastre_government_owned_parcels/FeatureServer/0/query,2026-09-25
15023340190000,SALT LAKE CITY CORPORATION - PROPERTY MANAGEMENT,CITY,False,False,0.3,False,I,Tax Exempt - Government,readiness/data/geometry/15023340190000.geojson,cadastre_government_owned_parcels,https://services1.arcgis.com/99lidPhWCzftIe9K/arcgis/rest/services/cadastre_government_owned_parcels/FeatureServer/0/query,2026-09-25
15023340230000,SALT LAKE CITY CORPORATION - PROPERTY MANAGEMENT,CITY,False,False,0.1,False,R-1-5000,Tax Exempt - Government,readiness/data/geometry/15023340230000.geojson,cadastre_government_owned_parcels,https://services1.arcgis.com/99lidPhWCzftIe9K/arcgis/rest/services/cadastre_government_owned_parcels/FeatureServer/0/query,2026-09-25
15124780190000,S L C CORPORATION - PROPERTY MANAGEMENT,SPECIAL_DISTRICT,False,False,4.3,False,PL,Commercial,readiness/data/geometry/15124780190000.geojson,cadastre_government_owned_parcels,https://services1.arcgis.com/99lidPhWCzftIe9K/arcgis/rest/services/cadastre_government_owned_parcels/FeatureServer/0/query,2026-09-25
15023340240000,SALT LAKE CITY CORPORATION - PROPERTY MANAGEMENT,CITY,False,False,0.1,False,R-1-5000,Tax Exempt,readiness/data/geometry/15023340240000.geojson,cadastre_government_owned_parcels,https://services1.arcgis.com/99lidPhWCzftIe9K/arcgis/rest/services/cadastre_government_owned_parcels/FeatureServer/0/query,2026-09-25
15124790180000,SALT LAKE CITY BOARD OF EDUCAT,CITY,False,False,2.9,False,PL,Tax Exempt - Government,readiness/data/geometry/15124790180000.geojson,cadastre_government_owned_parcels,https://services1.arcgis.com/99lidPhWCzftIe9K/arcgis/rest/services/cadastre_government_owned_parcels/FeatureServer/0/query,2026-09-25
15124790180000,SALT LAKE CITY BOARD OF EDUCAT,CITY,False,False,2.9,False,PL,Tax Exempt - Government,readiness/data/geometry/15124790180000.geojson,cadastre_government_owned_parcels,https://services1.arcgis.com/99lidPhWCzftIe9K/arcgis/rest/services/cadastre_government_owned_parcels/FeatureServer/0/query,2026-09-25
15023530340000,SALT LAKE COUNTY - REAL ESTATE DEPT # S3200,COUNTY,False,False,0.0,True,UNKNOWN,Tax Exempt - Government,readiness/data/geometry/15023530340000.geojson,cadastre_government_owned_parcels,https://services1.arcgis.com/99lidPhWCzftIe9K/arcgis/rest/services/cadastre_government_owned_parcels/FeatureServer/0/query,2026-09-25
15131020030000,UTAH TRANSIT AUTHORITY - PROPERTY MANAGEMENT,UTA,False,False,0.1,False,CG,Tax Exempt - Government,readiness/data/geometry/15131020030000.geojson,cadastre_government_owned_parcels,https://services1.arcgis.com/99lidPhWCzftIe9K/arcgis/rest/services/cadastre_government_owned_parcels/FeatureServer/0/query,2026-09-25
15023760150000,PROVO JORDAN RIVER PARKWAY AUT,SPECIAL_DISTRICT,False,False,0.1,False,OS,Tax Exempt,readiness/data/geometry/15023760150000.geojson,cadastre_government_owned_parcels,https://services1.arcgis.com/99lidPhWCzftIe9K/arcgis/rest/services/cadastre_government_owned_parcels/FeatureServer/0/query,2026-09-25
15131520040000,UTAH TRANSIT AUTHORITY - PROPERTY MANAGEMENT,UTA,False,False,0.3,False,CG,Tax Exempt - Government,readiness/data/geometry/15131520040000.geojson,cadastre_government_owned_parcels,https://services1.arcgis.com/99lidPhWCzftIe9K/arcgis/rest/services/cadastre_government_owned_parcels/FeatureServer/0/query,2026-09-25
15023760150000,PROVO JORDAN RIVER PARKWAY AUT,SPECIAL_DISTRICT,False,False,0.1,False,OS,Tax Exempt,readiness/data/geometry/15023760150000.geojson,cadastre_government_owned_parcels,https://services1.arcgis.com/99lidPhWCzftIe9K/arcgis/rest/services/cadastre_government_owned_parcels/FeatureServer/0/query,2026-09-25
15131520060000,UTAH TRANSIT AUTHORITY - PROPERTY MANAGEMENT,UTA,False,False,0.8,False,CG,Tax Exempt - Government,readiness/data/geometry/15131520060000.geojson,cadastre_government_owned_parcels,https://services1.arcgis.com/99lidPhWCzftIe9K/arcgis/rest/services/cadastre_government_owned_parcels/FeatureServer/0/query,2026-09-25
15023760170000,SALT LAKE CITY CORPORATION - PROPERTY MANAGEMENT,CITY,False,False,4.0,False,OS,Tax Exempt - Government,readiness/data/geometry/15023760170000.geojson,cadastre_government_owned_parcels,https://services1.arcgis.com/99lidPhWCzftIe9K/arcgis/rest/services/cadastre_government_owned_parcels/FeatureServer/0/query,2026-09-25
15023760180000,SALT LAKE CITY CORP - PROPERTY MANAGEMENT,CITY,False,False,0.0,True,OS,Vacant,readiness/data/geometry/15023760180000.geojson,cadastre_government_owned_parcels,https://services1.arcgis.com/99lidPhWCzftIe9K/arcgis/rest/services/cadastre_government_owned_parcels/FeatureServer/0/query,2026-09-25
15131770010000,UTAH DEPARTMENT OF TRANSPORTAT - UDOT RIGHT OF WAY,STATE,True,False,1.4,False,CG,Tax Exempt - Government,readiness/data/geometry/15131770010000.geojson,cadastre_government_owned_parcels,https://services1.arcgis.com/99lidPhWCzftIe9K/arcgis/rest/services/cadastre_government_owned_parcels/FeatureServer/0/query,2026-09-25
15023790400000,SALT LAKE CITY CORP - PROPERTY MANAGEMENT,CITY,False,False,0.0,True,R-1-5000,Tax Exempt - Government,readiness/data/geometry/15023790400000.geojson,cadastre_government_owned_parcels,https://services1.arcgis.com/99lidPhWCzftIe9K/arcgis/rest/services/cadastre_government_owned_parcels/FeatureServer/0/query,2026-09-25
15132260040000,SALT LAKE CITY CORPORATION - REAL ESTATE SERVICES,CITY,False,False,0.3,False,RB,Residential,readiness/data/geometry/15132260040000.geojson,cadastre_government_owned_parcels,https://services1.arcgis.com/99lidPhWCzftIe9K/arcgis/rest/services/cadastre_government_owned_parcels/FeatureServer/0/query,2026-09-25
15023800250000,SALT LAKE CITY CORPORATION - PROPERTY MANAGEMENT,CITY,False,False,0.3,False,R-1-7000,Vacant,readiness/data/geometry/15023800250000.geojson,cadastre_government_owned_parcels,https://services1.arcgis.com/99lidPhWCzftIe9K/arcgis/rest/services/cadastre_government_owned_parcels/FeatureServer/0/query,2026-09-25
15132260050000,SALT LAKE CITY CORPORATION - REAL ESTATE SERVICES,CITY,False,False,0.2,False,RB,Commercial - Retail,readiness/data/geometry/15132260050000.geojson,cadastre_government_owned_parcels,https://services1.arcgis.com/99lidPhWCzftIe9K/arcgis/rest/services/cadastre_government_owned_parcels/FeatureServer/0/query,2026-09-25
15023800330000,SALT LAKE CITY CORP - PROPERTY MANAGEMENT,CITY,False,False,0.0,True,R-1-5000,Tax Exempt - Government,readiness/data/geometry/15023800330000.geojson,cadastre_government_owned_parcels,https://services1.arcgis.com/99lidPhWCzftIe9K/arcgis/rest/services/cadastre_government_owned_parcels/FeatureServer/0/query,2026-09-25
15132260060000,SALT LAKE CITY CORPORATION - REAL ESTATE SERVICES,CITY,False,False,0.2,False,RB,Commercial - Office Space,readiness/data/geometry/15132260060000.geojson,cadastre_government_owned_parcels,https://services1.arcgis.com/99lidPhWCzftIe9K/arcgis/rest/services/cadastre_government_owned_parcels/FeatureServer/0/query,2026-09-25
15023820020000,SALT LAKE CITY CORP - PROPERTY MANAGEMENT,CITY,False,False,1.3,False,R-1-7000,Vacant,readiness/data/geometry/15023820020000.geojson,cadastre_government_owned_parcels,https://services1.arcgis.com/99lidPhWCzftIe9K/arcgis/rest/services/cadastre_government_owned_parcels/FeatureServer/0/query,2026-09-25
15132290030000,SALT LAKE CITY PUBLIC LIBRARY,CITY,False,False,0.1,False,RMF-35,Residential,readiness/data/geometry/15132290030000.geojson,cadastre_government_owned_parcels,https://services1.arcgis.com/99lidPhWCzftIe9K/arcgis/rest/services/cadastre_government_owned_parcels/FeatureServer/0/query,2026-09-25
15023860160000,SALT LAKE CITY CORP - PROPERTY MANAGEMENT,CITY,False,False,0.1,False,R-1-7000,Vacant,readiness/data/geometry/15023860160000.geojson,cadastre_government_owned_parcels,https://services1.arcgis.com/99lidPhWCzftIe9K/arcgis/rest/services/cadastre_government_owned_parcels/FeatureServer/0/query,2026-09-25
15132290040000,SALT LAKE CITY PUBLIC LIBRARY,CITY,False,False,0.2,False,RMF-35,Commercial - Apartment & Condo,readiness/data/geometry/15132290040000.geojson,cadastre_government_owned_parcels,https://services1.arcgis.com/99lidPhWCzftIe9K/arcgis/rest/services/cadastre_government_owned_parcels/FeatureServer/0/query,2026-09-25
15024020130000,SALT LAKE COUNTY - REAL ESTATE DEPT # S3200,COUNTY,False,False,0.0,True,R-1-5000,Tax Exempt - Government,readiness/data/geometry/15024020130000.geojson,cadastre_government_owned_parcels,https://services1.arcgis.com/99lidPhWCzftIe9K/arcgis/rest/services/cadastre_government_owned_parcels/FeatureServer/0/query,2026-09-25
15132300010000,SALT LAKE CITY CORP - SALT LAKE BEES,CITY,False,False,0.3,False,PL,Commercial - Retail,readiness/data/geometry/15132300010000.geojson,cadastre_government_owned_parcels,https://services1.arcgis.com/99lidPhWCzftIe9K/arcgis/rest/services/cadastre_government_owned_parcels/FeatureServer/0/query,2026-09-25
15024020130000,SALT LAKE COUNTY - REAL ESTATE DEPT # S3200,COUNTY,False,False,0.0,True,R-1-5000,Tax Exempt - Government,readiness/data/geometry/15024020130000.geojson,cadastre_government_owned_parcels,https://services1.arcgis.com/99lidPhWCzftIe9K/arcgis/rest/services/cadastre_government_owned_parcels/FeatureServer/0/query,2026-09-25
15132560160000,UTAH STATE OWNERSHIP AUTHORITY - DIVISION OF FACILITIES CONSTR,STATE,True,False,1.5,False,CG,Commercial - Retail,readiness/data/geometry/15132560160000.geojson,cadastre_government_owned_parcels,https://services1.arcgis.com/99lidPhWCzftIe9K/arcgis/rest/services/cadastre_government_owned_parcels/FeatureServer/0/query,2026-09-25
15024030110000,REDEVELOPMENT AGENCY OF SALT L,CRA,False,False,0.3,False,R-MU-35,Residential,readiness/data/geometry/15024030110000.geojson,cadastre_government_owned_parcels,https://services1.arcgis.com/99lidPhWCzftIe9K/arcgis/rest/services/cadastre_government_owned_parcels/FeatureServer/0/query,2026-09-25
15132760010000,SALT LAKE CITY - PROPERTY MANAGEMENT,CITY,False,False,10.4,False,PL,Tax Exempt - Government,readiness/data/geometry/15132760010000.geojson,cadastre_government_owned_parcels,https://services1.arcgis.com/99lidPhWCzftIe9K/arcgis/rest/services/cadastre_government_owned_parcels/FeatureServer/0/query,2026-09-25
15024030120000,REDEVELOPMENT AGENCY OF SALT L,CRA,False,False,0.3,False,R-MU-35,Vacant,readiness/data/geometry/15024030120000.geojson,cadastre_government_owned_parcels,https://services1.arcgis.com/99lidPhWCzftIe9K/arcgis/rest/services/cadastre_government_owned_parcels/FeatureServer/0/query,2026-09-25
15132760030000,SALT LAKE CITY CORPORATION - PROPERTY MANAGEMENT,CITY,False,False,0.2,False,CG,Commercial - Office Space,readiness/data/geometry/15132760030000.geojson,cadastre_government_owned_parcels,https://services1.arcgis.com/99lidPhWCzftIe9K/arcgis/rest/services/cadastre_government_owned_parcels/FeatureServer/0/query,2026-09-25
15024030140000,REDEVELOPMENT AGENCY OF SALT L,CRA,False,False,0.6,False,R-MU-35,Vacant,readiness/data/geometry/15024030140000.geojson,cadastre_government_owned_parcels,https://services1.arcgis.com/99lidPhWCzftIe9K/arcgis/rest/services/cadastre_government_owned_parcels/FeatureServer/0/query,2026-09-25
15132760040000,SALT LAKE CITY CORP - PROPERTY MANAGEMENT,CITY,False,False,0.1,False,CG,Commercial - Industrial,readiness/data/geometry/15132760040000.geojson,cadastre_government_owned_parcels,https://services1.arcgis.com/99lidPhWCzftIe9K/arcgis/rest/services/cadastre_government_owned_parcels/FeatureServer/0/query,2026-09-25
15132760050000,SALT LAKE CITY CORPORATION - PROPERTY MANAGEMENT,CITY,False,False,0.0,True,RMF-35,Commercial,readiness/data/geometry/15132760050000.geojson,cadastre_government_owned_parcels,https://services1.arcgis.com/99lidPhWCzftIe9K/arcgis/rest/services/cadastre_government_owned_parcels/FeatureServer/0/query,2026-09-25
15024050140000,SALT LAKE CITY - PROPERTY MANAGEMENT,CITY,False,False,0.2,False,R-1-5000,Tax Exempt - Government,readiness/data/geometry/15024050140000.geojson,cadastre_government_owned_parcels,https://services1.arcgis.com/99lidPhWCzftIe9K/arcgis/rest/services/cadastre_government_owned_parcels/FeatureServer/0/query,2026-09-25
15132760060000,SALT LAKE CITY CORP - PROPERTY MANAGEMENT,CITY,False,False,0.2,False,RMF-35,Commercial,readiness/data/geometry/15132760060000.geojson,cadastre_government_owned_parcels,https://services1.arcgis.com/99lidPhWCzftIe9K/arcgis/rest/services/cadastre_government_owned_parcels/FeatureServer/0/query,2026-09-25
15024050150000,SALT LAKE CITY - PROPERTY MANAGEMENT,CITY,False,False,0.1,False,R-1-5000,Tax Exempt - Government,readiness/data/geometry/15024050150000.geojson,cadastre_government_owned_parcels,https://services1.arcgis.com/99lidPhWCzftIe9K/arcgis/rest/services/cadastre_government_owned_parcels/FeatureServer/0/query,2026-09-25
15132760070000,SALT LAKE CITY CORP - PROPERTY MANAGEMENT,CITY,False,False,0.3,False,RMF-35,Vacant,readiness/data/geometry/15132760070000.geojson,cadastre_government_owned_parcels,https://services1.arcgis.com/99lidPhWCzftIe9K/arcgis/rest/services/cadastre_government_owned_parcels/FeatureServer/0/query,2026-09-25
15024060010000,REDEVELOPMENT AGENCY OF SALT L,CRA,False,False,0.3,False,R-MU-35,Commercial - Retail,readiness/data/geometry/15024060010000.geojson,cadastre_government_owned_parcels,https://services1.arcgis.com/99lidPhWCzftIe9K/arcgis/rest/services/cadastre_government_owned_parcels/FeatureServer/0/query,2026-09-25
15132760080000,SALT LAKE CITY CORP - PROPERTY MANAGEMENT,CITY,False,False,0.2,False,RMF-35,Vacant,readiness/data/geometry/15132760080000.geojson,cadastre_government_owned_parcels,https://services1.arcgis.com/99lidPhWCzftIe9K/arcgis/rest/services/cadastre_government_owned_parcels/FeatureServer/0/query,2026-09-25
15132760090000,SALT LAKE CITY CORP - PROPERTY MANAGEMENT,CITY,False,False,0.1,False,RMF-35,Vacant,readiness/data/geometry/15132760090000.geojson,cadastre_government_owned_parcels,https://services1.arcgis.com/99lidPhWCzftIe9K/arcgis/rest/services/cadastre_government_owned_parcels/FeatureServer/0/query,2026-09-25
15024260010000,SALT LAKE COUNTY - REAL ESTATE DEPT # S3200,COUNTY,False,False,0.1,False,UNKNOWN,Tax Exempt - Government,readiness/data/geometry/15024260010000.geojson,cadastre_government_owned_parcels,https://services1.arcgis.com/99lidPhWCzftIe9K/arcgis/rest/services/cadastre_government_owned_parcels/FeatureServer/0/query,2026-09-25
15132760100000,SALT LAKE CITY CORP - PROPERTY MANAGEMENT,CITY,False,False,0.5,False,RMF-35,Vacant,readiness/data/geometry/15132760100000.geojson,cadastre_government_owned_parcels,https://services1.arcgis.com/99lidPhWCzftIe9K/arcgis/rest/services/cadastre_government_owned_parcels/FeatureServer/0/query,2026-09-25
15024260020000,STATE ROAD COMMISSION OF UTAH - UDOT RIGHT OF WAY,STATE,True,False,0.0,True,UNKNOWN,Tax Exempt - Government,readiness/data/geometry/15024260020000.geojson,cadastre_government_owned_parcels,https://services1.arcgis.com/99lidPhWCzftIe9K/arcgis/rest/services/cadastre_government_owned_parcels/FeatureServer/0/query,2026-09-25
15132760110000,SALT LAKE CITY CORPORATION - PROPERTY MANAGEMENT,CITY,False,False,1.4,False,CG,Commercial,readiness/data/geometry/15132760110000.geojson,cadastre_government_owned_parcels,https://services1.arcgis.com/99lidPhWCzftIe9K/arcgis/rest/services/cadastre_government_owned_parcels/FeatureServer/0/query,2026-09-25
15024260030000,STATE ROAD COMMISSION OF UTAH - UDOT RIGHT OF WAY,STATE,True,False,0.1,False,UNKNOWN,Tax Exempt - Government,readiness/data/geometry/15024260030000.geojson,cadastre_government_owned_parcels,https://services1.arcgis.com/99lidPhWCzftIe9K/arcgis/rest/services/cadastre_government_owned_parcels/FeatureServer/0/query,2026-09-25
15132850050000,SALT LAKE CITY CORPORATION - PROPERTY MANAGEMENT,CITY,False,False,0.1,False,CB,Tax Exempt - Government,readiness/data/geometry/15132850050000.geojson,cadastre_government_owned_parcels,https://services1.arcgis.com/99lidPhWCzftIe9K/arcgis/rest/services/cadastre_government_owned_parcels/FeatureServer/0/query,2026-09-25
15024260040000,STATE ROAD COMMISSION OF UTAH - UDOT RIGHT OF WAY,STATE,True,False,0.1,False,UNKNOWN,Tax Exempt - Government,readiness/data/geometry/15024260040000.geojson,cadastre_government_owned_parcels,https://services1.arcgis.com/99lidPhWCzftIe9K/arcgis/rest/services/cadastre_government_owned_parcels/FeatureServer/0/query,2026-09-25
15133030030000,UTAH TRANSIT AUTHORITY - PROPERTY MANAGEMENT,UTA,False,False,0.7,False,CG,Tax Exempt - Government,readiness/data/geometry/15133030030000.geojson,cadastre_government_owned_parcels,https://services1.arcgis.com/99lidPhWCzftIe9K/arcgis/rest/services/cadastre_government_owned_parcels/FeatureServer/0/query,2026-09-25
15024270030000,SALT LAKE CITY CORPORATION - PROPERTY MANAGEMENT,CITY,False,False,1.9,False,UNKNOWN,Tax Exempt - Government,readiness/data/geometry/15024270030000.geojson,cadastre_government_owned_parcels,https://services1.arcgis.com/99lidPhWCzftIe9K/arcgis/rest/services/cadastre_government_owned_parcels/FeatureServer/0/query,2026-09-25
15133030060000,UTAH TRANSIT AUTHORITY - PROPERTY MANAGEMENT,UTA,False,False,0.2,False,CG,Tax Exempt - Government,readiness/data/geometry/15133030060000.geojson,cadastre_government_owned_parcels,https://services1.arcgis.com/99lidPhWCzftIe9K/arcgis/rest/services/cadastre_government_owned_parcels/FeatureServer/0/query,2026-09-25
15024270040000,SALT LAKE CITY CORPORATION - PROPERTY MANAGEMENT,CITY,False,False,0.1,False,UNKNOWN,Tax Exempt - Government,readiness/data/geometry/15024270040000.geojson,cadastre_government_owned_parcels,https://services1.arcgis.com/99lidPhWCzftIe9K/arcgis/rest/services/cadastre_government_owned_parcels/FeatureServer/0/query,2026-09-25
15133030090000,SALT LAKE CITY - PUBLIC UTILITIES DEPT.,CITY,False,False,5.0,False,CG,Commercial,readiness/data/geometry/15133030090000.geojson,cadastre_government_owned_parcels,https://services1.arcgis.com/99lidPhWCzftIe9K/arcgis/rest/services/cadastre_government_owned_parcels/FeatureServer/0/query,2026-09-25
15024280110000,SALT LAKE COUNTY - REAL ESTATE DEPT # S3200,COUNTY,False,False,0.2,False,UNKNOWN,Tax Exempt - Government,readiness/data/geometry/15024280110000.geojson,cadastre_government_owned_parcels,https://services1.arcgis.com/99lidPhWCzftIe9K/arcgis/rest/services/cadastre_government_owned_parcels/FeatureServer/0/query,2026-09-25
15133040110000,UTAH TRANSIT AUTHORITY - PROPERTY MANAGEMENT,UTA,False,False,0.0,True,CG,Tax Exempt - Government,readiness/data/geometry/15133040110000.geojson,cadastre_government_owned_parcels,https://services1.arcgis.com/99lidPhWCzftIe9K/arcgis/rest/services/cadastre_government_owned_parcels/FeatureServer/0/query,2026-09-25
15024280210000,SALT LAKE CITY CORPORATION - PROPERTY MANAGEMENT,CITY,False,False,0.1,False,CG,Tax Exempt - Government,readiness/data/geometry/15024280210000.geojson,cadastre_government_owned_parcels,https://services1.arcgis.com/99lidPhWCzftIe9K/arcgis/rest/services/cadastre_government_owned_parcels/FeatureServer/0/query,2026-09-25
15133040130000,SALT LAKE CITY - PROPERTY MANAGEMENT,CITY,False,False,5.0,False,CG,Commercial,readiness/data/geometry/15133040130000.geojson,cadastre_government_owned_parcels,https://services1.arcgis.com/99lidPhWCzftIe9K/arcgis/rest/services/cadastre_government_owned_parcels/FeatureServer/0/query,2026-09-25
15024280220000,UDOT - UDOT RIGHT OF WAY,STATE,True,False,0.1,False,CG,Commercial,readiness/data/geometry/15024280220000.geojson,cadastre_government_owned_parcels,https://services1.arcgis.com/99lidPhWCzftIe9K/arcgis/rest/services/cadastre_government_owned_parcels/FeatureServer/0/query,2026-09-25
15133520020000,UTAH TRANSIT AUTHORITY - PROPERTY MANAGEMENT,UTA,False,False,0.1,False,CG,Tax Exempt - Government,readiness/data/geometry/15133520020000.geojson,cadastre_government_owned_parcels,https://services1.arcgis.com/99lidPhWCzftIe9K/arcgis/rest/services/cadastre_government_owned_parcels/FeatureServer/0/query,2026-09-25
15024280240000,SALT LAKE CITY CORPORATION - PROPERTY MANAGEMENT,CITY,False,False,0.1,False,CG,Tax Exempt - Government,readiness/data/geometry/15024280240000.geojson,cadastre_government_owned_parcels,https://services1.arcgis.com/99lidPhWCzftIe9K/arcgis/rest/services/cadastre_government_owned_parcels/FeatureServer/0/query,2026-09-25
15134260080000,HOUSING AUTHORITY OF SALT LAKE,SPECIAL_DISTRICT,False,False,0.5,False,CG,Commercial,readiness/data/geometry/15134260080000.geojson,cadastre_government_owned_parcels,https://services1.arcgis.com/99lidPhWCzftIe9K/arcgis/rest/services/cadastre_government_owned_parcels/FeatureServer/0/query,2026-09-25
15024280250000,SLC CORP - PROPERTY MANAGEMENT,SPECIAL_DISTRICT,False,False,0.1,False,CG,Tax Exempt - Government,readiness/data/geometry/15024280250000.geojson,cadastre_government_owned_parcels,https://services1.arcgis.com/99lidPhWCzftIe9K/arcgis/rest/services/cadastre_government_owned_parcels/FeatureServer/0/query,2026-09-25
15134270020000,SALT LAKE COUNTY - REAL ESTATE DEPT # S3200,COUNTY,False,False,0.2,False,CG,Tax Exempt - Government,readiness/data/geometry/15134270020000.geojson,cadastre_government_owned_parcels,https://services1.arcgis.com/99lidPhWCzftIe9K/arcgis/rest/services/cadastre_government_owned_parcels/FeatureServer/0/query,2026-09-25
15024280260000,UDOT - UDOT RIGHT OF WAY,STATE,True,False,0.1,False,CG,Commercial,readiness/data/geometry/15024280260000.geojson,cadastre_government_owned_parcels,https://services1.arcgis.com/99lidPhWCzftIe9K/arcgis/rest/services/cadastre_government_owned_parcels/FeatureServer/0/query,2026-09-25
15134270030000,SALT LAKE COUNTY - REAL ESTATE DEPT # S3200,COUNTY,False,False,0.1,False,CG,Tax Exempt - Government,readiness/data/geometry/15134270030000.geojson,cadastre_government_owned_parcels,https://services1.arcgis.com/99lidPhWCzftIe9K/arcgis/rest/services/cadastre_government_owned_parcels/FeatureServer/0/query,2026-09-25
15024280330000,UTAT DEPARTMENT OF TRANSPORTAT - BOX 148420,STATE,True,False,0.1,False,UNKNOWN,Tax Exempt - Government,readiness/data/geometry/15024280330000.geojson,cadastre_government_owned_parcels,https://services1.arcgis.com/99lidPhWCzftIe9K/arcgis/rest/services/cadastre_government_owned_parcels/FeatureServer/0/query,2026-09-25
15134270040000,SALT LAKE COUNTY - REAL ESTATE DEPT # S3200,COUNTY,False,False,0.1,False,CG,Tax Exempt - Government,readiness/data/geometry/15134270040000.geojson,cadastre_government_owned_parcels,https://services1.arcgis.com/99lidPhWCzftIe9K/arcgis/rest/services/cadastre_government_owned_parcels/FeatureServer/0/query,2026-09-25
15024290010000,SALT LAKE COUNTY - REAL ESTATE DEPT # S3200,COUNTY,False,False,0.1,False,UNKNOWN,Tax Exempt - Government,readiness/data/geometry/15024290010000.geojson,cadastre_government_owned_parcels,https://services1.arcgis.com/99lidPhWCzftIe9K/arcgis/rest/services/cadastre_government_owned_parcels/FeatureServer/0/query,2026-09-25
15134300030000,HOUSING AUTHORITY OF SALT LAKE,SPECIAL_DISTRICT,False,False,2.4,False,RMF-45,Commercial,readiness/data/geometry/15134300030000.geojson,cadastre_government_owned_parcels,https://services1.arcgis.com/99lidPhWCzftIe9K/arcgis/rest/services/cadastre_government_owned_parcels/FeatureServer/0/query,2026-09-25
15024300110000,SALT LAKE CITY CORPORATION - REAL ESTATE SERVICES,CITY,False,False,0.0,True,UNKNOWN,Tax Exempt - Government,readiness/data/geometry/15024300110000.geojson,cadastre_government_owned_parcels,https://services1.arcgis.com/99lidPhWCzftIe9K/arcgis/rest/services/cadastre_government_owned_parcels/FeatureServer/0/query,2026-09-25
15134300190000,HOUSING AUTHORITY OF SALT LAKE,SPECIAL_DISTRICT,False,False,0.1,False,R-1-5000,Residential,readiness/data/geometry/15134300190000.geojson,cadastre_government_owned_parcels,https://services1.arcgis.com/99lidPhWCzftIe9K/arcgis/rest/services/cadastre_government_owned_parcels/FeatureServer/0/query,2026-09-25
15024530270000,SALT LAKE CITY CORP - PROPERTY MANAGEMENT,CITY,False,False,0.3,False,PL,Tax Exempt - Government,readiness/data/geometry/15024530270000.geojson,cadastre_government_owned_parcels,https://services1.arcgis.com/99lidPhWCzftIe9K/arcgis/rest/services/cadastre_government_owned_parcels/FeatureServer/0/query,2026-09-25
15134300200000,HOUSING AUTHORITY OF SALT LAKE,SPECIAL_DISTRICT,False,False,0.2,False,R-1-5000,Residential,readiness/data/geometry/15134300200000.geojson,cadastre_government_owned_parcels,https://services1.arcgis.com/99lidPhWCzftIe9K/arcgis/rest/services/cadastre_government_owned_parcels/FeatureServer/0/query,2026-09-25
15024540050000,SALT LAKE CITY - PROPERTY MANAGEMENT,CITY,False,False,0.1,False,UNKNOWN,Tax Exempt - Government,readiness/data/geometry/15024540050000.geojson,cadastre_government_owned_parcels,https://services1.arcgis.com/99lidPhWCzftIe9K/arcgis/rest/services/cadastre_government_owned_parcels/FeatureServer/0/query,2026-09-25
15134300250000,HOUSING AUTHORITY OF SALT LAKE - ATTN: ROSEMARY KAPPES,SPECIAL_DISTRICT,False,False,1.3,False,RMF-35,Commercial,readiness/data/geometry/15134300250000.geojson,cadastre_government_owned_parcels,https://services1.arcgis.com/99lidPhWCzftIe9K/arcgis/rest/services/cadastre_government_owned_parcels/FeatureServer/0/query,2026-09-25
15024560180000,SALT LAKE COUNTY - REAL ESTATE DEPT # S3200,COUNTY,False,False,0.0,True,RMF-35,Tax Exempt - Government,readiness/data/geometry/15024560180000.geojson,cadastre_government_owned_parcels,https://services1.arcgis.com/99lidPhWCzftIe9K/arcgis/rest/services/cadastre_government_owned_parcels/FeatureServer/0/query,2026-09-25
15134300250000,HOUSING AUTHORITY OF SALT LAKE - ATTN: ROSEMARY KAPPES,SPECIAL_DISTRICT,False,False,1.3,False,RMF-35,Commercial,readiness/data/geometry/15134300250000.geojson,cadastre_government_owned_parcels,https://services1.arcgis.com/99lidPhWCzftIe9K/arcgis/rest/services/cadastre_government_owned_parcels/FeatureServer/0/query,2026-09-25
15024760010000,STATE ROAD COMMISSION OF UTAH - UDOT RIGHT OF WAY,STATE,True,False,0.3,False,UNKNOWN,Tax Exempt - Government,readiness/data/geometry/15024760010000.geojson,cadastre_government_owned_parcels,https://services1.arcgis.com/99lidPhWCzftIe9K/arcgis/rest/services/cadastre_government_owned_parcels/FeatureServer/0/query,2026-09-25
15134300260000,SALT LAKE CITY HOUSING AUTHORI,CITY,False,False,2.1,False,UNKNOWN,Commercial,readiness/data/geometry/15134300260000.geojson,cadastre_government_owned_parcels,https://services1.arcgis.com/99lidPhWCzftIe9K/arcgis/rest/services/cadastre_government_owned_parcels/FeatureServer/0/query,2026-09-25
15024760020000,STATE ROAD COMMISSION OF UTAH - UDOT RIGHT OF WAY,STATE,True,False,0.1,False,UNKNOWN,Tax Exempt - Government,readiness/data/geometry/15024760020000.geojson,cadastre_government_owned_parcels,https://services1.arcgis.com/99lidPhWCzftIe9K/arcgis/rest/services/cadastre_government_owned_parcels/FeatureServer/0/query,2026-09-25
15134300300000,HOUSING AUTHORITY OF SALT LAKE,SPECIAL_DISTRICT,False,False,1.0,False,RMF-35,Commercial - Office Space,readiness/data/geometry/15134300300000.geojson,cadastre_government_owned_parcels,https://services1.arcgis.com/99lidPhWCzftIe9K/arcgis/rest/services/cadastre_government_owned_parcels/FeatureServer/0/query,2026-09-25
15024760030000,STATE ROAD COMMISSION OF UTAH - UDOT RIGHT OF WAY,STATE,True,False,0.3,False,UNKNOWN,Tax Exempt - Government,readiness/data/geometry/15024760030000.geojson,cadastre_government_owned_parcels,https://services1.arcgis.com/99lidPhWCzftIe9K/arcgis/rest/services/cadastre_government_owned_parcels/FeatureServer/0/query,2026-09-25
15134300350000,HOUSING AUTHORITY OF SALT LAKE,SPECIAL_DISTRICT,False,False,4.4,False,RO,Commercial,readiness/data/geometry/15134300350000.geojson,cadastre_government_owned_parcels,https://services1.arcgis.com/99lidPhWCzftIe9K/arcgis/rest/services/cadastre_government_owned_parcels/FeatureServer/0/query,2026-09-25
15024770010000,STATE ROAD COMMISSION OF UTAH; - UDOT RIGHT OF WAY,STATE,True,False,0.2,False,UNKNOWN,Tax Exempt - Government,readiness/data/geometry/15024770010000.geojson,cadastre_government_owned_parcels,https://services1.arcgis.com/99lidPhWCzftIe9K/arcgis/rest/services/cadastre_government_owned_parcels/FeatureServer/0/query,2026-09-25
15134340010000,SALT LAKE CITY CORP - PROPERTY MANAGEMENT,CITY,False,False,0.0,True,R-1-5000,Tax Exempt - Government,readiness/data/geometry/15134340010000.geojson,cadastre_government_owned_parcels,https://services1.arcgis.com/99lidPhWCzftIe9K/arcgis/rest/services/cadastre_government_owned_parcels/FeatureServer/0/query,2026-09-25
15024770020000,STATE ROAD COMMISSION OF UTAH - UDOT RIGHT OF WAY,STATE,True,False,0.1,False,UNKNOWN,Tax Exempt - Government,readiness/data/geometry/15024770020000.geojson,cadastre_government_owned_parcels,https://services1.arcgis.com/99lidPhWCzftIe9K/arcgis/rest/services/cadastre_government_owned_parcels/FeatureServer/0/query,2026-09-25
15134350010000,SALT LAKE CITY CORP - PROPERTY MANAGEMENT,CITY,False,False,0.0,True,R-1-5000,Tax Exempt - Government,readiness/data/geometry/15134350010000.geojson,cadastre_government_owned_parcels,https://services1.arcgis.com/99lidPhWCzftIe9K/arcgis/rest/services/cadastre_government_owned_parcels/FeatureServer/0/query,2026-09-25
15024770030000,STATE ROAD COMMISSION OF UTAH - UDOT RIGHT OF WAY,STATE,True,False,0.2,False,UNKNOWN,Tax Exempt - Government,readiness/data/geometry/15024770030000.geojson,cadastre_government_owned_parcels,https://services1.arcgis.com/99lidPhWCzftIe9K/arcgis/rest/services/cadastre_government_owned_parcels/FeatureServer/0/query,2026-09-25
15024770040000,STATE ROAD COMMISSION; STATE R - UDOT RIGHT OF WAY,STATE,True,False,0.2,False,UNKNOWN,Tax Exempt - Government,readiness/data/geometry/15024770040000.geojson,cadastre_government_owned_parcels,https://services1.arcgis.com/99lidPhWCzftIe9K/arcgis/rest/services/cadastre_government_owned_parcels/FeatureServer/0/query,2026-09-25
15134510020000,SALT LAKE CITY - PROPERTY MANAGEMENT,CITY,False,False,5.0,False,CG,Tax Exempt - Government,readiness/data/geometry/15134510020000.geojson,cadastre_government_owned_parcels,https://services1.arcgis.com/99lidPhWCzftIe9K/arcgis/rest/services/cadastre_government_owned_parcels/FeatureServer/0/query,2026-09-25
15024790010000,STATE ROAD COMMISSION OF UTAH; - UDOT RIGHT OF WAY,STATE,True,False,0.1,False,UNKNOWN,Tax Exempt - Government,readiness/data/geometry/15024790010000.geojson,cadastre_government_owned_parcels,https://services1.arcgis.com/99lidPhWCzftIe9K/arcgis/rest/services/cadastre_government_owned_parcels/FeatureServer/0/query,2026-09-25
15141030040000,UTAH LOCAL BUILDING AUTHORITY - REAL ESTATE SERVICES,STATE,True,False,0.2,False,R-1-7000,Tax Exempt - Government,readiness/data/geometry/15141030040000.geojson,cadastre_government_owned_parcels,https://services1.arcgis.com/99lidPhWCzftIe9K/arcgis/rest/services/cadastre_government_owned_parcels/FeatureServer/0/query,2026-09-25
15024820030000,SALT LAKE CITY CORP - PROPERTY MANAGEMENT,CITY,False,False,0.3,False,CG,Tax Exempt - Government,readiness/data/geometry/15024820030000.geojson,cadastre_government_owned_parcels,https://services1.arcgis.com/99lidPhWCzftIe9K/arcgis/rest/services/cadastre_government_owned_parcels/FeatureServer/0/query,2026-09-25
15141030050000,UTAH LOCAL BUILDING AUTHORITY - REAL ESTATE SERVICES,STATE,True,False,0.2,False,R-1-7000,Tax Exempt - Government,readiness/data/geometry/15141030050000.geojson,cadastre_government_owned_parcels,https://services1.arcgis.com/99lidPhWCzftIe9K/arcgis/rest/services/cadastre_government_owned_parcels/FeatureServer/0/query,2026-09-25
15031010120000,"STATE OF UTAH, DEPT OF ADMIN S",STATE,True,False,0.3,False,TSA-MUEC-C,Tax Exempt - Government,readiness/data/geometry/15031010120000.geojson,cadastre_government_owned_parcels,https://services1.arcgis.com/99lidPhWCzftIe9K/arcgis/rest/services/cadastre_government_owned_parcels/FeatureServer/0/query,2026-09-25
15141030150000,UTAH LOCAL BUILDING AUTHORITY - REAL ESTATE SERVICES,STATE,True,False,0.7,False,R-1-7000,Tax Exempt - Government,readiness/data/geometry/15141030150000.geojson,cadastre_government_owned_parcels,https://services1.arcgis.com/99lidPhWCzftIe9K/arcgis/rest/services/cadastre_government_owned_parcels/FeatureServer/0/query,2026-09-25
15031010160000,STATE OF UTAH DEPT OF ADM SERV,STATE,True,False,1.2,False,TSA-MUEC-C,Tax Exempt - Government,readiness/data/geometry/15031010160000.geojson,cadastre_government_owned_parcels,https://services1.arcgis.com/99lidPhWCzftIe9K/arcgis/rest/services/cadastre_government_owned_parcels/FeatureServer/0/query,2026-09-25
15141260060000,SALT LAKE COUNTY - REAL ESTATE DEPT # S3200,COUNTY,False,False,0.0,True,R-1-7000,Tax Exempt - Government,readiness/data/geometry/15141260060000.geojson,cadastre_government_owned_parcels,https://services1.arcgis.com/99lidPhWCzftIe9K/arcgis/rest/services/cadastre_government_owned_parcels/FeatureServer/0/query,2026-09-25
15031010190000,UTAH DEPT OF ADM SERVICES DIV,STATE,True,False,0.3,False,TSA-MUEC-C,Tax Exempt - Government,readiness/data/geometry/15031010190000.geojson,cadastre_government_owned_parcels,https://services1.arcgis.com/99lidPhWCzftIe9K/arcgis/rest/services/cadastre_government_owned_parcels/FeatureServer/0/query,2026-09-25
15141260080000,SALT LAKE CITY CORP - PROPERTY MANAGEMENT,CITY,False,False,0.2,False,R-1-7000,Residential,readiness/data/geometry/15141260080000.geojson,cadastre_government_owned_parcels,https://services1.arcgis.com/99lidPhWCzftIe9K/arcgis/rest/services/cadastre_government_owned_parcels/FeatureServer/0/query,2026-09-25
15031270010000,UTAH DEPARTMENT OF TRANSPORTAT,STATE,True,False,0.2,False,UNKNOWN,Commercial,readiness/data/geometry/15031270010000.geojson,cadastre_government_owned_parcels,https://services1.arcgis.com/99lidPhWCzftIe9K/arcgis/rest/services/cadastre_government_owned_parcels/FeatureServer/0/query,2026-09-25
15141260090000,SALT LAKE CITY CORPORATION - PROPERTY MANAGEMENT,CITY,False,False,0.1,False,OS,Tax Exempt - Government,readiness/data/geometry/15141260090000.geojson,cadastre_government_owned_parcels,https://services1.arcgis.com/99lidPhWCzftIe9K/arcgis/rest/services/cadastre_government_owned_parcels/FeatureServer/0/query,2026-09-25
15031270020000,UTAH STATE ROAD COMMISSION - UDOT RIGHT OF WAY,STATE,True,False,0.2,False,UNKNOWN,Tax Exempt - Government,readiness/data/geometry/15031270020000.geojson,cadastre_government_owned_parcels,https://services1.arcgis.com/99lidPhWCzftIe9K/arcgis/rest/services/cadastre_government_owned_parcels/FeatureServer/0/query,2026-09-25
15141260100000,SALT LAKE CITY - PROPERTY MANAGEMENT,CITY,False,False,0.1,False,OS,Tax Exempt - Government,readiness/data/geometry/15141260100000.geojson,cadastre_government_owned_parcels,https://services1.arcgis.com/99lidPhWCzftIe9K/arcgis/rest/services/cadastre_government_owned_parcels/FeatureServer/0/query,2026-09-25
15031270030000,SALT LAKE COUNTY - REAL ESTATE DEPT # S3200,COUNTY,False,False,0.0,True,UNKNOWN,Tax Exempt - Government,readiness/data/geometry/15031270030000.geojson,cadastre_government_owned_parcels,https://services1.arcgis.com/99lidPhWCzftIe9K/arcgis/rest/services/cadastre_government_owned_parcels/FeatureServer/0/query,2026-09-25
15141260240000,SALT LAKE CITY CORPORATION - PROPERTY MANAGEMENT,CITY,False,False,0.0,True,OS,Tax Exempt - Government,readiness/data/geometry/15141260240000.geojson,cadastre_government_owned_parcels,https://services1.arcgis.com/99lidPhWCzftIe9K/arcgis/rest/services/cadastre_government_owned_parcels/FeatureServer/0/query,2026-09-25
15031280010000,STATE ROAD COMMISSION OF UTAH - UDOT RIGHT OF WAY,STATE,True,False,0.5,False,UNKNOWN,Tax Exempt - Government,readiness/data/geometry/15031280010000.geojson,cadastre_government_owned_parcels,https://services1.arcgis.com/99lidPhWCzftIe9K/arcgis/rest/services/cadastre_government_owned_parcels/FeatureServer/0/query,2026-09-25
15031510010000,UTAH STATE DEPARTMENT OF TRANS - UDOT RIGHT OF WAY,STATE,True,False,0.3,False,UNKNOWN,Tax Exempt - Government,readiness/data/geometry/15031510010000.geojson,cadastre_government_owned_parcels,https://services1.arcgis.com/99lidPhWCzftIe9K/arcgis/rest/services/cadastre_government_owned_parcels/FeatureServer/0/query,2026-09-25
15141260250000,SALT LAKE CITY CORPORATION - PROPERTY MANAGEMENT,CITY,False,False,0.0,True,UNKNOWN,Tax Exempt - Government,readiness/data/geometry/15141260250000.geojson,cadastre_government_owned_parcels,https://services1.arcgis.com/99lidPhWCzftIe9K/arcgis/rest/services/cadastre_government_owned_parcels/FeatureServer/0/query,2026-09-25
15031510020000,STATE ROAD COMMISSION OF UTAH - UDOT RIGHT OF WAY,STATE,True,False,0.3,False,UNKNOWN,Tax Exempt - Government,readiness/data/geometry/15031510020000.geojson,cadastre_government_owned_parcels,https://services1.arcgis.com/99lidPhWCzftIe9K/arcgis/rest/services/cadastre_government_owned_parcels/FeatureServer/0/query,2026-09-25
15141260260000,SALT LAKE CITY - PROPERTY MANAGEMENT,CITY,False,False,0.0,True,OS,Tax Exempt - Government,readiness/data/geometry/15141260260000.geojson,cadastre_government_owned_parcels,https://services1.arcgis.com/99lidPhWCzftIe9K/arcgis/rest/services/cadastre_government_owned_parcels/FeatureServer/0/query,2026-09-25
15031520010000,UTAH DEPARTMENT OF TRANSPORTAT - UDOT RIGHT OF WAY,STATE,True,False,2.1,False,UNKNOWN,Tax Exempt - Government,readiness/data/geometry/15031520010000.geojson,cadastre_government_owned_parcels,https://services1.arcgis.com/99lidPhWCzftIe9K/arcgis/rest/services/cadastre_government_owned_parcels/FeatureServer/0/query,2026-09-25
15141260270000,SALT LAKE CITY - PROPERTY MANAGEMENT,CITY,False,False,0.1,False,OS,Tax Exempt - Government,readiness/data/geometry/15141260270000.geojson,cadastre_government_owned_parcels,https://services1.arcgis.com/99lidPhWCzftIe9K/arcgis/rest/services/cadastre_government_owned_parcels/FeatureServer/0/query,2026-09-25
15031530010000,STATE ROAD COMMISSION OF UTAH - UDOT RIGHT OF WAY,STATE,True,False,1.1,False,UNKNOWN,Tax Exempt - Government,readiness/data/geometry/15031530010000.geojson,cadastre_government_owned_parcels,https://services1.arcgis.com/99lidPhWCzftIe9K/arcgis/rest/services/cadastre_government_owned_parcels/FeatureServer/0/query,2026-09-25
15141260280000,SALT LAKE CITY - PROPERTY MANAGEMENT,CITY,False,False,0.1,False,OS,Tax Exempt - Government,readiness/data/geometry/15141260280000.geojson,cadastre_government_owned_parcels,https://services1.arcgis.com/99lidPhWCzftIe9K/arcgis/rest/services/cadastre_government_owned_parcels/FeatureServer/0/query,2026-09-25
15031530020000,UTAH DEPARTMENT OF TRANSPORTAT - UDOT RIGHT OF WAY,STATE,True,False,0.6,False,UNKNOWN,Tax Exempt - Government,readiness/data/geometry/15031530020000.geojson,cadastre_government_owned_parcels,https://services1.arcgis.com/99lidPhWCzftIe9K/arcgis/rest/services/cadastre_government_owned_parcels/FeatureServer/0/query,2026-09-25
15141260290000,SALT LAKE CITY CORPORATION - PROPERTY MANAGEMENT,CITY,False,False,0.0,True,OS,Tax Exempt - Government,readiness/data/geometry/15141260290000.geojson,cadastre_government_owned_parcels,https://services1.arcgis.com/99lidPhWCzftIe9K/arcgis/rest/services/cadastre_government_owned_parcels/FeatureServer/0/query,2026-09-25
15031530030000,UTAH DEPARTMENT OF TRANSPORTAT - UDOT RIGHT OF WAY,STATE,True,False,0.3,False,UNKNOWN,Tax Exempt - Government,readiness/data/geometry/15031530030000.geojson,cadastre_government_owned_parcels,https://services1.arcgis.com/99lidPhWCzftIe9K/arcgis/rest/services/cadastre_government_owned_parcels/FeatureServer/0/query,2026-09-25
15141290010000,SALT LAKE CITY - PROPERTY MANAGEMENT,CITY,False,False,0.3,False,OS,Tax Exempt - Government,readiness/data/geometry/15141290010000.geojson,cadastre_government_owned_parcels,https://services1.arcgis.com/99lidPhWCzftIe9K/arcgis/rest/services/cadastre_government_owned_parcels/FeatureServer/0/query,2026-09-25
15031760010000,UTAH DEPARTMENT OF TRANSPORTAT - UDOT RIGHT OF WAY,STATE,True,False,0.9,False,UNKNOWN,Tax Exempt - Government,readiness/data/geometry/15031760010000.geojson,cadastre_government_owned_parcels,https://services1.arcgis.com/99lidPhWCzftIe9K/arcgis/rest/services/cadastre_government_owned_parcels/FeatureServer/0/query,2026-09-25
15141290040000,SALT LAKE CITY - PROPERTY MANAGEMENT,CITY,False,False,0.1,False,R-1-7000,Tax Exempt - Government,readiness/data/geometry/15141290040000.geojson,cadastre_government_owned_parcels,https://services1.arcgis.com/99lidPhWCzftIe9K/arcgis/rest/services/cadastre_government_owned_parcels/FeatureServer/0/query,2026-09-25
15031760020000,UTAH DEPARTMENT OF TRANSPORTAT - UDOT RIGHT OF WAY,STATE,True,False,0.2,False,UNKNOWN,Tax Exempt - Government,readiness/data/geometry/15031760020000.geojson,cadastre_government_owned_parcels,https://services1.arcgis.com/99lidPhWCzftIe9K/arcgis/rest/services/cadastre_government_owned_parcels/FeatureServer/0/query,2026-09-25
15031760030000,STATE ROAD COMMISSION OF UTAH - UDOT RIGHT OF WAY,STATE,True,False,0.1,False,UNKNOWN,Tax Exempt - Government,readiness/data/geometry/15031760030000.geojson,cadastre_government_owned_parcels,https://services1.arcgis.com/99lidPhWCzftIe9K/arcgis/rest/services/cadastre_government_owned_parcels/FeatureServer/0/query,2026-09-25
15141290060000,SALT LAKE CITY CORPORATION - PROPERTY MANAGEMENT,CITY,False,False,0.1,False,R-1-7000,Tax Exempt - Government,readiness/data/geometry/15141290060000.geojson,cadastre_government_owned_parcels,https://services1.arcgis.com/99lidPhWCzftIe9K/arcgis/rest/services/cadastre_government_owned_parcels/FeatureServer/0/query,2026-09-25
15031760040000,STATE ROAD COMMISSION OF UTAH - UDOT RIGHT OF WAY,STATE,True,False,1.0,False,UNKNOWN,Tax Exempt - Government,readiness/data/geometry/15031760040000.geojson,cadastre_government_owned_parcels,https://services1.arcgis.com/99lidPhWCzftIe9K/arcgis/rest/services/cadastre_government_owned_parcels/FeatureServer/0/query,2026-09-25
15141290070000,SALT LAKE CITY CORPORATION - PROPERTY MANAGEMENT,CITY,False,False,0.0,True,UNKNOWN,Tax Exempt - Government,readiness/data/geometry/15141290070000.geojson,cadastre_government_owned_parcels,https://services1.arcgis.com/99lidPhWCzftIe9K/arcgis/rest/services/cadastre_government_owned_parcels/FeatureServer/0/query,2026-09-25
15032010090000,SALT LAKE COUNTY - REAL ESTATE DEPT # S3200,COUNTY,False,False,0.1,False,UNKNOWN,Tax Exempt - Government,readiness/data/geometry/15032010090000.geojson,cadastre_government_owned_parcels,https://services1.arcgis.com/99lidPhWCzftIe9K/arcgis/rest/services/cadastre_government_owned_parcels/FeatureServer/0/query,2026-09-25
15141290110000,SALT LAKE CITY CORPORATION - PROPERTY MANAGEMENT,CITY,False,False,4.5,False,OS,Tax Exempt - Government,readiness/data/geometry/15141290110000.geojson,cadastre_government_owned_parcels,https://services1.arcgis.com/99lidPhWCzftIe9K/arcgis/rest/services/cadastre_government_owned_parcels/FeatureServer/0/query,2026-09-25
15032290060000,UTAH DEPARTMENT OF TRANSPORTAT - UDOT RIGHT OF WAY,STATE,True,False,0.2,False,M-1,Tax Exempt - Government,readiness/data/geometry/15032290060000.geojson,cadastre_government_owned_parcels,https://services1.arcgis.com/99lidPhWCzftIe9K/arcgis/rest/services/cadastre_government_owned_parcels/FeatureServer/0/query,2026-09-25
15141290120000,SALT LAKE CITY CORPORATION - PROPERTY MANAGEMENT,CITY,False,False,0.0,True,UNKNOWN,Tax Exempt - Government,readiness/data/geometry/15141290120000.geojson,cadastre_government_owned_parcels,https://services1.arcgis.com/99lidPhWCzftIe9K/arcgis/rest/services/cadastre_government_owned_parcels/FeatureServer/0/query,2026-09-25
15032290130000,UTAH DEPARTMENT OF TRANSPORTAT - UDOT RIGHT OF WAY,STATE,True,False,0.1,False,M-1,Tax Exempt - Government,readiness/data/geometry/15032290130000.geojson,cadastre_government_owned_parcels,https://services1.arcgis.com/99lidPhWCzftIe9K/arcgis/rest/services/cadastre_government_owned_parcels/FeatureServer/0/query,2026-09-25
15141290130000,SALT LAKE CITY CORPORATION - PROPERTY MANAGEMENT,CITY,False,False,0.1,False,OS,Tax Exempt - Government,readiness/data/geometry/15141290130000.geojson,cadastre_government_owned_parcels,https://services1.arcgis.com/99lidPhWCzftIe9K/arcgis/rest/services/cadastre_government_owned_parcels/FeatureServer/0/query,2026-09-25
15032510010000,SALT LAKE COUNTY - SALT LAKE COUNTY REAL ESTATE,COUNTY,False,False,0.1,False,OS,Vacant,readiness/data/geometry/15032510010000.geojson,cadastre_government_owned_parcels,https://services1.arcgis.com/99lidPhWCzftIe9K/arcgis/rest/services/cadastre_government_owned_parcels/FeatureServer/0/query,2026-09-25
15141290140000,SALT LAKE CITY,CITY,False,False,0.0,True,R-1-7000,Tax Exempt - Government,readiness/data/geometry/15141290140000.geojson,cadastre_government_owned_parcels,https://services1.arcgis.com/99lidPhWCzftIe9K/arcgis/rest/services/cadastre_government_owned_parcels/FeatureServer/0/query,2026-09-25
15032520040000,IDA T. (STATE LAYTON - UDOT/TERRY BUTCHER,STATE,True,False,0.1,False,OS,Tax Exempt - Government,readiness/data/geometry/15032520040000.geojson,cadastre_government_owned_parcels,https://services1.arcgis.com/99lidPhWCzftIe9K/arcgis/rest/services/cadastre_government_owned_parcels/FeatureServer/0/query,2026-09-25
15141290150000,SALT LAKE CITY,CITY,False,False,0.0,True,OS,Tax Exempt - Government,readiness/data/geometry/15141290150000.geojson,cadastre_government_owned_parcels,https://services1.arcgis.com/99lidPhWCzftIe9K/arcgis/rest/services/cadastre_government_owned_parcels/FeatureServer/0/query,2026-09-25
15032560010000,SALT LAKE COUNTY - REAL ESTATE DEPT # S3200,COUNTY,False,False,0.2,False,UNKNOWN,Tax Exempt - Government,readiness/data/geometry/15032560010000.geojson,cadastre_government_owned_parcels,https://services1.arcgis.com/99lidPhWCzftIe9K/arcgis/rest/services/cadastre_government_owned_parcels/FeatureServer/0/query,2026-09-25
15141290160000,SALT LAKE CITY,CITY,False,False,0.1,False,OS,Tax Exempt - Government,readiness/data/geometry/15141290160000.geojson,cadastre_government_owned_parcels,https://services1.arcgis.com/99lidPhWCzftIe9K/arcgis/rest/services/cadastre_government_owned_parcels/FeatureServer/0/query,2026-09-25
15032560030000,SALT LAKE COUNTY - REAL ESTATE DEPT # S3200,COUNTY,False,False,0.1,False,R-1-5000,Tax Exempt - Government,readiness/data/geometry/15032560030000.geojson,cadastre_government_owned_parcels,https://services1.arcgis.com/99lidPhWCzftIe9K/arcgis/rest/services/cadastre_government_owned_parcels/FeatureServer/0/query,2026-09-25
15141290190000,SALT LAKE CITY CORPORATION - REAL ESTATE SERVICES,CITY,False,False,1.2,False,OS,Tax Exempt - Government,readiness/data/geometry/15141290190000.geojson,cadastre_government_owned_parcels,https://services1.arcgis.com/99lidPhWCzftIe9K/arcgis/rest/services/cadastre_government_owned_parcels/FeatureServer/0/query,2026-09-25
15032590090000,SALT LAKE CITY CORPORATION,CITY,False,False,1.3,False,R-1-5000,Tax Exempt - Government,readiness/data/geometry/15032590090000.geojson,cadastre_government_owned_parcels,https://services1.arcgis.com/99lidPhWCzftIe9K/arcgis/rest/services/cadastre_government_owned_parcels/FeatureServer/0/query,2026-09-25
15141550030000,SALT LAKE CITY - PROPERTY MANAGEMENT,CITY,False,False,1.2,False,R-1-7000,Tax Exempt - Government,readiness/data/geometry/15141550030000.geojson,cadastre_government_owned_parcels,https://services1.arcgis.com/99lidPhWCzftIe9K/arcgis/rest/services/cadastre_government_owned_parcels/FeatureServer/0/query,2026-09-25
15032780010000,SALT LAKE COUNTY - REAL ESTATE DEPT # S3200,COUNTY,False,False,0.0,True,UNKNOWN,Tax Exempt - Government,readiness/data/geometry/15032780010000.geojson,cadastre_government_owned_parcels,https://services1.arcgis.com/99lidPhWCzftIe9K/arcgis/rest/services/cadastre_government_owned_parcels/FeatureServer/0/query,2026-09-25
15141550030000,SALT LAKE CITY - PROPERTY MANAGEMENT,CITY,False,False,1.2,False,R-1-7000,Tax Exempt - Government,readiness/data/geometry/15141550030000.geojson,cadastre_government_owned_parcels,https://services1.arcgis.com/99lidPhWCzftIe9K/arcgis/rest/services/cadastre_government_owned_parcels/FeatureServer/0/query,2026-09-25
15032780010000,SALT LAKE COUNTY - REAL ESTATE DEPT # S3200,COUNTY,False,False,0.0,True,UNKNOWN,Tax Exempt - Government,readiness/data/geometry/15032780010000.geojson,cadastre_government_owned_parcels,https://services1.arcgis.com/99lidPhWCzftIe9K/arcgis/rest/services/cadastre_government_owned_parcels/FeatureServer/0/query,2026-09-25
15141550030000,SALT LAKE CITY - PROPERTY MANAGEMENT,CITY,False,False,1.2,False,R-1-7000,Tax Exempt - Government,readiness/data/geometry/15141550030000.geojson,cadastre_government_owned_parcels,https://services1.arcgis.com/99lidPhWCzftIe9K/arcgis/rest/services/cadastre_government_owned_parcels/FeatureServer/0/query,2026-09-25
15032790010000,SALT LAKE CITY CORP. - PROPERTY MANAGEMENT,CITY,False,False,0.1,False,R-1-7000,Tax Exempt - Government,readiness/data/geometry/15032790010000.geojson,cadastre_government_owned_parcels,https://services1.arcgis.com/99lidPhWCzftIe9K/arcgis/rest/services/cadastre_government_owned_parcels/FeatureServer/0/query,2026-09-25
15141590090000,SALT LAKE CITY CORPORATION - PROPERTY MANAGEMENT,CITY,False,False,7.8,False,OS,Tax Exempt - Government,readiness/data/geometry/15141590090000.geojson,cadastre_government_owned_parcels,https://services1.arcgis.com/99lidPhWCzftIe9K/arcgis/rest/services/cadastre_government_owned_parcels/FeatureServer/0/query,2026-09-25
15141760010000,SALT LAKE CITY - PROPERTY MANAGEMENT,CITY,False,False,8.5,False,OS,Tax Exempt - Government,readiness/data/geometry/15141760010000.geojson,cadastre_government_owned_parcels,https://services1.arcgis.com/99lidPhWCzftIe9K/arcgis/rest/services/cadastre_government_owned_parcels/FeatureServer/0/query,2026-09-25
15033020160000,SALT LAKE CITY CORP - PROPERTY MANAGEMENT,CITY,False,False,11.3,False,M-1,Tax Exempt - Government,readiness/data/geometry/15033020160000.geojson,cadastre_government_owned_parcels,https://services1.arcgis.com/99lidPhWCzftIe9K/arcgis/rest/services/cadastre_government_owned_parcels/FeatureServer/0/query,2026-09-25
15141760010000,SALT LAKE CITY - PROPERTY MANAGEMENT,CITY,False,False,8.5,False,OS,Tax Exempt - Government,readiness/data/geometry/15141760010000.geojson,cadastre_government_owned_parcels,https://services1.arcgis.com/99lidPhWCzftIe9K/arcgis/rest/services/cadastre_government_owned_parcels/FeatureServer/0/query,2026-09-25
15033260210000,SALT LAKE CITY CORPORATION - PROPERTY MANAGEMENT,CITY,False,False,0.1,False,UNKNOWN,Tax Exempt - Government,readiness/data/geometry/15033260210000.geojson,cadastre_government_owned_parcels,https://services1.arcgis.com/99lidPhWCzftIe9K/arcgis/rest/services/cadastre_government_owned_parcels/FeatureServer/0/query,2026-09-25
15033260360000,S L C CORPORATION - PROPERTY MANAGEMENT,SPECIAL_DISTRICT,False,False,0.0,True,M-1,Tax Exempt - Government,readiness/data/geometry/15033260360000.geojson,cadastre_government_owned_parcels,https://services1.arcgis.com/99lidPhWCzftIe9K/arcgis/rest/services/cadastre_government_owned_parcels/FeatureServer/0/query,2026-09-25
15141770010000,"DIV OF STATE STATE OF UTAH - DIV OF FRSTRY, FIRE & ST LAND",STATE,True,False,3.0,False,OS,Tax Exempt - Government,readiness/data/geometry/15141770010000.geojson,cadastre_government_owned_parcels,https://services1.arcgis.com/99lidPhWCzftIe9K/arcgis/rest/services/cadastre_government_owned_parcels/FeatureServer/0/query,2026-09-25
15033270010000,S L C CORPORATION - PROPERTY MANAGEMENT,SPECIAL_DISTRICT,False,False,0.0,True,CC,Tax Exempt - Government,readiness/data/geometry/15033270010000.geojson,cadastre_government_owned_parcels,https://services1.arcgis.com/99lidPhWCzftIe9K/arcgis/rest/services/cadastre_government_owned_parcels/FeatureServer/0/query,2026-09-25
15141770010000,"DIV OF STATE STATE OF UTAH - DIV OF FRSTRY, FIRE & ST LAND",STATE,True,False,3.0,False,OS,Tax Exempt - Government,readiness/data/geometry/15141770010000.geojson,cadastre_government_owned_parcels,https://services1.arcgis.com/99lidPhWCzftIe9K/arcgis/rest/services/cadastre_government_owned_parcels/FeatureServer/0/query,2026-09-25
15033270020000,S L C CORPORATION - PROPERTY MANAGEMENT,SPECIAL_DISTRICT,False,False,0.1,False,CC,Tax Exempt - Government,readiness/data/geometry/15033270020000.geojson,cadastre_government_owned_parcels,https://services1.arcgis.com/99lidPhWCzftIe9K/arcgis/rest/services/cadastre_government_owned_parcels/FeatureServer/0/query,2026-09-25
15141770010000,"DIV OF STATE STATE OF UTAH - DIV OF FRSTRY, FIRE & ST LAND",STATE,True,False,3.0,False,OS,Tax Exempt - Government,readiness/data/geometry/15141770010000.geojson,cadastre_government_owned_parcels,https://services1.arcgis.com/99lidPhWCzftIe9K/arcgis/rest/services/cadastre_government_owned_parcels/FeatureServer/0/query,2026-09-25
15033510030000,SALT LAKE CITY CORP - PROPERTY MANAGEMENT,CITY,False,False,38.3,False,PL,Tax Exempt - Government,readiness/data/geometry/15033510030000.geojson,cadastre_government_owned_parcels,https://services1.arcgis.com/99lidPhWCzftIe9K/arcgis/rest/services/cadastre_government_owned_parcels/FeatureServer/0/query,2026-09-25
15141770020000,SALT LAKE CITY - PROPERTY MANAGEMENT,CITY,False,False,0.6,False,OS,Tax Exempt - Government,readiness/data/geometry/15141770020000.geojson,cadastre_government_owned_parcels,https://services1.arcgis.com/99lidPhWCzftIe9K/arcgis/rest/services/cadastre_government_owned_parcels/FeatureServer/0/query,2026-09-25
15033510040000,SALT LAKE CITY CORP - PROPERTY MANAGEMENT,CITY,False,False,0.1,False,M-1,Tax Exempt - Government,readiness/data/geometry/15033510040000.geojson,cadastre_government_owned_parcels,https://services1.arcgis.com/99lidPhWCzftIe9K/arcgis/rest/services/cadastre_government_owned_parcels/FeatureServer/0/query,2026-09-25
15141770020000,SALT LAKE CITY - PROPERTY MANAGEMENT,CITY,False,False,0.6,False,OS,Tax Exempt - Government,readiness/data/geometry/15141770020000.geojson,cadastre_government_owned_parcels,https://services1.arcgis.com/99lidPhWCzftIe9K/arcgis/rest/services/cadastre_government_owned_parcels/FeatureServer/0/query,2026-09-25
15033510050000,S L C CORPORATION - PROPERTY MANAGEMENT,SPECIAL_DISTRICT,False,False,0.3,False,PL,Tax Exempt - Government,readiness/data/geometry/15033510050000.geojson,cadastre_government_owned_parcels,https://services1.arcgis.com/99lidPhWCzftIe9K/arcgis/rest/services/cadastre_government_owned_parcels/FeatureServer/0/query,2026-09-25
15141770020000,SALT LAKE CITY - PROPERTY MANAGEMENT,CITY,False,False,0.6,False,OS,Tax Exempt - Government,readiness/data/geometry/15141770020000.geojson,cadastre_government_owned_parcels,https://services1.arcgis.com/99lidPhWCzftIe9K/arcgis/rest/services/cadastre_government_owned_parcels/FeatureServer/0/query,2026-09-25
15141770030000,SALT LAKE CITY - PROPERTY MANAGEMENT,CITY,False,False,1.7,False,OS,Tax Exempt - Government,readiness/data/geometry/15141770030000.geojson,cadastre_government_owned_parcels,https://services1.arcgis.com/99lidPhWCzftIe9K/arcgis/rest/services/cadastre_government_owned_parcels/FeatureServer/0/query,2026-09-25
15033760230000,SALT LAKE CITY CORPORATION,CITY,False,False,2.3,False,M-1,Vacant,readiness/data/geometry/15033760230000.geojson,cadastre_government_owned_parcels,https://services1.arcgis.com/99lidPhWCzftIe9K/arcgis/rest/services/cadastre_government_owned_parcels/FeatureServer/0/query,2026-09-25
15141770040000,SALT LAKE CITY - PROPERTY MANAGEMENT,CITY,False,False,0.4,False,OS,Tax Exempt - Government,readiness/data/geometry/15141770040000.geojson,cadastre_government_owned_parcels,https://services1.arcgis.com/99lidPhWCzftIe9K/arcgis/rest/services/cadastre_government_owned_parcels/FeatureServer/0/query,2026-09-25
15033760260000,SALT LAKE CITY CORPORATION,CITY,False,False,4.3,False,M-1,Commercial,readiness/data/geometry/15033760260000.geojson,cadastre_government_owned_parcels,https://services1.arcgis.com/99lidPhWCzftIe9K/arcgis/rest/services/cadastre_government_owned_parcels/FeatureServer/0/query,2026-09-25
15141770040000,SALT LAKE CITY - PROPERTY MANAGEMENT,CITY,False,False,0.4,False,OS,Tax Exempt - Government,readiness/data/geometry/15141770040000.geojson,cadastre_government_owned_parcels,https://services1.arcgis.com/99lidPhWCzftIe9K/arcgis/rest/services/cadastre_government_owned_parcels/FeatureServer/0/query,2026-09-25
15033760270000,SALT LAKE CITY CORPORATION,CITY,False,False,3.4,False,M-1,Vacant,readiness/data/geometry/15033760270000.geojson,cadastre_government_owned_parcels,https://services1.arcgis.com/99lidPhWCzftIe9K/arcgis/rest/services/cadastre_government_owned_parcels/FeatureServer/0/query,2026-09-25
15141800010000,SALT LAKE CITY CORPORATION - PROPERTY MANAGEMENT,CITY,False,False,0.5,False,OS,Tax Exempt - Government,readiness/data/geometry/15141800010000.geojson,cadastre_government_owned_parcels,https://services1.arcgis.com/99lidPhWCzftIe9K/arcgis/rest/services/cadastre_government_owned_parcels/FeatureServer/0/query,2026-09-25
15033760280000,SALT LAKE CITY CORPORATION,CITY,False,False,0.1,False,M-1,Vacant,readiness/data/geometry/15033760280000.geojson,cadastre_government_owned_parcels,https://services1.arcgis.com/99lidPhWCzftIe9K/arcgis/rest/services/cadastre_government_owned_parcels/FeatureServer/0/query,2026-09-25
15141800170000,SALT LAKE CITY CORP - PROPERTY MANAGEMENT,CITY,False,False,0.1,False,OS,Tax Exempt - Government,readiness/data/geometry/15141800170000.geojson,cadastre_government_owned_parcels,https://services1.arcgis.com/99lidPhWCzftIe9K/arcgis/rest/services/cadastre_government_owned_parcels/FeatureServer/0/query,2026-09-25
15033760310000,SALT LAKE CITY CORPORATION - PUBLIC UTILITIES DEPARTMENT,CITY,False,False,1.9,False,M-1,Commercial - Industrial,readiness/data/geometry/15033760310000.geojson,cadastre_government_owned_parcels,https://services1.arcgis.com/99lidPhWCzftIe9K/arcgis/rest/services/cadastre_government_owned_parcels/FeatureServer/0/query,2026-09-25
15141800190000,SALT LAKE CITY CORPORATION - PROPERTY MANAGEMENT,CITY,False,False,0.1,False,OS,Commercial,readiness/data/geometry/15141800190000.geojson,cadastre_government_owned_parcels,https://services1.arcgis.com/99lidPhWCzftIe9K/arcgis/rest/services/cadastre_government_owned_parcels/FeatureServer/0/query,2026-09-25
15033760340000,SALT LAKE CITY CORPORATION - PUBLIC UTILITIES DEPARTMENT,CITY,False,False,0.1,False,M-1,Commercial - Industrial,readiness/data/geometry/15033760340000.geojson,cadastre_government_owned_parcels,https://services1.arcgis.com/99lidPhWCzftIe9K/arcgis/rest/services/cadastre_government_owned_parcels/FeatureServer/0/query,2026-09-25
15141800230000,UTAH DEPT NATURAL RESOURCES DI,STATE,True,False,0.1,False,OS,Tax Exempt - Government,readiness/data/geometry/15141800230000.geojson,cadastre_government_owned_parcels,https://services1.arcgis.com/99lidPhWCzftIe9K/arcgis/rest/services/cadastre_government_owned_parcels/FeatureServer/0/query,2026-09-25
15034010020000,SALT LAKE CITY CORPORATION - PROPERTY MANAGEMENT,CITY,False,False,0.4,False,UNKNOWN,Tax Exempt - Government,readiness/data/geometry/15034010020000.geojson,cadastre_government_owned_parcels,https://services1.arcgis.com/99lidPhWCzftIe9K/arcgis/rest/services/cadastre_government_owned_parcels/FeatureServer/0/query,2026-09-25
15141800240000,SALT LAKE CITY CORP - PROPERTY MANAGEMENT,CITY,False,False,0.2,False,OS,Tax Exempt - Government,readiness/data/geometry/15141800240000.geojson,cadastre_government_owned_parcels,https://services1.arcgis.com/99lidPhWCzftIe9K/arcgis/rest/services/cadastre_government_owned_parcels/FeatureServer/0/query,2026-09-25
15034020020000,BOARD OF EDUCATION SALT LAKE C,SCHOOL_DISTRICT,False,False,0.5,False,PL,Tax Exempt - Government,readiness/data/geometry/15034020020000.geojson,cadastre_government_owned_parcels,https://services1.arcgis.com/99lidPhWCzftIe9K/arcgis/rest/services/cadastre_government_owned_parcels/FeatureServer/0/query,2026-09-25
15141800250000,UTAH DEPT NATURAL RESOURCES DI,STATE,True,False,0.4,False,OS,Tax Exempt - Government,readiness/data/geometry/15141800250000.geojson,cadastre_government_owned_parcels,https://services1.arcgis.com/99lidPhWCzftIe9K/arcgis/rest/services/cadastre_government_owned_parcels/FeatureServer/0/query,2026-09-25
15034020130000,BOARD OF EDUCATION OF SALT LAK,SCHOOL_DISTRICT,False,False,9.9,False,PL,Tax Exempt - Government,readiness/data/geometry/15034020130000.geojson,cadastre_government_owned_parcels,https://services1.arcgis.com/99lidPhWCzftIe9K/arcgis/rest/services/cadastre_government_owned_parcels/FeatureServer/0/query,2026-09-25
15141800260000,SALT LAKE CITY CORPORATION - RIVERVIEW APTS LLC,CITY,False,False,0.2,False,RMF-35,Tax Exempt - Government,readiness/data/geometry/15141800260000.geojson,cadastre_government_owned_parcels,https://services1.arcgis.com/99lidPhWCzftIe9K/arcgis/rest/services/cadastre_government_owned_parcels/FeatureServer/0/query,2026-09-25
15034020140000,SALT LAKE CITY CORP - PROPERTY MANAGEMENT,CITY,False,False,0.3,False,UNKNOWN,Tax Exempt - Government,readiness/data/geometry/15034020140000.geojson,cadastre_government_owned_parcels,https://services1.arcgis.com/99lidPhWCzftIe9K/arcgis/rest/services/cadastre_government_owned_parcels/FeatureServer/0/query,2026-09-25
15141820050000,SALT LAKE CITY CORP - PROPERTY MANAGEMENT,CITY,False,False,0.0,True,R-1-5000,Tax Exempt - Government,readiness/data/geometry/15141820050000.geojson,cadastre_government_owned_parcels,https://services1.arcgis.com/99lidPhWCzftIe9K/arcgis/rest/services/cadastre_government_owned_parcels/FeatureServer/0/query,2026-09-25
15034260150000,SALT LAKE CITY CORP - PROPERTY MANAGEMENT,CITY,False,False,0.2,False,R-1-7000,Tax Exempt - Government,readiness/data/geometry/15034260150000.geojson,cadastre_government_owned_parcels,https://services1.arcgis.com/99lidPhWCzftIe9K/arcgis/rest/services/cadastre_government_owned_parcels/FeatureServer/0/query,2026-09-25
15141830090000,SALT LAKE CITY CORP - PROPERTY MANAGEMENT,CITY,False,False,0.0,True,R-1-5000,Tax Exempt - Government,readiness/data/geometry/15141830090000.geojson,cadastre_government_owned_parcels,https://services1.arcgis.com/99lidPhWCzftIe9K/arcgis/rest/services/cadastre_government_owned_parcels/FeatureServer/0/query,2026-09-25
15034260160000,SALT LAKE CITY CORP - PROPERTY MANAGEMENT,CITY,False,False,0.2,False,R-1-7000,Tax Exempt - Government,readiness/data/geometry/15034260160000.geojson,cadastre_government_owned_parcels,https://services1.arcgis.com/99lidPhWCzftIe9K/arcgis/rest/services/cadastre_government_owned_parcels/FeatureServer/0/query,2026-09-25
15142030532000,SALT LAKE CITY CORPORATION,CITY,False,False,0.1,False,R-1-7000,Residential,readiness/data/geometry/15142030532000.geojson,cadastre_government_owned_parcels,https://services1.arcgis.com/99lidPhWCzftIe9K/arcgis/rest/services/cadastre_government_owned_parcels/FeatureServer/0/query,2026-09-25
15034260170000,SALT LAKE CITY - PROPERTY MANAGEMENT,CITY,False,False,0.2,False,R-1-7000,Tax Exempt - Government,readiness/data/geometry/15034260170000.geojson,cadastre_government_owned_parcels,https://services1.arcgis.com/99lidPhWCzftIe9K/arcgis/rest/services/cadastre_government_owned_parcels/FeatureServer/0/query,2026-09-25
15142040060000,THE BOARD OF EDUCATION OF SLC,SCHOOL_DISTRICT,False,False,8.8,False,PL,Tax Exempt - Government,readiness/data/geometry/15142040060000.geojson,cadastre_government_owned_parcels,https://services1.arcgis.com/99lidPhWCzftIe9K/arcgis/rest/services/cadastre_government_owned_parcels/FeatureServer/0/query,2026-09-25
15034260180000,SALT LAKE CITY CORP. - PROPERTY MANAGEMENT,CITY,False,False,1.5,False,OS,Tax Exempt - Government,readiness/data/geometry/15034260180000.geojson,cadastre_government_owned_parcels,https://services1.arcgis.com/99lidPhWCzftIe9K/arcgis/rest/services/cadastre_government_owned_parcels/FeatureServer/0/query,2026-09-25
15142040150000,SALT LAKE CITY CORPORATION - PROPERTY MANAGEMENT,CITY,False,False,5.0,False,PL,Tax Exempt - Government,readiness/data/geometry/15142040150000.geojson,cadastre_government_owned_parcels,https://services1.arcgis.com/99lidPhWCzftIe9K/arcgis/rest/services/cadastre_government_owned_parcels/FeatureServer/0/query,2026-09-25
15034260200000,SALT LAKE CITY CORP - PROPERTY MANAGEMENT,CITY,False,False,0.3,False,OS,Vacant,readiness/data/geometry/15034260200000.geojson,cadastre_government_owned_parcels,https://services1.arcgis.com/99lidPhWCzftIe9K/arcgis/rest/services/cadastre_government_owned_parcels/FeatureServer/0/query,2026-09-25
15142290010000,SALT LAKE CITY CORPORATION - PROPERTY MANAGEMENT,CITY,False,False,0.1,False,M-1,Tax Exempt - Government,readiness/data/geometry/15142290010000.geojson,cadastre_government_owned_parcels,https://services1.arcgis.com/99lidPhWCzftIe9K/arcgis/rest/services/cadastre_government_owned_parcels/FeatureServer/0/query,2026-09-25
15034260330000,SALT LAKE CITY CORP - PROPERTY MANAGEMENT,CITY,False,False,0.2,False,R-1-7000,Tax Exempt - Government,readiness/data/geometry/15034260330000.geojson,cadastre_government_owned_parcels,https://services1.arcgis.com/99lidPhWCzftIe9K/arcgis/rest/services/cadastre_government_owned_parcels/FeatureServer/0/query,2026-09-25
15142530220000,SALT LAKE COUNTY - REAL ESTATE DEPT # S3200,COUNTY,False,False,0.0,True,CB,Tax Exempt - Government,readiness/data/geometry/15142530220000.geojson,cadastre_government_owned_parcels,https://services1.arcgis.com/99lidPhWCzftIe9K/arcgis/rest/services/cadastre_government_owned_parcels/FeatureServer/0/query,2026-09-25
15034270080000,SALT LAKE CITY - PROPERTY MANAGEMENT,CITY,False,False,0.3,False,RMF-35,Vacant,readiness/data/geometry/15034270080000.geojson,cadastre_government_owned_parcels,https://services1.arcgis.com/99lidPhWCzftIe9K/arcgis/rest/services/cadastre_government_owned_parcels/FeatureServer/0/query,2026-09-25
15142540010000,UTAH STATE BUILDING OWNERSHIP,STATE,True,False,0.2,False,R-1-7000,Tax Exempt - Government,readiness/data/geometry/15142540010000.geojson,cadastre_government_owned_parcels,https://services1.arcgis.com/99lidPhWCzftIe9K/arcgis/rest/services/cadastre_government_owned_parcels/FeatureServer/0/query,2026-09-25
15034510080000,UTAH STATE BOARD OF EDUCATION,SCHOOL_DISTRICT,False,False,4.3,False,I,Commercial - Industrial,readiness/data/geometry/15034510080000.geojson,cadastre_government_owned_parcels,https://services1.arcgis.com/99lidPhWCzftIe9K/arcgis/rest/services/cadastre_government_owned_parcels/FeatureServer/0/query,2026-09-25
15142540020000,UTAH STATE BUILDING OWNERSHIP,STATE,True,False,0.2,False,R-1-7000,Tax Exempt - Government,readiness/data/geometry/15142540020000.geojson,cadastre_government_owned_parcels,https://services1.arcgis.com/99lidPhWCzftIe9K/arcgis/rest/services/cadastre_government_owned_parcels/FeatureServer/0/query,2026-09-25
15034540090000,LAKE CITY CORPORATION - PROPERTY MANAGEMENT,CITY,False,False,0.0,True,R-1-7000,Undeveloped,readiness/data/geometry/15034540090000.geojson,cadastre_government_owned_parcels,https://services1.arcgis.com/99lidPhWCzftIe9K/arcgis/rest/services/cadastre_government_owned_parcels/FeatureServer/0/query,2026-09-25
15142540030000,"STATE OF UTAH, DIVISION OF FAC",STATE,True,False,0.4,False,R-1-7000,Tax Exempt - Government,readiness/data/geometry/15142540030000.geojson,cadastre_government_owned_parcels,https://services1.arcgis.com/99lidPhWCzftIe9K/arcgis/rest/services/cadastre_government_owned_parcels/FeatureServer/0/query,2026-09-25
15041010040000,SALT LAKE CITY - PROPERTY MANAGEMENT,CITY,False,False,0.3,False,UNKNOWN,Tax Exempt - Government,readiness/data/geometry/15041010040000.geojson,cadastre_government_owned_parcels,https://services1.arcgis.com/99lidPhWCzftIe9K/arcgis/rest/services/cadastre_government_owned_parcels/FeatureServer/0/query,2026-09-25
15142540040000,UTAH STATE BUILDING OWNERSHIP,STATE,True,False,2.0,False,R-1-5000,Tax Exempt - Government,readiness/data/geometry/15142540040000.geojson,cadastre_government_owned_parcels,https://services1.arcgis.com/99lidPhWCzftIe9K/arcgis/rest/services/cadastre_government_owned_parcels/FeatureServer/0/query,2026-09-25
15041010050000,SALT LAKE CITY - PROPERTY MANAGEMENT,CITY,False,False,0.0,True,UNKNOWN,Tax Exempt - Government,readiness/data/geometry/15041010050000.geojson,cadastre_government_owned_parcels,https://services1.arcgis.com/99lidPhWCzftIe9K/arcgis/rest/services/cadastre_government_owned_parcels/FeatureServer/0/query,2026-09-25
15142540050000,UTAH STATE BUILDING OWNERSHIP,STATE,True,False,0.6,False,R-1-5000,Tax Exempt - Government,readiness/data/geometry/15142540050000.geojson,cadastre_government_owned_parcels,https://services1.arcgis.com/99lidPhWCzftIe9K/arcgis/rest/services/cadastre_government_owned_parcels/FeatureServer/0/query,2026-09-25
15041010070000,SALT LAKE CITY DEPARTMENT OF A - SALT LAKE CITY CORP PROP MGMT,CITY,False,False,0.4,False,UNKNOWN,Commercial,readiness/data/geometry/15041010070000.geojson,cadastre_government_owned_parcels,https://services1.arcgis.com/99lidPhWCzftIe9K/arcgis/rest/services/cadastre_government_owned_parcels/FeatureServer/0/query,2026-09-25
15142540060000,SALT LAKE CITY CORP - PROPERTY MANAGEMENT,CITY,False,False,0.7,False,R-1-5000,Tax Exempt - Government,readiness/data/geometry/15142540060000.geojson,cadastre_government_owned_parcels,https://services1.arcgis.com/99lidPhWCzftIe9K/arcgis/rest/services/cadastre_government_owned_parcels/FeatureServer/0/query,2026-09-25
15041010080000,SALT LAKE CITY DEPARTMENT OF A - PROPERTY MANAGEMENT,CITY,False,False,40.5,False,AIRPORT,Commercial,readiness/data/geometry/15041010080000.geojson,cadastre_government_owned_parcels,https://services1.arcgis.com/99lidPhWCzftIe9K/arcgis/rest/services/cadastre_government_owned_parcels/FeatureServer/0/query,2026-09-25
15142540090000,"STATE OF UTAH, DIV FAC CONSTR",STATE,True,False,1.7,False,M-1,Commercial,readiness/data/geometry/15142540090000.geojson,cadastre_government_owned_parcels,https://services1.arcgis.com/99lidPhWCzftIe9K/arcgis/rest/services/cadastre_government_owned_parcels/FeatureServer/0/query,2026-09-25
15041040040000,SALT LAKE CITY CORPORATION - PROPERTY MANAGEMENT,CITY,False,False,0.4,False,AIRPORT,Vacant,readiness/data/geometry/15041040040000.geojson,cadastre_government_owned_parcels,https://services1.arcgis.com/99lidPhWCzftIe9K/arcgis/rest/services/cadastre_government_owned_parcels/FeatureServer/0/query,2026-09-25
15142760360000,UTAH STATE BUILDING OWNERSHIP - JOHN NICHOLS,STATE,True,False,10.8,False,M-1,Vacant,readiness/data/geometry/15142760360000.geojson,cadastre_government_owned_parcels,https://services1.arcgis.com/99lidPhWCzftIe9K/arcgis/rest/services/cadastre_government_owned_parcels/FeatureServer/0/query,2026-09-25
15041040050000,UTAH TRANSIT AUTHORITY - PROPERTY MANAGEMENT,UTA,False,False,0.4,False,UNKNOWN,Vacant,readiness/data/geometry/15041040050000.geojson,cadastre_government_owned_parcels,https://services1.arcgis.com/99lidPhWCzftIe9K/arcgis/rest/services/cadastre_government_owned_parcels/FeatureServer/0/query,2026-09-25
15142760390000,STATE OF UTAH DEPT OF ADM SERV,STATE,True,False,8.6,False,M-1,Commercial,readiness/data/geometry/15142760390000.geojson,cadastre_government_owned_parcels,https://services1.arcgis.com/99lidPhWCzftIe9K/arcgis/rest/services/cadastre_government_owned_parcels/FeatureServer/0/query,2026-09-25
15041040060000,UTAH STATE ROAD COMMISSION - UDOT RIGHT OF WAY,STATE,True,False,0.7,False,UNKNOWN,Vacant,readiness/data/geometry/15041040060000.geojson,cadastre_government_owned_parcels,https://services1.arcgis.com/99lidPhWCzftIe9K/arcgis/rest/services/cadastre_government_owned_parcels/FeatureServer/0/query,2026-09-25
15143010060000,SALT LAKE CITY CORPORATION - REAL ESTATE SERVICES,CITY,False,False,24.2,False,PL,Tax Exempt - Government,readiness/data/geometry/15143010060000.geojson,cadastre_government_owned_parcels,https://services1.arcgis.com/99lidPhWCzftIe9K/arcgis/rest/services/cadastre_government_owned_parcels/FeatureServer/0/query,2026-09-25
15041040070000,SALT LAKE CITY DEPARTMENT OF A - SALT LAKE CITY CORP PROP MGMT,CITY,False,False,0.0,True,UNKNOWN,Commercial,readiness/data/geometry/15041040070000.geojson,cadastre_government_owned_parcels,https://services1.arcgis.com/99lidPhWCzftIe9K/arcgis/rest/services/cadastre_government_owned_parcels/FeatureServer/0/query,2026-09-25
15143020050000,SALT LAKE CITY CORPORATION - REAL ESTATE SERVICES,CITY,False,False,26.6,False,OS,Commercial,readiness/data/geometry/15143020050000.geojson,cadastre_government_owned_parcels,https://services1.arcgis.com/99lidPhWCzftIe9K/arcgis/rest/services/cadastre_government_owned_parcels/FeatureServer/0/query,2026-09-25
15041040070000,SALT LAKE CITY DEPARTMENT OF A - SALT LAKE CITY CORP PROP MGMT,CITY,False,False,0.0,True,UNKNOWN,Commercial,readiness/data/geometry/15041040070000.geojson,cadastre_government_owned_parcels,https://services1.arcgis.com/99lidPhWCzftIe9K/arcgis/rest/services/cadastre_government_owned_parcels/FeatureServer/0/query,2026-09-25
15143270020000,DEPARTMENT OF NATURAL RESOURCE,STATE,True,False,0.1,False,OS,Commercial,readiness/data/geometry/15143270020000.geojson,cadastre_government_owned_parcels,https://services1.arcgis.com/99lidPhWCzftIe9K/arcgis/rest/services/cadastre_government_owned_parcels/FeatureServer/0/query,2026-09-25
15041050040000,UTAH TRANSIT AUTHORITY - PROPERTY MANAGEMENT,UTA,False,False,0.8,False,UNKNOWN,Vacant,readiness/data/geometry/15041050040000.geojson,cadastre_government_owned_parcels,https://services1.arcgis.com/99lidPhWCzftIe9K/arcgis/rest/services/cadastre_government_owned_parcels/FeatureServer/0/query,2026-09-25
15143270030000,SALT LAKE CITY CORPORATION - PROPERTY MANAGEMENT,CITY,False,False,0.1,False,CG,Tax Exempt - Government,readiness/data/geometry/15143270030000.geojson,cadastre_government_owned_parcels,https://services1.arcgis.com/99lidPhWCzftIe9K/arcgis/rest/services/cadastre_government_owned_parcels/FeatureServer/0/query,2026-09-25
15041050050000,STATE ROAD COMMISSION - UDOT,STATE,True,False,4.2,False,UNKNOWN,Tax Exempt - Government,readiness/data/geometry/15041050050000.geojson,cadastre_government_owned_parcels,https://services1.arcgis.com/99lidPhWCzftIe9K/arcgis/rest/services/cadastre_government_owned_parcels/FeatureServer/0/query,2026-09-25
15143270040000,SALT LAKE CITY CORPORATION - PROPERTY MANAGEMENT,CITY,False,False,0.1,False,CG,Commercial,readiness/data/geometry/15143270040000.geojson,cadastre_government_owned_parcels,https://services1.arcgis.com/99lidPhWCzftIe9K/arcgis/rest/services/cadastre_government_owned_parcels/FeatureServer/0/query,2026-09-25
15041050060000,STATE ROAD COMMISSION - UDOT,STATE,True,False,0.4,False,UNKNOWN,Tax Exempt - Government,readiness/data/geometry/15041050060000.geojson,cadastre_government_owned_parcels,https://services1.arcgis.com/99lidPhWCzftIe9K/arcgis/rest/services/cadastre_government_owned_parcels/FeatureServer/0/query,2026-09-25
15143270110000,SALT LAKE CITY CORPORATION - PROPERTY MANAGEMENT,CITY,False,False,0.3,False,CG,Tax Exempt - Government,readiness/data/geometry/15143270110000.geojson,cadastre_government_owned_parcels,https://services1.arcgis.com/99lidPhWCzftIe9K/arcgis/rest/services/cadastre_government_owned_parcels/FeatureServer/0/query,2026-09-25
15041050070000,SALT LAKE CITY DEPARTMENT OF A - SALT LAKE CITY CORPORATION,CITY,False,False,0.2,False,UNKNOWN,Commercial,readiness/data/geometry/15041050070000.geojson,cadastre_government_owned_parcels,https://services1.arcgis.com/99lidPhWCzftIe9K/arcgis/rest/services/cadastre_government_owned_parcels/FeatureServer/0/query,2026-09-25
15143280020000,SALT LAKE CITY CORPORATION - PROPERTY MANAGEMENT,CITY,False,False,0.2,False,OS,Tax Exempt - Government,readiness/data/geometry/15143280020000.geojson,cadastre_government_owned_parcels,https://services1.arcgis.com/99lidPhWCzftIe9K/arcgis/rest/services/cadastre_government_owned_parcels/FeatureServer/0/query,2026-09-25
15041050070000,SALT LAKE CITY DEPARTMENT OF A - SALT LAKE CITY CORPORATION,CITY,False,False,0.2,False,UNKNOWN,Commercial,readiness/data/geometry/15041050070000.geojson,cadastre_government_owned_parcels,https://services1.arcgis.com/99lidPhWCzftIe9K/arcgis/rest/services/cadastre_government_owned_parcels/FeatureServer/0/query,2026-09-25
15143280040000,SALT LAKE CITY CORPORATION - SLC PUBLIC SERVICES DEP,CITY,False,False,0.1,False,CG,Tax Exempt - Government,readiness/data/geometry/15143280040000.geojson,cadastre_government_owned_parcels,https://services1.arcgis.com/99lidPhWCzftIe9K/arcgis/rest/services/cadastre_government_owned_parcels/FeatureServer/0/query,2026-09-25
15041260010000,SALT LAKE CITY - PROPERTY MANAGEMENT,CITY,False,False,12.9,False,AIRPORT,Vacant,readiness/data/geometry/15041260010000.geojson,cadastre_government_owned_parcels,https://services1.arcgis.com/99lidPhWCzftIe9K/arcgis/rest/services/cadastre_government_owned_parcels/FeatureServer/0/query,2026-09-25
15143280060000,SALT LAKE COUNTY - REAL ESTATE DEPT # S3200,COUNTY,False,False,0.1,False,CG,Tax Exempt - Government,readiness/data/geometry/15143280060000.geojson,cadastre_government_owned_parcels,https://services1.arcgis.com/99lidPhWCzftIe9K/arcgis/rest/services/cadastre_government_owned_parcels/FeatureServer/0/query,2026-09-25
15041260010000,SALT LAKE CITY - PROPERTY MANAGEMENT,CITY,False,False,12.9,False,AIRPORT,Vacant,readiness/data/geometry/15041260010000.geojson,cadastre_government_owned_parcels,https://services1.arcgis.com/99lidPhWCzftIe9K/arcgis/rest/services/cadastre_government_owned_parcels/FeatureServer/0/query,2026-09-25
15143280110000,SALT LAKE CITY CORPORATION - PROPERTY MANAGEMENT,CITY,False,False,0.3,False,CG,Tax Exempt - Government,readiness/data/geometry/15143280110000.geojson,cadastre_government_owned_parcels,https://services1.arcgis.com/99lidPhWCzftIe9K/arcgis/rest/services/cadastre_government_owned_parcels/FeatureServer/0/query,2026-09-25
15041260030000,SALT LAKE CITY CORP - PROPERTY MANAGEMENT,CITY,False,False,1.3,False,AIRPORT,Vacant,readiness/data/geometry/15041260030000.geojson,cadastre_government_owned_parcels,https://services1.arcgis.com/99lidPhWCzftIe9K/arcgis/rest/services/cadastre_government_owned_parcels/FeatureServer/0/query,2026-09-25
15143280120000,SALT LAKE CITY CORPORATION - SLC PUBLIC SERVICES DEP,CITY,False,False,0.1,False,CG,Tax Exempt - Government,readiness/data/geometry/15143280120000.geojson,cadastre_government_owned_parcels,https://services1.arcgis.com/99lidPhWCzftIe9K/arcgis/rest/services/cadastre_government_owned_parcels/FeatureServer/0/query,2026-09-25
15041260040000,SALT LAKE CITY CORP,CITY,False,False,13.0,False,AIRPORT,Tax Exempt - Government,readiness/data/geometry/15041260040000.geojson,cadastre_government_owned_parcels,https://services1.arcgis.com/99lidPhWCzftIe9K/arcgis/rest/services/cadastre_government_owned_parcels/FeatureServer/0/query,2026-09-25
15143280150000,SALT LAKE CITY CORPORATION - SLC PUBLIC SERVICES DEP,CITY,False,False,0.1,False,CG,Tax Exempt - Government,readiness/data/geometry/15143280150000.geojson,cadastre_government_owned_parcels,https://services1.arcgis.com/99lidPhWCzftIe9K/arcgis/rest/services/cadastre_government_owned_parcels/FeatureServer/0/query,2026-09-25
15041260040000,SALT LAKE CITY CORP,CITY,False,False,13.0,False,AIRPORT,Tax Exempt - Government,readiness/data/geometry/15041260040000.geojson,cadastre_government_owned_parcels,https://services1.arcgis.com/99lidPhWCzftIe9K/arcgis/rest/services/cadastre_government_owned_parcels/FeatureServer/0/query,2026-09-25
15041260050000,UTAH TRANSIT AUTHORITY - PROPERTY MANAGEMENT,UTA,False,False,2.0,False,UNKNOWN,Tax Exempt - Government,readiness/data/geometry/15041260050000.geojson,cadastre_government_owned_parcels,https://services1.arcgis.com/99lidPhWCzftIe9K/arcgis/rest/services/cadastre_government_owned_parcels/FeatureServer/0/query,2026-09-25
15143280220000,SALT LAKE CITY CORPORATION - SLC PUBLIC SERVICES DEP,CITY,False,False,0.1,False,CG,Tax Exempt - Government,readiness/data/geometry/15143280220000.geojson,cadastre_government_owned_parcels,https://services1.arcgis.com/99lidPhWCzftIe9K/arcgis/rest/services/cadastre_government_owned_parcels/FeatureServer/0/query,2026-09-25
15041260050000,UTAH TRANSIT AUTHORITY - PROPERTY MANAGEMENT,UTA,False,False,2.0,False,UNKNOWN,Tax Exempt - Government,readiness/data/geometry/15041260050000.geojson,cadastre_government_owned_parcels,https://services1.arcgis.com/99lidPhWCzftIe9K/arcgis/rest/services/cadastre_government_owned_parcels/FeatureServer/0/query,2026-09-25
15143280240000,SALT LAKE CITY CORPORATION - SLC PUBLIC SERVICES DEP,CITY,False,False,0.7,False,CG,Tax Exempt - Government,readiness/data/geometry/15143280240000.geojson,cadastre_government_owned_parcels,https://services1.arcgis.com/99lidPhWCzftIe9K/arcgis/rest/services/cadastre_government_owned_parcels/FeatureServer/0/query,2026-09-25
15041260060000,UTAH TRANSIT AUTHORITY - PROPERTY MANAGEMENT,UTA,False,False,1.7,False,UNKNOWN,Tax Exempt - Government,readiness/data/geometry/15041260060000.geojson,cadastre_government_owned_parcels,https://services1.arcgis.com/99lidPhWCzftIe9K/arcgis/rest/services/cadastre_government_owned_parcels/FeatureServer/0/query,2026-09-25
15143280240000,SALT LAKE CITY CORPORATION - SLC PUBLIC SERVICES DEP,CITY,False,False,0.7,False,CG,Tax Exempt - Government,readiness/data/geometry/15143280240000.geojson,cadastre_government_owned_parcels,https://services1.arcgis.com/99lidPhWCzftIe9K/arcgis/rest/services/cadastre_government_owned_parcels/FeatureServer/0/query,2026-09-25
15041510010000,UTAH STATE ROAD COMMISSION - UDOT RIGHT OF WAY,STATE,True,False,5.7,False,UNKNOWN,Vacant,readiness/data/geometry/15041510010000.geojson,cadastre_government_owned_parcels,https://services1.arcgis.com/99lidPhWCzftIe9K/arcgis/rest/services/cadastre_government_owned_parcels/FeatureServer/0/query,2026-09-25
15143290020000,SALT LAKE CITY - PROPERTY MANAGEMENT,CITY,False,False,0.4,False,M-1,Tax Exempt - Government,readiness/data/geometry/15143290020000.geojson,cadastre_government_owned_parcels,https://services1.arcgis.com/99lidPhWCzftIe9K/arcgis/rest/services/cadastre_government_owned_parcels/FeatureServer/0/query,2026-09-25
15041520020000,STATE ROAD COMMISSION - UDOT RIGHT OF WAY,STATE,True,False,0.1,False,UNKNOWN,Vacant,readiness/data/geometry/15041520020000.geojson,cadastre_government_owned_parcels,https://services1.arcgis.com/99lidPhWCzftIe9K/arcgis/rest/services/cadastre_government_owned_parcels/FeatureServer/0/query,2026-09-25
15143290030000,SALT LAKE CITY CORPORATION - PROPERTY MANAGEMENT,CITY,False,False,0.2,False,M-1,Tax Exempt - Government,readiness/data/geometry/15143290030000.geojson,cadastre_government_owned_parcels,https://services1.arcgis.com/99lidPhWCzftIe9K/arcgis/rest/services/cadastre_government_owned_parcels/FeatureServer/0/query,2026-09-25
15041530010000,SALT LAKE COUNTY - REAL ESTATE DEPT # S3200,COUNTY,False,False,0.1,False,UNKNOWN,Vacant,readiness/data/geometry/15041530010000.geojson,cadastre_government_owned_parcels,https://services1.arcgis.com/99lidPhWCzftIe9K/arcgis/rest/services/cadastre_government_owned_parcels/FeatureServer/0/query,2026-09-25
15143510010000,SALT LAKE CITY CORP - PROPERTY MANAGEMENT,CITY,False,False,9.5,False,OS,Commercial,readiness/data/geometry/15143510010000.geojson,cadastre_government_owned_parcels,https://services1.arcgis.com/99lidPhWCzftIe9K/arcgis/rest/services/cadastre_government_owned_parcels/FeatureServer/0/query,2026-09-25
15041530020000,STATE ROAD COMMISSION - UDOT RIGHT OF WAY,STATE,True,False,0.1,False,UNKNOWN,Vacant,readiness/data/geometry/15041530020000.geojson,cadastre_government_owned_parcels,https://services1.arcgis.com/99lidPhWCzftIe9K/arcgis/rest/services/cadastre_government_owned_parcels/FeatureServer/0/query,2026-09-25
15143520010000,SALT LAKE CITY - PROPERTY MANAGEMENT,CITY,False,False,10.8,False,OS,Commercial,readiness/data/geometry/15143520010000.geojson,cadastre_government_owned_parcels,https://services1.arcgis.com/99lidPhWCzftIe9K/arcgis/rest/services/cadastre_government_owned_parcels/FeatureServer/0/query,2026-09-25
15041540050000,SALT LAKE CITY DEPARTMENT OF A - SALT LAKE CITY CORPORATION,CITY,False,False,18.6,False,M-1,Commercial,readiness/data/geometry/15041540050000.geojson,cadastre_government_owned_parcels,https://services1.arcgis.com/99lidPhWCzftIe9K/arcgis/rest/services/cadastre_government_owned_parcels/FeatureServer/0/query,2026-09-25
15143760030000,SALT LAKE CITY CORPORATION - PROPERTY MANAGEMENT,CITY,False,False,1.0,False,UNKNOWN,Tax Exempt - Government,readiness/data/geometry/15143760030000.geojson,cadastre_government_owned_parcels,https://services1.arcgis.com/99lidPhWCzftIe9K/arcgis/rest/services/cadastre_government_owned_parcels/FeatureServer/0/query,2026-09-25
15041540050000,SALT LAKE CITY DEPARTMENT OF A - SALT LAKE CITY CORPORATION,CITY,False,False,18.6,False,M-1,Commercial,readiness/data/geometry/15041540050000.geojson,cadastre_government_owned_parcels,https://services1.arcgis.com/99lidPhWCzftIe9K/arcgis/rest/services/cadastre_government_owned_parcels/FeatureServer/0/query,2026-09-25
15144070060000,"STATE OF UTAH, DEPT.AMD. SERV. - STATE OF UTAH DFCM",STATE,True,False,2.1,False,M-1,Commercial,readiness/data/geometry/15144070060000.geojson,cadastre_government_owned_parcels,https://services1.arcgis.com/99lidPhWCzftIe9K/arcgis/rest/services/cadastre_government_owned_parcels/FeatureServer/0/query,2026-09-25
15041540050000,SALT LAKE CITY DEPARTMENT OF A - SALT LAKE CITY CORPORATION,CITY,False,False,18.6,False,M-1,Commercial,readiness/data/geometry/15041540050000.geojson,cadastre_government_owned_parcels,https://services1.arcgis.com/99lidPhWCzftIe9K/arcgis/rest/services/cadastre_government_owned_parcels/FeatureServer/0/query,2026-09-25
15144530160000,SALT LAKE CITY CORP - PROPERTY MANAGEMENT,CITY,False,False,0.0,True,M-1,Tax Exempt - Government,readiness/data/geometry/15144530160000.geojson,cadastre_government_owned_parcels,https://services1.arcgis.com/99lidPhWCzftIe9K/arcgis/rest/services/cadastre_government_owned_parcels/FeatureServer/0/query,2026-09-25
15041540060000,SALT LAKE CITY DEPARTMENT OF A - SALT LAKE CITY CORPORATION,CITY,False,False,0.3,False,M-1,Commercial,readiness/data/geometry/15041540060000.geojson,cadastre_government_owned_parcels,https://services1.arcgis.com/99lidPhWCzftIe9K/arcgis/rest/services/cadastre_government_owned_parcels/FeatureServer/0/query,2026-09-25
15151260130000,UTAH DEPARTMENT OF TRANSPORTAT - UDOT RIGHT OF WAY,STATE,True,False,0.8,False,M-1,Tax Exempt - Government,readiness/data/geometry/15151260130000.geojson,cadastre_government_owned_parcels,https://services1.arcgis.com/99lidPhWCzftIe9K/arcgis/rest/services/cadastre_government_owned_parcels/FeatureServer/0/query,2026-09-25
15041760020000,SALT LAKE CITY DEPARTMENT OF A - SALT LAKE CITY CORPORATION,CITY,False,False,0.4,False,AIRPORT,Commercial,readiness/data/geometry/15041760020000.geojson,cadastre_government_owned_parcels,https://services1.arcgis.com/99lidPhWCzftIe9K/arcgis/rest/services/cadastre_government_owned_parcels/FeatureServer/0/query,2026-09-25
15151520050000,SALT LAKE CITY - PROPERTY MANAGEMENT,CITY,False,False,4.1,False,M-1,Tax Exempt - Government,readiness/data/geometry/15151520050000.geojson,cadastre_government_owned_parcels,https://services1.arcgis.com/99lidPhWCzftIe9K/arcgis/rest/services/cadastre_government_owned_parcels/FeatureServer/0/query,2026-09-25
15041770020000,SALT LAKE CITY CORP - PROPERTY MANAGEMENT,CITY,False,False,3.5,False,AIRPORT,Tax Exempt - Government,readiness/data/geometry/15041770020000.geojson,cadastre_government_owned_parcels,https://services1.arcgis.com/99lidPhWCzftIe9K/arcgis/rest/services/cadastre_government_owned_parcels/FeatureServer/0/query,2026-09-25
15151520190000,SALT LAKE CITY CORPORATION - PROPERTY MANAGEMENT,CITY,False,False,0.1,False,M-1,Tax Exempt - Government,readiness/data/geometry/15151520190000.geojson,cadastre_government_owned_parcels,https://services1.arcgis.com/99lidPhWCzftIe9K/arcgis/rest/services/cadastre_government_owned_parcels/FeatureServer/0/query,2026-09-25
15041780160000,SALT LAKE CITY DEPARTMENT OF A - SALT LAKE CITY CORPORATION,CITY,False,False,18.9,False,M-1,Commercial,readiness/data/geometry/15041780160000.geojson,cadastre_government_owned_parcels,https://services1.arcgis.com/99lidPhWCzftIe9K/arcgis/rest/services/cadastre_government_owned_parcels/FeatureServer/0/query,2026-09-25
15152010120000,SALT LAKE CITY CORPORATION - PROPERTY MANAGEMENT,CITY,False,False,0.2,False,UNKNOWN,Tax Exempt - Government,readiness/data/geometry/15152010120000.geojson,cadastre_government_owned_parcels,https://services1.arcgis.com/99lidPhWCzftIe9K/arcgis/rest/services/cadastre_government_owned_parcels/FeatureServer/0/query,2026-09-25
15041780160000,SALT LAKE CITY DEPARTMENT OF A - SALT LAKE CITY CORPORATION,CITY,False,False,18.9,False,M-1,Commercial,readiness/data/geometry/15041780160000.geojson,cadastre_government_owned_parcels,https://services1.arcgis.com/99lidPhWCzftIe9K/arcgis/rest/services/cadastre_government_owned_parcels/FeatureServer/0/query,2026-09-25
15041820050000,SALT LAKE CITY DEPARTMENT OF A - SALT LAKE CITY CORPORATION,CITY,False,False,0.5,False,M-1,Commercial,readiness/data/geometry/15041820050000.geojson,cadastre_government_owned_parcels,https://services1.arcgis.com/99lidPhWCzftIe9K/arcgis/rest/services/cadastre_government_owned_parcels/FeatureServer/0/query,2026-09-25
15152010160000,SALT LAKE COUNTY - REAL ESTATE DEPT # S3200,COUNTY,False,False,1.0,False,CG,Tax Exempt - Government,readiness/data/geometry/15152010160000.geojson,cadastre_government_owned_parcels,https://services1.arcgis.com/99lidPhWCzftIe9K/arcgis/rest/services/cadastre_government_owned_parcels/FeatureServer/0/query,2026-09-25
15041820060000,SALT LAKE CITY DEPARTMENT OF A - SALT LAKE CITY CORPORATION,CITY,False,False,0.5,False,M-1,Commercial,readiness/data/geometry/15041820060000.geojson,cadastre_government_owned_parcels,https://services1.arcgis.com/99lidPhWCzftIe9K/arcgis/rest/services/cadastre_government_owned_parcels/FeatureServer/0/query,2026-09-25
15152010160000,SALT LAKE COUNTY - REAL ESTATE DEPT # S3200,COUNTY,False,False,1.0,False,CG,Tax Exempt - Government,readiness/data/geometry/15152010160000.geojson,cadastre_government_owned_parcels,https://services1.arcgis.com/99lidPhWCzftIe9K/arcgis/rest/services/cadastre_government_owned_parcels/FeatureServer/0/query,2026-09-25
15043010010000,SALT LAKE CITY CORPORATION - PROPERTY MANAGEMENT,CITY,False,False,2.4,False,M-1,Tax Exempt - Government,readiness/data/geometry/15043010010000.geojson,cadastre_government_owned_parcels,https://services1.arcgis.com/99lidPhWCzftIe9K/arcgis/rest/services/cadastre_government_owned_parcels/FeatureServer/0/query,2026-09-25
15152010310000,SALT LAKE COUNTY,COUNTY,False,False,0.2,False,R-1-7000,Tax Exempt - Government,readiness/data/geometry/15152010310000.geojson,cadastre_government_owned_parcels,https://services1.arcgis.com/99lidPhWCzftIe9K/arcgis/rest/services/cadastre_government_owned_parcels/FeatureServer/0/query,2026-09-25
15043270080000,SALT LAKE COUNTY - SALT LAKE COUNTY REAL ESTATE,COUNTY,False,False,1.2,False,M-1,Vacant,readiness/data/geometry/15043270080000.geojson,cadastre_government_owned_parcels,https://services1.arcgis.com/99lidPhWCzftIe9K/arcgis/rest/services/cadastre_government_owned_parcels/FeatureServer/0/query,2026-09-25
15152010470000,SALT LAKE COUNTY - SALT LAKE COUNTY REAL ESTATE,COUNTY,False,False,0.0,True,R-1-7000,Tax Exempt - Government,readiness/data/geometry/15152010470000.geojson,cadastre_government_owned_parcels,https://services1.arcgis.com/99lidPhWCzftIe9K/arcgis/rest/services/cadastre_government_owned_parcels/FeatureServer/0/query,2026-09-25
15044010060000,SALT LAKE COUNTY,COUNTY,False,False,1.3,False,M-1,Tax Exempt - Government,readiness/data/geometry/15044010060000.geojson,cadastre_government_owned_parcels,https://services1.arcgis.com/99lidPhWCzftIe9K/arcgis/rest/services/cadastre_government_owned_parcels/FeatureServer/0/query,2026-09-25
15152010480000,SALT LAKE COUNTY - SALT LAKE COUNTY REAL ESTATE,COUNTY,False,False,0.0,True,R-1-7000,Tax Exempt - Government,readiness/data/geometry/15152010480000.geojson,cadastre_government_owned_parcels,https://services1.arcgis.com/99lidPhWCzftIe9K/arcgis/rest/services/cadastre_government_owned_parcels/FeatureServer/0/query,2026-09-25
15044030010000,SALT LAKE COUNTY - REAL ESTATE DEPT # S3200,COUNTY,False,False,0.3,False,M-1,Vacant,readiness/data/geometry/15044030010000.geojson,cadastre_government_owned_parcels,https://services1.arcgis.com/99lidPhWCzftIe9K/arcgis/rest/services/cadastre_government_owned_parcels/FeatureServer/0/query,2026-09-25
15152010510000,SALT LAKE COUNTY - SALT LAKE COUNY REAL ESTATE,COUNTY,False,False,0.0,True,R-1-7000,Tax Exempt - Government,readiness/data/geometry/15152010510000.geojson,cadastre_government_owned_parcels,https://services1.arcgis.com/99lidPhWCzftIe9K/arcgis/rest/services/cadastre_government_owned_parcels/FeatureServer/0/query,2026-09-25
15152010540000,SALT LAKE COUNTY - SALT LAKE COUNTY REAL ESTATE,COUNTY,False,False,0.2,False,R-1-7000,Tax Exempt - Government,readiness/data/geometry/15152010540000.geojson,cadastre_government_owned_parcels,https://services1.arcgis.com/99lidPhWCzftIe9K/arcgis/rest/services/cadastre_government_owned_parcels/FeatureServer/0/query,2026-09-25
15044030060000,SALT LAKE COUNTY,COUNTY,False,False,0.1,False,M-1,Tax Exempt - Government,readiness/data/geometry/15044030060000.geojson,cadastre_government_owned_parcels,https://services1.arcgis.com/99lidPhWCzftIe9K/arcgis/rest/services/cadastre_government_owned_parcels/FeatureServer/0/query,2026-09-25
15152010580000,SALT LAKE COUNTY - SALT LAKE COUNTY REAL ESTATE,COUNTY,False,False,0.0,True,R-1-7000,Tax Exempt - Government,readiness/data/geometry/15152010580000.geojson,cadastre_government_owned_parcels,https://services1.arcgis.com/99lidPhWCzftIe9K/arcgis/rest/services/cadastre_government_owned_parcels/FeatureServer/0/query,2026-09-25
15044260020000,UTAH DEPT OF TRANSPORTATION - UDOT RIGHT OF WAY,STATE,True,False,1.0,False,M-1,Vacant,readiness/data/geometry/15044260020000.geojson,cadastre_government_owned_parcels,https://services1.arcgis.com/99lidPhWCzftIe9K/arcgis/rest/services/cadastre_government_owned_parcels/FeatureServer/0/query,2026-09-25
15152010590000,SALT LAKE COUNTY - SALT LAKE COUNTY REAL ESTATE,COUNTY,False,False,0.0,True,R-1-7000,Tax Exempt - Government,readiness/data/geometry/15152010590000.geojson,cadastre_government_owned_parcels,https://services1.arcgis.com/99lidPhWCzftIe9K/arcgis/rest/services/cadastre_government_owned_parcels/FeatureServer/0/query,2026-09-25
15044270010000,UTAH DEPT OF TRANSPORTATION - UDOT RIGHT OF WAY,STATE,True,False,4.5,False,M-1,Vacant,readiness/data/geometry/15044270010000.geojson,cadastre_government_owned_parcels,https://services1.arcgis.com/99lidPhWCzftIe9K/arcgis/rest/services/cadastre_government_owned_parcels/FeatureServer/0/query,2026-09-25
15152010620000,SALT LAKE COUNTY - SALT LAKE COUNTY REAL ESTATE,COUNTY,False,False,0.0,True,R-1-7000,Tax Exempt - Government,readiness/data/geometry/15152010620000.geojson,cadastre_government_owned_parcels,https://services1.arcgis.com/99lidPhWCzftIe9K/arcgis/rest/services/cadastre_government_owned_parcels/FeatureServer/0/query,2026-09-25
15044270040000,UTAH DEPT OF TRANSPORTATION - UDOT RIGHT OF WAY,STATE,True,False,0.4,False,M-1,Vacant,readiness/data/geometry/15044270040000.geojson,cadastre_government_owned_parcels,https://services1.arcgis.com/99lidPhWCzftIe9K/arcgis/rest/services/cadastre_government_owned_parcels/FeatureServer/0/query,2026-09-25
15152010650000,SALT LAKE COUNTY - SALT LAKE COUNTY REAL ESTATE,COUNTY,False,False,0.0,True,R-1-7000,Tax Exempt - Government,readiness/data/geometry/15152010650000.geojson,cadastre_government_owned_parcels,https://services1.arcgis.com/99lidPhWCzftIe9K/arcgis/rest/services/cadastre_government_owned_parcels/FeatureServer/0/query,2026-09-25
15152010680000,SALT LAKE COUNTY - SALT LAKE COUNTY REAL ESTATE,COUNTY,False,False,0.0,True,R-1-7000,Tax Exempt - Government,readiness/data/geometry/15152010680000.geojson,cadastre_government_owned_parcels,https://services1.arcgis.com/99lidPhWCzftIe9K/arcgis/rest/services/cadastre_government_owned_parcels/FeatureServer/0/query,2026-09-25
15044280010000,UTAH DEPT OF TRANSPORTATION - UDOT RIGHT OF WAY,STATE,True,False,0.4,False,UNKNOWN,Vacant,readiness/data/geometry/15044280010000.geojson,cadastre_government_owned_parcels,https://services1.arcgis.com/99lidPhWCzftIe9K/arcgis/rest/services/cadastre_government_owned_parcels/FeatureServer/0/query,2026-09-25
15044290010000,UTAH DEPARTMENT OF TRANSPORTAT - UDOT RIGHT OF WAY,STATE,True,False,1.7,False,M-1,Vacant,readiness/data/geometry/15044290010000.geojson,cadastre_government_owned_parcels,https://services1.arcgis.com/99lidPhWCzftIe9K/arcgis/rest/services/cadastre_government_owned_parcels/FeatureServer/0/query,2026-09-25
15152010710000,SALT LAKE COUNTY - SALT LAKE COUNTY REAL ESTATE,COUNTY,False,False,0.0,True,R-1-7000,Tax Exempt - Government,readiness/data/geometry/15152010710000.geojson,cadastre_government_owned_parcels,https://services1.arcgis.com/99lidPhWCzftIe9K/arcgis/rest/services/cadastre_government_owned_parcels/FeatureServer/0/query,2026-09-25
15044510020000,SALT LAKE COUNTY - REAL ESTATE DEPT # S3200,COUNTY,False,False,1.5,False,M-2,Vacant,readiness/data/geometry/15044510020000.geojson,cadastre_government_owned_parcels,https://services1.arcgis.com/99lidPhWCzftIe9K/arcgis/rest/services/cadastre_government_owned_parcels/FeatureServer/0/query,2026-09-25
15152010740000,SALT LAKE COUNTY - SALT LAKE COUNTY REAL ESTATE,COUNTY,False,False,0.0,True,R-1-7000,Tax Exempt - Government,readiness/data/geometry/15152010740000.geojson,cadastre_government_owned_parcels,https://services1.arcgis.com/99lidPhWCzftIe9K/arcgis/rest/services/cadastre_government_owned_parcels/FeatureServer/0/query,2026-09-25
15044510050000,SALT LAKE CITY CORPORATION,CITY,False,False,0.3,False,M-2,Tax Exempt - Government,readiness/data/geometry/15044510050000.geojson,cadastre_government_owned_parcels,https://services1.arcgis.com/99lidPhWCzftIe9K/arcgis/rest/services/cadastre_government_owned_parcels/FeatureServer/0/query,2026-09-25
15152010770000,SALT LAKE COUNTY - SALT LAKE COUNTY REAL ESTATE,COUNTY,False,False,0.0,True,R-1-7000,Tax Exempt - Government,readiness/data/geometry/15152010770000.geojson,cadastre_government_owned_parcels,https://services1.arcgis.com/99lidPhWCzftIe9K/arcgis/rest/services/cadastre_government_owned_parcels/FeatureServer/0/query,2026-09-25
15044520220000,SALT LAKE COUNTY - REAL ESTATE DEPT # S3200,COUNTY,False,False,0.8,False,M-1,Tax Exempt - Government,readiness/data/geometry/15044520220000.geojson,cadastre_government_owned_parcels,https://services1.arcgis.com/99lidPhWCzftIe9K/arcgis/rest/services/cadastre_government_owned_parcels/FeatureServer/0/query,2026-09-25
15152010800000,SALT LAKE COUNTY - SALT LAKE COUNTY REAL ESTATE,COUNTY,False,False,0.0,True,R-1-7000,Tax Exempt - Government,readiness/data/geometry/15152010800000.geojson,cadastre_government_owned_parcels,https://services1.arcgis.com/99lidPhWCzftIe9K/arcgis/rest/services/cadastre_government_owned_parcels/FeatureServer/0/query,2026-09-25
15044520320000,SALT LAKE COUNTY - SALT LAKE COUNTY REAL ESTATE,COUNTY,False,False,0.1,False,M-1,Tax Exempt - Government,readiness/data/geometry/15044520320000.geojson,cadastre_government_owned_parcels,https://services1.arcgis.com/99lidPhWCzftIe9K/arcgis/rest/services/cadastre_government_owned_parcels/FeatureServer/0/query,2026-09-25
15152010830000,SALT LAKE COUNTY - SALT LAKE COUNTY REAL ESTATE,COUNTY,False,False,0.5,False,CC,Tax Exempt - Government,readiness/data/geometry/15152010830000.geojson,cadastre_government_owned_parcels,https://services1.arcgis.com/99lidPhWCzftIe9K/arcgis/rest/services/cadastre_government_owned_parcels/FeatureServer/0/query,2026-09-25
15044520340000,SALT LAKE COUNTY,COUNTY,False,False,1.7,False,M-1,Tax Exempt - Government,readiness/data/geometry/15044520340000.geojson,cadastre_government_owned_parcels,https://services1.arcgis.com/99lidPhWCzftIe9K/arcgis/rest/services/cadastre_government_owned_parcels/FeatureServer/0/query,2026-09-25
15152030110000,SALT LAKE COUNTY - REAL ESTATE DEPT # S3200,COUNTY,False,False,0.0,True,R-1-7000,Tax Exempt - Government,readiness/data/geometry/15152030110000.geojson,cadastre_government_owned_parcels,https://services1.arcgis.com/99lidPhWCzftIe9K/arcgis/rest/services/cadastre_government_owned_parcels/FeatureServer/0/query,2026-09-25
15044520360000,SALT LAKE COUNTY,COUNTY,False,False,0.0,True,M-1,Tax Exempt - Government,readiness/data/geometry/15044520360000.geojson,cadastre_government_owned_parcels,https://services1.arcgis.com/99lidPhWCzftIe9K/arcgis/rest/services/cadastre_government_owned_parcels/FeatureServer/0/query,2026-09-25
15152030130000,SALT LAKE COUNTY,COUNTY,False,False,0.0,True,R-1-7000,Tax Exempt - Government,readiness/data/geometry/15152030130000.geojson,cadastre_government_owned_parcels,https://services1.arcgis.com/99lidPhWCzftIe9K/arcgis/rest/services/cadastre_government_owned_parcels/FeatureServer/0/query,2026-09-25
15044520370000,SALT LAKE COUNTY,COUNTY,False,False,0.5,False,M-1,Tax Exempt - Government,readiness/data/geometry/15044520370000.geojson,cadastre_government_owned_parcels,https://services1.arcgis.com/99lidPhWCzftIe9K/arcgis/rest/services/cadastre_government_owned_parcels/FeatureServer/0/query,2026-09-25
15152290170000,BOARD OF EDUCATION OF SALT LAK,SCHOOL_DISTRICT,False,False,3.5,False,PL,Tax Exempt - Government,readiness/data/geometry/15152290170000.geojson,cadastre_government_owned_parcels,https://services1.arcgis.com/99lidPhWCzftIe9K/arcgis/rest/services/cadastre_government_owned_parcels/FeatureServer/0/query,2026-09-25
15044520400000,SALT LAKE COUNTY,COUNTY,False,False,0.0,True,M-1,Tax Exempt - Government,readiness/data/geometry/15044520400000.geojson,cadastre_government_owned_parcels,https://services1.arcgis.com/99lidPhWCzftIe9K/arcgis/rest/services/cadastre_government_owned_parcels/FeatureServer/0/query,2026-09-25
15152290180000,BOARD OF EDUCATION OF SALT LAK,SCHOOL_DISTRICT,False,False,1.5,False,PL,Tax Exempt - Government,readiness/data/geometry/15152290180000.geojson,cadastre_government_owned_parcels,https://services1.arcgis.com/99lidPhWCzftIe9K/arcgis/rest/services/cadastre_government_owned_parcels/FeatureServer/0/query,2026-09-25
15044520410000,SALT LAKE COUNTY - SALT LAKE COUNTY REAL ESTATE,COUNTY,False,False,1.0,False,M-1,Vacant,readiness/data/geometry/15044520410000.geojson,cadastre_government_owned_parcels,https://services1.arcgis.com/99lidPhWCzftIe9K/arcgis/rest/services/cadastre_government_owned_parcels/FeatureServer/0/query,2026-09-25
15152300010000,THE BOARD OF EDUCATION OF SALT,SCHOOL_DISTRICT,False,False,18.4,False,PL,Tax Exempt - Government,readiness/data/geometry/15152300010000.geojson,cadastre_government_owned_parcels,https://services1.arcgis.com/99lidPhWCzftIe9K/arcgis/rest/services/cadastre_government_owned_parcels/FeatureServer/0/query,2026-09-25
15044760120000,"SALT LAKE CITY CORPORATION, - SALT LAKE CITY CORPORATION",CITY,False,False,31.4,False,M-1,Industrial,readiness/data/geometry/15044760120000.geojson,cadastre_government_owned_parcels,https://services1.arcgis.com/99lidPhWCzftIe9K/arcgis/rest/services/cadastre_government_owned_parcels/FeatureServer/0/query,2026-09-25
15152510070000,SALT LAKE COUNTY - REAL ESTATE DEPT # S3200,COUNTY,False,False,0.1,False,CG,Tax Exempt - Government,readiness/data/geometry/15152510070000.geojson,cadastre_government_owned_parcels,https://services1.arcgis.com/99lidPhWCzftIe9K/arcgis/rest/services/cadastre_government_owned_parcels/FeatureServer/0/query,2026-09-25
15044760120000,"SALT LAKE CITY CORPORATION, - SALT LAKE CITY CORPORATION",CITY,False,False,31.4,False,M-1,Industrial,readiness/data/geometry/15044760120000.geojson,cadastre_government_owned_parcels,https://services1.arcgis.com/99lidPhWCzftIe9K/arcgis/rest/services/cadastre_government_owned_parcels/FeatureServer/0/query,2026-09-25
15152530110000,SALT LAKE COUNTY - REAL ESTATE DEPT # S3200,COUNTY,False,False,0.9,False,UNKNOWN,Tax Exempt - Government,readiness/data/geometry/15152530110000.geojson,cadastre_government_owned_parcels,https://services1.arcgis.com/99lidPhWCzftIe9K/arcgis/rest/services/cadastre_government_owned_parcels/FeatureServer/0/query,2026-09-25
15044760120000,"SALT LAKE CITY CORPORATION, - SALT LAKE CITY CORPORATION",CITY,False,False,31.4,False,M-1,Industrial,readiness/data/geometry/15044760120000.geojson,cadastre_government_owned_parcels,https://services1.arcgis.com/99lidPhWCzftIe9K/arcgis/rest/services/cadastre_government_owned_parcels/FeatureServer/0/query,2026-09-25
15152530120000,SALT LAKE COUNTY,COUNTY,False,False,0.4,False,UNKNOWN,Tax Exempt - Government,readiness/data/geometry/15152530120000.geojson,cadastre_government_owned_parcels,https://services1.arcgis.com/99lidPhWCzftIe9K/arcgis/rest/services/cadastre_government_owned_parcels/FeatureServer/0/query,2026-09-25
15045040680000,UTAH DEPARTMENT OF TRANSPORTAT - UDOT RIGHT OF WAY,STATE,True,False,2.1,False,M-1,Vacant,readiness/data/geometry/15045040680000.geojson,cadastre_government_owned_parcels,https://services1.arcgis.com/99lidPhWCzftIe9K/arcgis/rest/services/cadastre_government_owned_parcels/FeatureServer/0/query,2026-09-25
15152530130000,SALT LAKE COUNTY - REAL ESTATE DEPT.,COUNTY,False,False,0.2,False,UNKNOWN,Tax Exempt - Government,readiness/data/geometry/15152530130000.geojson,cadastre_government_owned_parcels,https://services1.arcgis.com/99lidPhWCzftIe9K/arcgis/rest/services/cadastre_government_owned_parcels/FeatureServer/0/query,2026-09-25
15051000030000,SALT LAKE CITY - SALT LAKE CITY CORPORATION,CITY,False,False,40.2,False,AIRPORT,Tax Exempt - Government,readiness/data/geometry/15051000030000.geojson,cadastre_government_owned_parcels,https://services1.arcgis.com/99lidPhWCzftIe9K/arcgis/rest/services/cadastre_government_owned_parcels/FeatureServer/0/query,2026-09-25
15152530140000,SALT LAKE COUNTY - SALT LAKE COUNTY REAL ESTATE,COUNTY,False,False,0.0,True,R-1-7000,Tax Exempt - Government,readiness/data/geometry/15152530140000.geojson,cadastre_government_owned_parcels,https://services1.arcgis.com/99lidPhWCzftIe9K/arcgis/rest/services/cadastre_government_owned_parcels/FeatureServer/0/query,2026-09-25
15051000040000,SALT LAKE CITY - SALT LAKE CITY CORPORATION,CITY,False,False,1.4,False,AIRPORT,Tax Exempt - Government,readiness/data/geometry/15051000040000.geojson,cadastre_government_owned_parcels,https://services1.arcgis.com/99lidPhWCzftIe9K/arcgis/rest/services/cadastre_government_owned_parcels/FeatureServer/0/query,2026-09-25
15152530160000,SALT LAKE COUNTY - SALT LAKE COUNTY REAL ESTATE,COUNTY,False,False,0.0,True,R-1-7000,Tax Exempt - Government,readiness/data/geometry/15152530160000.geojson,cadastre_government_owned_parcels,https://services1.arcgis.com/99lidPhWCzftIe9K/arcgis/rest/services/cadastre_government_owned_parcels/FeatureServer/0/query,2026-09-25
15051000040000,SALT LAKE CITY - SALT LAKE CITY CORPORATION,CITY,False,False,1.4,False,AIRPORT,Tax Exempt - Government,readiness/data/geometry/15051000040000.geojson,cadastre_government_owned_parcels,https://services1.arcgis.com/99lidPhWCzftIe9K/arcgis/rest/services/cadastre_government_owned_parcels/FeatureServer/0/query,2026-09-25
15152530180000,SALT LAKE COUNTY - SALT LAKE COUNTY REAL ESTATE,COUNTY,False,False,0.0,True,R-1-7000,Tax Exempt - Government,readiness/data/geometry/15152530180000.geojson,cadastre_government_owned_parcels,https://services1.arcgis.com/99lidPhWCzftIe9K/arcgis/rest/services/cadastre_government_owned_parcels/FeatureServer/0/query,2026-09-25
15052010010000,SALT LAKE CITY - PROPERTY MANAGEMENT,CITY,False,False,27.4,False,AIRPORT,Tax Exempt - Government,readiness/data/geometry/15052010010000.geojson,cadastre_government_owned_parcels,https://services1.arcgis.com/99lidPhWCzftIe9K/arcgis/rest/services/cadastre_government_owned_parcels/FeatureServer/0/query,2026-09-25
15152530200000,SALT LAKE COUNTY - SALT LAKE COUNTY REAL ESTATE,COUNTY,False,False,0.0,True,R-1-7000,Tax Exempt - Government,readiness/data/geometry/15152530200000.geojson,cadastre_government_owned_parcels,https://services1.arcgis.com/99lidPhWCzftIe9K/arcgis/rest/services/cadastre_government_owned_parcels/FeatureServer/0/query,2026-09-25
15052010010000,SALT LAKE CITY - PROPERTY MANAGEMENT,CITY,False,False,27.4,False,AIRPORT,Tax Exempt - Government,readiness/data/geometry/15052010010000.geojson,cadastre_government_owned_parcels,https://services1.arcgis.com/99lidPhWCzftIe9K/arcgis/rest/services/cadastre_government_owned_parcels/FeatureServer/0/query,2026-09-25
15152530220000,SALT LAKE COUNTY - SALT LAKE COUNTY REAL ESTATE,COUNTY,False,False,0.0,True,R-1-7000,Tax Exempt - Government,readiness/data/geometry/15152530220000.geojson,cadastre_government_owned_parcels,https://services1.arcgis.com/99lidPhWCzftIe9K/arcgis/rest/services/cadastre_government_owned_parcels/FeatureServer/0/query,2026-09-25
15052010020000,SALT LAKE CITY - PROPERTY MANAGEMENT,CITY,False,False,8.3,False,AIRPORT,Tax Exempt - Government,readiness/data/geometry/15052010020000.geojson,cadastre_government_owned_parcels,https://services1.arcgis.com/99lidPhWCzftIe9K/arcgis/rest/services/cadastre_government_owned_parcels/FeatureServer/0/query,2026-09-25
15152530240000,SALT LAKE COUNTY - SALT LAKE COUNTY REAL ESTATE,COUNTY,False,False,0.0,True,R-1-7000,Tax Exempt - Government,readiness/data/geometry/15152530240000.geojson,cadastre_government_owned_parcels,https://services1.arcgis.com/99lidPhWCzftIe9K/arcgis/rest/services/cadastre_government_owned_parcels/FeatureServer/0/query,2026-09-25
15052010040000,SALT LAKE CITY - SALT LAKE CITY CORPORATION,CITY,False,False,11.8,False,AIRPORT,Tax Exempt - Government,readiness/data/geometry/15052010040000.geojson,cadastre_government_owned_parcels,https://services1.arcgis.com/99lidPhWCzftIe9K/arcgis/rest/services/cadastre_government_owned_parcels/FeatureServer/0/query,2026-09-25
15152530260000,SALT LAKE COUNTY - SALT LAKE COUNY REAL ESTATE,COUNTY,False,False,0.0,True,R-1-7000,Tax Exempt - Government,readiness/data/geometry/15152530260000.geojson,cadastre_government_owned_parcels,https://services1.arcgis.com/99lidPhWCzftIe9K/arcgis/rest/services/cadastre_government_owned_parcels/FeatureServer/0/query,2026-09-25
15052010050000,UTAH TRANSIT AUTHORITY - PROPERTY MANAGEMENT,UTA,False,False,1.5,False,AIRPORT,Tax Exempt - Government,readiness/data/geometry/15052010050000.geojson,cadastre_government_owned_parcels,https://services1.arcgis.com/99lidPhWCzftIe9K/arcgis/rest/services/cadastre_government_owned_parcels/FeatureServer/0/query,2026-09-25
15152530280000,SALT LAKE COUNTY - SALT LAKE COUNTY REAL ESTATE,COUNTY,False,False,0.1,False,R-1-7000,Tax Exempt - Government,readiness/data/geometry/15152530280000.geojson,cadastre_government_owned_parcels,https://services1.arcgis.com/99lidPhWCzftIe9K/arcgis/rest/services/cadastre_government_owned_parcels/FeatureServer/0/query,2026-09-25
15052280100000,UTAH TRANSIT AUTHORITY - PROPERTY MANAGEMENT,UTA,False,False,0.1,False,AIRPORT,Tax Exempt - Government,readiness/data/geometry/15052280100000.geojson,cadastre_government_owned_parcels,https://services1.arcgis.com/99lidPhWCzftIe9K/arcgis/rest/services/cadastre_government_owned_parcels/FeatureServer/0/query,2026-09-25
15152530300000,SALT LAKE COUNTY,COUNTY,False,False,0.0,True,R-1-7000,Tax Exempt - Government,readiness/data/geometry/15152530300000.geojson,cadastre_government_owned_parcels,https://services1.arcgis.com/99lidPhWCzftIe9K/arcgis/rest/services/cadastre_government_owned_parcels/FeatureServer/0/query,2026-09-25
15052280110000,STATE ROAD COMMISSION - UDOT,STATE,True,False,0.1,False,AIRPORT,Tax Exempt - Government,readiness/data/geometry/15052280110000.geojson,cadastre_government_owned_parcels,https://services1.arcgis.com/99lidPhWCzftIe9K/arcgis/rest/services/cadastre_government_owned_parcels/FeatureServer/0/query,2026-09-25
15152540140000,SALT LAKE COUNTY - SALT LAKE COUNTY REAL ESTATE,COUNTY,False,False,0.0,True,R-1-7000,Tax Exempt - Government,readiness/data/geometry/15152540140000.geojson,cadastre_government_owned_parcels,https://services1.arcgis.com/99lidPhWCzftIe9K/arcgis/rest/services/cadastre_government_owned_parcels/FeatureServer/0/query,2026-09-25
15052280120000,UTAH TRANSIT AUTHORITY - PROPERTY MANAGEMENT,UTA,False,False,1.1,False,AIRPORT,Tax Exempt - Government,readiness/data/geometry/15052280120000.geojson,cadastre_government_owned_parcels,https://services1.arcgis.com/99lidPhWCzftIe9K/arcgis/rest/services/cadastre_government_owned_parcels/FeatureServer/0/query,2026-09-25
15152600080000,UTAH DEPARTMENT OF TRANSPORTAT - JASON HENLEY,STATE,True,False,0.0,True,UNKNOWN,Tax Exempt - Government,readiness/data/geometry/15152600080000.geojson,cadastre_government_owned_parcels,https://services1.arcgis.com/99lidPhWCzftIe9K/arcgis/rest/services/cadastre_government_owned_parcels/FeatureServer/0/query,2026-09-25
15052280130000,STATE ROAD COMMISSION - UDOT,STATE,True,False,1.2,False,UNKNOWN,Tax Exempt - Government,readiness/data/geometry/15052280130000.geojson,cadastre_government_owned_parcels,https://services1.arcgis.com/99lidPhWCzftIe9K/arcgis/rest/services/cadastre_government_owned_parcels/FeatureServer/0/query,2026-09-25
15152770580000,SALT LAKE COUNTY - SALT LAKE COUNTY REAL ESTATE,COUNTY,False,False,0.0,True,R-1-7000,Tax Exempt - Government,readiness/data/geometry/15152770580000.geojson,cadastre_government_owned_parcels,https://services1.arcgis.com/99lidPhWCzftIe9K/arcgis/rest/services/cadastre_government_owned_parcels/FeatureServer/0/query,2026-09-25
15052280140000,SALT LAKE CITY DEPARTMENT OF A - SALT LAKE CITY CORPORATION,CITY,False,False,47.5,False,UNKNOWN,Tax Exempt - Government,readiness/data/geometry/15052280140000.geojson,cadastre_government_owned_parcels,https://services1.arcgis.com/99lidPhWCzftIe9K/arcgis/rest/services/cadastre_government_owned_parcels/FeatureServer/0/query,2026-09-25
15152790040000,SALT LAKE COUNTY - REAL ESTATE DEPT # S3200,COUNTY,False,False,0.0,True,UNKNOWN,Tax Exempt - Government,readiness/data/geometry/15152790040000.geojson,cadastre_government_owned_parcels,https://services1.arcgis.com/99lidPhWCzftIe9K/arcgis/rest/services/cadastre_government_owned_parcels/FeatureServer/0/query,2026-09-25
15052280140000,SALT LAKE CITY DEPARTMENT OF A - SALT LAKE CITY CORPORATION,CITY,False,False,47.5,False,UNKNOWN,Tax Exempt - Government,readiness/data/geometry/15052280140000.geojson,cadastre_government_owned_parcels,https://services1.arcgis.com/99lidPhWCzftIe9K/arcgis/rest/services/cadastre_government_owned_parcels/FeatureServer/0/query,2026-09-25
15152790120000,SALT LAKE COUNTY - REAL ESTATE DEPT # S3200,COUNTY,False,False,0.9,False,UNKNOWN,Tax Exempt,readiness/data/geometry/15152790120000.geojson,cadastre_government_owned_parcels,https://services1.arcgis.com/99lidPhWCzftIe9K/arcgis/rest/services/cadastre_government_owned_parcels/FeatureServer/0/query,2026-09-25
15052280150000,SALT LAKE CITY DEPARTMENT OF A - SALT LAKE CITY CORPORATION,CITY,False,False,0.0,True,AIRPORT,Tax Exempt - Government,readiness/data/geometry/15052280150000.geojson,cadastre_government_owned_parcels,https://services1.arcgis.com/99lidPhWCzftIe9K/arcgis/rest/services/cadastre_government_owned_parcels/FeatureServer/0/query,2026-09-25
15152790130000,SALT LAKE COUNTY - REAL ESTATE DEPT # S3200,COUNTY,False,False,0.0,True,UNKNOWN,Tax Exempt,readiness/data/geometry/15152790130000.geojson,cadastre_government_owned_parcels,https://services1.arcgis.com/99lidPhWCzftIe9K/arcgis/rest/services/cadastre_government_owned_parcels/FeatureServer/0/query,2026-09-25
15052280160000,SALT LAKE CITY DEPARTMENT OF A - SALT LAKE CITY CORPORATION,CITY,False,False,0.0,True,AIRPORT,Tax Exempt - Government,readiness/data/geometry/15052280160000.geojson,cadastre_government_owned_parcels,https://services1.arcgis.com/99lidPhWCzftIe9K/arcgis/rest/services/cadastre_government_owned_parcels/FeatureServer/0/query,2026-09-25
15152790250000,SALT LAKE COUNTY - SALT LAKE COUNTY REAL ESTATE,COUNTY,False,False,0.0,True,R-1-7000,Tax Exempt - Government,readiness/data/geometry/15152790250000.geojson,cadastre_government_owned_parcels,https://services1.arcgis.com/99lidPhWCzftIe9K/arcgis/rest/services/cadastre_government_owned_parcels/FeatureServer/0/query,2026-09-25
15052280170000,SALT LAKE CITY DEPARTMENT OF A - SALT LAKE CITY CORPORATION,CITY,False,False,0.1,False,AIRPORT,Tax Exempt - Government,readiness/data/geometry/15052280170000.geojson,cadastre_government_owned_parcels,https://services1.arcgis.com/99lidPhWCzftIe9K/arcgis/rest/services/cadastre_government_owned_parcels/FeatureServer/0/query,2026-09-25
15152790270000,SALT LAKE COUNTY - SALT LAKE COUNTY REAL ESTATE,COUNTY,False,False,0.0,True,R-1-7000,Tax Exempt - Government,readiness/data/geometry/15152790270000.geojson,cadastre_government_owned_parcels,https://services1.arcgis.com/99lidPhWCzftIe9K/arcgis/rest/services/cadastre_government_owned_parcels/FeatureServer/0/query,2026-09-25
15152790290000,SALT LAKE COUNTY - SALT LAKE COUNTY REAL ESTATE,COUNTY,False,False,0.0,True,R-1-7000,Tax Exempt - Government,readiness/data/geometry/15152790290000.geojson,cadastre_government_owned_parcels,https://services1.arcgis.com/99lidPhWCzftIe9K/arcgis/rest/services/cadastre_government_owned_parcels/FeatureServer/0/query,2026-09-25
15052760010000,STATE ROAD COMMISSION - UDOT RIGHT OF WAY,STATE,True,False,6.4,False,UNKNOWN,Tax Exempt - Government,readiness/data/geometry/15052760010000.geojson,cadastre_government_owned_parcels,https://services1.arcgis.com/99lidPhWCzftIe9K/arcgis/rest/services/cadastre_government_owned_parcels/FeatureServer/0/query,2026-09-25
15152790310000,SALT LAKE COUNTY - SALT LAKE COUNTY REAL ESTATE,COUNTY,False,False,0.0,True,R-1-7000,Tax Exempt - Government,readiness/data/geometry/15152790310000.geojson,cadastre_government_owned_parcels,https://services1.arcgis.com/99lidPhWCzftIe9K/arcgis/rest/services/cadastre_government_owned_parcels/FeatureServer/0/query,2026-09-25
15052760020000,STATE ROAD COMMISSION - UDOT RIGHT OF WAY,STATE,True,False,13.3,False,UNKNOWN,Tax Exempt - Government,readiness/data/geometry/15052760020000.geojson,cadastre_government_owned_parcels,https://services1.arcgis.com/99lidPhWCzftIe9K/arcgis/rest/services/cadastre_government_owned_parcels/FeatureServer/0/query,2026-09-25
15052760030000,STATE ROAD COMMISSION - UDOT RIGHT OF WAY,STATE,True,False,3.2,False,UNKNOWN,Tax Exempt - Government,readiness/data/geometry/15052760030000.geojson,cadastre_government_owned_parcels,https://services1.arcgis.com/99lidPhWCzftIe9K/arcgis/rest/services/cadastre_government_owned_parcels/FeatureServer/0/query,2026-09-25
15152790330000,SALT LAKE COUNTY - SALT LAKE COUNTY REAL ESTATE,COUNTY,False,False,0.0,True,R-1-7000,Tax Exempt - Government,readiness/data/geometry/15152790330000.geojson,cadastre_government_owned_parcels,https://services1.arcgis.com/99lidPhWCzftIe9K/arcgis/rest/services/cadastre_government_owned_parcels/FeatureServer/0/query,2026-09-25
15052760050000,STATE ROAD COMMISSION - UDOT RIGHT OF WAY,STATE,True,False,2.2,False,M-1,Tax Exempt - Government,readiness/data/geometry/15052760050000.geojson,cadastre_government_owned_parcels,https://services1.arcgis.com/99lidPhWCzftIe9K/arcgis/rest/services/cadastre_government_owned_parcels/FeatureServer/0/query,2026-09-25
15152790350000,SALT LAKE COUNTY - SALT LAKE COUNTY REAL ESTATE,COUNTY,False,False,0.0,True,R-1-7000,Tax Exempt - Government,readiness/data/geometry/15152790350000.geojson,cadastre_government_owned_parcels,https://services1.arcgis.com/99lidPhWCzftIe9K/arcgis/rest/services/cadastre_government_owned_parcels/FeatureServer/0/query,2026-09-25
15052760070000,SALT LAKE CITY DEPARTMENT OF A - SALT LAKE CITY CORPORATION,CITY,False,False,1.3,False,M-1,Tax Exempt - Government,readiness/data/geometry/15052760070000.geojson,cadastre_government_owned_parcels,https://services1.arcgis.com/99lidPhWCzftIe9K/arcgis/rest/services/cadastre_government_owned_parcels/FeatureServer/0/query,2026-09-25
15152790370000,SALT LAKE COUNTY - SALT LAKE COUNTY REAL ESTATE,COUNTY,False,False,0.0,True,R-1-7000,Tax Exempt - Government,readiness/data/geometry/15152790370000.geojson,cadastre_government_owned_parcels,https://services1.arcgis.com/99lidPhWCzftIe9K/arcgis/rest/services/cadastre_government_owned_parcels/FeatureServer/0/query,2026-09-25
15053010020000,UTAH DEPARTMENT OF TRANSPORTAT - UDOT RIGHT OF WAY,STATE,True,False,0.9,False,M-1,Tax Exempt - Government,readiness/data/geometry/15053010020000.geojson,cadastre_government_owned_parcels,https://services1.arcgis.com/99lidPhWCzftIe9K/arcgis/rest/services/cadastre_government_owned_parcels/FeatureServer/0/query,2026-09-25
15152810322000,SALT LAKE CITY CORPORATION,CITY,False,False,0.2,False,R-1-7000,Residential,readiness/data/geometry/15152810322000.geojson,cadastre_government_owned_parcels,https://services1.arcgis.com/99lidPhWCzftIe9K/arcgis/rest/services/cadastre_government_owned_parcels/FeatureServer/0/query,2026-09-25
15053010040000,UTAH DEPARTMENT OF TRANSPORTAT - UDOT RIGHT OF WAY,STATE,True,False,2.5,False,M-1,Tax Exempt - Government,readiness/data/geometry/15053010040000.geojson,cadastre_government_owned_parcels,https://services1.arcgis.com/99lidPhWCzftIe9K/arcgis/rest/services/cadastre_government_owned_parcels/FeatureServer/0/query,2026-09-25
15153270080000,SALT LAKE CITY SCHOOL DIST,SCHOOL_DISTRICT,False,False,7.2,False,CC,Tax Exempt - Government,readiness/data/geometry/15153270080000.geojson,cadastre_government_owned_parcels,https://services1.arcgis.com/99lidPhWCzftIe9K/arcgis/rest/services/cadastre_government_owned_parcels/FeatureServer/0/query,2026-09-25
15053010050000,SALT LAKE CITY - PROPERTY MANAGEMENT,CITY,False,False,17.4,False,M-1,Tax Exempt - Government,readiness/data/geometry/15053010050000.geojson,cadastre_government_owned_parcels,https://services1.arcgis.com/99lidPhWCzftIe9K/arcgis/rest/services/cadastre_government_owned_parcels/FeatureServer/0/query,2026-09-25
15053260010000,SALT LAKE CITY - PROPERTY MANAGEMENT,CITY,False,False,48.9,False,M-1,Tax Exempt - Government,readiness/data/geometry/15053260010000.geojson,cadastre_government_owned_parcels,https://services1.arcgis.com/99lidPhWCzftIe9K/arcgis/rest/services/cadastre_government_owned_parcels/FeatureServer/0/query,2026-09-25
15154000080000,SALT LAKE CITY - PROPERTY MANAGEMENT,CITY,False,False,31.6,False,OS,Commercial,readiness/data/geometry/15154000080000.geojson,cadastre_government_owned_parcels,https://services1.arcgis.com/99lidPhWCzftIe9K/arcgis/rest/services/cadastre_government_owned_parcels/FeatureServer/0/query,2026-09-25
15053260030000,SALT LAKE CITY - PROPERTY MANAGEMENT,CITY,False,False,0.7,False,M-1,Tax Exempt - Government,readiness/data/geometry/15053260030000.geojson,cadastre_government_owned_parcels,https://services1.arcgis.com/99lidPhWCzftIe9K/arcgis/rest/services/cadastre_government_owned_parcels/FeatureServer/0/query,2026-09-25
15154000100000,SALT LAKE CITY - PROPERTY MANAGEMENT,CITY,False,False,27.2,False,OS,Commercial,readiness/data/geometry/15154000100000.geojson,cadastre_government_owned_parcels,https://services1.arcgis.com/99lidPhWCzftIe9K/arcgis/rest/services/cadastre_government_owned_parcels/FeatureServer/0/query,2026-09-25
15053270060000,SALT LAKE COUNTY WATER CONSERV,COUNTY,False,False,1.6,False,M-1,Vacant,readiness/data/geometry/15053270060000.geojson,cadastre_government_owned_parcels,https://services1.arcgis.com/99lidPhWCzftIe9K/arcgis/rest/services/cadastre_government_owned_parcels/FeatureServer/0/query,2026-09-25
15154000110000,SALT LAKE CITY - PROPERTY MANAGEMENT,CITY,False,False,13.2,False,OS,Commercial,readiness/data/geometry/15154000110000.geojson,cadastre_government_owned_parcels,https://services1.arcgis.com/99lidPhWCzftIe9K/arcgis/rest/services/cadastre_government_owned_parcels/FeatureServer/0/query,2026-09-25
15054020160000,SALT LAKE CITY CORPORATION - PUBLIC UTILITIES DEPARTMENT,CITY,False,False,0.2,False,M-1,Tax Exempt - Government,readiness/data/geometry/15054020160000.geojson,cadastre_government_owned_parcels,https://services1.arcgis.com/99lidPhWCzftIe9K/arcgis/rest/services/cadastre_government_owned_parcels/FeatureServer/0/query,2026-09-25
15154000120000,SALT LAKE CITY - PROPERTY MANAGEMENT,CITY,False,False,6.3,False,OS,Commercial,readiness/data/geometry/15154000120000.geojson,cadastre_government_owned_parcels,https://services1.arcgis.com/99lidPhWCzftIe9K/arcgis/rest/services/cadastre_government_owned_parcels/FeatureServer/0/query,2026-09-25
15054260010000,SALT LAKE CITY - PROPERTY MANAGEMENT,CITY,False,False,1.9,False,M-1,Tax Exempt - Government,readiness/data/geometry/15054260010000.geojson,cadastre_government_owned_parcels,https://services1.arcgis.com/99lidPhWCzftIe9K/arcgis/rest/services/cadastre_government_owned_parcels/FeatureServer/0/query,2026-09-25
15154000130000,SALT LAKE CITY - PROPERTY MANAGEMENT,CITY,False,False,13.0,False,OS,Commercial,readiness/data/geometry/15154000130000.geojson,cadastre_government_owned_parcels,https://services1.arcgis.com/99lidPhWCzftIe9K/arcgis/rest/services/cadastre_government_owned_parcels/FeatureServer/0/query,2026-09-25
15054260020000,SALT LAKE CITY - PROPERTY MANAGEMENT,CITY,False,False,1.3,False,M-1,Tax Exempt - Government,readiness/data/geometry/15054260020000.geojson,cadastre_government_owned_parcels,https://services1.arcgis.com/99lidPhWCzftIe9K/arcgis/rest/services/cadastre_government_owned_parcels/FeatureServer/0/query,2026-09-25
15154000140000,SALT LAKE CITY CORP - PROPERTY MANAGEMENT,CITY,False,False,12.0,False,OS,Commercial,readiness/data/geometry/15154000140000.geojson,cadastre_government_owned_parcels,https://services1.arcgis.com/99lidPhWCzftIe9K/arcgis/rest/services/cadastre_government_owned_parcels/FeatureServer/0/query,2026-09-25
15054260050000,UTAH DEPT OF TRANSPORTATION - UDOT RIGHT OF WAY,STATE,True,False,1.4,False,M-1,Tax Exempt - Government,readiness/data/geometry/15054260050000.geojson,cadastre_government_owned_parcels,https://services1.arcgis.com/99lidPhWCzftIe9K/arcgis/rest/services/cadastre_government_owned_parcels/FeatureServer/0/query,2026-09-25
15154000150000,SALT LAKE CITY CORP - PROPERTY MANAGEMENT,CITY,False,False,10.0,False,OS,Commercial,readiness/data/geometry/15154000150000.geojson,cadastre_government_owned_parcels,https://services1.arcgis.com/99lidPhWCzftIe9K/arcgis/rest/services/cadastre_government_owned_parcels/FeatureServer/0/query,2026-09-25
15054270070000,SALT LAKE CITY DEPARTMENT OF A - SALT LAKE CITY CORPORATION,CITY,False,False,3.4,False,UNKNOWN,Tax Exempt - Government,readiness/data/geometry/15054270070000.geojson,cadastre_government_owned_parcels,https://services1.arcgis.com/99lidPhWCzftIe9K/arcgis/rest/services/cadastre_government_owned_parcels/FeatureServer/0/query,2026-09-25
15154000530000,SALT LAKE CITY CORPORATION - REAL ESTATE SERVICES,CITY,False,False,9.0,False,OS,Commercial,readiness/data/geometry/15154000530000.geojson,cadastre_government_owned_parcels,https://services1.arcgis.com/99lidPhWCzftIe9K/arcgis/rest/services/cadastre_government_owned_parcels/FeatureServer/0/query,2026-09-25
15054270080000,SALT LAKE CITY DEPARTMENT OF A - SALT LAKE CITY CORPORATION,CITY,False,False,0.1,False,UNKNOWN,Tax Exempt - Government,readiness/data/geometry/15054270080000.geojson,cadastre_government_owned_parcels,https://services1.arcgis.com/99lidPhWCzftIe9K/arcgis/rest/services/cadastre_government_owned_parcels/FeatureServer/0/query,2026-09-25
15161000140000,SALT LAKE COUNTY,COUNTY,False,False,0.7,False,M-1,Tax Exempt - Government,readiness/data/geometry/15161000140000.geojson,cadastre_government_owned_parcels,https://services1.arcgis.com/99lidPhWCzftIe9K/arcgis/rest/services/cadastre_government_owned_parcels/FeatureServer/0/query,2026-09-25
15054290030000,SALT LAKE CITY CORPORATION - PROPERTY MANAGEMENT,CITY,False,False,0.2,False,UNKNOWN,Tax Exempt - Government,readiness/data/geometry/15054290030000.geojson,cadastre_government_owned_parcels,https://services1.arcgis.com/99lidPhWCzftIe9K/arcgis/rest/services/cadastre_government_owned_parcels/FeatureServer/0/query,2026-09-25
15161000440000,SALT LAKE CITY - PROPERTY MANAGEMENT,CITY,False,False,0.5,False,M-1,Commercial,readiness/data/geometry/15161000440000.geojson,cadastre_government_owned_parcels,https://services1.arcgis.com/99lidPhWCzftIe9K/arcgis/rest/services/cadastre_government_owned_parcels/FeatureServer/0/query,2026-09-25
15054510220000,SALT LAKE CITY CORP - SALT LAKE CITY CORPORATION,CITY,False,False,1.1,False,M-2,Tax Exempt - Government,readiness/data/geometry/15054510220000.geojson,cadastre_government_owned_parcels,https://services1.arcgis.com/99lidPhWCzftIe9K/arcgis/rest/services/cadastre_government_owned_parcels/FeatureServer/0/query,2026-09-25
15161000450000,SALT LAKE CITY CORPORATION - PROPERTY MANAGEMENT,CITY,False,False,0.2,False,M-1,Tax Exempt - Government,readiness/data/geometry/15161000450000.geojson,cadastre_government_owned_parcels,https://services1.arcgis.com/99lidPhWCzftIe9K/arcgis/rest/services/cadastre_government_owned_parcels/FeatureServer/0/query,2026-09-25
15054510370000,SALT LAKE CITY CORPORATION - PROPERTY MANAGEMENT,CITY,False,False,0.1,False,M-2,Vacant,readiness/data/geometry/15054510370000.geojson,cadastre_government_owned_parcels,https://services1.arcgis.com/99lidPhWCzftIe9K/arcgis/rest/services/cadastre_government_owned_parcels/FeatureServer/0/query,2026-09-25
15161000480000,SALT LAKE COUNTY,COUNTY,False,False,0.9,False,M-1,Tax Exempt - Government,readiness/data/geometry/15161000480000.geojson,cadastre_government_owned_parcels,https://services1.arcgis.com/99lidPhWCzftIe9K/arcgis/rest/services/cadastre_government_owned_parcels/FeatureServer/0/query,2026-09-25
15055020010000,SALT LAKE CITY - PROPERTY MANAGEMENT,CITY,False,False,1.4,False,M-1,Tax Exempt - Government,readiness/data/geometry/15055020010000.geojson,cadastre_government_owned_parcels,https://services1.arcgis.com/99lidPhWCzftIe9K/arcgis/rest/services/cadastre_government_owned_parcels/FeatureServer/0/query,2026-09-25
15162000250000,UTAH DEPARTMENT OF TRANSPORTAT - UDOT RIGHT OF WAY,STATE,True,False,2.4,False,UNKNOWN,Tax Exempt - Government,readiness/data/geometry/15162000250000.geojson,cadastre_government_owned_parcels,https://services1.arcgis.com/99lidPhWCzftIe9K/arcgis/rest/services/cadastre_government_owned_parcels/FeatureServer/0/query,2026-09-25
15055040320000,UTAH DEPARTMENT OF TRANSPORTAT - UDOT RIGHT OF WAY,STATE,True,False,0.3,False,UNKNOWN,Tax Exempt - Government,readiness/data/geometry/15055040320000.geojson,cadastre_government_owned_parcels,https://services1.arcgis.com/99lidPhWCzftIe9K/arcgis/rest/services/cadastre_government_owned_parcels/FeatureServer/0/query,2026-09-25
15162000380000,SALT LAKE CITY CORPORATION - PROPERTY MANAGEMENT,CITY,False,False,0.3,False,M-1,Tax Exempt - Government,readiness/data/geometry/15162000380000.geojson,cadastre_government_owned_parcels,https://services1.arcgis.com/99lidPhWCzftIe9K/arcgis/rest/services/cadastre_government_owned_parcels/FeatureServer/0/query,2026-09-25
15162000400000,UTAH DEPARTMENT OF TRANSPORTAT - UDOT RIGHT OF WAY,STATE,True,False,2.0,False,M-1,Tax Exempt - Government,readiness/data/geometry/15162000400000.geojson,cadastre_government_owned_parcels,https://services1.arcgis.com/99lidPhWCzftIe9K/arcgis/rest/services/cadastre_government_owned_parcels/FeatureServer/0/query,2026-09-25
15061000030000,SALT LAKE CITY CORP - PROPERTY MANAGEMENT,CITY,False,False,225.7,False,M-1,Tax Exempt - Government,readiness/data/geometry/15061000030000.geojson,cadastre_government_owned_parcels,https://services1.arcgis.com/99lidPhWCzftIe9K/arcgis/rest/services/cadastre_government_owned_parcels/FeatureServer/0/query,2026-09-25
15162000480000,SALT LAKE CITY CORPORATION - REAL ESTATE SERVICES,CITY,False,False,0.1,False,M-1,Tax Exempt - Government,readiness/data/geometry/15162000480000.geojson,cadastre_government_owned_parcels,https://services1.arcgis.com/99lidPhWCzftIe9K/arcgis/rest/services/cadastre_government_owned_parcels/FeatureServer/0/query,2026-09-25
15061000030000,SALT LAKE CITY CORP - PROPERTY MANAGEMENT,CITY,False,False,225.7,False,M-1,Tax Exempt - Government,readiness/data/geometry/15061000030000.geojson,cadastre_government_owned_parcels,https://services1.arcgis.com/99lidPhWCzftIe9K/arcgis/rest/services/cadastre_government_owned_parcels/FeatureServer/0/query,2026-09-25
15162010180000,SALT LAKE CITY CORPORATION - PROPERTY MANAGEMENT,CITY,False,False,0.1,False,UNKNOWN,Tax Exempt - Government,readiness/data/geometry/15162010180000.geojson,cadastre_government_owned_parcels,https://services1.arcgis.com/99lidPhWCzftIe9K/arcgis/rest/services/cadastre_government_owned_parcels/FeatureServer/0/query,2026-09-25
15062000020000,SALT LAKE CITY - PROPERTY MANAGEMENT,CITY,False,False,22.6,False,AIRPORT,Tax Exempt - Government,readiness/data/geometry/15062000020000.geojson,cadastre_government_owned_parcels,https://services1.arcgis.com/99lidPhWCzftIe9K/arcgis/rest/services/cadastre_government_owned_parcels/FeatureServer/0/query,2026-09-25
15162010260000,SALT LAKE CITY CORPORATION - REAL ESTATE SERVICES,CITY,False,False,0.1,False,UNKNOWN,Tax Exempt - Government,readiness/data/geometry/15162010260000.geojson,cadastre_government_owned_parcels,https://services1.arcgis.com/99lidPhWCzftIe9K/arcgis/rest/services/cadastre_government_owned_parcels/FeatureServer/0/query,2026-09-25
15062000030000,SALT LAKE CITY - PROPERTY MANAGEMENT,CITY,False,False,15.3,False,M-1,Tax Exempt - Government,readiness/data/geometry/15062000030000.geojson,cadastre_government_owned_parcels,https://services1.arcgis.com/99lidPhWCzftIe9K/arcgis/rest/services/cadastre_government_owned_parcels/FeatureServer/0/query,2026-09-25
15163000040000,UDOT - UDOT RIGHT OF WAY,STATE,True,False,10.2,False,M-1,Commercial,readiness/data/geometry/15163000040000.geojson,cadastre_government_owned_parcels,https://services1.arcgis.com/99lidPhWCzftIe9K/arcgis/rest/services/cadastre_government_owned_parcels/FeatureServer/0/query,2026-09-25
15062000050000,SALT LAKE CITY - PROPERTY MANAGEMENT,CITY,False,False,20.3,False,M-1,Tax Exempt - Government,readiness/data/geometry/15062000050000.geojson,cadastre_government_owned_parcels,https://services1.arcgis.com/99lidPhWCzftIe9K/arcgis/rest/services/cadastre_government_owned_parcels/FeatureServer/0/query,2026-09-25
15163000050000,STATE ROAD COMMISSION OF UTAH - UDOT RIGHT OF WAY,STATE,True,False,10.0,False,M-1,Tax Exempt - Government,readiness/data/geometry/15163000050000.geojson,cadastre_government_owned_parcels,https://services1.arcgis.com/99lidPhWCzftIe9K/arcgis/rest/services/cadastre_government_owned_parcels/FeatureServer/0/query,2026-09-25
15163000200000,SALT LAKE CITY CORPORATION - PROPERTY MANAGEMENT,CITY,False,False,0.8,False,M-1,Tax Exempt - Government,readiness/data/geometry/15163000200000.geojson,cadastre_government_owned_parcels,https://services1.arcgis.com/99lidPhWCzftIe9K/arcgis/rest/services/cadastre_government_owned_parcels/FeatureServer/0/query,2026-09-25
15062000070000,SALT LAKE CITY CORP - SALT LAKE CITY CORPORATION,CITY,False,False,47.1,False,AIRPORT,Tax Exempt - Government,readiness/data/geometry/15062000070000.geojson,cadastre_government_owned_parcels,https://services1.arcgis.com/99lidPhWCzftIe9K/arcgis/rest/services/cadastre_government_owned_parcels/FeatureServer/0/query,2026-09-25
15164270070000,SALT LAKE COUNTY - REAL ESTATE DEPT #S3200,COUNTY,False,False,0.6,False,M-1,Tax Exempt - Government,readiness/data/geometry/15164270070000.geojson,cadastre_government_owned_parcels,https://services1.arcgis.com/99lidPhWCzftIe9K/arcgis/rest/services/cadastre_government_owned_parcels/FeatureServer/0/query,2026-09-25
15064000050000,UTAH DEPARTMENT OF TRANSPORTAT - UDOT RIGHT OF WAY,STATE,True,False,3.6,False,M-1,Tax Exempt - Government,readiness/data/geometry/15064000050000.geojson,cadastre_government_owned_parcels,https://services1.arcgis.com/99lidPhWCzftIe9K/arcgis/rest/services/cadastre_government_owned_parcels/FeatureServer/0/query,2026-09-25
15171000040000,UTAH DEPARTMENT OF TRANSPORTAT - UDOT RIGHT OF WAY,STATE,True,False,2.9,False,M-1,Tax Exempt - Government,readiness/data/geometry/15171000040000.geojson,cadastre_government_owned_parcels,https://services1.arcgis.com/99lidPhWCzftIe9K/arcgis/rest/services/cadastre_government_owned_parcels/FeatureServer/0/query,2026-09-25
15064000050000,UTAH DEPARTMENT OF TRANSPORTAT - UDOT RIGHT OF WAY,STATE,True,False,3.6,False,M-1,Tax Exempt - Government,readiness/data/geometry/15064000050000.geojson,cadastre_government_owned_parcels,https://services1.arcgis.com/99lidPhWCzftIe9K/arcgis/rest/services/cadastre_government_owned_parcels/FeatureServer/0/query,2026-09-25
15171000080000,SALT LAKE CITY CORPORATION,CITY,False,False,6.8,False,M-1,Tax Exempt - Government,readiness/data/geometry/15171000080000.geojson,cadastre_government_owned_parcels,https://services1.arcgis.com/99lidPhWCzftIe9K/arcgis/rest/services/cadastre_government_owned_parcels/FeatureServer/0/query,2026-09-25
15172760020000,SALT LAKE CITY CORP - KARRYN GREENLEAF,CITY,False,False,0.3,False,M-1,Tax Exempt - Government,readiness/data/geometry/15172760020000.geojson,cadastre_government_owned_parcels,https://services1.arcgis.com/99lidPhWCzftIe9K/arcgis/rest/services/cadastre_government_owned_parcels/FeatureServer/0/query,2026-09-25
15064000070000,SALT LAKE CITY CORPORATION - PROPERTY MANAGEMENT,CITY,False,False,42.7,False,M-1,Vacant,readiness/data/geometry/15064000070000.geojson,cadastre_government_owned_parcels,https://services1.arcgis.com/99lidPhWCzftIe9K/arcgis/rest/services/cadastre_government_owned_parcels/FeatureServer/0/query,2026-09-25
15172760030000,SALT LAKE CITY CORP - KARRYN GREENLEAF,CITY,False,False,0.1,False,M-1,Vacant,readiness/data/geometry/15172760030000.geojson,cadastre_government_owned_parcels,https://services1.arcgis.com/99lidPhWCzftIe9K/arcgis/rest/services/cadastre_government_owned_parcels/FeatureServer/0/query,2026-09-25
15064000080000,SALT LAKE CITY CORPORATION - PROPERTY MANAGEMENT,CITY,False,False,26.8,False,M-1,Tax Exempt - Government,readiness/data/geometry/15064000080000.geojson,cadastre_government_owned_parcels,https://services1.arcgis.com/99lidPhWCzftIe9K/arcgis/rest/services/cadastre_government_owned_parcels/FeatureServer/0/query,2026-09-25
15173000080000,SALT LAKE COUNTY - REAL ESTATE DEPT # S3200,COUNTY,False,False,0.1,False,M-1,Tax Exempt - Government,readiness/data/geometry/15173000080000.geojson,cadastre_government_owned_parcels,https://services1.arcgis.com/99lidPhWCzftIe9K/arcgis/rest/services/cadastre_government_owned_parcels/FeatureServer/0/query,2026-09-25
15064000090000,SALT LAKE CITY CORPORATION - PROPERTY MANAGEMENT,CITY,False,False,4.5,False,M-1,Commercial,readiness/data/geometry/15064000090000.geojson,cadastre_government_owned_parcels,https://services1.arcgis.com/99lidPhWCzftIe9K/arcgis/rest/services/cadastre_government_owned_parcels/FeatureServer/0/query,2026-09-25
15181010100000,SALT LAKE CITY CORP,CITY,False,False,3.1,False,M-1,Tax Exempt - Government,readiness/data/geometry/15181010100000.geojson,cadastre_government_owned_parcels,https://services1.arcgis.com/99lidPhWCzftIe9K/arcgis/rest/services/cadastre_government_owned_parcels/FeatureServer/0/query,2026-09-25
15064000140000,SALT LAKE CITY CORPORATION - PROPERTY MANAGEMENT,CITY,False,False,7.0,False,M-1,Tax Exempt - Government,readiness/data/geometry/15064000140000.geojson,cadastre_government_owned_parcels,https://services1.arcgis.com/99lidPhWCzftIe9K/arcgis/rest/services/cadastre_government_owned_parcels/FeatureServer/0/query,2026-09-25
15182000090000,SALT LAKE COUNTY - REAL ESTATE DEPT # S3200,COUNTY,False,False,0.3,False,UNKNOWN,Tax Exempt - Government,readiness/data/geometry/15182000090000.geojson,cadastre_government_owned_parcels,https://services1.arcgis.com/99lidPhWCzftIe9K/arcgis/rest/services/cadastre_government_owned_parcels/FeatureServer/0/query,2026-09-25
15074760010000,UTAH DEPARTMENT OF TRANSPORTAT,STATE,True,False,5.4,False,M-1,Tax Exempt - Government,readiness/data/geometry/15074760010000.geojson,cadastre_government_owned_parcels,https://services1.arcgis.com/99lidPhWCzftIe9K/arcgis/rest/services/cadastre_government_owned_parcels/FeatureServer/0/query,2026-09-25
15182000100000,SALT LAKE COUNTY - REAL ESTATE DEPT # S3200,COUNTY,False,False,0.0,True,UNKNOWN,Tax Exempt - Government,readiness/data/geometry/15182000100000.geojson,cadastre_government_owned_parcels,https://services1.arcgis.com/99lidPhWCzftIe9K/arcgis/rest/services/cadastre_government_owned_parcels/FeatureServer/0/query,2026-09-25
15081000010000,SALT LAKE COUNTY - REAL ESTATE DEPT # S3200,COUNTY,False,False,1.7,False,UNKNOWN,Tax Exempt - Government,readiness/data/geometry/15081000010000.geojson,cadastre_government_owned_parcels,https://services1.arcgis.com/99lidPhWCzftIe9K/arcgis/rest/services/cadastre_government_owned_parcels/FeatureServer/0/query,2026-09-25
15182020100000,SALT LAKE CITY CORPORATION,CITY,False,False,0.4,False,M-1,Tax Exempt - Government,readiness/data/geometry/15182020100000.geojson,cadastre_government_owned_parcels,https://services1.arcgis.com/99lidPhWCzftIe9K/arcgis/rest/services/cadastre_government_owned_parcels/FeatureServer/0/query,2026-09-25
15081010030000,SALT LAKE CITY CORPORATION,CITY,False,False,10.8,False,UNKNOWN,Tax Exempt - Government,readiness/data/geometry/15081010030000.geojson,cadastre_government_owned_parcels,https://services1.arcgis.com/99lidPhWCzftIe9K/arcgis/rest/services/cadastre_government_owned_parcels/FeatureServer/0/query,2026-09-25
15182510100000,SALT LAKE COUNTY - REAL ESTATE DEPT # S3200,COUNTY,False,False,0.1,False,M-1,Tax Exempt - Government,readiness/data/geometry/15182510100000.geojson,cadastre_government_owned_parcels,https://services1.arcgis.com/99lidPhWCzftIe9K/arcgis/rest/services/cadastre_government_owned_parcels/FeatureServer/0/query,2026-09-25
15082510110000,SALT LAKE CITY CORP - PROPERTY MANAGEMENT,CITY,False,False,1.0,False,UNKNOWN,Residential,readiness/data/geometry/15082510110000.geojson,cadastre_government_owned_parcels,https://services1.arcgis.com/99lidPhWCzftIe9K/arcgis/rest/services/cadastre_government_owned_parcels/FeatureServer/0/query,2026-09-25
15184260050000,"UTAH DEPARTMENT OF TRANSPORTAT - RIGHT OF WAY, FOURTH FLOOR",STATE,True,False,8.8,False,UNKNOWN,Tax Exempt - Government,readiness/data/geometry/15184260050000.geojson,cadastre_government_owned_parcels,https://services1.arcgis.com/99lidPhWCzftIe9K/arcgis/rest/services/cadastre_government_owned_parcels/FeatureServer/0/query,2026-09-25
15082510350000,SALT LAKE CITY CORPORATION,CITY,False,False,0.0,True,UNKNOWN,Tax Exempt - Government,readiness/data/geometry/15082510350000.geojson,cadastre_government_owned_parcels,https://services1.arcgis.com/99lidPhWCzftIe9K/arcgis/rest/services/cadastre_government_owned_parcels/FeatureServer/0/query,2026-09-25
15083000050000,SALT LAKE COUNTY - REAL ESTATE DEPT # S3200,COUNTY,False,False,0.2,False,UNKNOWN,Tax Exempt - Government,readiness/data/geometry/15083000050000.geojson,cadastre_government_owned_parcels,https://services1.arcgis.com/99lidPhWCzftIe9K/arcgis/rest/services/cadastre_government_owned_parcels/FeatureServer/0/query,2026-09-25
15083000060000,SALT LAKE COUNTY - REAL ESTATE DEPT # S3200,COUNTY,False,False,0.1,False,UNKNOWN,Tax Exempt - Government,readiness/data/geometry/15083000060000.geojson,cadastre_government_owned_parcels,https://services1.arcgis.com/99lidPhWCzftIe9K/arcgis/rest/services/cadastre_government_owned_parcels/FeatureServer/0/query,2026-09-25
15083010020000,SALT LAKE CITY CORPORATION,CITY,False,False,1.9,False,UNKNOWN,Tax Exempt - Government,readiness/data/geometry/15083010020000.geojson,cadastre_government_owned_parcels,https://services1.arcgis.com/99lidPhWCzftIe9K/arcgis/rest/services/cadastre_government_owned_parcels/FeatureServer/0/query,2026-09-25
15083510020000,SALT LAKE CITY CORPORATION - PROPERTY MANAGEMENT,CITY,False,False,0.2,False,M-1,Tax Exempt - Government,readiness/data/geometry/15083510020000.geojson,cadastre_government_owned_parcels,https://services1.arcgis.com/99lidPhWCzftIe9K/arcgis/rest/services/cadastre_government_owned_parcels/FeatureServer/0/query,2026-09-25
15083770060000,SALT LAKE CITY CORPORATION - REAL ESTATE SERVICES,CITY,False,False,1.4,False,UNKNOWN,Tax Exempt - Government,readiness/data/geometry/15083770060000.geojson,cadastre_government_owned_parcels,https://services1.arcgis.com/99lidPhWCzftIe9K/arcgis/rest/services/cadastre_government_owned_parcels/FeatureServer/0/query,2026-09-25
15091510080000,SALT LAKE CITY CORPORATION,CITY,False,False,0.1,False,M-2,Tax Exempt - Government,readiness/data/geometry/15091510080000.geojson,cadastre_government_owned_parcels,https://services1.arcgis.com/99lidPhWCzftIe9K/arcgis/rest/services/cadastre_government_owned_parcels/FeatureServer/0/query,2026-09-25
15091520120000,SALT LAKE CITY CORPORATION,CITY,False,False,0.1,False,M-1,Tax Exempt - Government,readiness/data/geometry/15091520120000.geojson,cadastre_government_owned_parcels,https://services1.arcgis.com/99lidPhWCzftIe9K/arcgis/rest/services/cadastre_government_owned_parcels/FeatureServer/0/query,2026-09-25
15091760090000,SALT LAKE CITY CORPORATION,CITY,False,False,0.1,False,M-2,Tax Exempt - Government,readiness/data/geometry/15091760090000.geojson,cadastre_government_owned_parcels,https://services1.arcgis.com/99lidPhWCzftIe9K/arcgis/rest/services/cadastre_government_owned_parcels/FeatureServer/0/query,2026-09-25
15091760110000,SALT LAKE CITY CORPORATION,CITY,False,False,0.1,False,M-2,Tax Exempt - Government,readiness/data/geometry/15091760110000.geojson,cadastre_government_owned_parcels,https://services1.arcgis.com/99lidPhWCzftIe9K/arcgis/rest/services/cadastre_government_owned_parcels/FeatureServer/0/query,2026-09-25
15091760130000,SALT LAKE CITY CORPORATION,CITY,False,False,0.1,False,M-2,Tax Exempt - Government,readiness/data/geometry/15091760130000.geojson,cadastre_government_owned_parcels,https://services1.arcgis.com/99lidPhWCzftIe9K/arcgis/rest/services/cadastre_government_owned_parcels/FeatureServer/0/query,2026-09-25
15092010050000,SALT LAKE COUNTY,COUNTY,False,False,1.0,False,M-2,Tax Exempt - Government,readiness/data/geometry/15092010050000.geojson,cadastre_government_owned_parcels,https://services1.arcgis.com/99lidPhWCzftIe9K/arcgis/rest/services/cadastre_government_owned_parcels/FeatureServer/0/query,2026-09-25
15092010070000,SALT LAKE COUNTY,COUNTY,False,False,2.7,False,M-1,Vacant,readiness/data/geometry/15092010070000.geojson,cadastre_government_owned_parcels,https://services1.arcgis.com/99lidPhWCzftIe9K/arcgis/rest/services/cadastre_government_owned_parcels/FeatureServer/0/query,2026-09-25
15092010070000,SALT LAKE COUNTY,COUNTY,False,False,2.7,False,M-1,Vacant,readiness/data/geometry/15092010070000.geojson,cadastre_government_owned_parcels,https://services1.arcgis.com/99lidPhWCzftIe9K/arcgis/rest/services/cadastre_government_owned_parcels/FeatureServer/0/query,2026-09-25
15092020010000,SALT LAKE COUNTY - REAL ESTATE DEPT # S3200,COUNTY,False,False,0.1,False,M-1,Vacant,readiness/data/geometry/15092020010000.geojson,cadastre_government_owned_parcels,https://services1.arcgis.com/99lidPhWCzftIe9K/arcgis/rest/services/cadastre_government_owned_parcels/FeatureServer/0/query,2026-09-25
15092020030000,SALT LAKE COUNTY - REAL ESTATE DEPT # S3200,COUNTY,False,False,0.7,False,M-1,Vacant,readiness/data/geometry/15092020030000.geojson,cadastre_government_owned_parcels,https://services1.arcgis.com/99lidPhWCzftIe9K/arcgis/rest/services/cadastre_government_owned_parcels/FeatureServer/0/query,2026-09-25
15092040040000,SALT LAKE COUNTY - REAL ESTATE DEPT # S3200,COUNTY,False,False,0.1,False,UNKNOWN,Tax Exempt - Government,readiness/data/geometry/15092040040000.geojson,cadastre_government_owned_parcels,https://services1.arcgis.com/99lidPhWCzftIe9K/arcgis/rest/services/cadastre_government_owned_parcels/FeatureServer/0/query,2026-09-25
15092040050000,SALT LAKE COUNTY - REAL ESTATE DEPT # S3200,COUNTY,False,False,0.1,False,UNKNOWN,Vacant,readiness/data/geometry/15092040050000.geojson,cadastre_government_owned_parcels,https://services1.arcgis.com/99lidPhWCzftIe9K/arcgis/rest/services/cadastre_government_owned_parcels/FeatureServer/0/query,2026-09-25
15092050010000,SALT LAKE COUNTY - REAL ESTATE DEPT # S3200,COUNTY,False,False,0.5,False,M-1,Vacant,readiness/data/geometry/15092050010000.geojson,cadastre_government_owned_parcels,https://services1.arcgis.com/99lidPhWCzftIe9K/arcgis/rest/services/cadastre_government_owned_parcels/FeatureServer/0/query,2026-09-25
15092050010000,SALT LAKE COUNTY - REAL ESTATE DEPT # S3200,COUNTY,False,False,0.5,False,M-1,Vacant,readiness/data/geometry/15092050010000.geojson,cadastre_government_owned_parcels,https://services1.arcgis.com/99lidPhWCzftIe9K/arcgis/rest/services/cadastre_government_owned_parcels/FeatureServer/0/query,2026-09-25
15092050010000,SALT LAKE COUNTY - REAL ESTATE DEPT # S3200,COUNTY,False,False,0.5,False,M-1,Vacant,readiness/data/geometry/15092050010000.geojson,cadastre_government_owned_parcels,https://services1.arcgis.com/99lidPhWCzftIe9K/arcgis/rest/services/cadastre_government_owned_parcels/FeatureServer/0/query,2026-09-25
15092050030000,SALT LAKE COUNTY - REAL ESTATE DEPT # S3200,COUNTY,False,False,0.1,False,M-1,Vacant,readiness/data/geometry/15092050030000.geojson,cadastre_government_owned_parcels,https://services1.arcgis.com/99lidPhWCzftIe9K/arcgis/rest/services/cadastre_government_owned_parcels/FeatureServer/0/query,2026-09-25
15092050050000,SALT LAKE COUNTY - REAL ESTATE DEPT # S3200,COUNTY,False,False,1.0,False,M-1,Vacant,readiness/data/geometry/15092050050000.geojson,cadastre_government_owned_parcels,https://services1.arcgis.com/99lidPhWCzftIe9K/arcgis/rest/services/cadastre_government_owned_parcels/FeatureServer/0/query,2026-09-25
15092260020000,SALT LAKE CITY - PROPERTY MANAGEMENT,CITY,False,False,5.0,False,M-1,Vacant,readiness/data/geometry/15092260020000.geojson,cadastre_government_owned_parcels,https://services1.arcgis.com/99lidPhWCzftIe9K/arcgis/rest/services/cadastre_government_owned_parcels/FeatureServer/0/query,2026-09-25
15092260030000,SALT LAKE CITY CORP - PROPERTY MANAGEMENT,CITY,False,False,6.8,False,M-1,Vacant,readiness/data/geometry/15092260030000.geojson,cadastre_government_owned_parcels,https://services1.arcgis.com/99lidPhWCzftIe9K/arcgis/rest/services/cadastre_government_owned_parcels/FeatureServer/0/query,2026-09-25
15092260040000,SALT LAKE CITY CORP - PROPERTY MANAGEMENT,CITY,False,False,9.1,False,M-1,Vacant,readiness/data/geometry/15092260040000.geojson,cadastre_government_owned_parcels,https://services1.arcgis.com/99lidPhWCzftIe9K/arcgis/rest/services/cadastre_government_owned_parcels/FeatureServer/0/query,2026-09-25
15092760070000,SALT LAKE CITY CORPORATION - MATT WILLIAMS,CITY,False,False,2.3,False,M-1,Tax Exempt - Government,readiness/data/geometry/15092760070000.geojson,cadastre_government_owned_parcels,https://services1.arcgis.com/99lidPhWCzftIe9K/arcgis/rest/services/cadastre_government_owned_parcels/FeatureServer/0/query,2026-09-25
15094000180000,"STATE OF UTAH, DEPT OF ADMIN S",STATE,True,False,1.2,False,M-1,Tax Exempt - Government,readiness/data/geometry/15094000180000.geojson,cadastre_government_owned_parcels,https://services1.arcgis.com/99lidPhWCzftIe9K/arcgis/rest/services/cadastre_government_owned_parcels/FeatureServer/0/query,2026-09-25
15094000450000,SALT LAKE CITY - PROPERTY MANAGEMENT,CITY,False,False,2.1,False,M-1,Vacant,readiness/data/geometry/15094000450000.geojson,cadastre_government_owned_parcels,https://services1.arcgis.com/99lidPhWCzftIe9K/arcgis/rest/services/cadastre_government_owned_parcels/FeatureServer/0/query,2026-09-25
15094000460000,UTAH DEPARTMENT OF TRANSPORTAT - UDOT RIGHT OF WAY,STATE,True,False,1.0,False,M-1,Vacant,readiness/data/geometry/15094000460000.geojson,cadastre_government_owned_parcels,https://services1.arcgis.com/99lidPhWCzftIe9K/arcgis/rest/services/cadastre_government_owned_parcels/FeatureServer/0/query,2026-09-25
15094001030000,SALT LAKE CITY - PROPERTY MANAGEMENT,CITY,False,False,0.3,False,UNKNOWN,Tax Exempt - Government,readiness/data/geometry/15094001030000.geojson,cadastre_government_owned_parcels,https://services1.arcgis.com/99lidPhWCzftIe9K/arcgis/rest/services/cadastre_government_owned_parcels/FeatureServer/0/query,2026-09-25
15101010010000,SALT LAKE CITY CORP - PROPERTY MANAGEMENT,CITY,False,False,45.1,False,PL,Commercial - Apartment & Condo,readiness/data/geometry/15101010010000.geojson,cadastre_government_owned_parcels,https://services1.arcgis.com/99lidPhWCzftIe9K/arcgis/rest/services/cadastre_government_owned_parcels/FeatureServer/0/query,2026-09-25
15101510230000,SALT LAKE CITY CORP - PROPERTY MANAGEMENT,CITY,False,False,0.6,False,M-1,Tax Exempt - Government,readiness/data/geometry/15101510230000.geojson,cadastre_government_owned_parcels,https://services1.arcgis.com/99lidPhWCzftIe9K/arcgis/rest/services/cadastre_government_owned_parcels/FeatureServer/0/query,2026-09-25
15101510230000,SALT LAKE CITY CORP - PROPERTY MANAGEMENT,CITY,False,False,0.6,False,M-1,Tax Exempt - Government,readiness/data/geometry/15101510230000.geojson,cadastre_government_owned_parcels,https://services1.arcgis.com/99lidPhWCzftIe9K/arcgis/rest/services/cadastre_government_owned_parcels/FeatureServer/0/query,2026-09-25
15102030030000,SALT LAKE CITY CORPORATION - REAL ESTATE SERVICES,CITY,False,False,0.5,False,R-1-5000,Tax Exempt - Government,readiness/data/geometry/15102030030000.geojson,cadastre_government_owned_parcels,https://services1.arcgis.com/99lidPhWCzftIe9K/arcgis/rest/services/cadastre_government_owned_parcels/FeatureServer/0/query,2026-09-25
15102030050000,SALT LAKE COUNTY - REAL ESTATE DEPT # S3200,COUNTY,False,False,0.0,True,R-1-5000,Tax Exempt - Government,readiness/data/geometry/15102030050000.geojson,cadastre_government_owned_parcels,https://services1.arcgis.com/99lidPhWCzftIe9K/arcgis/rest/services/cadastre_government_owned_parcels/FeatureServer/0/query,2026-09-25
15102060152000,SALT LAKE CITY CORPORATION,CITY,False,False,0.2,False,R-1-5000,Residential,readiness/data/geometry/15102060152000.geojson,cadastre_government_owned_parcels,https://services1.arcgis.com/99lidPhWCzftIe9K/arcgis/rest/services/cadastre_government_owned_parcels/FeatureServer/0/query,2026-09-25
15102360180000,REDEVELOPMENT AGENCY OF SALT L,CRA,False,False,0.6,False,R-MU-35,Commercial,readiness/data/geometry/15102360180000.geojson,cadastre_government_owned_parcels,https://services1.arcgis.com/99lidPhWCzftIe9K/arcgis/rest/services/cadastre_government_owned_parcels/FeatureServer/0/query,2026-09-25
15102510110000,"UTAH DEPARTMENT OF TRANSPORTAT - RIGHT OF WAY, FOURTH FLOOR",STATE,True,False,0.0,True,CC,Tax Exempt - Government,readiness/data/geometry/15102510110000.geojson,cadastre_government_owned_parcels,https://services1.arcgis.com/99lidPhWCzftIe9K/arcgis/rest/services/cadastre_government_owned_parcels/FeatureServer/0/query,2026-09-25
15102550160000,SALT LAKE CITY CORPORATION - REAL ESTATE SERVICES,CITY,False,False,2.4,False,R-1-5000,Commercial,readiness/data/geometry/15102550160000.geojson,cadastre_government_owned_parcels,https://services1.arcgis.com/99lidPhWCzftIe9K/arcgis/rest/services/cadastre_government_owned_parcels/FeatureServer/0/query,2026-09-25
15102790050000,SALT LAKE COUNTY - REAL ESTATE DEPT # S3200,COUNTY,False,False,0.1,False,R-1-5000,Tax Exempt - Government,readiness/data/geometry/15102790050000.geojson,cadastre_government_owned_parcels,https://services1.arcgis.com/99lidPhWCzftIe9K/arcgis/rest/services/cadastre_government_owned_parcels/FeatureServer/0/query,2026-09-25
15102810110000,SALT LAKE CITY CORPORATION - REAL ESTATE SERVICES,CITY,False,False,1.4,False,R-1-5000,Tax Exempt - Government,readiness/data/geometry/15102810110000.geojson,cadastre_government_owned_parcels,https://services1.arcgis.com/99lidPhWCzftIe9K/arcgis/rest/services/cadastre_government_owned_parcels/FeatureServer/0/query,2026-09-25
15102810110000,SALT LAKE CITY CORPORATION - REAL ESTATE SERVICES,CITY,False,False,1.4,False,R-1-5000,Tax Exempt - Government,readiness/data/geometry/15102810110000.geojson,cadastre_government_owned_parcels,https://services1.arcgis.com/99lidPhWCzftIe9K/arcgis/rest/services/cadastre_government_owned_parcels/FeatureServer/0/query,2026-09-25
15102810110000,SALT LAKE CITY CORPORATION - REAL ESTATE SERVICES,CITY,False,False,1.4,False,R-1-5000,Tax Exempt - Government,readiness/data/geometry/15102810110000.geojson,cadastre_government_owned_parcels,https://services1.arcgis.com/99lidPhWCzftIe9K/arcgis/rest/services/cadastre_government_owned_parcels/FeatureServer/0/query,2026-09-25
15102810110000,SALT LAKE CITY CORPORATION - REAL ESTATE SERVICES,CITY,False,False,1.4,False,R-1-5000,Tax Exempt - Government,readiness/data/geometry/15102810110000.geojson,cadastre_government_owned_parcels,https://services1.arcgis.com/99lidPhWCzftIe9K/arcgis/rest/services/cadastre_government_owned_parcels/FeatureServer/0/query,2026-09-25
16033000022005,WOODFIRE L.L.C - REAL ESTATE ACCOUNTING & OPS,SPECIAL_DISTRICT,False,False,127.0,False,RP,Commercial,readiness/data/geometry/16033000022005.geojson,cadastre_government_owned_parcels,https://services1.arcgis.com/99lidPhWCzftIe9K/arcgis/rest/services/cadastre_government_owned_parcels/FeatureServer/0/query,2026-09-25
15102810110000,SALT LAKE CITY CORPORATION - REAL ESTATE SERVICES,CITY,False,False,1.4,False,R-1-5000,Tax Exempt - Government,readiness/data/geometry/15102810110000.geojson,cadastre_government_owned_parcels,https://services1.arcgis.com/99lidPhWCzftIe9K/arcgis/rest/services/cadastre_government_owned_parcels/FeatureServer/0/query,2026-09-25
15102890082000,SALT LAKE CITY CORPORATION - HOUSING STABILITY DIVISION,CITY,False,False,0.2,False,R-1-7000,Residential,readiness/data/geometry/15102890082000.geojson,cadastre_government_owned_parcels,https://services1.arcgis.com/99lidPhWCzftIe9K/arcgis/rest/services/cadastre_government_owned_parcels/FeatureServer/0/query,2026-09-25
16034000030000,UTAH STATE DIVISION OF PARKS &,STATE,True,False,64.6,False,RP,Commercial,readiness/data/geometry/16034000030000.geojson,cadastre_government_owned_parcels,https://services1.arcgis.com/99lidPhWCzftIe9K/arcgis/rest/services/cadastre_government_owned_parcels/FeatureServer/0/query,2026-09-25
15103010100000,SALT LAKE COUNTY - SALT LAKE COUNTY REAL ESTATE,COUNTY,False,False,21.9,False,UNKNOWN,Vacant,readiness/data/geometry/15103010100000.geojson,cadastre_government_owned_parcels,https://services1.arcgis.com/99lidPhWCzftIe9K/arcgis/rest/services/cadastre_government_owned_parcels/FeatureServer/0/query,2026-09-25
16041020010000,SALT LAKE CITY CORP - PROPERTY MANAGEMENT,CITY,False,False,0.3,False,UNKNOWN,Tax Exempt - Government,readiness/data/geometry/16041020010000.geojson,cadastre_government_owned_parcels,https://services1.arcgis.com/99lidPhWCzftIe9K/arcgis/rest/services/cadastre_government_owned_parcels/FeatureServer/0/query,2026-09-25
15103270110000,SALT LAKE COUNTY,COUNTY,False,False,0.0,True,M-1,Tax Exempt - Government,readiness/data/geometry/15103270110000.geojson,cadastre_government_owned_parcels,https://services1.arcgis.com/99lidPhWCzftIe9K/arcgis/rest/services/cadastre_government_owned_parcels/FeatureServer/0/query,2026-09-25
16041020020000,SALT LAKE CITY CORP - PROPERTY MANAGEMENT,CITY,False,False,0.4,False,UNKNOWN,Tax Exempt - Government,readiness/data/geometry/16041020020000.geojson,cadastre_government_owned_parcels,https://services1.arcgis.com/99lidPhWCzftIe9K/arcgis/rest/services/cadastre_government_owned_parcels/FeatureServer/0/query,2026-09-25
15103520100000,UTAH DEPT OF TRANSPORTATION - UDOT RIGHT OF WAY,STATE,True,False,0.8,False,M-1,Tax Exempt - Government,readiness/data/geometry/15103520100000.geojson,cadastre_government_owned_parcels,https://services1.arcgis.com/99lidPhWCzftIe9K/arcgis/rest/services/cadastre_government_owned_parcels/FeatureServer/0/query,2026-09-25
16041030130000,SALT LAKE CITY CORP - PROPERTY MANAGEMENT,CITY,False,False,0.2,False,R-1-5000,Tax Exempt - Government,readiness/data/geometry/16041030130000.geojson,cadastre_government_owned_parcels,https://services1.arcgis.com/99lidPhWCzftIe9K/arcgis/rest/services/cadastre_government_owned_parcels/FeatureServer/0/query,2026-09-25
15103520100000,UTAH DEPT OF TRANSPORTATION - UDOT RIGHT OF WAY,STATE,True,False,0.8,False,M-1,Tax Exempt - Government,readiness/data/geometry/15103520100000.geojson,cadastre_government_owned_parcels,https://services1.arcgis.com/99lidPhWCzftIe9K/arcgis/rest/services/cadastre_government_owned_parcels/FeatureServer/0/query,2026-09-25
16041080080000,SALT LAKE CITY - PROPERTY MANAGEMENT,CITY,False,False,0.0,True,UNKNOWN,Tax Exempt - Government,readiness/data/geometry/16041080080000.geojson,cadastre_government_owned_parcels,https://services1.arcgis.com/99lidPhWCzftIe9K/arcgis/rest/services/cadastre_government_owned_parcels/FeatureServer/0/query,2026-09-25
15103530030000,UTAH DEPARTMENT OF TRANSPORTAT - UDOT RIGHT OF WAY,STATE,True,False,0.3,False,M-1,Tax Exempt - Government,readiness/data/geometry/15103530030000.geojson,cadastre_government_owned_parcels,https://services1.arcgis.com/99lidPhWCzftIe9K/arcgis/rest/services/cadastre_government_owned_parcels/FeatureServer/0/query,2026-09-25
16041260030000,STATE OF UTAH - REAL ESTATE ACCOUNTING & OPS,STATE,True,False,4.7,False,I,Tax Exempt - Government,readiness/data/geometry/16041260030000.geojson,cadastre_government_owned_parcels,https://services1.arcgis.com/99lidPhWCzftIe9K/arcgis/rest/services/cadastre_government_owned_parcels/FeatureServer/0/query,2026-09-25
15103770030000,SALT LAKE CITY CORP - PROPERTY MANAGEMENT,CITY,False,False,0.3,False,M-1,Commercial,readiness/data/geometry/15103770030000.geojson,cadastre_government_owned_parcels,https://services1.arcgis.com/99lidPhWCzftIe9K/arcgis/rest/services/cadastre_government_owned_parcels/FeatureServer/0/query,2026-09-25
16041260040000,STATE OF UTAH - REAL ESTATE ACCOUNTING & OPS,STATE,True,False,12.0,False,I,Tax Exempt - Government,readiness/data/geometry/16041260040000.geojson,cadastre_government_owned_parcels,https://services1.arcgis.com/99lidPhWCzftIe9K/arcgis/rest/services/cadastre_government_owned_parcels/FeatureServer/0/query,2026-09-25
15104270212000,SALT LAKE CITY CORPORATION,CITY,False,False,0.2,False,R-1-7000,Residential,readiness/data/geometry/15104270212000.geojson,cadastre_government_owned_parcels,https://services1.arcgis.com/99lidPhWCzftIe9K/arcgis/rest/services/cadastre_government_owned_parcels/FeatureServer/0/query,2026-09-25
16041260050000,STATE OF UTAH - REAL ESTATE ACCOUNTING & OPS,STATE,True,False,0.3,False,I,Tax Exempt - Government,readiness/data/geometry/16041260050000.geojson,cadastre_government_owned_parcels,https://services1.arcgis.com/99lidPhWCzftIe9K/arcgis/rest/services/cadastre_government_owned_parcels/FeatureServer/0/query,2026-09-25
15104270212001,SALT LAKE CITY CORPORATION,CITY,False,False,0.0,True,R-1-7000,Residential,readiness/data/geometry/15104270212001.geojson,cadastre_government_owned_parcels,https://services1.arcgis.com/99lidPhWCzftIe9K/arcgis/rest/services/cadastre_government_owned_parcels/FeatureServer/0/query,2026-09-25
16043010020000,SALT LAKE COUNTY - REAL ESTATE DEPT # S3200,COUNTY,False,False,0.0,True,R-2,Tax Exempt - Government,readiness/data/geometry/16043010020000.geojson,cadastre_government_owned_parcels,https://services1.arcgis.com/99lidPhWCzftIe9K/arcgis/rest/services/cadastre_government_owned_parcels/FeatureServer/0/query,2026-09-25
16043520090000,SALT LAKE CITY CORP - PROPERTY MANAGEMENT,CITY,False,False,0.6,False,R-2,Tax Exempt - Government,readiness/data/geometry/16043520090000.geojson,cadastre_government_owned_parcels,https://services1.arcgis.com/99lidPhWCzftIe9K/arcgis/rest/services/cadastre_government_owned_parcels/FeatureServer/0/query,2026-09-25
15104290482000,SALT LAKE CITY CORPORATION,CITY,False,False,0.2,False,R-1-7000,Residential,readiness/data/geometry/15104290482000.geojson,cadastre_government_owned_parcels,https://services1.arcgis.com/99lidPhWCzftIe9K/arcgis/rest/services/cadastre_government_owned_parcels/FeatureServer/0/query,2026-09-25
15104300280000,SALT LAKE CITY CORP - PROPERTY MANAGEMENT,CITY,False,False,0.1,False,R-1-5000,Tax Exempt - Government,readiness/data/geometry/15104300280000.geojson,cadastre_government_owned_parcels,https://services1.arcgis.com/99lidPhWCzftIe9K/arcgis/rest/services/cadastre_government_owned_parcels/FeatureServer/0/query,2026-09-25
16043760040000,DIVISION OF STATE LANDS & FORE - SCHL & INST TR LNDS ADMN,STATE,True,False,7.0,False,I,Tax Exempt - Government,readiness/data/geometry/16043760040000.geojson,cadastre_government_owned_parcels,https://services1.arcgis.com/99lidPhWCzftIe9K/arcgis/rest/services/cadastre_government_owned_parcels/FeatureServer/0/query,2026-09-25
15104300290000,SALT LAKE CITY CORP - PROPERTY MANAGEMENT,CITY,False,False,0.4,False,R-1-5000,Tax Exempt - Government,readiness/data/geometry/15104300290000.geojson,cadastre_government_owned_parcels,https://services1.arcgis.com/99lidPhWCzftIe9K/arcgis/rest/services/cadastre_government_owned_parcels/FeatureServer/0/query,2026-09-25
16043770026001,STATE OF UTAH - REAL ESTATE ACCOUNTING & OPS,STATE,True,False,0.8,False,I,Tax Exempt - Government,readiness/data/geometry/16043770026001.geojson,cadastre_government_owned_parcels,https://services1.arcgis.com/99lidPhWCzftIe9K/arcgis/rest/services/cadastre_government_owned_parcels/FeatureServer/0/query,2026-09-25
15104300310000,SALT LAKE CITY CORP - PROPERTY MANAGEMENT,CITY,False,False,0.2,False,R-1-7000,Tax Exempt - Government,readiness/data/geometry/15104300310000.geojson,cadastre_government_owned_parcels,https://services1.arcgis.com/99lidPhWCzftIe9K/arcgis/rest/services/cadastre_government_owned_parcels/FeatureServer/0/query,2026-09-25
15104300320000,SALT LAKE CITY CORP - PROPERTY MANAGEMENT,CITY,False,False,0.2,False,R-1-7000,Tax Exempt - Government,readiness/data/geometry/15104300320000.geojson,cadastre_government_owned_parcels,https://services1.arcgis.com/99lidPhWCzftIe9K/arcgis/rest/services/cadastre_government_owned_parcels/FeatureServer/0/query,2026-09-25
15104300340000,SALT LAKE CITY CORP - PROPERTY MANAGEMENT,CITY,False,False,0.1,False,R-1-7000,Tax Exempt - Government,readiness/data/geometry/15104300340000.geojson,cadastre_government_owned_parcels,https://services1.arcgis.com/99lidPhWCzftIe9K/arcgis/rest/services/cadastre_government_owned_parcels/FeatureServer/0/query,2026-09-25
16051020060000,SALT LAKE CITY BOARD OF EDUCAT,CITY,False,False,0.1,False,RMF-45,Vacant,readiness/data/geometry/16051020060000.geojson,cadastre_government_owned_parcels,https://services1.arcgis.com/99lidPhWCzftIe9K/arcgis/rest/services/cadastre_government_owned_parcels/FeatureServer/0/query,2026-09-25
15104300350000,SALT LAKE CITY CORP - PROPERTY MANAGEMENT,CITY,False,False,0.1,False,R-2,Tax Exempt - Government,readiness/data/geometry/15104300350000.geojson,cadastre_government_owned_parcels,https://services1.arcgis.com/99lidPhWCzftIe9K/arcgis/rest/services/cadastre_government_owned_parcels/FeatureServer/0/query,2026-09-25
16051020070000,SALT LAKE COUNTY - REAL ESTATE DEPT # S3200,COUNTY,False,False,0.0,True,RMF-45,Tax Exempt - Government,readiness/data/geometry/16051020070000.geojson,cadastre_government_owned_parcels,https://services1.arcgis.com/99lidPhWCzftIe9K/arcgis/rest/services/cadastre_government_owned_parcels/FeatureServer/0/query,2026-09-25
15104530290000,SALT LAKE CITY CORP - PROPERTY MANAGEMENT,CITY,False,False,0.0,True,R-1-5000,Tax Exempt - Government,readiness/data/geometry/15104530290000.geojson,cadastre_government_owned_parcels,https://services1.arcgis.com/99lidPhWCzftIe9K/arcgis/rest/services/cadastre_government_owned_parcels/FeatureServer/0/query,2026-09-25
16051020080000,SALT LAKE CITY BOARD OF EDUCAT,CITY,False,False,0.1,False,RMF-45,Vacant,readiness/data/geometry/16051020080000.geojson,cadastre_government_owned_parcels,https://services1.arcgis.com/99lidPhWCzftIe9K/arcgis/rest/services/cadastre_government_owned_parcels/FeatureServer/0/query,2026-09-25
15104760130000,SALT LAKE CITY CORPORATION,CITY,False,False,0.1,False,R-1-5000,Residential,readiness/data/geometry/15104760130000.geojson,cadastre_government_owned_parcels,https://services1.arcgis.com/99lidPhWCzftIe9K/arcgis/rest/services/cadastre_government_owned_parcels/FeatureServer/0/query,2026-09-25
16051020100000,SALT LAKE CITY BOARD OF EDUCAT,CITY,False,False,0.1,False,PL,Commercial,readiness/data/geometry/16051020100000.geojson,cadastre_government_owned_parcels,https://services1.arcgis.com/99lidPhWCzftIe9K/arcgis/rest/services/cadastre_government_owned_parcels/FeatureServer/0/query,2026-09-25
15104770260000,SALT LAKE COUNTY - REAL ESTATE DEPT # S3200,COUNTY,False,False,0.0,True,R-1-5000,Tax Exempt - Government,readiness/data/geometry/15104770260000.geojson,cadastre_government_owned_parcels,https://services1.arcgis.com/99lidPhWCzftIe9K/arcgis/rest/services/cadastre_government_owned_parcels/FeatureServer/0/query,2026-09-25
16051020110000,SALT LAKE CITY BOARD OF EDUCAT,CITY,False,False,0.1,False,PL,Commercial,readiness/data/geometry/16051020110000.geojson,cadastre_government_owned_parcels,https://services1.arcgis.com/99lidPhWCzftIe9K/arcgis/rest/services/cadastre_government_owned_parcels/FeatureServer/0/query,2026-09-25
16051020120000,SALT LAKE CITY BOARD OF EDUCAT,CITY,False,False,0.1,False,PL,Commercial,readiness/data/geometry/16051020120000.geojson,cadastre_government_owned_parcels,https://services1.arcgis.com/99lidPhWCzftIe9K/arcgis/rest/services/cadastre_government_owned_parcels/FeatureServer/0/query,2026-09-25
15111060170000,SALT LAKE CITY CORPORATION,CITY,False,False,0.1,False,R-1-5000,Tax Exempt - Government,readiness/data/geometry/15111060170000.geojson,cadastre_government_owned_parcels,https://services1.arcgis.com/99lidPhWCzftIe9K/arcgis/rest/services/cadastre_government_owned_parcels/FeatureServer/0/query,2026-09-25
16051020130000,SALT LAKE CITY BOARD OF EDUCAT,CITY,False,False,0.1,False,PL,Commercial,readiness/data/geometry/16051020130000.geojson,cadastre_government_owned_parcels,https://services1.arcgis.com/99lidPhWCzftIe9K/arcgis/rest/services/cadastre_government_owned_parcels/FeatureServer/0/query,2026-09-25
15111060192000,SALT LAKE CITY CORPORATION,CITY,False,False,0.1,False,R-1-5000,Residential,readiness/data/geometry/15111060192000.geojson,cadastre_government_owned_parcels,https://services1.arcgis.com/99lidPhWCzftIe9K/arcgis/rest/services/cadastre_government_owned_parcels/FeatureServer/0/query,2026-09-25
16051030010000,BOARD OF EDUCATION OF SALT LAK,SCHOOL_DISTRICT,False,False,0.2,False,RO,Tax Exempt - Government,readiness/data/geometry/16051030010000.geojson,cadastre_government_owned_parcels,https://services1.arcgis.com/99lidPhWCzftIe9K/arcgis/rest/services/cadastre_government_owned_parcels/FeatureServer/0/query,2026-09-25
15111100110000,SALT LAKE CITY CORP - PROPERTY MANAGEMENT,CITY,False,False,5.6,False,OS,Tax Exempt - Government,readiness/data/geometry/15111100110000.geojson,cadastre_government_owned_parcels,https://services1.arcgis.com/99lidPhWCzftIe9K/arcgis/rest/services/cadastre_government_owned_parcels/FeatureServer/0/query,2026-09-25
16051030020000,BOARD OF EDUCATION OF SALT LAK,SCHOOL_DISTRICT,False,False,0.1,False,RO,Commercial,readiness/data/geometry/16051030020000.geojson,cadastre_government_owned_parcels,https://services1.arcgis.com/99lidPhWCzftIe9K/arcgis/rest/services/cadastre_government_owned_parcels/FeatureServer/0/query,2026-09-25
15111270040000,SALT LAKE COUNTY - REAL ESTATE DEPT # S3200,COUNTY,False,False,0.0,True,R-1-5000,Tax Exempt - Government,readiness/data/geometry/15111270040000.geojson,cadastre_government_owned_parcels,https://services1.arcgis.com/99lidPhWCzftIe9K/arcgis/rest/services/cadastre_government_owned_parcels/FeatureServer/0/query,2026-09-25
16051030030000,BOARD OF EDUCATION OF SALT LAK,SCHOOL_DISTRICT,False,False,0.1,False,PL,Commercial,readiness/data/geometry/16051030030000.geojson,cadastre_government_owned_parcels,https://services1.arcgis.com/99lidPhWCzftIe9K/arcgis/rest/services/cadastre_government_owned_parcels/FeatureServer/0/query,2026-09-25
15111290010000,SALT LAKE CITY CORPORATION - PROPERTY MANAGEMENT,CITY,False,False,0.4,False,R-1-5000,Tax Exempt - Government,readiness/data/geometry/15111290010000.geojson,cadastre_government_owned_parcels,https://services1.arcgis.com/99lidPhWCzftIe9K/arcgis/rest/services/cadastre_government_owned_parcels/FeatureServer/0/query,2026-09-25
16051030040000,BOARD OF EDUCATION OF SALT LAK,SCHOOL_DISTRICT,False,False,0.1,False,PL,Commercial,readiness/data/geometry/16051030040000.geojson,cadastre_government_owned_parcels,https://services1.arcgis.com/99lidPhWCzftIe9K/arcgis/rest/services/cadastre_government_owned_parcels/FeatureServer/0/query,2026-09-25
16051030050000,BOARD OF EDUCATION OF SALT LAK,SCHOOL_DISTRICT,False,False,0.1,False,PL,Commercial,readiness/data/geometry/16051030050000.geojson,cadastre_government_owned_parcels,https://services1.arcgis.com/99lidPhWCzftIe9K/arcgis/rest/services/cadastre_government_owned_parcels/FeatureServer/0/query,2026-09-25
16051030060000,BOARD OF EDUCATION OF SALT LAK,SCHOOL_DISTRICT,False,False,0.1,False,PL,Commercial,readiness/data/geometry/16051030060000.geojson,cadastre_government_owned_parcels,https://services1.arcgis.com/99lidPhWCzftIe9K/arcgis/rest/services/cadastre_government_owned_parcels/FeatureServer/0/query,2026-09-25
16051030070000,SALT LAKE CITY BOARD OF EDUCAT,CITY,False,False,0.1,False,PL,Commercial,readiness/data/geometry/16051030070000.geojson,cadastre_government_owned_parcels,https://services1.arcgis.com/99lidPhWCzftIe9K/arcgis/rest/services/cadastre_government_owned_parcels/FeatureServer/0/query,2026-09-25
16051030130000,SALT LAKE CITY SCHOOL DISTRICT,SCHOOL_DISTRICT,False,False,0.2,False,RMF-45,Vacant,readiness/data/geometry/16051030130000.geojson,cadastre_government_owned_parcels,https://services1.arcgis.com/99lidPhWCzftIe9K/arcgis/rest/services/cadastre_government_owned_parcels/FeatureServer/0/query,2026-09-25
16051030150000,BOARD OF EDUCATION OF S L CITY,CITY,False,False,0.3,False,PL,Commercial,readiness/data/geometry/16051030150000.geojson,cadastre_government_owned_parcels,https://services1.arcgis.com/99lidPhWCzftIe9K/arcgis/rest/services/cadastre_government_owned_parcels/FeatureServer/0/query,2026-09-25
16051030160000,BOARD OF EDUCATION OF S L CITY,CITY,False,False,4.2,False,PL,Tax Exempt - Government,readiness/data/geometry/16051030160000.geojson,cadastre_government_owned_parcels,https://services1.arcgis.com/99lidPhWCzftIe9K/arcgis/rest/services/cadastre_government_owned_parcels/FeatureServer/0/query,2026-09-25
16051030210000,SALT LAKE CITY BOARD OF EDUCAT,CITY,False,False,0.2,False,PL,Commercial,readiness/data/geometry/16051030210000.geojson,cadastre_government_owned_parcels,https://services1.arcgis.com/99lidPhWCzftIe9K/arcgis/rest/services/cadastre_government_owned_parcels/FeatureServer/0/query,2026-09-25
16051030220000,SALT LAKE CITY BOARD OF EDUCAT,CITY,False,False,0.1,False,PL,Commercial,readiness/data/geometry/16051030220000.geojson,cadastre_government_owned_parcels,https://services1.arcgis.com/99lidPhWCzftIe9K/arcgis/rest/services/cadastre_government_owned_parcels/FeatureServer/0/query,2026-09-25
16051030230000,SALT LAKE CITY BOARD OF EDUCAT,CITY,False,False,0.1,False,PL,Commercial,readiness/data/geometry/16051030230000.geojson,cadastre_government_owned_parcels,https://services1.arcgis.com/99lidPhWCzftIe9K/arcgis/rest/services/cadastre_government_owned_parcels/FeatureServer/0/query,2026-09-25
16051030240000,SALT LAKE CITY BOARD OF EDUCAT,CITY,False,False,0.1,False,PL,Commercial,readiness/data/geometry/16051030240000.geojson,cadastre_government_owned_parcels,https://services1.arcgis.com/99lidPhWCzftIe9K/arcgis/rest/services/cadastre_government_owned_parcels/FeatureServer/0/query,2026-09-25
16051030250000,SALT LAKE CITY BOARD OF EDUCAT,CITY,False,False,0.1,False,PL,Commercial,readiness/data/geometry/16051030250000.geojson,cadastre_government_owned_parcels,https://services1.arcgis.com/99lidPhWCzftIe9K/arcgis/rest/services/cadastre_government_owned_parcels/FeatureServer/0/query,2026-09-25
16051330200000,SALT LAKE COUNTY - REAL ESTATE DEPT # S3200,COUNTY,False,False,0.0,True,R-2,Tax Exempt - Government,readiness/data/geometry/16051330200000.geojson,cadastre_government_owned_parcels,https://services1.arcgis.com/99lidPhWCzftIe9K/arcgis/rest/services/cadastre_government_owned_parcels/FeatureServer/0/query,2026-09-25
16051640050000,SALT LAKE COUNTY - REAL ESTATE DEPT # S3200,COUNTY,False,False,0.0,True,RMF-35,Tax Exempt - Government,readiness/data/geometry/16051640050000.geojson,cadastre_government_owned_parcels,https://services1.arcgis.com/99lidPhWCzftIe9K/arcgis/rest/services/cadastre_government_owned_parcels/FeatureServer/0/query,2026-09-25
16052020050000,BOARD OF EDUCATION SALT LAKE C,SCHOOL_DISTRICT,False,False,2.2,False,PL,Commercial,readiness/data/geometry/16052020050000.geojson,cadastre_government_owned_parcels,https://services1.arcgis.com/99lidPhWCzftIe9K/arcgis/rest/services/cadastre_government_owned_parcels/FeatureServer/0/query,2026-09-25
16052070240000,SALT LAKE COUNTY - REAL ESTATE DEPT # S3200,COUNTY,False,False,0.0,True,R-2,Tax Exempt - Government,readiness/data/geometry/16052070240000.geojson,cadastre_government_owned_parcels,https://services1.arcgis.com/99lidPhWCzftIe9K/arcgis/rest/services/cadastre_government_owned_parcels/FeatureServer/0/query,2026-09-25
16052520050000,SALT LAKE COUNTY - REAL ESTATE DEPT # S3200,COUNTY,False,False,0.0,True,R-2,Tax Exempt - Government,readiness/data/geometry/16052520050000.geojson,cadastre_government_owned_parcels,https://services1.arcgis.com/99lidPhWCzftIe9K/arcgis/rest/services/cadastre_government_owned_parcels/FeatureServer/0/query,2026-09-25
16052520240000,SALT LAKE COUNTY - REAL ESTATE DEPT # S3200,COUNTY,False,False,0.0,True,SR-3,Tax Exempt - Government,readiness/data/geometry/16052520240000.geojson,cadastre_government_owned_parcels,https://services1.arcgis.com/99lidPhWCzftIe9K/arcgis/rest/services/cadastre_government_owned_parcels/FeatureServer/0/query,2026-09-25
16052540040000,SALT LAKE COUNTY - REAL ESTATE DEPT # S3200,COUNTY,False,False,0.0,True,R-2,Tax Exempt - Government,readiness/data/geometry/16052540040000.geojson,cadastre_government_owned_parcels,https://services1.arcgis.com/99lidPhWCzftIe9K/arcgis/rest/services/cadastre_government_owned_parcels/FeatureServer/0/query,2026-09-25
16052540260000,SALT LAKE CITY CORPORATION - PROPERTY MANAGEMENT,CITY,False,False,1.7,False,UNKNOWN,Tax Exempt - Government,readiness/data/geometry/16052540260000.geojson,cadastre_government_owned_parcels,https://services1.arcgis.com/99lidPhWCzftIe9K/arcgis/rest/services/cadastre_government_owned_parcels/FeatureServer/0/query,2026-09-25
16052540270000,SALT LAKE CITY CORPORATION - PROPERTY MANAGEMENT,CITY,False,False,1.1,False,PL,Tax Exempt - Government,readiness/data/geometry/16052540270000.geojson,cadastre_government_owned_parcels,https://services1.arcgis.com/99lidPhWCzftIe9K/arcgis/rest/services/cadastre_government_owned_parcels/FeatureServer/0/query,2026-09-25
16052550160000,SALT LAKE COUNTY - REAL ESTATE DEPT # S3200,COUNTY,False,False,0.0,True,R-2,Tax Exempt - Government,readiness/data/geometry/16052550160000.geojson,cadastre_government_owned_parcels,https://services1.arcgis.com/99lidPhWCzftIe9K/arcgis/rest/services/cadastre_government_owned_parcels/FeatureServer/0/query,2026-09-25
16053080680000,SALT LAKE CITY CORPORATION,CITY,False,False,0.9,False,OS,Tax Exempt - Government,readiness/data/geometry/16053080680000.geojson,cadastre_government_owned_parcels,https://services1.arcgis.com/99lidPhWCzftIe9K/arcgis/rest/services/cadastre_government_owned_parcels/FeatureServer/0/query,2026-09-25
16053270170000,SALT LAKE COUNTY - REAL ESTATE DEPT # S3200,COUNTY,False,False,0.0,True,RMF-30,Tax Exempt - Government,readiness/data/geometry/16053270170000.geojson,cadastre_government_owned_parcels,https://services1.arcgis.com/99lidPhWCzftIe9K/arcgis/rest/services/cadastre_government_owned_parcels/FeatureServer/0/query,2026-09-25
16053300060000,BOARD OF EDUCATION OF SALT LAK,SCHOOL_DISTRICT,False,False,0.0,True,PL,Commercial,readiness/data/geometry/16053300060000.geojson,cadastre_government_owned_parcels,https://services1.arcgis.com/99lidPhWCzftIe9K/arcgis/rest/services/cadastre_government_owned_parcels/FeatureServer/0/query,2026-09-25
16053300110000,BOARD OF EDUCATION OF SALT LAK,SCHOOL_DISTRICT,False,False,1.8,False,PL,Tax Exempt - Government,readiness/data/geometry/16053300110000.geojson,cadastre_government_owned_parcels,https://services1.arcgis.com/99lidPhWCzftIe9K/arcgis/rest/services/cadastre_government_owned_parcels/FeatureServer/0/query,2026-09-25
16053300120000,BOARD OF EDUCATION OF SALT LAK,SCHOOL_DISTRICT,False,False,0.2,False,PL,Commercial,readiness/data/geometry/16053300120000.geojson,cadastre_government_owned_parcels,https://services1.arcgis.com/99lidPhWCzftIe9K/arcgis/rest/services/cadastre_government_owned_parcels/FeatureServer/0/query,2026-09-25
16053300130000,BOARD OF EDUCATION OF SALT LAK,SCHOOL_DISTRICT,False,False,0.3,False,PL,Commercial,readiness/data/geometry/16053300130000.geojson,cadastre_government_owned_parcels,https://services1.arcgis.com/99lidPhWCzftIe9K/arcgis/rest/services/cadastre_government_owned_parcels/FeatureServer/0/query,2026-09-25
16053300140000,SALT LAKE CITY BOARD OF EDUCAT,CITY,False,False,0.1,False,PL,Commercial,readiness/data/geometry/16053300140000.geojson,cadastre_government_owned_parcels,https://services1.arcgis.com/99lidPhWCzftIe9K/arcgis/rest/services/cadastre_government_owned_parcels/FeatureServer/0/query,2026-09-25
16053300160000,BOARD OF EDUCATION OF SALT LAK,SCHOOL_DISTRICT,False,False,0.3,False,PL,Commercial,readiness/data/geometry/16053300160000.geojson,cadastre_government_owned_parcels,https://services1.arcgis.com/99lidPhWCzftIe9K/arcgis/rest/services/cadastre_government_owned_parcels/FeatureServer/0/query,2026-09-25
16053300170000,HOUSING AUTHORITY OF SALT LAKE - EXECUTIVE DIRECTOR,SPECIAL_DISTRICT,False,False,0.6,False,TSA-UN-C,Commercial,readiness/data/geometry/16053300170000.geojson,cadastre_government_owned_parcels,https://services1.arcgis.com/99lidPhWCzftIe9K/arcgis/rest/services/cadastre_government_owned_parcels/FeatureServer/0/query,2026-09-25
16053300230000,HOUSING AUTHORITY OF SALT LAKE,SPECIAL_DISTRICT,False,False,0.1,False,TSA-UN-C,Commercial - Retail,readiness/data/geometry/16053300230000.geojson,cadastre_government_owned_parcels,https://services1.arcgis.com/99lidPhWCzftIe9K/arcgis/rest/services/cadastre_government_owned_parcels/FeatureServer/0/query,2026-09-25
16053310010000,BOARD OF EDUCATION OF SALT LAK,SCHOOL_DISTRICT,False,False,0.1,False,PL,Commercial,readiness/data/geometry/16053310010000.geojson,cadastre_government_owned_parcels,https://services1.arcgis.com/99lidPhWCzftIe9K/arcgis/rest/services/cadastre_government_owned_parcels/FeatureServer/0/query,2026-09-25
16053310020000,BOARD OF EDUCATION OF SALT LAK,SCHOOL_DISTRICT,False,False,0.1,False,PL,Commercial,readiness/data/geometry/16053310020000.geojson,cadastre_government_owned_parcels,https://services1.arcgis.com/99lidPhWCzftIe9K/arcgis/rest/services/cadastre_government_owned_parcels/FeatureServer/0/query,2026-09-25
16053310030000,BOARD OF EDUCATION OF THE S L,SCHOOL_DISTRICT,False,False,0.1,False,PL,Commercial,readiness/data/geometry/16053310030000.geojson,cadastre_government_owned_parcels,https://services1.arcgis.com/99lidPhWCzftIe9K/arcgis/rest/services/cadastre_government_owned_parcels/FeatureServer/0/query,2026-09-25
16053310080000,BOARD OF EDUCATION OF SALT LAK,SCHOOL_DISTRICT,False,False,0.2,False,PL,Commercial,readiness/data/geometry/16053310080000.geojson,cadastre_government_owned_parcels,https://services1.arcgis.com/99lidPhWCzftIe9K/arcgis/rest/services/cadastre_government_owned_parcels/FeatureServer/0/query,2026-09-25
16053310320000,SALT LAKE CITY SCHOOL DISTRICT,SCHOOL_DISTRICT,False,False,0.7,False,RMF-35,Tax Exempt - Government,readiness/data/geometry/16053310320000.geojson,cadastre_government_owned_parcels,https://services1.arcgis.com/99lidPhWCzftIe9K/arcgis/rest/services/cadastre_government_owned_parcels/FeatureServer/0/query,2026-09-25
16053310330000,BOARD OF EDUCATION OF SALT LAK,SCHOOL_DISTRICT,False,False,0.3,False,PL,Commercial,readiness/data/geometry/16053310330000.geojson,cadastre_government_owned_parcels,https://services1.arcgis.com/99lidPhWCzftIe9K/arcgis/rest/services/cadastre_government_owned_parcels/FeatureServer/0/query,2026-09-25
16053320040000,UTAH TRANSIT AUTHORITY - PROPERTY MANAGEMENT,UTA,False,False,0.2,False,RMF-35,Residential,readiness/data/geometry/16053320040000.geojson,cadastre_government_owned_parcels,https://services1.arcgis.com/99lidPhWCzftIe9K/arcgis/rest/services/cadastre_government_owned_parcels/FeatureServer/0/query,2026-09-25
16053320270000,UTAH TRANSIT AUTHORITY - PROPERTY MANAGEMENT,UTA,False,False,0.0,True,RMF-35,Tax Exempt - Government,readiness/data/geometry/16053320270000.geojson,cadastre_government_owned_parcels,https://services1.arcgis.com/99lidPhWCzftIe9K/arcgis/rest/services/cadastre_government_owned_parcels/FeatureServer/0/query,2026-09-25
16053530130000,SALT LAKE COUNTY - REAL ESTATE DEPT # S3200,COUNTY,False,False,0.0,True,FB-UN2,Vacant,readiness/data/geometry/16053530130000.geojson,cadastre_government_owned_parcels,https://services1.arcgis.com/99lidPhWCzftIe9K/arcgis/rest/services/cadastre_government_owned_parcels/FeatureServer/0/query,2026-09-25
16053760300000,SALT LAKE COUNTY - REAL ESTATE DEPT # S3200,COUNTY,False,False,0.0,True,SR-3,Tax Exempt - Government,readiness/data/geometry/16053760300000.geojson,cadastre_government_owned_parcels,https://services1.arcgis.com/99lidPhWCzftIe9K/arcgis/rest/services/cadastre_government_owned_parcels/FeatureServer/0/query,2026-09-25
16054020410000,SALT LAKE CITY CORPORATION - PROPERTY MANAGEMENT,CITY,False,False,0.3,False,OS,Tax Exempt - Government,readiness/data/geometry/16054020410000.geojson,cadastre_government_owned_parcels,https://services1.arcgis.com/99lidPhWCzftIe9K/arcgis/rest/services/cadastre_government_owned_parcels/FeatureServer/0/query,2026-09-25
16054020510000,SALT LAKE CITY CORP - PROPERTY MANAGEMENT,CITY,False,False,0.1,False,OS,Tax Exempt - Government,readiness/data/geometry/16054020510000.geojson,cadastre_government_owned_parcels,https://services1.arcgis.com/99lidPhWCzftIe9K/arcgis/rest/services/cadastre_government_owned_parcels/FeatureServer/0/query,2026-09-25
16054020520000,SALT LAKE CITY CORP - PROPERTY MANAGEMENT,CITY,False,False,0.3,False,OS,Tax Exempt - Government,readiness/data/geometry/16054020520000.geojson,cadastre_government_owned_parcels,https://services1.arcgis.com/99lidPhWCzftIe9K/arcgis/rest/services/cadastre_government_owned_parcels/FeatureServer/0/query,2026-09-25
16054080590000,UTAH TRANSIT AUTHORITY - PROPERTY MANAGEMENT,UTA,False,False,0.0,True,RMF-30,Tax Exempt - Government,readiness/data/geometry/16054080590000.geojson,cadastre_government_owned_parcels,https://services1.arcgis.com/99lidPhWCzftIe9K/arcgis/rest/services/cadastre_government_owned_parcels/FeatureServer/0/query,2026-09-25
16054260090000,SALT LAKE COUNTY - REAL ESTATE DEPT # S3200,COUNTY,False,False,0.0,True,SR-3,Tax Exempt - Government,readiness/data/geometry/16054260090000.geojson,cadastre_government_owned_parcels,https://services1.arcgis.com/99lidPhWCzftIe9K/arcgis/rest/services/cadastre_government_owned_parcels/FeatureServer/0/query,2026-09-25
16054580040000,SALT LAKE COUNTY - REAL ESTATE DEPT # S3200,COUNTY,False,False,0.0,True,R-2,Tax Exempt - Government,readiness/data/geometry/16054580040000.geojson,cadastre_government_owned_parcels,https://services1.arcgis.com/99lidPhWCzftIe9K/arcgis/rest/services/cadastre_government_owned_parcels/FeatureServer/0/query,2026-09-25
16054780360000,UTAH TRANSIT AUTHORITY - PROPERTY MANAGEMENT,UTA,False,False,0.0,True,RMF-30,Tax Exempt - Government,readiness/data/geometry/16054780360000.geojson,cadastre_government_owned_parcels,https://services1.arcgis.com/99lidPhWCzftIe9K/arcgis/rest/services/cadastre_government_owned_parcels/FeatureServer/0/query,2026-09-25
16054830050000,SALT LAKE COUNTY - REAL ESTATE DEPT # S3200,COUNTY,False,False,0.0,True,R-2,Tax Exempt - Government,readiness/data/geometry/16054830050000.geojson,cadastre_government_owned_parcels,https://services1.arcgis.com/99lidPhWCzftIe9K/arcgis/rest/services/cadastre_government_owned_parcels/FeatureServer/0/query,2026-09-25
16061050090000,REDEVELOPMENT AGENCY OF SALT L,CRA,False,False,0.1,False,D-1,Tax Exempt - Government,readiness/data/geometry/16061050090000.geojson,cadastre_government_owned_parcels,https://services1.arcgis.com/99lidPhWCzftIe9K/arcgis/rest/services/cadastre_government_owned_parcels/FeatureServer/0/query,2026-09-25
16061050650000,REDEVELOPMENT AGENCY OF SALT L - EXECUTIVE DIRECTOR,CRA,False,False,0.0,True,D-1,Tax Exempt - Government,readiness/data/geometry/16061050650000.geojson,cadastre_government_owned_parcels,https://services1.arcgis.com/99lidPhWCzftIe9K/arcgis/rest/services/cadastre_government_owned_parcels/FeatureServer/0/query,2026-09-25
16061050660000,REDEVELOPMENT AGENCY OF SALT L - EXECUTIVE DIRECTOR,CRA,False,False,1.7,False,D-1,Commercial,readiness/data/geometry/16061050660000.geojson,cadastre_government_owned_parcels,https://services1.arcgis.com/99lidPhWCzftIe9K/arcgis/rest/services/cadastre_government_owned_parcels/FeatureServer/0/query,2026-09-25
16061050670000,REDEVELOPMENT AGENCY OF SALT L - EXECUTIVE DIRECTOR,CRA,False,False,0.1,False,D-1,Tax Exempt - Government,readiness/data/geometry/16061050670000.geojson,cadastre_government_owned_parcels,https://services1.arcgis.com/99lidPhWCzftIe9K/arcgis/rest/services/cadastre_government_owned_parcels/FeatureServer/0/query,2026-09-25
16061510030000,REDEVELOPMENT AGENCY OF SALT L - EXECUTIVE DIRECTOR,CRA,False,False,0.0,True,D-1,Tax Exempt - Government,readiness/data/geometry/16061510030000.geojson,cadastre_government_owned_parcels,https://services1.arcgis.com/99lidPhWCzftIe9K/arcgis/rest/services/cadastre_government_owned_parcels/FeatureServer/0/query,2026-09-25
16061510040000,REDEVELOPMENT AGENCY OF SALT L - EXECUTIVE DIRECTOR,CRA,False,False,0.1,False,D-1,Tax Exempt - Government,readiness/data/geometry/16061510040000.geojson,cadastre_government_owned_parcels,https://services1.arcgis.com/99lidPhWCzftIe9K/arcgis/rest/services/cadastre_government_owned_parcels/FeatureServer/0/query,2026-09-25
16061510180000,REDEVELOPMENT AGENCY OF SALT L - EXECUTIVE DIRECTOR,CRA,False,False,0.0,True,D-1,Tax Exempt - Government,readiness/data/geometry/16061510180000.geojson,cadastre_government_owned_parcels,https://services1.arcgis.com/99lidPhWCzftIe9K/arcgis/rest/services/cadastre_government_owned_parcels/FeatureServer/0/query,2026-09-25
16061540310000,SALT LAKE COUNTY - REAL ESTATE DEPT # S3200,COUNTY,False,False,0.0,True,D-1,Tax Exempt - Government,readiness/data/geometry/16061540310000.geojson,cadastre_government_owned_parcels,https://services1.arcgis.com/99lidPhWCzftIe9K/arcgis/rest/services/cadastre_government_owned_parcels/FeatureServer/0/query,2026-09-25
16061550110000,UTAH STATE BUILDING OWNERSHIP,STATE,True,False,1.9,False,D-1,Commercial - Office Space,readiness/data/geometry/16061550110000.geojson,cadastre_government_owned_parcels,https://services1.arcgis.com/99lidPhWCzftIe9K/arcgis/rest/services/cadastre_government_owned_parcels/FeatureServer/0/query,2026-09-25
16061550120000,STATE BUILDING OWNERSHIP AUTHO,STATE,True,False,0.8,False,D-1,Commercial - Office Space,readiness/data/geometry/16061550120000.geojson,cadastre_government_owned_parcels,https://services1.arcgis.com/99lidPhWCzftIe9K/arcgis/rest/services/cadastre_government_owned_parcels/FeatureServer/0/query,2026-09-25
16061760070000,UTAH STATE BUILDING OWNERSHIP,STATE,True,False,0.6,False,D-1,Commercial - Retail,readiness/data/geometry/16061760070000.geojson,cadastre_government_owned_parcels,https://services1.arcgis.com/99lidPhWCzftIe9K/arcgis/rest/services/cadastre_government_owned_parcels/FeatureServer/0/query,2026-09-25
16061820170000,STATE BUILDING OWNERSHIP AUTHO,STATE,True,False,0.4,False,R-MU,Commercial - Retail,readiness/data/geometry/16061820170000.geojson,cadastre_government_owned_parcels,https://services1.arcgis.com/99lidPhWCzftIe9K/arcgis/rest/services/cadastre_government_owned_parcels/FeatureServer/0/query,2026-09-25
16062050280000,SALT LAKE CITY CORPORATION - PROPERTY MANAGEMENT,CITY,False,False,0.3,False,R-MU,Commercial,readiness/data/geometry/16062050280000.geojson,cadastre_government_owned_parcels,https://services1.arcgis.com/99lidPhWCzftIe9K/arcgis/rest/services/cadastre_government_owned_parcels/FeatureServer/0/query,2026-09-25
16062050290000,SALT LAKE CITY CORPORATION - PROPERTY MANAGEMENT,CITY,False,False,0.5,False,R-MU,Commercial - Office Space,readiness/data/geometry/16062050290000.geojson,cadastre_government_owned_parcels,https://services1.arcgis.com/99lidPhWCzftIe9K/arcgis/rest/services/cadastre_government_owned_parcels/FeatureServer/0/query,2026-09-25
16062050300000,SALT LAKE CITY CORPORATION - PROPERTY MANAGEMENT,CITY,False,False,1.6,False,R-MU,Commercial - Office Space,readiness/data/geometry/16062050300000.geojson,cadastre_government_owned_parcels,https://services1.arcgis.com/99lidPhWCzftIe9K/arcgis/rest/services/cadastre_government_owned_parcels/FeatureServer/0/query,2026-09-25
16062050312000,SALT LAKE CITY CORPORATION - PROPERTY MANAGEMENT,CITY,False,False,0.4,False,R-MU,Vacant,readiness/data/geometry/16062050312000.geojson,cadastre_government_owned_parcels,https://services1.arcgis.com/99lidPhWCzftIe9K/arcgis/rest/services/cadastre_government_owned_parcels/FeatureServer/0/query,2026-09-25
16062060010000,BOARD OF EDUCATION OF SALT LAK,SCHOOL_DISTRICT,False,False,0.6,False,R-MU,Commercial - Office Space,readiness/data/geometry/16062060010000.geojson,cadastre_government_owned_parcels,https://services1.arcgis.com/99lidPhWCzftIe9K/arcgis/rest/services/cadastre_government_owned_parcels/FeatureServer/0/query,2026-09-25
16062060020000,BOARD OF EDUCATION OF SALT LAK,SCHOOL_DISTRICT,False,False,0.1,False,R-MU,Commercial - Office Space,readiness/data/geometry/16062060020000.geojson,cadastre_government_owned_parcels,https://services1.arcgis.com/99lidPhWCzftIe9K/arcgis/rest/services/cadastre_government_owned_parcels/FeatureServer/0/query,2026-09-25
16062060030000,BOARD OF EDUCATION OF SALT LAK,SCHOOL_DISTRICT,False,False,0.1,False,R-MU,Commercial - Office Space,readiness/data/geometry/16062060030000.geojson,cadastre_government_owned_parcels,https://services1.arcgis.com/99lidPhWCzftIe9K/arcgis/rest/services/cadastre_government_owned_parcels/FeatureServer/0/query,2026-09-25
16062060040000,BOARD OF EDUCATION OF SALT LAK,SCHOOL_DISTRICT,False,False,0.2,False,R-MU,Commercial - Office Space,readiness/data/geometry/16062060040000.geojson,cadastre_government_owned_parcels,https://services1.arcgis.com/99lidPhWCzftIe9K/arcgis/rest/services/cadastre_government_owned_parcels/FeatureServer/0/query,2026-09-25
16062060050000,BOARD OF EDUCATION OF SALT LAK,SCHOOL_DISTRICT,False,False,0.2,False,R-MU,Commercial - Office Space,readiness/data/geometry/16062060050000.geojson,cadastre_government_owned_parcels,https://services1.arcgis.com/99lidPhWCzftIe9K/arcgis/rest/services/cadastre_government_owned_parcels/FeatureServer/0/query,2026-09-25
16062060110000,BOARD OF EDUCATION OF SALT LAK,SCHOOL_DISTRICT,False,False,0.1,False,R-MU,Commercial - Office Space,readiness/data/geometry/16062060110000.geojson,cadastre_government_owned_parcels,https://services1.arcgis.com/99lidPhWCzftIe9K/arcgis/rest/services/cadastre_government_owned_parcels/FeatureServer/0/query,2026-09-25
16062060320000,BOARD OF EDUCATION OF SALT LAK,SCHOOL_DISTRICT,False,False,1.2,False,R-MU,Commercial - Office Space,readiness/data/geometry/16062060320000.geojson,cadastre_government_owned_parcels,https://services1.arcgis.com/99lidPhWCzftIe9K/arcgis/rest/services/cadastre_government_owned_parcels/FeatureServer/0/query,2026-09-25
16062320120000,UTAH LEAGUE OF CITIES & TOWNS,STATE,True,False,0.0,True,RO,Commercial - Office Space,readiness/data/geometry/16062320120000.geojson,cadastre_government_owned_parcels,https://services1.arcgis.com/99lidPhWCzftIe9K/arcgis/rest/services/cadastre_government_owned_parcels/FeatureServer/0/query,2026-09-25
16062320220000,UTAH LEAGUE OF CITIES & TOWNS,STATE,True,False,0.0,True,RO,Commercial,readiness/data/geometry/16062320220000.geojson,cadastre_government_owned_parcels,https://services1.arcgis.com/99lidPhWCzftIe9K/arcgis/rest/services/cadastre_government_owned_parcels/FeatureServer/0/query,2026-09-25
16062320240000,UTAH LEAGUE OF CITIES & TOWNS,STATE,True,False,0.0,True,RO,Commercial - Office Space,readiness/data/geometry/16062320240000.geojson,cadastre_government_owned_parcels,https://services1.arcgis.com/99lidPhWCzftIe9K/arcgis/rest/services/cadastre_government_owned_parcels/FeatureServer/0/query,2026-09-25
16062510020000,SALT LAKE COUNTY - REAL ESTATE DEPT # S3200,COUNTY,False,False,0.0,True,R-MU,Tax Exempt - Government,readiness/data/geometry/16062510020000.geojson,cadastre_government_owned_parcels,https://services1.arcgis.com/99lidPhWCzftIe9K/arcgis/rest/services/cadastre_government_owned_parcels/FeatureServer/0/query,2026-09-25
16062770130000,UTAH STATE RETIREMENT FUND,STATE,True,False,0.1,False,R-MU,Tax Exempt - Government,readiness/data/geometry/16062770130000.geojson,cadastre_government_owned_parcels,https://services1.arcgis.com/99lidPhWCzftIe9K/arcgis/rest/services/cadastre_government_owned_parcels/FeatureServer/0/query,2026-09-25
16062770380000,S L COUNTY MUNICIPAL BUILDING - PROPERTY MANAGEMENT,SPECIAL_DISTRICT,False,False,0.9,False,PL,Tax Exempt - Government,readiness/data/geometry/16062770380000.geojson,cadastre_government_owned_parcels,https://services1.arcgis.com/99lidPhWCzftIe9K/arcgis/rest/services/cadastre_government_owned_parcels/FeatureServer/0/query,2026-09-25
16062770410000,UTAH STATE RETIREMENT FUND,STATE,True,False,0.1,False,PL,Commercial - Office Space,readiness/data/geometry/16062770410000.geojson,cadastre_government_owned_parcels,https://services1.arcgis.com/99lidPhWCzftIe9K/arcgis/rest/services/cadastre_government_owned_parcels/FeatureServer/0/query,2026-09-25
16062770420000,UTAH STATE RETIREMENT FUND,STATE,True,False,0.1,False,R-MU,Commercial - Office Space,readiness/data/geometry/16062770420000.geojson,cadastre_government_owned_parcels,https://services1.arcgis.com/99lidPhWCzftIe9K/arcgis/rest/services/cadastre_government_owned_parcels/FeatureServer/0/query,2026-09-25
16062770430000,UTAH STATE RETIREMENT FUND,STATE,True,False,0.1,False,R-MU,Commercial - Office Space,readiness/data/geometry/16062770430000.geojson,cadastre_government_owned_parcels,https://services1.arcgis.com/99lidPhWCzftIe9K/arcgis/rest/services/cadastre_government_owned_parcels/FeatureServer/0/query,2026-09-25
16062770440000,UTAH STATE RETIREMENT FUND,STATE,True,False,0.2,False,PL,Commercial - Office Space,readiness/data/geometry/16062770440000.geojson,cadastre_government_owned_parcels,https://services1.arcgis.com/99lidPhWCzftIe9K/arcgis/rest/services/cadastre_government_owned_parcels/FeatureServer/0/query,2026-09-25
16062780020000,UTAH STATE RETIREMENT FUND,STATE,True,False,0.3,False,RO,Commercial - Office Space,readiness/data/geometry/16062780020000.geojson,cadastre_government_owned_parcels,https://services1.arcgis.com/99lidPhWCzftIe9K/arcgis/rest/services/cadastre_government_owned_parcels/FeatureServer/0/query,2026-09-25
16062780080000,UTAH STATE RETIREMENT FUND,STATE,True,False,1.4,False,RO,Commercial - Office Space,readiness/data/geometry/16062780080000.geojson,cadastre_government_owned_parcels,https://services1.arcgis.com/99lidPhWCzftIe9K/arcgis/rest/services/cadastre_government_owned_parcels/FeatureServer/0/query,2026-09-25
16062790170000,SALT LAKE CITY CORPORATION - PROPERTY MANAGEMENT,CITY,False,False,0.1,False,RO,Tax Exempt - Government,readiness/data/geometry/16062790170000.geojson,cadastre_government_owned_parcels,https://services1.arcgis.com/99lidPhWCzftIe9K/arcgis/rest/services/cadastre_government_owned_parcels/FeatureServer/0/query,2026-09-25
16062790180000,UTAH STATE RETIREMENT FUND,STATE,True,False,0.9,False,RO,Commercial - Office Space,readiness/data/geometry/16062790180000.geojson,cadastre_government_owned_parcels,https://services1.arcgis.com/99lidPhWCzftIe9K/arcgis/rest/services/cadastre_government_owned_parcels/FeatureServer/0/query,2026-09-25
16062790190000,UTAH STATE RETIREMENT BOARD,STATE,True,False,0.2,False,RO,Commercial - Office Space,readiness/data/geometry/16062790190000.geojson,cadastre_government_owned_parcels,https://services1.arcgis.com/99lidPhWCzftIe9K/arcgis/rest/services/cadastre_government_owned_parcels/FeatureServer/0/query,2026-09-25
16062790200000,UTAH STATE RETIREMENT BOARD,STATE,True,False,0.4,False,RO,Commercial - Office Space,readiness/data/geometry/16062790200000.geojson,cadastre_government_owned_parcels,https://services1.arcgis.com/99lidPhWCzftIe9K/arcgis/rest/services/cadastre_government_owned_parcels/FeatureServer/0/query,2026-09-25
16063060370000,STATE OF UTAH DIVISION OF FAC,STATE,True,False,4.9,False,PL,Tax Exempt - Government,readiness/data/geometry/16063060370000.geojson,cadastre_government_owned_parcels,https://services1.arcgis.com/99lidPhWCzftIe9K/arcgis/rest/services/cadastre_government_owned_parcels/FeatureServer/0/query,2026-09-25
16063060390000,SALT LAKE COUNTY - REAL ESTAE DEPT #S3-120,COUNTY,False,False,1.6,False,D-1,Commercial,readiness/data/geometry/16063060390000.geojson,cadastre_government_owned_parcels,https://services1.arcgis.com/99lidPhWCzftIe9K/arcgis/rest/services/cadastre_government_owned_parcels/FeatureServer/0/query,2026-09-25
16063060400000,SALT LAKE COUNTY - REAL ESTAE DEPT #S3-120,COUNTY,False,False,1.5,False,D-1,Commercial - Office Space,readiness/data/geometry/16063060400000.geojson,cadastre_government_owned_parcels,https://services1.arcgis.com/99lidPhWCzftIe9K/arcgis/rest/services/cadastre_government_owned_parcels/FeatureServer/0/query,2026-09-25
16063070010000,SALT LAKE CITY - PROPERTY MANAGEMENT,CITY,False,False,10.0,False,PL,Tax Exempt - Government,readiness/data/geometry/16063070010000.geojson,cadastre_government_owned_parcels,https://services1.arcgis.com/99lidPhWCzftIe9K/arcgis/rest/services/cadastre_government_owned_parcels/FeatureServer/0/query,2026-09-25
16063090010000,REDEVELOPMENT AGENCY OF SALT L - VALDA TARBET,CRA,False,False,0.0,True,D-1,Tax Exempt - Government,readiness/data/geometry/16063090010000.geojson,cadastre_government_owned_parcels,https://services1.arcgis.com/99lidPhWCzftIe9K/arcgis/rest/services/cadastre_government_owned_parcels/FeatureServer/0/query,2026-09-25
16063090020000,REDEVELOPMENT AGENCY OF SALT L,CRA,False,False,0.0,True,D-1,Residential,readiness/data/geometry/16063090020000.geojson,cadastre_government_owned_parcels,https://services1.arcgis.com/99lidPhWCzftIe9K/arcgis/rest/services/cadastre_government_owned_parcels/FeatureServer/0/query,2026-09-25
16063260020000,SALT LAKE CITY CORPORATION - PROPERTY MANAGEMENT,CITY,False,False,0.3,False,D-1,Tax Exempt - Government,readiness/data/geometry/16063260020000.geojson,cadastre_government_owned_parcels,https://services1.arcgis.com/99lidPhWCzftIe9K/arcgis/rest/services/cadastre_government_owned_parcels/FeatureServer/0/query,2026-09-25
16202760310000,LAKE CITY CORP. - PROPERTY MANAGEMENT,CITY,False,False,0.2,False,CSHBD1,Commercial,readiness/data/geometry/16202760310000.geojson,cadastre_government_owned_parcels,https://services1.arcgis.com/99lidPhWCzftIe9K/arcgis/rest/services/cadastre_government_owned_parcels/FeatureServer/0/query,2026-09-25
16063260050000,SALT LAKE CITY CORPORATION - PROPERTY MANAGEMENT,CITY,False,False,0.2,False,D-1,Commercial - Office Space,readiness/data/geometry/16063260050000.geojson,cadastre_government_owned_parcels,https://services1.arcgis.com/99lidPhWCzftIe9K/arcgis/rest/services/cadastre_government_owned_parcels/FeatureServer/0/query,2026-09-25
16063260070000,SALT LAKE CITY CORPORATION - PROPERTY MANAGEMENT,CITY,False,False,0.1,False,R-MU,Tax Exempt - Government,readiness/data/geometry/16063260070000.geojson,cadastre_government_owned_parcels,https://services1.arcgis.com/99lidPhWCzftIe9K/arcgis/rest/services/cadastre_government_owned_parcels/FeatureServer/0/query,2026-09-25
16063260080000,SALT LAKE CITY CORPORATION - PROPERTY MANAGEMENT,CITY,False,False,0.1,False,R-MU,Tax Exempt - Government,readiness/data/geometry/16063260080000.geojson,cadastre_government_owned_parcels,https://services1.arcgis.com/99lidPhWCzftIe9K/arcgis/rest/services/cadastre_government_owned_parcels/FeatureServer/0/query,2026-09-25
16063260090000,SALT LAKE CITY CORPORATION - PROPERTY MANAGEMENT,CITY,False,False,0.0,True,R-MU,Tax Exempt - Government,readiness/data/geometry/16063260090000.geojson,cadastre_government_owned_parcels,https://services1.arcgis.com/99lidPhWCzftIe9K/arcgis/rest/services/cadastre_government_owned_parcels/FeatureServer/0/query,2026-09-25
16063260180000,UTAH TRANSIT AUTHORITY - PROPERTY MANAGEMENT,UTA,False,False,0.0,True,TSA-UC-C,Tax Exempt - Government,readiness/data/geometry/16063260180000.geojson,cadastre_government_owned_parcels,https://services1.arcgis.com/99lidPhWCzftIe9K/arcgis/rest/services/cadastre_government_owned_parcels/FeatureServer/0/query,2026-09-25
16063260200000,SALT LAKE CITY CORPORATION - PROPERTY MANAGEMENT,CITY,False,False,0.8,False,D-1,Commercial - Office Space,readiness/data/geometry/16063260200000.geojson,cadastre_government_owned_parcels,https://services1.arcgis.com/99lidPhWCzftIe9K/arcgis/rest/services/cadastre_government_owned_parcels/FeatureServer/0/query,2026-09-25
16063300190000,SALT LAKE CITY CORPORATION - PROPERTY MANAGEMENT,CITY,False,False,9.8,False,PL2,Tax Exempt - Government,readiness/data/geometry/16063300190000.geojson,cadastre_government_owned_parcels,https://services1.arcgis.com/99lidPhWCzftIe9K/arcgis/rest/services/cadastre_government_owned_parcels/FeatureServer/0/query,2026-09-25
16063780010000,STATE BUILDING OWNERSHIP AUTHO,STATE,True,False,2.7,False,RO,Commercial - Office Space,readiness/data/geometry/16063780010000.geojson,cadastre_government_owned_parcels,https://services1.arcgis.com/99lidPhWCzftIe9K/arcgis/rest/services/cadastre_government_owned_parcels/FeatureServer/0/query,2026-09-25
16063780100000,UTAH BUILDING OWNERSHIP AUTHOR,SPECIAL_DISTRICT,False,False,1.1,False,D-3,Commercial,readiness/data/geometry/16063780100000.geojson,cadastre_government_owned_parcels,https://services1.arcgis.com/99lidPhWCzftIe9K/arcgis/rest/services/cadastre_government_owned_parcels/FeatureServer/0/query,2026-09-25
16063820052000,SALT LAKE COUNTY - REAL ESTATE DEPT #S3200,COUNTY,False,False,2.2,False,D-2,Commercial,readiness/data/geometry/16063820052000.geojson,cadastre_government_owned_parcels,https://services1.arcgis.com/99lidPhWCzftIe9K/arcgis/rest/services/cadastre_government_owned_parcels/FeatureServer/0/query,2026-09-25
16063830030000,SALT LAKE CITY CORPORATION - PROPERTY MANAGEMENT,CITY,False,False,0.1,False,D-3,Commercial - Office Space,readiness/data/geometry/16063830030000.geojson,cadastre_government_owned_parcels,https://services1.arcgis.com/99lidPhWCzftIe9K/arcgis/rest/services/cadastre_government_owned_parcels/FeatureServer/0/query,2026-09-25
16063830040000,SALT LAKE CITY CORPORATION - PROPERTY MANAGEMENT,CITY,False,False,0.1,False,D-3,Commercial,readiness/data/geometry/16063830040000.geojson,cadastre_government_owned_parcels,https://services1.arcgis.com/99lidPhWCzftIe9K/arcgis/rest/services/cadastre_government_owned_parcels/FeatureServer/0/query,2026-09-25
16063830090000,SALT LAKE CITY CORPORATION - PROPERTY MANAGEMENT,CITY,False,False,0.6,False,D-3,Commercial - Office Space,readiness/data/geometry/16063830090000.geojson,cadastre_government_owned_parcels,https://services1.arcgis.com/99lidPhWCzftIe9K/arcgis/rest/services/cadastre_government_owned_parcels/FeatureServer/0/query,2026-09-25
16063830100000,SALT LAKE CITY CORPORATION - PROPERTY MANAGEMENT,CITY,False,False,0.3,False,D-3,Commercial - Office Space,readiness/data/geometry/16063830100000.geojson,cadastre_government_owned_parcels,https://services1.arcgis.com/99lidPhWCzftIe9K/arcgis/rest/services/cadastre_government_owned_parcels/FeatureServer/0/query,2026-09-25
16063830120000,SALT LAKE CITY CORPORATION - PROPERTY MANAGEMENT,CITY,False,False,0.1,False,D-3,Commercial,readiness/data/geometry/16063830120000.geojson,cadastre_government_owned_parcels,https://services1.arcgis.com/99lidPhWCzftIe9K/arcgis/rest/services/cadastre_government_owned_parcels/FeatureServer/0/query,2026-09-25
16063830130000,SALT LAKE CITY CORPORATION - PROPERTY MANAGEMENT,CITY,False,False,0.1,False,D-3,Commercial,readiness/data/geometry/16063830130000.geojson,cadastre_government_owned_parcels,https://services1.arcgis.com/99lidPhWCzftIe9K/arcgis/rest/services/cadastre_government_owned_parcels/FeatureServer/0/query,2026-09-25
16063830140000,SALT LAKE CITY CORPORATION,CITY,False,False,0.1,False,D-3,Residential,readiness/data/geometry/16063830140000.geojson,cadastre_government_owned_parcels,https://services1.arcgis.com/99lidPhWCzftIe9K/arcgis/rest/services/cadastre_government_owned_parcels/FeatureServer/0/query,2026-09-25
16063830150000,SALT LAKE CITY CORPORATION - PROPERTY MANAGEMENT,CITY,False,False,0.1,False,D-3,Commercial,readiness/data/geometry/16063830150000.geojson,cadastre_government_owned_parcels,https://services1.arcgis.com/99lidPhWCzftIe9K/arcgis/rest/services/cadastre_government_owned_parcels/FeatureServer/0/query,2026-09-25
16063830160000,SALT LAKE CITY CORPORATION - PROPERTY MANAGEMENT,CITY,False,False,0.1,False,D-3,Commercial,readiness/data/geometry/16063830160000.geojson,cadastre_government_owned_parcels,https://services1.arcgis.com/99lidPhWCzftIe9K/arcgis/rest/services/cadastre_government_owned_parcels/FeatureServer/0/query,2026-09-25
16063830170000,SALT LAKE CITY CORPORATION - PROPERTY MANAGEMENT,CITY,False,False,0.1,False,D-3,Commercial,readiness/data/geometry/16063830170000.geojson,cadastre_government_owned_parcels,https://services1.arcgis.com/99lidPhWCzftIe9K/arcgis/rest/services/cadastre_government_owned_parcels/FeatureServer/0/query,2026-09-25
16063830180000,SALT LAKE CITY CORPORATION - PROPERTY MANAGEMENT,CITY,False,False,0.6,False,D-3,Commercial - Office Space,readiness/data/geometry/16063830180000.geojson,cadastre_government_owned_parcels,https://services1.arcgis.com/99lidPhWCzftIe9K/arcgis/rest/services/cadastre_government_owned_parcels/FeatureServer/0/query,2026-09-25
16063830190000,SALT LAKE CITY CORPORATION - PROPERTY MANAGEMENT,CITY,False,False,0.4,False,D-3,Commercial,readiness/data/geometry/16063830190000.geojson,cadastre_government_owned_parcels,https://services1.arcgis.com/99lidPhWCzftIe9K/arcgis/rest/services/cadastre_government_owned_parcels/FeatureServer/0/query,2026-09-25
16063850050000,SALT LAKE CITY CORPORATION - PROPERTY MANAGEMENT,CITY,False,False,0.1,False,RO,Commercial,readiness/data/geometry/16063850050000.geojson,cadastre_government_owned_parcels,https://services1.arcgis.com/99lidPhWCzftIe9K/arcgis/rest/services/cadastre_government_owned_parcels/FeatureServer/0/query,2026-09-25
16063860010000,SALT LAKE COUNTY - REAL ESTATE DEPT # S3200,COUNTY,False,False,2.5,False,PL,Tax Exempt - Government,readiness/data/geometry/16063860010000.geojson,cadastre_government_owned_parcels,https://services1.arcgis.com/99lidPhWCzftIe9K/arcgis/rest/services/cadastre_government_owned_parcels/FeatureServer/0/query,2026-09-25
16064020260000,SALT LAKE CITY CORPORATION - ATTN: REAL ESTATE SERVICES,CITY,False,False,0.2,False,R-MU,Vacant,readiness/data/geometry/16064020260000.geojson,cadastre_government_owned_parcels,https://services1.arcgis.com/99lidPhWCzftIe9K/arcgis/rest/services/cadastre_government_owned_parcels/FeatureServer/0/query,2026-09-25
16064040160000,SALT LAKE CITY CORPORATION - PROPERTY MANAGEMENT,CITY,False,False,3.6,False,PL2,Commercial - Office Space,readiness/data/geometry/16064040160000.geojson,cadastre_government_owned_parcels,https://services1.arcgis.com/99lidPhWCzftIe9K/arcgis/rest/services/cadastre_government_owned_parcels/FeatureServer/0/query,2026-09-25
16064060100000,SALT LAKE COUNTY - REAL ESTATE DEPT # S3200,COUNTY,False,False,0.0,True,R-MU-45,Tax Exempt - Government,readiness/data/geometry/16064060100000.geojson,cadastre_government_owned_parcels,https://services1.arcgis.com/99lidPhWCzftIe9K/arcgis/rest/services/cadastre_government_owned_parcels/FeatureServer/0/query,2026-09-25
16064080010000,DOWNTOWN SLC B RETAIL CONDO LL - THE DOMAIN COMPANIES LLC,SPECIAL_DISTRICT,False,False,0.0,True,TSA-UC-C,Commercial - Office Space,readiness/data/geometry/16064080010000.geojson,cadastre_government_owned_parcels,https://services1.arcgis.com/99lidPhWCzftIe9K/arcgis/rest/services/cadastre_government_owned_parcels/FeatureServer/0/query,2026-09-25
16064340070000,SALT LAKE CITY CORPORATION,CITY,False,False,0.3,False,UNKNOWN,Tax Exempt - Government,readiness/data/geometry/16064340070000.geojson,cadastre_government_owned_parcels,https://services1.arcgis.com/99lidPhWCzftIe9K/arcgis/rest/services/cadastre_government_owned_parcels/FeatureServer/0/query,2026-09-25
16064510110000,SALT LAKE CITY CORP - PROPERTY MANAGEMENT,CITY,False,False,0.1,False,SR-3,Tax Exempt - Government,readiness/data/geometry/16064510110000.geojson,cadastre_government_owned_parcels,https://services1.arcgis.com/99lidPhWCzftIe9K/arcgis/rest/services/cadastre_government_owned_parcels/FeatureServer/0/query,2026-09-25
16064520190000,SALT LAKE CITY CORP - PROPERTY MANAGEMENT,CITY,False,False,0.1,False,SR-3,Tax Exempt - Government,readiness/data/geometry/16064520190000.geojson,cadastre_government_owned_parcels,https://services1.arcgis.com/99lidPhWCzftIe9K/arcgis/rest/services/cadastre_government_owned_parcels/FeatureServer/0/query,2026-09-25
16064590140000,SALT LAKE CITY CORP - PROPERTY MANAGEMENT,CITY,False,False,0.1,False,OS,Tax Exempt - Government,readiness/data/geometry/16064590140000.geojson,cadastre_government_owned_parcels,https://services1.arcgis.com/99lidPhWCzftIe9K/arcgis/rest/services/cadastre_government_owned_parcels/FeatureServer/0/query,2026-09-25
16064590150000,SALT LAKE CITY CORP - PROPERTY MANAGEMENT,CITY,False,False,0.1,False,OS,Tax Exempt - Government,readiness/data/geometry/16064590150000.geojson,cadastre_government_owned_parcels,https://services1.arcgis.com/99lidPhWCzftIe9K/arcgis/rest/services/cadastre_government_owned_parcels/FeatureServer/0/query,2026-09-25
16064590160000,SALT LAKE CITY CORP - PROPERTY MANAGEMENT,CITY,False,False,0.1,False,OS,Tax Exempt - Government,readiness/data/geometry/16064590160000.geojson,cadastre_government_owned_parcels,https://services1.arcgis.com/99lidPhWCzftIe9K/arcgis/rest/services/cadastre_government_owned_parcels/FeatureServer/0/query,2026-09-25
16064590170000,SALT LAKE CITY CORP - PROPERTY MANAGEMENT,CITY,False,False,0.4,False,OS,Tax Exempt - Government,readiness/data/geometry/16064590170000.geojson,cadastre_government_owned_parcels,https://services1.arcgis.com/99lidPhWCzftIe9K/arcgis/rest/services/cadastre_government_owned_parcels/FeatureServer/0/query,2026-09-25
16064590190000,SALT LAKE CITY CORP - PROPERTY MANAGEMENT,CITY,False,False,0.0,True,RMF-35,Tax Exempt - Government,readiness/data/geometry/16064590190000.geojson,cadastre_government_owned_parcels,https://services1.arcgis.com/99lidPhWCzftIe9K/arcgis/rest/services/cadastre_government_owned_parcels/FeatureServer/0/query,2026-09-25
16064600190000,SALT LAKE CITY CORP - PROPERTY MANAGEMENT,CITY,False,False,0.1,False,RMF-35,Tax Exempt - Government,readiness/data/geometry/16064600190000.geojson,cadastre_government_owned_parcels,https://services1.arcgis.com/99lidPhWCzftIe9K/arcgis/rest/services/cadastre_government_owned_parcels/FeatureServer/0/query,2026-09-25
16064610010000,SALT LAKE CITY CORP - PROPERTY MANAGEMENT,CITY,False,False,0.2,False,OS,Tax Exempt - Government,readiness/data/geometry/16064610010000.geojson,cadastre_government_owned_parcels,https://services1.arcgis.com/99lidPhWCzftIe9K/arcgis/rest/services/cadastre_government_owned_parcels/FeatureServer/0/query,2026-09-25
16064610020000,SALT LAKE CITY CORPORATION - PROPERTY MANAGEMENT,CITY,False,False,0.2,False,OS,Tax Exempt - Government,readiness/data/geometry/16064610020000.geojson,cadastre_government_owned_parcels,https://services1.arcgis.com/99lidPhWCzftIe9K/arcgis/rest/services/cadastre_government_owned_parcels/FeatureServer/0/query,2026-09-25
16064610050000,SALT LAKE CITY CORP - PROPERTY MANAGEMENT,CITY,False,False,0.1,False,OS,Tax Exempt - Government,readiness/data/geometry/16064610050000.geojson,cadastre_government_owned_parcels,https://services1.arcgis.com/99lidPhWCzftIe9K/arcgis/rest/services/cadastre_government_owned_parcels/FeatureServer/0/query,2026-09-25
16064610090000,SALT LAKE CITY CORP - PROPERTY MANAGEMENT,CITY,False,False,0.1,False,OS,Tax Exempt - Government,readiness/data/geometry/16064610090000.geojson,cadastre_government_owned_parcels,https://services1.arcgis.com/99lidPhWCzftIe9K/arcgis/rest/services/cadastre_government_owned_parcels/FeatureServer/0/query,2026-09-25
16064610100000,SALT LAKE CITY CORP - PROPERTY MANAGEMENT,CITY,False,False,0.0,True,OS,Tax Exempt - Government,readiness/data/geometry/16064610100000.geojson,cadastre_government_owned_parcels,https://services1.arcgis.com/99lidPhWCzftIe9K/arcgis/rest/services/cadastre_government_owned_parcels/FeatureServer/0/query,2026-09-25
16064610110000,SALT LAKE CITY CORP - PROPERTY MANAGEMENT,CITY,False,False,0.1,False,OS,Tax Exempt - Government,readiness/data/geometry/16064610110000.geojson,cadastre_government_owned_parcels,https://services1.arcgis.com/99lidPhWCzftIe9K/arcgis/rest/services/cadastre_government_owned_parcels/FeatureServer/0/query,2026-09-25
16064610120000,SALT LAKE CITY CORP - PROPERTY MANAGEMENT,CITY,False,False,0.1,False,OS,Tax Exempt - Government,readiness/data/geometry/16064610120000.geojson,cadastre_government_owned_parcels,https://services1.arcgis.com/99lidPhWCzftIe9K/arcgis/rest/services/cadastre_government_owned_parcels/FeatureServer/0/query,2026-09-25
16064610130000,SALT LAKE CITY CORP - PROPERTY MANAGEMENT,CITY,False,False,0.1,False,OS,Tax Exempt - Government,readiness/data/geometry/16064610130000.geojson,cadastre_government_owned_parcels,https://services1.arcgis.com/99lidPhWCzftIe9K/arcgis/rest/services/cadastre_government_owned_parcels/FeatureServer/0/query,2026-09-25
16064610140000,SALT LAKE CITY CORP - PROPERTY MANAGEMENT,CITY,False,False,0.1,False,OS,Tax Exempt - Government,readiness/data/geometry/16064610140000.geojson,cadastre_government_owned_parcels,https://services1.arcgis.com/99lidPhWCzftIe9K/arcgis/rest/services/cadastre_government_owned_parcels/FeatureServer/0/query,2026-09-25
16064610150000,SALT LAKE CITY CORP - PROPERTY MANAGEMENT,CITY,False,False,0.1,False,OS,Tax Exempt - Government,readiness/data/geometry/16064610150000.geojson,cadastre_government_owned_parcels,https://services1.arcgis.com/99lidPhWCzftIe9K/arcgis/rest/services/cadastre_government_owned_parcels/FeatureServer/0/query,2026-09-25
16064610160000,SALT LAKE CITY CORP - PROPERTY MANAGEMENT,CITY,False,False,0.0,True,OS,Tax Exempt - Government,readiness/data/geometry/16064610160000.geojson,cadastre_government_owned_parcels,https://services1.arcgis.com/99lidPhWCzftIe9K/arcgis/rest/services/cadastre_government_owned_parcels/FeatureServer/0/query,2026-09-25
16064610330000,SALT LAKE CITY CORP - PROPERTY MANAGEMENT,CITY,False,False,0.1,False,OS,Tax Exempt - Government,readiness/data/geometry/16064610330000.geojson,cadastre_government_owned_parcels,https://services1.arcgis.com/99lidPhWCzftIe9K/arcgis/rest/services/cadastre_government_owned_parcels/FeatureServer/0/query,2026-09-25
16064790200000,SALT LAKE CITY CORPORATION - PROPERTY MANAGEMENT,CITY,False,False,0.3,False,SR-3,Tax Exempt - Government,readiness/data/geometry/16064790200000.geojson,cadastre_government_owned_parcels,https://services1.arcgis.com/99lidPhWCzftIe9K/arcgis/rest/services/cadastre_government_owned_parcels/FeatureServer/0/query,2026-09-25
16071040050000,STATE BUILDING OWNERSHIP AUTHO,STATE,True,False,0.3,False,D-2,Commercial - Office Space,readiness/data/geometry/16071040050000.geojson,cadastre_government_owned_parcels,https://services1.arcgis.com/99lidPhWCzftIe9K/arcgis/rest/services/cadastre_government_owned_parcels/FeatureServer/0/query,2026-09-25
16071040060000,STATE BUILDING OWNERSHIP AUTHO,STATE,True,False,0.0,True,D-2,Commercial - Office Space,readiness/data/geometry/16071040060000.geojson,cadastre_government_owned_parcels,https://services1.arcgis.com/99lidPhWCzftIe9K/arcgis/rest/services/cadastre_government_owned_parcels/FeatureServer/0/query,2026-09-25
16071040080000,STATE BUILDING OWNERSHIP AUTHO,STATE,True,False,0.2,False,D-2,Commercial - Office Space,readiness/data/geometry/16071040080000.geojson,cadastre_government_owned_parcels,https://services1.arcgis.com/99lidPhWCzftIe9K/arcgis/rest/services/cadastre_government_owned_parcels/FeatureServer/0/query,2026-09-25
16071040090000,STATE BUILDING OWNERSHIP AUTHO,STATE,True,False,0.1,False,D-2,Commercial - Office Space,readiness/data/geometry/16071040090000.geojson,cadastre_government_owned_parcels,https://services1.arcgis.com/99lidPhWCzftIe9K/arcgis/rest/services/cadastre_government_owned_parcels/FeatureServer/0/query,2026-09-25
16071040100000,STATE BUILDING OWNERSHIP AUTHO,STATE,True,False,0.1,False,D-2,Commercial - Office Space,readiness/data/geometry/16071040100000.geojson,cadastre_government_owned_parcels,https://services1.arcgis.com/99lidPhWCzftIe9K/arcgis/rest/services/cadastre_government_owned_parcels/FeatureServer/0/query,2026-09-25
16071040110000,STATE BUILDING OWNERSHIP AUTHO,STATE,True,False,0.3,False,D-2,Commercial - Office Space,readiness/data/geometry/16071040110000.geojson,cadastre_government_owned_parcels,https://services1.arcgis.com/99lidPhWCzftIe9K/arcgis/rest/services/cadastre_government_owned_parcels/FeatureServer/0/query,2026-09-25
16071040120000,STATE BUILDING OWNERSHIP AUTHO,STATE,True,False,0.1,False,D-2,Commercial - Office Space,readiness/data/geometry/16071040120000.geojson,cadastre_government_owned_parcels,https://services1.arcgis.com/99lidPhWCzftIe9K/arcgis/rest/services/cadastre_government_owned_parcels/FeatureServer/0/query,2026-09-25
16071040130000,STATE BUILDING OWNERSHIP AUTHO,STATE,True,False,0.1,False,D-2,Commercial - Office Space,readiness/data/geometry/16071040130000.geojson,cadastre_government_owned_parcels,https://services1.arcgis.com/99lidPhWCzftIe9K/arcgis/rest/services/cadastre_government_owned_parcels/FeatureServer/0/query,2026-09-25
16071040140000,STATE BUILDING OWNERSHIP AUTHO,STATE,True,False,0.3,False,D-2,Commercial - Office Space,readiness/data/geometry/16071040140000.geojson,cadastre_government_owned_parcels,https://services1.arcgis.com/99lidPhWCzftIe9K/arcgis/rest/services/cadastre_government_owned_parcels/FeatureServer/0/query,2026-09-25
16071040150000,STATE BUILDING OWNERSHIP AUTHO,STATE,True,False,0.1,False,D-2,Commercial - Office Space,readiness/data/geometry/16071040150000.geojson,cadastre_government_owned_parcels,https://services1.arcgis.com/99lidPhWCzftIe9K/arcgis/rest/services/cadastre_government_owned_parcels/FeatureServer/0/query,2026-09-25
16071270110000,HOUSING AUTHORITY OF SALT LAKE,SPECIAL_DISTRICT,False,False,1.3,False,RMF-75,Commercial - Apartment & Condo,readiness/data/geometry/16071270110000.geojson,cadastre_government_owned_parcels,https://services1.arcgis.com/99lidPhWCzftIe9K/arcgis/rest/services/cadastre_government_owned_parcels/FeatureServer/0/query,2026-09-25
16071270270000,SALT LAKE CITY CORPORATION - PROPERTY MANAGEMENT,CITY,False,False,0.6,False,OS,Tax Exempt - Government,readiness/data/geometry/16071270270000.geojson,cadastre_government_owned_parcels,https://services1.arcgis.com/99lidPhWCzftIe9K/arcgis/rest/services/cadastre_government_owned_parcels/FeatureServer/0/query,2026-09-25
16071270290000,SALT LAKE COUNTY,COUNTY,False,False,1.4,False,RMF-75,Tax Exempt,readiness/data/geometry/16071270290000.geojson,cadastre_government_owned_parcels,https://services1.arcgis.com/99lidPhWCzftIe9K/arcgis/rest/services/cadastre_government_owned_parcels/FeatureServer/0/query,2026-09-25
16071290300000,SALT LAKE CITY CORP - PROPERTY MANAGEMENT,CITY,False,False,0.1,False,SR-3,Commercial,readiness/data/geometry/16071290300000.geojson,cadastre_government_owned_parcels,https://services1.arcgis.com/99lidPhWCzftIe9K/arcgis/rest/services/cadastre_government_owned_parcels/FeatureServer/0/query,2026-09-25
16071300090000,SALT LAKE CITY CORP - PROPERTY MANAGEMENT,CITY,False,False,0.1,False,SR-3,Vacant,readiness/data/geometry/16071300090000.geojson,cadastre_government_owned_parcels,https://services1.arcgis.com/99lidPhWCzftIe9K/arcgis/rest/services/cadastre_government_owned_parcels/FeatureServer/0/query,2026-09-25
16072100230000,SALT LAKE CITY - PROPERTY MANAGEMENT,CITY,False,False,0.0,True,UNKNOWN,Tax Exempt - Government,readiness/data/geometry/16072100230000.geojson,cadastre_government_owned_parcels,https://services1.arcgis.com/99lidPhWCzftIe9K/arcgis/rest/services/cadastre_government_owned_parcels/FeatureServer/0/query,2026-09-25
16072280060000,SALT LAKE COUNTY - REAL ESTATE DEPT # S3200,COUNTY,False,False,0.0,True,UNKNOWN,Tax Exempt - Government,readiness/data/geometry/16072280060000.geojson,cadastre_government_owned_parcels,https://services1.arcgis.com/99lidPhWCzftIe9K/arcgis/rest/services/cadastre_government_owned_parcels/FeatureServer/0/query,2026-09-25
16072310350000,SALT LAKE COUNTY - REAL ESTATE DEPT # S3200,COUNTY,False,False,0.0,True,RMF-30,Tax Exempt - Government,readiness/data/geometry/16072310350000.geojson,cadastre_government_owned_parcels,https://services1.arcgis.com/99lidPhWCzftIe9K/arcgis/rest/services/cadastre_government_owned_parcels/FeatureServer/0/query,2026-09-25
16072310350000,SALT LAKE COUNTY - REAL ESTATE DEPT # S3200,COUNTY,False,False,0.0,True,RMF-30,Tax Exempt - Government,readiness/data/geometry/16072310350000.geojson,cadastre_government_owned_parcels,https://services1.arcgis.com/99lidPhWCzftIe9K/arcgis/rest/services/cadastre_government_owned_parcels/FeatureServer/0/query,2026-09-25
16072530250000,SALT LAKE CITY CORP - PROPERTY MANAGEMENT,CITY,False,False,0.1,False,RMF-30,Tax Exempt - Government,readiness/data/geometry/16072530250000.geojson,cadastre_government_owned_parcels,https://services1.arcgis.com/99lidPhWCzftIe9K/arcgis/rest/services/cadastre_government_owned_parcels/FeatureServer/0/query,2026-09-25
16072540010000,SALT LAKE CITY CORP - PROPERTY MANAGEMENT,CITY,False,False,0.1,False,SR-3,Tax Exempt - Government,readiness/data/geometry/16072540010000.geojson,cadastre_government_owned_parcels,https://services1.arcgis.com/99lidPhWCzftIe9K/arcgis/rest/services/cadastre_government_owned_parcels/FeatureServer/0/query,2026-09-25
16072540280000,HOUSING AUTHORITY OF SALT LAKE,SPECIAL_DISTRICT,False,False,1.1,False,UNKNOWN,Commercial - Apartment & Condo,readiness/data/geometry/16072540280000.geojson,cadastre_government_owned_parcels,https://services1.arcgis.com/99lidPhWCzftIe9K/arcgis/rest/services/cadastre_government_owned_parcels/FeatureServer/0/query,2026-09-25
16072550090000,SALT LAKE CITY CORP - PROPERTY MANAGEMENT,CITY,False,False,0.1,False,SR-3,Tax Exempt - Government,readiness/data/geometry/16072550090000.geojson,cadastre_government_owned_parcels,https://services1.arcgis.com/99lidPhWCzftIe9K/arcgis/rest/services/cadastre_government_owned_parcels/FeatureServer/0/query,2026-09-25
16072550230000,SALT LAKE COUNTY - REAL ESTATE DEPT # S3200,COUNTY,False,False,0.0,True,CN,Commercial,readiness/data/geometry/16072550230000.geojson,cadastre_government_owned_parcels,https://services1.arcgis.com/99lidPhWCzftIe9K/arcgis/rest/services/cadastre_government_owned_parcels/FeatureServer/0/query,2026-09-25
16072550240000,HOUSING ATHORITY OF SALT LAKE,SPECIAL_DISTRICT,False,False,0.1,False,RMF-45,Vacant,readiness/data/geometry/16072550240000.geojson,cadastre_government_owned_parcels,https://services1.arcgis.com/99lidPhWCzftIe9K/arcgis/rest/services/cadastre_government_owned_parcels/FeatureServer/0/query,2026-09-25
16072560190000,SALT LAKE COUNTY - REAL ESTATE DEPT #S3-120,COUNTY,False,False,0.0,True,R-1-5000,Tax Exempt - Government,readiness/data/geometry/16072560190000.geojson,cadastre_government_owned_parcels,https://services1.arcgis.com/99lidPhWCzftIe9K/arcgis/rest/services/cadastre_government_owned_parcels/FeatureServer/0/query,2026-09-25
16072560330000,SALT LAKE CITY CORPORATION - PO BOX 145460/REAL ESTATE,CITY,False,False,0.0,True,UNKNOWN,Tax Exempt - Government,readiness/data/geometry/16072560330000.geojson,cadastre_government_owned_parcels,https://services1.arcgis.com/99lidPhWCzftIe9K/arcgis/rest/services/cadastre_government_owned_parcels/FeatureServer/0/query,2026-09-25
16072590390000,SALT LAKE CITY CORP - PROPERTY MANAGEMENT,CITY,False,False,0.1,False,SR-3,Tax Exempt - Charitable Organization or Religious,readiness/data/geometry/16072590390000.geojson,cadastre_government_owned_parcels,https://services1.arcgis.com/99lidPhWCzftIe9K/arcgis/rest/services/cadastre_government_owned_parcels/FeatureServer/0/query,2026-09-25
16073110352000,SALT LAKE CITY CORPORATION - HOUSING AND NEIGHBORHOOD DEVE,CITY,False,False,0.1,False,R-1-5000,Residential,readiness/data/geometry/16073110352000.geojson,cadastre_government_owned_parcels,https://services1.arcgis.com/99lidPhWCzftIe9K/arcgis/rest/services/cadastre_government_owned_parcels/FeatureServer/0/query,2026-09-25
16073280070000,BOARD OF EDUCATION OF SALT LAK,SCHOOL_DISTRICT,False,False,0.2,False,PL,Tax Exempt - Government,readiness/data/geometry/16073280070000.geojson,cadastre_government_owned_parcels,https://services1.arcgis.com/99lidPhWCzftIe9K/arcgis/rest/services/cadastre_government_owned_parcels/FeatureServer/0/query,2026-09-25
16073280120000,SALT LAKE CITY SCHOOL DISTRICT,SCHOOL_DISTRICT,False,False,0.2,False,PL,Tax Exempt - Government,readiness/data/geometry/16073280120000.geojson,cadastre_government_owned_parcels,https://services1.arcgis.com/99lidPhWCzftIe9K/arcgis/rest/services/cadastre_government_owned_parcels/FeatureServer/0/query,2026-09-25
16073280130000,SALT LAKE CITY SCHOOL DISTRICT,SCHOOL_DISTRICT,False,False,0.2,False,PL,Tax Exempt - Government,readiness/data/geometry/16073280130000.geojson,cadastre_government_owned_parcels,https://services1.arcgis.com/99lidPhWCzftIe9K/arcgis/rest/services/cadastre_government_owned_parcels/FeatureServer/0/query,2026-09-25
16073290170000,SALT LAKE CITY CORPORATION - PROPERTY MANAGEMENT,CITY,False,False,0.1,False,R-1-5000,Tax Exempt - Government,readiness/data/geometry/16073290170000.geojson,cadastre_government_owned_parcels,https://services1.arcgis.com/99lidPhWCzftIe9K/arcgis/rest/services/cadastre_government_owned_parcels/FeatureServer/0/query,2026-09-25
16073290180000,BOARD OF EDUCATION OF SALT LAK,SCHOOL_DISTRICT,False,False,0.2,False,PL,Tax Exempt - Government,readiness/data/geometry/16073290180000.geojson,cadastre_government_owned_parcels,https://services1.arcgis.com/99lidPhWCzftIe9K/arcgis/rest/services/cadastre_government_owned_parcels/FeatureServer/0/query,2026-09-25
16073290190000,BOARD OF EDUCATION OF SALT LAK,SCHOOL_DISTRICT,False,False,0.2,False,PL,Tax Exempt - Government,readiness/data/geometry/16073290190000.geojson,cadastre_government_owned_parcels,https://services1.arcgis.com/99lidPhWCzftIe9K/arcgis/rest/services/cadastre_government_owned_parcels/FeatureServer/0/query,2026-09-25
16073290200000,BOARD OF EDUCATION OF SALT LAK,SCHOOL_DISTRICT,False,False,0.2,False,PL,Tax Exempt - Government,readiness/data/geometry/16073290200000.geojson,cadastre_government_owned_parcels,https://services1.arcgis.com/99lidPhWCzftIe9K/arcgis/rest/services/cadastre_government_owned_parcels/FeatureServer/0/query,2026-09-25
16073300170000,BOARD OF EDUCATION OF SALT LAK,SCHOOL_DISTRICT,False,False,0.1,False,PL,Tax Exempt - Government,readiness/data/geometry/16073300170000.geojson,cadastre_government_owned_parcels,https://services1.arcgis.com/99lidPhWCzftIe9K/arcgis/rest/services/cadastre_government_owned_parcels/FeatureServer/0/query,2026-09-25
16073300360000,BOARD OF EDUCATION OF SALT LAK,SCHOOL_DISTRICT,False,False,4.9,False,PL,Tax Exempt - Government,readiness/data/geometry/16073300360000.geojson,cadastre_government_owned_parcels,https://services1.arcgis.com/99lidPhWCzftIe9K/arcgis/rest/services/cadastre_government_owned_parcels/FeatureServer/0/query,2026-09-25
16073310112000,SALT LAKE CITY CORPORATION,CITY,False,False,0.1,False,R-1-5000,Residential,readiness/data/geometry/16073310112000.geojson,cadastre_government_owned_parcels,https://services1.arcgis.com/99lidPhWCzftIe9K/arcgis/rest/services/cadastre_government_owned_parcels/FeatureServer/0/query,2026-09-25
16073570090000,SALT LAKE COUNTY - REAL ESTATE DEPT # S3200,COUNTY,False,False,0.0,True,R-1-5000,Tax Exempt - Government,readiness/data/geometry/16073570090000.geojson,cadastre_government_owned_parcels,https://services1.arcgis.com/99lidPhWCzftIe9K/arcgis/rest/services/cadastre_government_owned_parcels/FeatureServer/0/query,2026-09-25
16073570370000,SALT LAKE COUNTY - REAL ESTATE DEPT # S3200,COUNTY,False,False,0.0,True,UNKNOWN,Commercial,readiness/data/geometry/16073570370000.geojson,cadastre_government_owned_parcels,https://services1.arcgis.com/99lidPhWCzftIe9K/arcgis/rest/services/cadastre_government_owned_parcels/FeatureServer/0/query,2026-09-25
16073810070000,SALT LAKE COUNTY - REAL ESTATE DEPT # S3200,COUNTY,False,False,0.0,True,R-1-5000,Tax Exempt - Government,readiness/data/geometry/16073810070000.geojson,cadastre_government_owned_parcels,https://services1.arcgis.com/99lidPhWCzftIe9K/arcgis/rest/services/cadastre_government_owned_parcels/FeatureServer/0/query,2026-09-25
16074270010000,SALT LAKE CITY CORP - PROPERTY MANAGEMENT,CITY,False,False,100.0,False,OS,Tax Exempt - Government,readiness/data/geometry/16074270010000.geojson,cadastre_government_owned_parcels,https://services1.arcgis.com/99lidPhWCzftIe9K/arcgis/rest/services/cadastre_government_owned_parcels/FeatureServer/0/query,2026-09-25
16074510290000,SALT LAKE CITY CORPORATION,CITY,False,False,5.0,False,R-1-5000,Tax Exempt - Government,readiness/data/geometry/16074510290000.geojson,cadastre_government_owned_parcels,https://services1.arcgis.com/99lidPhWCzftIe9K/arcgis/rest/services/cadastre_government_owned_parcels/FeatureServer/0/query,2026-09-25
16074530140000,SALT LAKE COUNTY - REAL ESTATE DEPT # S3200,COUNTY,False,False,0.0,True,R-1-5000,Tax Exempt - Charitable Organization or Religious,readiness/data/geometry/16074530140000.geojson,cadastre_government_owned_parcels,https://services1.arcgis.com/99lidPhWCzftIe9K/arcgis/rest/services/cadastre_government_owned_parcels/FeatureServer/0/query,2026-09-25
16081040070000,SALT LAKE COUNTY - REAL ESTATE DEPT # S3200,COUNTY,False,False,0.0,True,RMF-35,Tax Exempt - Government,readiness/data/geometry/16081040070000.geojson,cadastre_government_owned_parcels,https://services1.arcgis.com/99lidPhWCzftIe9K/arcgis/rest/services/cadastre_government_owned_parcels/FeatureServer/0/query,2026-09-25
16081060080000,HOUSING AUTHORITY OF SALT LAKE,SPECIAL_DISTRICT,False,False,0.1,False,RMF-30,Vacant,readiness/data/geometry/16081060080000.geojson,cadastre_government_owned_parcels,https://services1.arcgis.com/99lidPhWCzftIe9K/arcgis/rest/services/cadastre_government_owned_parcels/FeatureServer/0/query,2026-09-25
16081060350000,HOUSING AUTHORITY OF SALT LAKE,SPECIAL_DISTRICT,False,False,0.3,False,RMF-30,Commercial,readiness/data/geometry/16081060350000.geojson,cadastre_government_owned_parcels,https://services1.arcgis.com/99lidPhWCzftIe9K/arcgis/rest/services/cadastre_government_owned_parcels/FeatureServer/0/query,2026-09-25
16081320090000,SALT LAKE COUNTY - REAL ESTATE DEPT # S3200,COUNTY,False,False,0.0,True,R-2,Tax Exempt - Government,readiness/data/geometry/16081320090000.geojson,cadastre_government_owned_parcels,https://services1.arcgis.com/99lidPhWCzftIe9K/arcgis/rest/services/cadastre_government_owned_parcels/FeatureServer/0/query,2026-09-25
16081570060000,SALT LAKE COUNTY - REAL ESTATE DEPT # S3200,COUNTY,False,False,0.0,True,R-1-5000,Tax Exempt - Government,readiness/data/geometry/16081570060000.geojson,cadastre_government_owned_parcels,https://services1.arcgis.com/99lidPhWCzftIe9K/arcgis/rest/services/cadastre_government_owned_parcels/FeatureServer/0/query,2026-09-25
16082060050000,SALT LAKE COUNTY - REAL ESTATE DEPT # S3200,COUNTY,False,False,0.0,True,R-2,Tax Exempt - Government,readiness/data/geometry/16082060050000.geojson,cadastre_government_owned_parcels,https://services1.arcgis.com/99lidPhWCzftIe9K/arcgis/rest/services/cadastre_government_owned_parcels/FeatureServer/0/query,2026-09-25
16082330010000,BOARD OF EDUCATION OF SALT LAK,SCHOOL_DISTRICT,False,False,11.0,False,PL,Tax Exempt - Government,readiness/data/geometry/16082330010000.geojson,cadastre_government_owned_parcels,https://services1.arcgis.com/99lidPhWCzftIe9K/arcgis/rest/services/cadastre_government_owned_parcels/FeatureServer/0/query,2026-09-25
16082340010000,BOARD OF EDUCATION SL CITY,CITY,False,False,2.0,False,PL,Tax Exempt - Government,readiness/data/geometry/16082340010000.geojson,cadastre_government_owned_parcels,https://services1.arcgis.com/99lidPhWCzftIe9K/arcgis/rest/services/cadastre_government_owned_parcels/FeatureServer/0/query,2026-09-25
16082510560000,SALT LAKE CITY CORPORATION - PO BOX 145460,CITY,False,False,0.9,False,PL,Tax Exempt - Government,readiness/data/geometry/16082510560000.geojson,cadastre_government_owned_parcels,https://services1.arcgis.com/99lidPhWCzftIe9K/arcgis/rest/services/cadastre_government_owned_parcels/FeatureServer/0/query,2026-09-25
16082530190000,SALT LAKE COUNTY - REAL ESTATE DEPT # S3200,COUNTY,False,False,0.0,True,R-2,Tax Exempt - Government,readiness/data/geometry/16082530190000.geojson,cadastre_government_owned_parcels,https://services1.arcgis.com/99lidPhWCzftIe9K/arcgis/rest/services/cadastre_government_owned_parcels/FeatureServer/0/query,2026-09-25
16082800160000,SALT LAKE CITY CORPORATION - PROPERTY MANAGEMENT,CITY,False,False,0.1,False,OS,Vacant,readiness/data/geometry/16082800160000.geojson,cadastre_government_owned_parcels,https://services1.arcgis.com/99lidPhWCzftIe9K/arcgis/rest/services/cadastre_government_owned_parcels/FeatureServer/0/query,2026-09-25
16083330230000,SALT LAKE COUNTY - REAL ESTATE DEPT # S3200,COUNTY,False,False,0.1,False,R-1-5000,Tax Exempt - Government,readiness/data/geometry/16083330230000.geojson,cadastre_government_owned_parcels,https://services1.arcgis.com/99lidPhWCzftIe9K/arcgis/rest/services/cadastre_government_owned_parcels/FeatureServer/0/query,2026-09-25
16083770320000,SALT LAKE CITY CORPORATION - PROPERTY MANAGEMENT,CITY,False,False,0.0,True,UNKNOWN,Tax Exempt - Government,readiness/data/geometry/16083770320000.geojson,cadastre_government_owned_parcels,https://services1.arcgis.com/99lidPhWCzftIe9K/arcgis/rest/services/cadastre_government_owned_parcels/FeatureServer/0/query,2026-09-25
16083840030000,SALT LAKE COUNTY - REAL ESTATE DEPT # S3200,COUNTY,False,False,0.0,True,R-1-5000,Tax Exempt - Government,readiness/data/geometry/16083840030000.geojson,cadastre_government_owned_parcels,https://services1.arcgis.com/99lidPhWCzftIe9K/arcgis/rest/services/cadastre_government_owned_parcels/FeatureServer/0/query,2026-09-25
16084060260000,SALT LAKE COUNTY - REAL ESTATE DEPT # S3200,COUNTY,False,False,0.0,True,R-1-5000,Tax Exempt - Government,readiness/data/geometry/16084060260000.geojson,cadastre_government_owned_parcels,https://services1.arcgis.com/99lidPhWCzftIe9K/arcgis/rest/services/cadastre_government_owned_parcels/FeatureServer/0/query,2026-09-25
16084280230000,SALT LAKE CITY CORPORATION,CITY,False,False,0.3,False,R-1-5000,Tax Exempt - Government,readiness/data/geometry/16084280230000.geojson,cadastre_government_owned_parcels,https://services1.arcgis.com/99lidPhWCzftIe9K/arcgis/rest/services/cadastre_government_owned_parcels/FeatureServer/0/query,2026-09-25
16084280240000,SALT LAKE CITY CORPORATION - KARRYN GREENLEAF,CITY,False,False,0.3,False,R-1-5000,Tax Exempt - Government,readiness/data/geometry/16084280240000.geojson,cadastre_government_owned_parcels,https://services1.arcgis.com/99lidPhWCzftIe9K/arcgis/rest/services/cadastre_government_owned_parcels/FeatureServer/0/query,2026-09-25
16084520370000,SALT LAKE CITY CORPORATION - PROPERTY MANAGEMENT,CITY,False,False,0.6,False,R-1-5000,Tax Exempt - Government,readiness/data/geometry/16084520370000.geojson,cadastre_government_owned_parcels,https://services1.arcgis.com/99lidPhWCzftIe9K/arcgis/rest/services/cadastre_government_owned_parcels/FeatureServer/0/query,2026-09-25
16084520410000,SALT LAKE CITY,CITY,False,False,0.1,False,CN,Tax Exempt - Government,readiness/data/geometry/16084520410000.geojson,cadastre_government_owned_parcels,https://services1.arcgis.com/99lidPhWCzftIe9K/arcgis/rest/services/cadastre_government_owned_parcels/FeatureServer/0/query,2026-09-25
16084520410000,SALT LAKE CITY,CITY,False,False,0.1,False,CN,Tax Exempt - Government,readiness/data/geometry/16084520410000.geojson,cadastre_government_owned_parcels,https://services1.arcgis.com/99lidPhWCzftIe9K/arcgis/rest/services/cadastre_government_owned_parcels/FeatureServer/0/query,2026-09-25
16084520430000,SALT LAKE CITY CORPORATION,CITY,False,False,0.0,True,CN,Tax Exempt - Government,readiness/data/geometry/16084520430000.geojson,cadastre_government_owned_parcels,https://services1.arcgis.com/99lidPhWCzftIe9K/arcgis/rest/services/cadastre_government_owned_parcels/FeatureServer/0/query,2026-09-25
16084530110000,SALT LAKE CITY SCHOOL DISTRICT,SCHOOL_DISTRICT,False,False,0.2,False,R-1-5000,Tax Exempt - Government,readiness/data/geometry/16084530110000.geojson,cadastre_government_owned_parcels,https://services1.arcgis.com/99lidPhWCzftIe9K/arcgis/rest/services/cadastre_government_owned_parcels/FeatureServer/0/query,2026-09-25
16084530150000,SALT LAKE CITY BOARD OF EDUCAT,CITY,False,False,1.7,False,PL,Tax Exempt - Government,readiness/data/geometry/16084530150000.geojson,cadastre_government_owned_parcels,https://services1.arcgis.com/99lidPhWCzftIe9K/arcgis/rest/services/cadastre_government_owned_parcels/FeatureServer/0/query,2026-09-25
16084530150000,SALT LAKE CITY BOARD OF EDUCAT,CITY,False,False,1.7,False,PL,Tax Exempt - Government,readiness/data/geometry/16084530150000.geojson,cadastre_government_owned_parcels,https://services1.arcgis.com/99lidPhWCzftIe9K/arcgis/rest/services/cadastre_government_owned_parcels/FeatureServer/0/query,2026-09-25
16084540030000,BOARD OF EDUCATION OF SALT LAK,SCHOOL_DISTRICT,False,False,1.4,False,PL,Tax Exempt - Government,readiness/data/geometry/16084540030000.geojson,cadastre_government_owned_parcels,https://services1.arcgis.com/99lidPhWCzftIe9K/arcgis/rest/services/cadastre_government_owned_parcels/FeatureServer/0/query,2026-09-25
16084780630000,SALT LAKE COUNTY - REAL ESTATE DEPT # S3200,COUNTY,False,False,0.0,True,R-1-5000,Tax Exempt - Government,readiness/data/geometry/16084780630000.geojson,cadastre_government_owned_parcels,https://services1.arcgis.com/99lidPhWCzftIe9K/arcgis/rest/services/cadastre_government_owned_parcels/FeatureServer/0/query,2026-09-25
16084780680000,SALT LAKE CITY,CITY,False,False,0.0,True,R-1-5000,Tax Exempt - Government,readiness/data/geometry/16084780680000.geojson,cadastre_government_owned_parcels,https://services1.arcgis.com/99lidPhWCzftIe9K/arcgis/rest/services/cadastre_government_owned_parcels/FeatureServer/0/query,2026-09-25
16084790100000,SALT LAKE CITY CORPORATION,CITY,False,False,0.1,False,R-1-5000,Undeveloped,readiness/data/geometry/16084790100000.geojson,cadastre_government_owned_parcels,https://services1.arcgis.com/99lidPhWCzftIe9K/arcgis/rest/services/cadastre_government_owned_parcels/FeatureServer/0/query,2026-09-25
16084790290000,SALT LAKE COUNTY - REAL ESTATE DEPT # S3200,COUNTY,False,False,0.0,True,R-1-5000,Undeveloped,readiness/data/geometry/16084790290000.geojson,cadastre_government_owned_parcels,https://services1.arcgis.com/99lidPhWCzftIe9K/arcgis/rest/services/cadastre_government_owned_parcels/FeatureServer/0/query,2026-09-25
16091270030000,SALT LAKE CITY CORPORATION - PROPERTY MANAGEMENT,CITY,False,False,12.1,False,OS,Tax Exempt - Government,readiness/data/geometry/16091270030000.geojson,cadastre_government_owned_parcels,https://services1.arcgis.com/99lidPhWCzftIe9K/arcgis/rest/services/cadastre_government_owned_parcels/FeatureServer/0/query,2026-09-25
16091270040000,SALT LAKE CITY CORPORATION - PROPERTY MANAGEMENT,CITY,False,False,0.4,False,I,Tax Exempt - Government,readiness/data/geometry/16091270040000.geojson,cadastre_government_owned_parcels,https://services1.arcgis.com/99lidPhWCzftIe9K/arcgis/rest/services/cadastre_government_owned_parcels/FeatureServer/0/query,2026-09-25
16091510010000,BOARD OF EDUCATION OF SLC,SCHOOL_DISTRICT,False,False,1.2,False,PL,Tax Exempt - Government,readiness/data/geometry/16091510010000.geojson,cadastre_government_owned_parcels,https://services1.arcgis.com/99lidPhWCzftIe9K/arcgis/rest/services/cadastre_government_owned_parcels/FeatureServer/0/query,2026-09-25
16091510020000,BOARD OF EDUCATION OF SLC,SCHOOL_DISTRICT,False,False,4.0,False,PL,Tax Exempt - Government,readiness/data/geometry/16091510020000.geojson,cadastre_government_owned_parcels,https://services1.arcgis.com/99lidPhWCzftIe9K/arcgis/rest/services/cadastre_government_owned_parcels/FeatureServer/0/query,2026-09-25
16091510020000,BOARD OF EDUCATION OF SLC,SCHOOL_DISTRICT,False,False,4.0,False,PL,Tax Exempt - Government,readiness/data/geometry/16091510020000.geojson,cadastre_government_owned_parcels,https://services1.arcgis.com/99lidPhWCzftIe9K/arcgis/rest/services/cadastre_government_owned_parcels/FeatureServer/0/query,2026-09-25
16091820030000,SALT LAKE CITY CORP. - PROPERTY MANAGEMENT,CITY,False,False,0.0,True,R-1-7000,Tax Exempt - Government,readiness/data/geometry/16091820030000.geojson,cadastre_government_owned_parcels,https://services1.arcgis.com/99lidPhWCzftIe9K/arcgis/rest/services/cadastre_government_owned_parcels/FeatureServer/0/query,2026-09-25
16092010020000,SALT LAKE CITY - PROPERTY MANAGEMENT,CITY,False,False,22.0,False,OS,Tax Exempt - Government,readiness/data/geometry/16092010020000.geojson,cadastre_government_owned_parcels,https://services1.arcgis.com/99lidPhWCzftIe9K/arcgis/rest/services/cadastre_government_owned_parcels/FeatureServer/0/query,2026-09-25
16092260050000,DIV OF FAC STATE OF UTAH,STATE,True,False,3.0,False,I,Tax Exempt - Government,readiness/data/geometry/16092260050000.geojson,cadastre_government_owned_parcels,https://services1.arcgis.com/99lidPhWCzftIe9K/arcgis/rest/services/cadastre_government_owned_parcels/FeatureServer/0/query,2026-09-25
16092770050000,SALT LAKE COUNTY - REAL ESTATE DEPT # S3200,COUNTY,False,False,0.0,True,R-1-5000,Tax Exempt - Government,readiness/data/geometry/16092770050000.geojson,cadastre_government_owned_parcels,https://services1.arcgis.com/99lidPhWCzftIe9K/arcgis/rest/services/cadastre_government_owned_parcels/FeatureServer/0/query,2026-09-25
16093290010000,SALT LAKE CITY CORPORATION - PROPERTY MANAGEMENT,CITY,False,False,0.5,False,UNKNOWN,Tax Exempt - Government,readiness/data/geometry/16093290010000.geojson,cadastre_government_owned_parcels,https://services1.arcgis.com/99lidPhWCzftIe9K/arcgis/rest/services/cadastre_government_owned_parcels/FeatureServer/0/query,2026-09-25
16093530160000,SALT LAKE COUNTY - REAL ESTATE DEPT # S3200,COUNTY,False,False,0.0,True,R-1-7000,Tax Exempt - Government,readiness/data/geometry/16093530160000.geojson,cadastre_government_owned_parcels,https://services1.arcgis.com/99lidPhWCzftIe9K/arcgis/rest/services/cadastre_government_owned_parcels/FeatureServer/0/query,2026-09-25
16093530560000,SALT LAKE COUNTY - REAL ESTATE DEPT # S3200,COUNTY,False,False,0.0,True,R-1-7000,Tax Exempt - Government,readiness/data/geometry/16093530560000.geojson,cadastre_government_owned_parcels,https://services1.arcgis.com/99lidPhWCzftIe9K/arcgis/rest/services/cadastre_government_owned_parcels/FeatureServer/0/query,2026-09-25
16093550200000,SALT LAKE COUNTY - REAL ESTATE DEPT # S3200,COUNTY,False,False,0.1,False,R-1-5000,Tax Exempt - Government,readiness/data/geometry/16093550200000.geojson,cadastre_government_owned_parcels,https://services1.arcgis.com/99lidPhWCzftIe9K/arcgis/rest/services/cadastre_government_owned_parcels/FeatureServer/0/query,2026-09-25
16093770030000,BOARD OF EDUCATION SALT LAKE C,SCHOOL_DISTRICT,False,False,5.0,False,PL,Tax Exempt - Government,readiness/data/geometry/16093770030000.geojson,cadastre_government_owned_parcels,https://services1.arcgis.com/99lidPhWCzftIe9K/arcgis/rest/services/cadastre_government_owned_parcels/FeatureServer/0/query,2026-09-25
16094330120000,BOARD OF EDUCATION OF SALT LAK,SCHOOL_DISTRICT,False,False,4.6,False,R-1-7000,Tax Exempt - Government,readiness/data/geometry/16094330120000.geojson,cadastre_government_owned_parcels,https://services1.arcgis.com/99lidPhWCzftIe9K/arcgis/rest/services/cadastre_government_owned_parcels/FeatureServer/0/query,2026-09-25
16094330240000,SALT LAKE CITY CORP. - PROPERTY MANAGEMENT,CITY,False,False,0.1,False,R-1-7000,Tax Exempt - Government,readiness/data/geometry/16094330240000.geojson,cadastre_government_owned_parcels,https://services1.arcgis.com/99lidPhWCzftIe9K/arcgis/rest/services/cadastre_government_owned_parcels/FeatureServer/0/query,2026-09-25
16094770010000,SALT LAKE CITY CORP. - PROPERTY MANAGEMENT,CITY,False,False,1.5,False,R-1-5000,Tax Exempt - Government,readiness/data/geometry/16094770010000.geojson,cadastre_government_owned_parcels,https://services1.arcgis.com/99lidPhWCzftIe9K/arcgis/rest/services/cadastre_government_owned_parcels/FeatureServer/0/query,2026-09-25
16094810010000,SALT LAKE CITY - PROPERTY MANAGEMENT,CITY,False,False,0.1,False,R-1-7000,Tax Exempt - Government,readiness/data/geometry/16094810010000.geojson,cadastre_government_owned_parcels,https://services1.arcgis.com/99lidPhWCzftIe9K/arcgis/rest/services/cadastre_government_owned_parcels/FeatureServer/0/query,2026-09-25
16094820010000,SALT LAKE CITY CORP - PROPERTY MANAGEMENT,CITY,False,False,0.0,True,OS,Tax Exempt - Government,readiness/data/geometry/16094820010000.geojson,cadastre_government_owned_parcels,https://services1.arcgis.com/99lidPhWCzftIe9K/arcgis/rest/services/cadastre_government_owned_parcels/FeatureServer/0/query,2026-09-25
16094830010000,SALT LAKE CITY CORP - PROPERTY MANAGEMENT,CITY,False,False,0.1,False,OS,Tax Exempt - Government,readiness/data/geometry/16094830010000.geojson,cadastre_government_owned_parcels,https://services1.arcgis.com/99lidPhWCzftIe9K/arcgis/rest/services/cadastre_government_owned_parcels/FeatureServer/0/query,2026-09-25
16101270020000,SALT LAKE CITY CORP - PROPERTY MANAGEMENT,CITY,False,False,1.6,False,RP,Tax Exempt - Government,readiness/data/geometry/16101270020000.geojson,cadastre_government_owned_parcels,https://services1.arcgis.com/99lidPhWCzftIe9K/arcgis/rest/services/cadastre_government_owned_parcels/FeatureServer/0/query,2026-09-25
16101270060000,"STATE OF UTAH, DIV OF PARKS &",STATE,True,False,14.4,False,RP,Tax Exempt - Government,readiness/data/geometry/16101270060000.geojson,cadastre_government_owned_parcels,https://services1.arcgis.com/99lidPhWCzftIe9K/arcgis/rest/services/cadastre_government_owned_parcels/FeatureServer/0/query,2026-09-25
16101550010000,SALT LAKE CITY CORP - PROPERTY MANAGEMENT,CITY,False,False,0.2,False,OS,Tax Exempt - Government,readiness/data/geometry/16101550010000.geojson,cadastre_government_owned_parcels,https://services1.arcgis.com/99lidPhWCzftIe9K/arcgis/rest/services/cadastre_government_owned_parcels/FeatureServer/0/query,2026-09-25
16101550020000,SALT LAKE CITY CORP - PROPERTY MANAGEMENT,CITY,False,False,0.1,False,OS,Tax Exempt - Government,readiness/data/geometry/16101550020000.geojson,cadastre_government_owned_parcels,https://services1.arcgis.com/99lidPhWCzftIe9K/arcgis/rest/services/cadastre_government_owned_parcels/FeatureServer/0/query,2026-09-25
16101560250000,UTAH DEPARTMENT OF TRANSPORTAT,STATE,True,False,0.0,True,R-1-7000,Undeveloped,readiness/data/geometry/16101560250000.geojson,cadastre_government_owned_parcels,https://services1.arcgis.com/99lidPhWCzftIe9K/arcgis/rest/services/cadastre_government_owned_parcels/FeatureServer/0/query,2026-09-25
16101590170000,UTAH DEPARTMENT OF TRANSPORTAT - RIGHT OF WAY 4TH FLOOR,STATE,True,False,0.0,True,R-1-7000,Tax Exempt - Government,readiness/data/geometry/16101590170000.geojson,cadastre_government_owned_parcels,https://services1.arcgis.com/99lidPhWCzftIe9K/arcgis/rest/services/cadastre_government_owned_parcels/FeatureServer/0/query,2026-09-25
16102260020000,STATE OF UTAH PARKS & RECREATI,STATE,True,False,48.1,False,OS,Tax Exempt - Government,readiness/data/geometry/16102260020000.geojson,cadastre_government_owned_parcels,https://services1.arcgis.com/99lidPhWCzftIe9K/arcgis/rest/services/cadastre_government_owned_parcels/FeatureServer/0/query,2026-09-25
16102260020000,STATE OF UTAH PARKS & RECREATI,STATE,True,False,48.1,False,OS,Tax Exempt - Government,readiness/data/geometry/16102260020000.geojson,cadastre_government_owned_parcels,https://services1.arcgis.com/99lidPhWCzftIe9K/arcgis/rest/services/cadastre_government_owned_parcels/FeatureServer/0/query,2026-09-25
16102560060000,SALT LAKE CITY CORPORATION - DIRECTOR,CITY,False,False,0.4,False,R-1-12000,Tax Exempt - Government,readiness/data/geometry/16102560060000.geojson,cadastre_government_owned_parcels,https://services1.arcgis.com/99lidPhWCzftIe9K/arcgis/rest/services/cadastre_government_owned_parcels/FeatureServer/0/query,2026-09-25
16102560160000,SALT LAKE COUNTY - REAL ESTATE DEPT # S3200,COUNTY,False,False,0.2,False,R-1-12000,Tax Exempt - Government,readiness/data/geometry/16102560160000.geojson,cadastre_government_owned_parcels,https://services1.arcgis.com/99lidPhWCzftIe9K/arcgis/rest/services/cadastre_government_owned_parcels/FeatureServer/0/query,2026-09-25
16102560180000,SALT LAKE COUNTY - REAL ESTATE DEPT # S3200,COUNTY,False,False,0.0,True,R-1-12000,Tax Exempt - Government,readiness/data/geometry/16102560180000.geojson,cadastre_government_owned_parcels,https://services1.arcgis.com/99lidPhWCzftIe9K/arcgis/rest/services/cadastre_government_owned_parcels/FeatureServer/0/query,2026-09-25
16102560190000,SALT LAKE COUNTY - REAL ESTATE DEPT # S3200,COUNTY,False,False,0.0,True,R-1-12000,Tax Exempt - Government,readiness/data/geometry/16102560190000.geojson,cadastre_government_owned_parcels,https://services1.arcgis.com/99lidPhWCzftIe9K/arcgis/rest/services/cadastre_government_owned_parcels/FeatureServer/0/query,2026-09-25
16102560210000,SALT LAKE COUNTY - REAL ESTATE DEPT # S3200,COUNTY,False,False,0.1,False,R-1-12000,Tax Exempt - Government,readiness/data/geometry/16102560210000.geojson,cadastre_government_owned_parcels,https://services1.arcgis.com/99lidPhWCzftIe9K/arcgis/rest/services/cadastre_government_owned_parcels/FeatureServer/0/query,2026-09-25
16102560300000,SALT LAKE CITY CORP - PROPERTY MANAGEMENT,CITY,False,False,0.0,True,R-1-12000,Tax Exempt - Government,readiness/data/geometry/16102560300000.geojson,cadastre_government_owned_parcels,https://services1.arcgis.com/99lidPhWCzftIe9K/arcgis/rest/services/cadastre_government_owned_parcels/FeatureServer/0/query,2026-09-25
16102760010000,LAKE CITY CORP. - PROPERTY MANAGEMENT,CITY,False,False,32.0,False,OS,Tax Exempt - Government,readiness/data/geometry/16102760010000.geojson,cadastre_government_owned_parcels,https://services1.arcgis.com/99lidPhWCzftIe9K/arcgis/rest/services/cadastre_government_owned_parcels/FeatureServer/0/query,2026-09-25
16102760010000,LAKE CITY CORP. - PROPERTY MANAGEMENT,CITY,False,False,32.0,False,OS,Tax Exempt - Government,readiness/data/geometry/16102760010000.geojson,cadastre_government_owned_parcels,https://services1.arcgis.com/99lidPhWCzftIe9K/arcgis/rest/services/cadastre_government_owned_parcels/FeatureServer/0/query,2026-09-25
16103070020000,BOARD OF EDUCATION OF SLC,SCHOOL_DISTRICT,False,False,0.0,True,R-1-7000,Tax Exempt - Government,readiness/data/geometry/16103070020000.geojson,cadastre_government_owned_parcels,https://services1.arcgis.com/99lidPhWCzftIe9K/arcgis/rest/services/cadastre_government_owned_parcels/FeatureServer/0/query,2026-09-25
16103260010000,SALT LAKE CITY CORP - PROPERTY MANAGEMENT,CITY,False,False,55.0,False,OS,Commercial,readiness/data/geometry/16103260010000.geojson,cadastre_government_owned_parcels,https://services1.arcgis.com/99lidPhWCzftIe9K/arcgis/rest/services/cadastre_government_owned_parcels/FeatureServer/0/query,2026-09-25
16103530010000,SALT LAKE CITY CORPORATION - PROPERTY MANAGEMENT,CITY,False,False,1.5,False,PL,Tax Exempt - Government,readiness/data/geometry/16103530010000.geojson,cadastre_government_owned_parcels,https://services1.arcgis.com/99lidPhWCzftIe9K/arcgis/rest/services/cadastre_government_owned_parcels/FeatureServer/0/query,2026-09-25
16103600210000,SALT LAKE COUNTY - REAL ESTATE DEPT # S3200,COUNTY,False,False,0.0,True,R-1-7000,Tax Exempt - Government,readiness/data/geometry/16103600210000.geojson,cadastre_government_owned_parcels,https://services1.arcgis.com/99lidPhWCzftIe9K/arcgis/rest/services/cadastre_government_owned_parcels/FeatureServer/0/query,2026-09-25
16104010020000,SALT LAKE CITY CORP - PROPERTY MANAGEMENT,CITY,False,False,39.4,False,OS,Commercial,readiness/data/geometry/16104010020000.geojson,cadastre_government_owned_parcels,https://services1.arcgis.com/99lidPhWCzftIe9K/arcgis/rest/services/cadastre_government_owned_parcels/FeatureServer/0/query,2026-09-25
16104260010000,SALT LAKE CITY CORP - PROPERTY MANAGEMENT,CITY,False,False,59.7,False,OS,Commercial,readiness/data/geometry/16104260010000.geojson,cadastre_government_owned_parcels,https://services1.arcgis.com/99lidPhWCzftIe9K/arcgis/rest/services/cadastre_government_owned_parcels/FeatureServer/0/query,2026-09-25
16104800040000,BOARD OF EDUCATION OF SLC,SCHOOL_DISTRICT,False,False,0.2,False,R-1-12000,Tax Exempt - Government,readiness/data/geometry/16104800040000.geojson,cadastre_government_owned_parcels,https://services1.arcgis.com/99lidPhWCzftIe9K/arcgis/rest/services/cadastre_government_owned_parcels/FeatureServer/0/query,2026-09-25
16111020030000,STATE OF UTAH DIV OF PARKS & R,STATE,True,False,0.1,False,OS,Tax Exempt - Government,readiness/data/geometry/16111020030000.geojson,cadastre_government_owned_parcels,https://services1.arcgis.com/99lidPhWCzftIe9K/arcgis/rest/services/cadastre_government_owned_parcels/FeatureServer/0/query,2026-09-25
16111510050000,SALT LAKE CITY CORPORATION - REAL ESTATE SERVICE,CITY,False,False,13.7,False,OS,Tax Exempt - Government,readiness/data/geometry/16111510050000.geojson,cadastre_government_owned_parcels,https://services1.arcgis.com/99lidPhWCzftIe9K/arcgis/rest/services/cadastre_government_owned_parcels/FeatureServer/0/query,2026-09-25
16111520050000,SALT LAKE CITY CORP - PROPERTY MANAGEMENT,CITY,False,False,1.2,False,OS,Tax Exempt - Government,readiness/data/geometry/16111520050000.geojson,cadastre_government_owned_parcels,https://services1.arcgis.com/99lidPhWCzftIe9K/arcgis/rest/services/cadastre_government_owned_parcels/FeatureServer/0/query,2026-09-25
16111530010000,SALT LAKE CITY CORP - PROPERTY MANAGEMENT,CITY,False,False,1.0,False,OS,Tax Exempt - Government,readiness/data/geometry/16111530010000.geojson,cadastre_government_owned_parcels,https://services1.arcgis.com/99lidPhWCzftIe9K/arcgis/rest/services/cadastre_government_owned_parcels/FeatureServer/0/query,2026-09-25
16111770010000,SALT LAKE CITY CORP - PROPERTY MANAGEMENT,CITY,False,False,12.0,False,OS,Tax Exempt - Government,readiness/data/geometry/16111770010000.geojson,cadastre_government_owned_parcels,https://services1.arcgis.com/99lidPhWCzftIe9K/arcgis/rest/services/cadastre_government_owned_parcels/FeatureServer/0/query,2026-09-25
16111770020000,SALT LAKE CITY CORPORATION - PROPERTY MANAGEMENT,CITY,False,False,24.3,False,OS,Tax Exempt - Government,readiness/data/geometry/16111770020000.geojson,cadastre_government_owned_parcels,https://services1.arcgis.com/99lidPhWCzftIe9K/arcgis/rest/services/cadastre_government_owned_parcels/FeatureServer/0/query,2026-09-25
16112010010000,SALT LAKE CITY - PROPERTY MANAGEMENT,CITY,False,False,2.8,False,OS,Tax Exempt - Government,readiness/data/geometry/16112010010000.geojson,cadastre_government_owned_parcels,https://services1.arcgis.com/99lidPhWCzftIe9K/arcgis/rest/services/cadastre_government_owned_parcels/FeatureServer/0/query,2026-09-25
16112510010000,SALT LAKE COUNTY - REAL ESTATE DEPT # S3200,COUNTY,False,False,0.8,False,RMF-45,Tax Exempt - Government,readiness/data/geometry/16112510010000.geojson,cadastre_government_owned_parcels,https://services1.arcgis.com/99lidPhWCzftIe9K/arcgis/rest/services/cadastre_government_owned_parcels/FeatureServer/0/query,2026-09-25
16113020020000,SALT LAKE CITY CORP - PROPERTY MANAGEMENT,CITY,False,False,11.1,False,OS,Commercial,readiness/data/geometry/16113020020000.geojson,cadastre_government_owned_parcels,https://services1.arcgis.com/99lidPhWCzftIe9K/arcgis/rest/services/cadastre_government_owned_parcels/FeatureServer/0/query,2026-09-25
16113020030000,SALT LAKE CITY CORP - PROPERTY MANAGEMENT,CITY,False,False,3.7,False,OS,Commercial,readiness/data/geometry/16113020030000.geojson,cadastre_government_owned_parcels,https://services1.arcgis.com/99lidPhWCzftIe9K/arcgis/rest/services/cadastre_government_owned_parcels/FeatureServer/0/query,2026-09-25
16113020230000,SALT LAKE CITY CORP - PROPERTY MANAGEMENT,CITY,False,False,0.3,False,OS,Commercial,readiness/data/geometry/16113020230000.geojson,cadastre_government_owned_parcels,https://services1.arcgis.com/99lidPhWCzftIe9K/arcgis/rest/services/cadastre_government_owned_parcels/FeatureServer/0/query,2026-09-25
16113770130000,SALT LAKE CITY - PROPERTY MANAGEMENT,CITY,False,False,0.3,False,R-1-12000,Tax Exempt - Government,readiness/data/geometry/16113770130000.geojson,cadastre_government_owned_parcels,https://services1.arcgis.com/99lidPhWCzftIe9K/arcgis/rest/services/cadastre_government_owned_parcels/FeatureServer/0/query,2026-09-25
16113780030000,SALT LAKE CITY - PROPERTY MANAGEMENT,CITY,False,False,0.0,True,FR-3,Tax Exempt - Government,readiness/data/geometry/16113780030000.geojson,cadastre_government_owned_parcels,https://services1.arcgis.com/99lidPhWCzftIe9K/arcgis/rest/services/cadastre_government_owned_parcels/FeatureServer/0/query,2026-09-25
16141010030000,BOARD OF EDUCATION OF SALT LAK,SCHOOL_DISTRICT,False,False,0.0,True,R-1-12000,Tax Exempt - Government,readiness/data/geometry/16141010030000.geojson,cadastre_government_owned_parcels,https://services1.arcgis.com/99lidPhWCzftIe9K/arcgis/rest/services/cadastre_government_owned_parcels/FeatureServer/0/query,2026-09-25
16141550040000,SALT LAKE CITY CORPORATION,CITY,False,False,0.3,False,R-1-12000,Tax Exempt - Government,readiness/data/geometry/16141550040000.geojson,cadastre_government_owned_parcels,https://services1.arcgis.com/99lidPhWCzftIe9K/arcgis/rest/services/cadastre_government_owned_parcels/FeatureServer/0/query,2026-09-25
16141550050000,SALT LAKE CITY - PROPERTY MANAGEMENT,CITY,False,False,0.2,False,R-1-12000,Tax Exempt - Government,readiness/data/geometry/16141550050000.geojson,cadastre_government_owned_parcels,https://services1.arcgis.com/99lidPhWCzftIe9K/arcgis/rest/services/cadastre_government_owned_parcels/FeatureServer/0/query,2026-09-25
16141560220000,SALT LAKE CITY CORP - PROPERTY MANAGEMENT,CITY,False,False,2.3,False,UNKNOWN,Tax Exempt - Government,readiness/data/geometry/16141560220000.geojson,cadastre_government_owned_parcels,https://services1.arcgis.com/99lidPhWCzftIe9K/arcgis/rest/services/cadastre_government_owned_parcels/FeatureServer/0/query,2026-09-25
16141560240000,SALT LAKE CITY CORP - PROPERTY MANAGEMENT,CITY,False,False,0.0,True,UNKNOWN,Tax Exempt - Government,readiness/data/geometry/16141560240000.geojson,cadastre_government_owned_parcels,https://services1.arcgis.com/99lidPhWCzftIe9K/arcgis/rest/services/cadastre_government_owned_parcels/FeatureServer/0/query,2026-09-25
16143010090000,SALT LAKE CITY - PROPERTY MANAGEMENT,CITY,False,False,0.4,False,SR-1,Tax Exempt - Government,readiness/data/geometry/16143010090000.geojson,cadastre_government_owned_parcels,https://services1.arcgis.com/99lidPhWCzftIe9K/arcgis/rest/services/cadastre_government_owned_parcels/FeatureServer/0/query,2026-09-25
16143060150000,SALT LAKE CITY - PROPERTY MANAGEMENT,CITY,False,False,0.1,False,SR-1,Tax Exempt - Government,readiness/data/geometry/16143060150000.geojson,cadastre_government_owned_parcels,https://services1.arcgis.com/99lidPhWCzftIe9K/arcgis/rest/services/cadastre_government_owned_parcels/FeatureServer/0/query,2026-09-25
16143060170000,SALT LAKE CITY CORPORATION,CITY,False,False,0.1,False,FP,Tax Exempt - Government,readiness/data/geometry/16143060170000.geojson,cadastre_government_owned_parcels,https://services1.arcgis.com/99lidPhWCzftIe9K/arcgis/rest/services/cadastre_government_owned_parcels/FeatureServer/0/query,2026-09-25
16143060210000,SALT LAKE CITY CORPORATION - PROPERTY MANAGEMENT,CITY,False,False,0.2,False,FP,Tax Exempt - Government,readiness/data/geometry/16143060210000.geojson,cadastre_government_owned_parcels,https://services1.arcgis.com/99lidPhWCzftIe9K/arcgis/rest/services/cadastre_government_owned_parcels/FeatureServer/0/query,2026-09-25
16143060240000,SALT LAKE CITY CORPORATION,CITY,False,False,0.1,False,FP,Tax Exempt - Government,readiness/data/geometry/16143060240000.geojson,cadastre_government_owned_parcels,https://services1.arcgis.com/99lidPhWCzftIe9K/arcgis/rest/services/cadastre_government_owned_parcels/FeatureServer/0/query,2026-09-25
16143060250000,SALT LAKE CITY CORPORATION,CITY,False,False,0.0,True,FP,Tax Exempt - Government,readiness/data/geometry/16143060250000.geojson,cadastre_government_owned_parcels,https://services1.arcgis.com/99lidPhWCzftIe9K/arcgis/rest/services/cadastre_government_owned_parcels/FeatureServer/0/query,2026-09-25
16143060270000,SALT LAKE CITY CORPORATION - PROPERTY MANAGEMENT,CITY,False,False,1.0,False,FP,Tax Exempt - Government,readiness/data/geometry/16143060270000.geojson,cadastre_government_owned_parcels,https://services1.arcgis.com/99lidPhWCzftIe9K/arcgis/rest/services/cadastre_government_owned_parcels/FeatureServer/0/query,2026-09-25
16143060290000,SALT LAKE COUNTY - REAL ESTATE DEPT # S3200,COUNTY,False,False,1.0,False,FP,Tax Exempt - Government,readiness/data/geometry/16143060290000.geojson,cadastre_government_owned_parcels,https://services1.arcgis.com/99lidPhWCzftIe9K/arcgis/rest/services/cadastre_government_owned_parcels/FeatureServer/0/query,2026-09-25
16143060300000,SALT LAKE CITY CORPORATION - PROPERTY MANAGEMENT,CITY,False,False,5.5,False,FP,Tax Exempt - Government,readiness/data/geometry/16143060300000.geojson,cadastre_government_owned_parcels,https://services1.arcgis.com/99lidPhWCzftIe9K/arcgis/rest/services/cadastre_government_owned_parcels/FeatureServer/0/query,2026-09-25
16143060300000,SALT LAKE CITY CORPORATION - PROPERTY MANAGEMENT,CITY,False,False,5.5,False,FP,Tax Exempt - Government,readiness/data/geometry/16143060300000.geojson,cadastre_government_owned_parcels,https://services1.arcgis.com/99lidPhWCzftIe9K/arcgis/rest/services/cadastre_government_owned_parcels/FeatureServer/0/query,2026-09-25
16143060460000,SALT LAKE CITY CORPORATION - PROPERTY MANAGEMENT,CITY,False,False,2.8,False,OS,Tax Exempt - Government,readiness/data/geometry/16143060460000.geojson,cadastre_government_owned_parcels,https://services1.arcgis.com/99lidPhWCzftIe9K/arcgis/rest/services/cadastre_government_owned_parcels/FeatureServer/0/query,2026-09-25
16143060500000,SALT LAKE CITY CORPORATION,CITY,False,False,0.0,True,FP,Tax Exempt - Government,readiness/data/geometry/16143060500000.geojson,cadastre_government_owned_parcels,https://services1.arcgis.com/99lidPhWCzftIe9K/arcgis/rest/services/cadastre_government_owned_parcels/FeatureServer/0/query,2026-09-25
16143060510000,SALT LAKE CITY CORPORTATION,CITY,False,False,0.1,False,FP,Tax Exempt - Government,readiness/data/geometry/16143060510000.geojson,cadastre_government_owned_parcels,https://services1.arcgis.com/99lidPhWCzftIe9K/arcgis/rest/services/cadastre_government_owned_parcels/FeatureServer/0/query,2026-09-25
16143260160000,SALT LAKE CITY CORPORATION - PROPERTY MANAGEMENT,CITY,False,False,27.1,False,OS,Tax Exempt - Government,readiness/data/geometry/16143260160000.geojson,cadastre_government_owned_parcels,https://services1.arcgis.com/99lidPhWCzftIe9K/arcgis/rest/services/cadastre_government_owned_parcels/FeatureServer/0/query,2026-09-25
16143510230000,UTA H DEPARTMENT OF TRASPORTAT,UTA,False,False,0.0,True,SR-1,Tax Exempt - Government,readiness/data/geometry/16143510230000.geojson,cadastre_government_owned_parcels,https://services1.arcgis.com/99lidPhWCzftIe9K/arcgis/rest/services/cadastre_government_owned_parcels/FeatureServer/0/query,2026-09-25
16143520020000,SALT LAKE CITY CORPORATION - PROPERTY MANAGEMENT,CITY,False,False,0.8,False,FP,Tax Exempt - Government,readiness/data/geometry/16143520020000.geojson,cadastre_government_owned_parcels,https://services1.arcgis.com/99lidPhWCzftIe9K/arcgis/rest/services/cadastre_government_owned_parcels/FeatureServer/0/query,2026-09-25
16143520030000,SALT LAKE CITY CORPORATION - PROPERTY MANAGEMENT,CITY,False,False,0.2,False,FP,Tax Exempt - Government,readiness/data/geometry/16143520030000.geojson,cadastre_government_owned_parcels,https://services1.arcgis.com/99lidPhWCzftIe9K/arcgis/rest/services/cadastre_government_owned_parcels/FeatureServer/0/query,2026-09-25
16143520110000,SALT LAKE COUNTY - REAL ESTATE DEPT # S3200,COUNTY,False,False,0.7,False,FR-3,Tax Exempt - Government,readiness/data/geometry/16143520110000.geojson,cadastre_government_owned_parcels,https://services1.arcgis.com/99lidPhWCzftIe9K/arcgis/rest/services/cadastre_government_owned_parcels/FeatureServer/0/query,2026-09-25
16143520260000,SALT LAKE CITY CORPORATION - PROPERTY MANAGEMENT,CITY,False,False,0.6,False,FP,Residential,readiness/data/geometry/16143520260000.geojson,cadastre_government_owned_parcels,https://services1.arcgis.com/99lidPhWCzftIe9K/arcgis/rest/services/cadastre_government_owned_parcels/FeatureServer/0/query,2026-09-25
16143530180000,SALT LAKE CITY CORPORATION - PROPERTY MANAGEMENT,CITY,False,False,1.1,False,FP,Tax Exempt - Government,readiness/data/geometry/16143530180000.geojson,cadastre_government_owned_parcels,https://services1.arcgis.com/99lidPhWCzftIe9K/arcgis/rest/services/cadastre_government_owned_parcels/FeatureServer/0/query,2026-09-25
16143530200000,SALT LAKE CITY CORPORATION - PROPERTY MANAGEMENT,CITY,False,False,0.3,False,FP,Tax Exempt - Government,readiness/data/geometry/16143530200000.geojson,cadastre_government_owned_parcels,https://services1.arcgis.com/99lidPhWCzftIe9K/arcgis/rest/services/cadastre_government_owned_parcels/FeatureServer/0/query,2026-09-25
16143530220000,SALT LAKE CITY CORPORATION - PROPERTY MANAGEMENT,CITY,False,False,2.6,False,FP,Tax Exempt - Government,readiness/data/geometry/16143530220000.geojson,cadastre_government_owned_parcels,https://services1.arcgis.com/99lidPhWCzftIe9K/arcgis/rest/services/cadastre_government_owned_parcels/FeatureServer/0/query,2026-09-25
16143530220000,SALT LAKE CITY CORPORATION - PROPERTY MANAGEMENT,CITY,False,False,2.6,False,FP,Tax Exempt - Government,readiness/data/geometry/16143530220000.geojson,cadastre_government_owned_parcels,https://services1.arcgis.com/99lidPhWCzftIe9K/arcgis/rest/services/cadastre_government_owned_parcels/FeatureServer/0/query,2026-09-25
16143530220000,SALT LAKE CITY CORPORATION - PROPERTY MANAGEMENT,CITY,False,False,2.6,False,FP,Tax Exempt - Government,readiness/data/geometry/16143530220000.geojson,cadastre_government_owned_parcels,https://services1.arcgis.com/99lidPhWCzftIe9K/arcgis/rest/services/cadastre_government_owned_parcels/FeatureServer/0/query,2026-09-25
16143530220000,SALT LAKE CITY CORPORATION - PROPERTY MANAGEMENT,CITY,False,False,2.6,False,FP,Tax Exempt - Government,readiness/data/geometry/16143530220000.geojson,cadastre_government_owned_parcels,https://services1.arcgis.com/99lidPhWCzftIe9K/arcgis/rest/services/cadastre_government_owned_parcels/FeatureServer/0/query,2026-09-25
16143760300000,SALT LAKE CITY CORP - PROPERTY MANAGEMENT,CITY,False,False,0.0,True,UNKNOWN,Tax Exempt - Government,readiness/data/geometry/16143760300000.geojson,cadastre_government_owned_parcels,https://services1.arcgis.com/99lidPhWCzftIe9K/arcgis/rest/services/cadastre_government_owned_parcels/FeatureServer/0/query,2026-09-25
16143760420000,SALT LAKE CITY CORP - PROPERTY MANAGEMENT,CITY,False,False,0.0,True,UNKNOWN,Tax Exempt - Government,readiness/data/geometry/16143760420000.geojson,cadastre_government_owned_parcels,https://services1.arcgis.com/99lidPhWCzftIe9K/arcgis/rest/services/cadastre_government_owned_parcels/FeatureServer/0/query,2026-09-25
16143760440000,SALT LAKE CITY CORP - PROPERTY MANAGEMENT,CITY,False,False,0.0,True,FR-3,Tax Exempt - Government,readiness/data/geometry/16143760440000.geojson,cadastre_government_owned_parcels,https://services1.arcgis.com/99lidPhWCzftIe9K/arcgis/rest/services/cadastre_government_owned_parcels/FeatureServer/0/query,2026-09-25
16143760550000,SALT LAKE CITY CORPORATION - PROPERTY MANAGEMENT,CITY,False,False,1.0,False,FR-2,Tax Exempt - Government,readiness/data/geometry/16143760550000.geojson,cadastre_government_owned_parcels,https://services1.arcgis.com/99lidPhWCzftIe9K/arcgis/rest/services/cadastre_government_owned_parcels/FeatureServer/0/query,2026-09-25
16143770120000,SALT LAKE CITY CORPORATION - PROPERTY MANAGEMENT,CITY,False,False,0.0,True,OS,Tax Exempt - Government,readiness/data/geometry/16143770120000.geojson,cadastre_government_owned_parcels,https://services1.arcgis.com/99lidPhWCzftIe9K/arcgis/rest/services/cadastre_government_owned_parcels/FeatureServer/0/query,2026-09-25
16143780010000,SALT LAKE CITY CORP - PROPERTY MANAGEMENT,CITY,False,False,0.6,False,OS,Tax Exempt - Government,readiness/data/geometry/16143780010000.geojson,cadastre_government_owned_parcels,https://services1.arcgis.com/99lidPhWCzftIe9K/arcgis/rest/services/cadastre_government_owned_parcels/FeatureServer/0/query,2026-09-25
16144000020000,SALT LAKE CITY CORPORATION - PROPERTY MANAGEMENT,CITY,False,False,3.7,False,OS,Tax Exempt - Government,readiness/data/geometry/16144000020000.geojson,cadastre_government_owned_parcels,https://services1.arcgis.com/99lidPhWCzftIe9K/arcgis/rest/services/cadastre_government_owned_parcels/FeatureServer/0/query,2026-09-25
16144000320000,SALT LAKE CITY CORP - PROPERTY MANAGEMENT,CITY,False,False,0.4,False,OS,Tax Exempt - Government,readiness/data/geometry/16144000320000.geojson,cadastre_government_owned_parcels,https://services1.arcgis.com/99lidPhWCzftIe9K/arcgis/rest/services/cadastre_government_owned_parcels/FeatureServer/0/query,2026-09-25
16144000360000,SALT LAKE CITY CORPORATION - PROPERTY MANAGEMENT,CITY,False,False,8.5,False,OS,Tax Exempt - Government,readiness/data/geometry/16144000360000.geojson,cadastre_government_owned_parcels,https://services1.arcgis.com/99lidPhWCzftIe9K/arcgis/rest/services/cadastre_government_owned_parcels/FeatureServer/0/query,2026-09-25
16151070130000,SALT LAKE COUNTY - REAL ESTATE DEPT # S3200,COUNTY,False,False,0.0,True,R-1-7000,Tax Exempt - Government,readiness/data/geometry/16151070130000.geojson,cadastre_government_owned_parcels,https://services1.arcgis.com/99lidPhWCzftIe9K/arcgis/rest/services/cadastre_government_owned_parcels/FeatureServer/0/query,2026-09-25
16151090120000,SALT LAKE COUNTY - REAL ESTATE DEPT # S3200,COUNTY,False,False,0.0,True,R-1-7000,Tax Exempt - Government,readiness/data/geometry/16151090120000.geojson,cadastre_government_owned_parcels,https://services1.arcgis.com/99lidPhWCzftIe9K/arcgis/rest/services/cadastre_government_owned_parcels/FeatureServer/0/query,2026-09-25
16151090130000,SALT LAKE COUNTY - REAL ESTATE DEPT # S3200,COUNTY,False,False,0.0,True,R-1-7000,Tax Exempt - Government,readiness/data/geometry/16151090130000.geojson,cadastre_government_owned_parcels,https://services1.arcgis.com/99lidPhWCzftIe9K/arcgis/rest/services/cadastre_government_owned_parcels/FeatureServer/0/query,2026-09-25
16151100130000,SALT LAKE COUNTY - REAL ESTATE DEPT # S3200,COUNTY,False,False,0.0,True,R-1-7000,Tax Exempt - Government,readiness/data/geometry/16151100130000.geojson,cadastre_government_owned_parcels,https://services1.arcgis.com/99lidPhWCzftIe9K/arcgis/rest/services/cadastre_government_owned_parcels/FeatureServer/0/query,2026-09-25
16151100130000,SALT LAKE COUNTY - REAL ESTATE DEPT # S3200,COUNTY,False,False,0.0,True,R-1-7000,Tax Exempt - Government,readiness/data/geometry/16151100130000.geojson,cadastre_government_owned_parcels,https://services1.arcgis.com/99lidPhWCzftIe9K/arcgis/rest/services/cadastre_government_owned_parcels/FeatureServer/0/query,2026-09-25
16151260190000,SALT LAKE CITY CORP - PROPERTY MANAGEMENT,CITY,False,False,0.8,False,OS,Tax Exempt - Government,readiness/data/geometry/16151260190000.geojson,cadastre_government_owned_parcels,https://services1.arcgis.com/99lidPhWCzftIe9K/arcgis/rest/services/cadastre_government_owned_parcels/FeatureServer/0/query,2026-09-25
16151330040000,SALT LAKE COUNTY - REAL ESTATE DEPT # S3200,COUNTY,False,False,0.0,True,R-1-5000,Tax Exempt - Government,readiness/data/geometry/16151330040000.geojson,cadastre_government_owned_parcels,https://services1.arcgis.com/99lidPhWCzftIe9K/arcgis/rest/services/cadastre_government_owned_parcels/FeatureServer/0/query,2026-09-25
16152060130000,STATE ROAD COMMISSION OF UTAH - UDOT RIGHT OF WAY,STATE,True,False,0.1,False,UNKNOWN,Tax Exempt - Government,readiness/data/geometry/16152060130000.geojson,cadastre_government_owned_parcels,https://services1.arcgis.com/99lidPhWCzftIe9K/arcgis/rest/services/cadastre_government_owned_parcels/FeatureServer/0/query,2026-09-25
16152080230000,SALT LAKE COUNTY - REAL ESTATE DEPT # S3200,COUNTY,False,False,0.1,False,R-1-7000,Tax Exempt - Government,readiness/data/geometry/16152080230000.geojson,cadastre_government_owned_parcels,https://services1.arcgis.com/99lidPhWCzftIe9K/arcgis/rest/services/cadastre_government_owned_parcels/FeatureServer/0/query,2026-09-25
16152260010000,BOARD OF EDUCATION OF SLC,SCHOOL_DISTRICT,False,False,9.8,False,PL,Tax Exempt - Government,readiness/data/geometry/16152260010000.geojson,cadastre_government_owned_parcels,https://services1.arcgis.com/99lidPhWCzftIe9K/arcgis/rest/services/cadastre_government_owned_parcels/FeatureServer/0/query,2026-09-25
16152270160000,BOARD OF EDUCATION OF SLC,SCHOOL_DISTRICT,False,False,0.0,True,R-1-12000,Tax Exempt - Government,readiness/data/geometry/16152270160000.geojson,cadastre_government_owned_parcels,https://services1.arcgis.com/99lidPhWCzftIe9K/arcgis/rest/services/cadastre_government_owned_parcels/FeatureServer/0/query,2026-09-25
16152800090000,SALT LAKE COUNTY - REAL ESTATE DEPT # S3200,COUNTY,False,False,0.0,True,R-1-12000,Tax Exempt - Government,readiness/data/geometry/16152800090000.geojson,cadastre_government_owned_parcels,https://services1.arcgis.com/99lidPhWCzftIe9K/arcgis/rest/services/cadastre_government_owned_parcels/FeatureServer/0/query,2026-09-25
16153320080000,SALT LAKE COUNTY - REAL ESTATE DEPT # S3200,COUNTY,False,False,0.0,True,R-1-7000,Tax Exempt - Government,readiness/data/geometry/16153320080000.geojson,cadastre_government_owned_parcels,https://services1.arcgis.com/99lidPhWCzftIe9K/arcgis/rest/services/cadastre_government_owned_parcels/FeatureServer/0/query,2026-09-25
16153590080000,BOARD OF EDUCATION OF SLC,SCHOOL_DISTRICT,False,False,5.0,False,PL,Tax Exempt - Government,readiness/data/geometry/16153590080000.geojson,cadastre_government_owned_parcels,https://services1.arcgis.com/99lidPhWCzftIe9K/arcgis/rest/services/cadastre_government_owned_parcels/FeatureServer/0/query,2026-09-25
16154070190000,BOARD OF EDUCATION OF SLC,SCHOOL_DISTRICT,False,False,18.9,False,PL,Tax Exempt - Government,readiness/data/geometry/16154070190000.geojson,cadastre_government_owned_parcels,https://services1.arcgis.com/99lidPhWCzftIe9K/arcgis/rest/services/cadastre_government_owned_parcels/FeatureServer/0/query,2026-09-25
16154290330000,SALT LAKE COUNTY - REAL ESTATE DEPT #S3200,COUNTY,False,False,0.1,False,SR-1,Tax Exempt - Government,readiness/data/geometry/16154290330000.geojson,cadastre_government_owned_parcels,https://services1.arcgis.com/99lidPhWCzftIe9K/arcgis/rest/services/cadastre_government_owned_parcels/FeatureServer/0/query,2026-09-25
16154780090000,SALT LAKE COUNTY - REAL ESTATE DEPT # S3200,COUNTY,False,False,0.0,True,R-1-7000,Tax Exempt - Government,readiness/data/geometry/16154780090000.geojson,cadastre_government_owned_parcels,https://services1.arcgis.com/99lidPhWCzftIe9K/arcgis/rest/services/cadastre_government_owned_parcels/FeatureServer/0/query,2026-09-25
16154830010000,SALT LAKE CITY - PROPERTY MANAGEMENT,CITY,False,False,0.0,True,R-1-7000,Tax Exempt - Government,readiness/data/geometry/16154830010000.geojson,cadastre_government_owned_parcels,https://services1.arcgis.com/99lidPhWCzftIe9K/arcgis/rest/services/cadastre_government_owned_parcels/FeatureServer/0/query,2026-09-25
16154830160000,UTAH DEPARTMENT OF TRANSPORTAT,STATE,True,False,0.0,True,R-1-7000,Tax Exempt - Government,readiness/data/geometry/16154830160000.geojson,cadastre_government_owned_parcels,https://services1.arcgis.com/99lidPhWCzftIe9K/arcgis/rest/services/cadastre_government_owned_parcels/FeatureServer/0/query,2026-09-25
16161540060000,SALT LAKE COUNTY - REAL ESTATE DEPT # S3200,COUNTY,False,False,0.0,True,R-1-7000,Tax Exempt - Government,readiness/data/geometry/16161540060000.geojson,cadastre_government_owned_parcels,https://services1.arcgis.com/99lidPhWCzftIe9K/arcgis/rest/services/cadastre_government_owned_parcels/FeatureServer/0/query,2026-09-25
16161790300000,SALT LAKE CITY CORP. - PROPERTY MANAGEMENT,CITY,False,False,10.4,False,OS,Tax Exempt - Government,readiness/data/geometry/16161790300000.geojson,cadastre_government_owned_parcels,https://services1.arcgis.com/99lidPhWCzftIe9K/arcgis/rest/services/cadastre_government_owned_parcels/FeatureServer/0/query,2026-09-25
16161790320000,SALT LAKE CITY CORPORATION - PROPERTY MANAGEMENT,CITY,False,False,1.2,False,OS,Tax Exempt - Government,readiness/data/geometry/16161790320000.geojson,cadastre_government_owned_parcels,https://services1.arcgis.com/99lidPhWCzftIe9K/arcgis/rest/services/cadastre_government_owned_parcels/FeatureServer/0/query,2026-09-25
16161800170000,SALT LAKE CITY CORP. - PROPERTY MANAGEMENT,CITY,False,False,0.4,False,OS,Tax Exempt - Government,readiness/data/geometry/16161800170000.geojson,cadastre_government_owned_parcels,https://services1.arcgis.com/99lidPhWCzftIe9K/arcgis/rest/services/cadastre_government_owned_parcels/FeatureServer/0/query,2026-09-25
16162090130000,SALT LAKE CITY CORPORATION,CITY,False,False,0.5,False,R-1-7000,Residential,readiness/data/geometry/16162090130000.geojson,cadastre_government_owned_parcels,https://services1.arcgis.com/99lidPhWCzftIe9K/arcgis/rest/services/cadastre_government_owned_parcels/FeatureServer/0/query,2026-09-25
16162090170000,SALT LAKE CITY CORPORATION - REAL ESTATE SERVICES,CITY,False,False,2.6,False,I,Tax Exempt - Government,readiness/data/geometry/16162090170000.geojson,cadastre_government_owned_parcels,https://services1.arcgis.com/99lidPhWCzftIe9K/arcgis/rest/services/cadastre_government_owned_parcels/FeatureServer/0/query,2026-09-25
16162280160000,SALT LAKE COUNTY - REAL ESTATE DEPT # S3200,COUNTY,False,False,0.0,True,R-1-7000,Tax Exempt - Government,readiness/data/geometry/16162280160000.geojson,cadastre_government_owned_parcels,https://services1.arcgis.com/99lidPhWCzftIe9K/arcgis/rest/services/cadastre_government_owned_parcels/FeatureServer/0/query,2026-09-25
16162300010000,BOARD OF EDUCATION OF SLC,SCHOOL_DISTRICT,False,False,10.3,False,PL,Tax Exempt - Government,readiness/data/geometry/16162300010000.geojson,cadastre_government_owned_parcels,https://services1.arcgis.com/99lidPhWCzftIe9K/arcgis/rest/services/cadastre_government_owned_parcels/FeatureServer/0/query,2026-09-25
16162510080000,SALT LAKE CITY CORPORATION - PROPERTY MANAGEMENT,CITY,False,False,1.0,False,R-1-5000,Residential,readiness/data/geometry/16162510080000.geojson,cadastre_government_owned_parcels,https://services1.arcgis.com/99lidPhWCzftIe9K/arcgis/rest/services/cadastre_government_owned_parcels/FeatureServer/0/query,2026-09-25
16162520020000,SALT LAKE CITY CORPORATION - PROPERTY MANAGEMENT,CITY,False,False,0.6,False,R-1-5000,Tax Exempt - Government,readiness/data/geometry/16162520020000.geojson,cadastre_government_owned_parcels,https://services1.arcgis.com/99lidPhWCzftIe9K/arcgis/rest/services/cadastre_government_owned_parcels/FeatureServer/0/query,2026-09-25
16162520040000,SALT LAKE CITY CORPORATION - PROPERTY MANAGEMENT,CITY,False,False,0.3,False,R-1-5000,Tax Exempt - Government,readiness/data/geometry/16162520040000.geojson,cadastre_government_owned_parcels,https://services1.arcgis.com/99lidPhWCzftIe9K/arcgis/rest/services/cadastre_government_owned_parcels/FeatureServer/0/query,2026-09-25
16162520130000,SALT LAKE COUNTY - REAL ESTATE DEPT # S3200,COUNTY,False,False,0.1,False,R-1-7000,Tax Exempt - Government,readiness/data/geometry/16162520130000.geojson,cadastre_government_owned_parcels,https://services1.arcgis.com/99lidPhWCzftIe9K/arcgis/rest/services/cadastre_government_owned_parcels/FeatureServer/0/query,2026-09-25
16162520150000,SALT LAKE COUNTY - REAL ESTATE DEPT # S3200,COUNTY,False,False,0.1,False,R-1-7000,Tax Exempt - Government,readiness/data/geometry/16162520150000.geojson,cadastre_government_owned_parcels,https://services1.arcgis.com/99lidPhWCzftIe9K/arcgis/rest/services/cadastre_government_owned_parcels/FeatureServer/0/query,2026-09-25
16162520180000,SALT LAKE CITY CORPORATION - REAL ESTATE SERVICES DEPT,CITY,False,False,0.2,False,R-1-7000,Tax Exempt - Government,readiness/data/geometry/16162520180000.geojson,cadastre_government_owned_parcels,https://services1.arcgis.com/99lidPhWCzftIe9K/arcgis/rest/services/cadastre_government_owned_parcels/FeatureServer/0/query,2026-09-25
16162540160000,SALT LAKE CITY CORPORATION - PROPERTY MANAGEMENT,CITY,False,False,1.1,False,UNKNOWN,Tax Exempt - Government,readiness/data/geometry/16162540160000.geojson,cadastre_government_owned_parcels,https://services1.arcgis.com/99lidPhWCzftIe9K/arcgis/rest/services/cadastre_government_owned_parcels/FeatureServer/0/query,2026-09-25
16163070170000,SALT LAKE CITY CORPORATION,CITY,False,False,5.0,False,RMF-30,Commercial - Apartment & Condo,readiness/data/geometry/16163070170000.geojson,cadastre_government_owned_parcels,https://services1.arcgis.com/99lidPhWCzftIe9K/arcgis/rest/services/cadastre_government_owned_parcels/FeatureServer/0/query,2026-09-25
16163280100000,SALT LAKE COUNTY - REAL ESTATE DEPT # S3200,COUNTY,False,False,0.0,True,R-1-7000,Tax Exempt - Government,readiness/data/geometry/16163280100000.geojson,cadastre_government_owned_parcels,https://services1.arcgis.com/99lidPhWCzftIe9K/arcgis/rest/services/cadastre_government_owned_parcels/FeatureServer/0/query,2026-09-25
16164510110000,SALT LAKE COUNTY - REAL ESTATE DEPT # S3200,COUNTY,False,False,0.0,True,R-1-7000,Tax Exempt - Government,readiness/data/geometry/16164510110000.geojson,cadastre_government_owned_parcels,https://services1.arcgis.com/99lidPhWCzftIe9K/arcgis/rest/services/cadastre_government_owned_parcels/FeatureServer/0/query,2026-09-25
16164580110000,SALT LAKE COUNTY - REAL ESTATE DEPT # S3200,COUNTY,False,False,0.0,True,R-1-7000,Tax Exempt - Government,readiness/data/geometry/16164580110000.geojson,cadastre_government_owned_parcels,https://services1.arcgis.com/99lidPhWCzftIe9K/arcgis/rest/services/cadastre_government_owned_parcels/FeatureServer/0/query,2026-09-25
16164580140000,SALT LAKE COUNTY - REAL ESTATE DEPT # S3200,COUNTY,False,False,0.0,True,R-1-7000,Tax Exempt - Government,readiness/data/geometry/16164580140000.geojson,cadastre_government_owned_parcels,https://services1.arcgis.com/99lidPhWCzftIe9K/arcgis/rest/services/cadastre_government_owned_parcels/FeatureServer/0/query,2026-09-25
16164580140000,SALT LAKE COUNTY - REAL ESTATE DEPT # S3200,COUNTY,False,False,0.0,True,R-1-7000,Tax Exempt - Government,readiness/data/geometry/16164580140000.geojson,cadastre_government_owned_parcels,https://services1.arcgis.com/99lidPhWCzftIe9K/arcgis/rest/services/cadastre_government_owned_parcels/FeatureServer/0/query,2026-09-25
16164770270000,SALT LAKE COUNTY - REAL ESTATE DEPT # S3200,COUNTY,False,False,0.0,True,R-1-7000,Tax Exempt - Government,readiness/data/geometry/16164770270000.geojson,cadastre_government_owned_parcels,https://services1.arcgis.com/99lidPhWCzftIe9K/arcgis/rest/services/cadastre_government_owned_parcels/FeatureServer/0/query,2026-09-25
16164790120000,SALT LAKE COUNTY - REAL ESTATE DEPT # S3200,COUNTY,False,False,0.0,True,R-1-7000,Tax Exempt - Government,readiness/data/geometry/16164790120000.geojson,cadastre_government_owned_parcels,https://services1.arcgis.com/99lidPhWCzftIe9K/arcgis/rest/services/cadastre_government_owned_parcels/FeatureServer/0/query,2026-09-25
16171040050000,STATE ROAD COMMISSION - UDOT RIGHT OF WAY,STATE,True,False,0.1,False,R-1-5000,Tax Exempt - Charitable Organization or Religious,readiness/data/geometry/16171040050000.geojson,cadastre_government_owned_parcels,https://services1.arcgis.com/99lidPhWCzftIe9K/arcgis/rest/services/cadastre_government_owned_parcels/FeatureServer/0/query,2026-09-25
16171040060000,STATE ROAD COMMISSION - UDOT RIGHT OF WAY,STATE,True,False,0.1,False,R-1-5000,Tax Exempt - Charitable Organization or Religious,readiness/data/geometry/16171040060000.geojson,cadastre_government_owned_parcels,https://services1.arcgis.com/99lidPhWCzftIe9K/arcgis/rest/services/cadastre_government_owned_parcels/FeatureServer/0/query,2026-09-25
16171050010000,CITY OF SALT LAKE - PROPERTY MANAGEMENT,CITY,False,False,9.7,False,OS,Tax Exempt - Government,readiness/data/geometry/16171050010000.geojson,cadastre_government_owned_parcels,https://services1.arcgis.com/99lidPhWCzftIe9K/arcgis/rest/services/cadastre_government_owned_parcels/FeatureServer/0/query,2026-09-25
16171300150000,SALT LAKE COUNTY - REAL ESTATE DEPT # S3200,COUNTY,False,False,0.0,True,R-1-5000,Tax Exempt - Government,readiness/data/geometry/16171300150000.geojson,cadastre_government_owned_parcels,https://services1.arcgis.com/99lidPhWCzftIe9K/arcgis/rest/services/cadastre_government_owned_parcels/FeatureServer/0/query,2026-09-25
16171300170000,SALT LAKE COUNTY - REAL ESTATE DEPT # S3200,COUNTY,False,False,0.0,True,R-1-5000,Tax Exempt - Government,readiness/data/geometry/16171300170000.geojson,cadastre_government_owned_parcels,https://services1.arcgis.com/99lidPhWCzftIe9K/arcgis/rest/services/cadastre_government_owned_parcels/FeatureServer/0/query,2026-09-25
16171300390000,SALT LAKE COUNTY - REAL ESTATE DEPT # S3200,COUNTY,False,False,0.0,True,R-1-5000,Tax Exempt - Government,readiness/data/geometry/16171300390000.geojson,cadastre_government_owned_parcels,https://services1.arcgis.com/99lidPhWCzftIe9K/arcgis/rest/services/cadastre_government_owned_parcels/FeatureServer/0/query,2026-09-25
16171510150000,UTAH DEPARTMENT OF TRANSPORTAT,STATE,True,False,0.0,True,R-1-5000,Tax Exempt - Government,readiness/data/geometry/16171510150000.geojson,cadastre_government_owned_parcels,https://services1.arcgis.com/99lidPhWCzftIe9K/arcgis/rest/services/cadastre_government_owned_parcels/FeatureServer/0/query,2026-09-25
16171510170000,"UTAH DEPARTMENT OF TRANSPORTAT - RIGHT OF WAY, 4TH FLR",STATE,True,False,0.0,True,R-1-5000,Tax Exempt - Government,readiness/data/geometry/16171510170000.geojson,cadastre_government_owned_parcels,https://services1.arcgis.com/99lidPhWCzftIe9K/arcgis/rest/services/cadastre_government_owned_parcels/FeatureServer/0/query,2026-09-25
16171530050000,BOARD OF EDUCATION OF SALT LAK,SCHOOL_DISTRICT,False,False,1.6,False,PL,Tax Exempt - Government,readiness/data/geometry/16171530050000.geojson,cadastre_government_owned_parcels,https://services1.arcgis.com/99lidPhWCzftIe9K/arcgis/rest/services/cadastre_government_owned_parcels/FeatureServer/0/query,2026-09-25
16171540110000,SALT LAKE COUNTY - REAL ESTATE DEPT # S3200,COUNTY,False,False,0.0,True,R-1-5000,Tax Exempt - Government,readiness/data/geometry/16171540110000.geojson,cadastre_government_owned_parcels,https://services1.arcgis.com/99lidPhWCzftIe9K/arcgis/rest/services/cadastre_government_owned_parcels/FeatureServer/0/query,2026-09-25
16171760170000,SALT LAKE COUNTY - REAL ESTATE DEPT # S3200,COUNTY,False,False,0.0,True,R-1-5000,Tax Exempt - Government,readiness/data/geometry/16171760170000.geojson,cadastre_government_owned_parcels,https://services1.arcgis.com/99lidPhWCzftIe9K/arcgis/rest/services/cadastre_government_owned_parcels/FeatureServer/0/query,2026-09-25
16171830120000,SALT LAKE CITY CORP - PROPERTY MANAGEMENT,CITY,False,False,0.2,False,OS,Tax Exempt - Government,readiness/data/geometry/16171830120000.geojson,cadastre_government_owned_parcels,https://services1.arcgis.com/99lidPhWCzftIe9K/arcgis/rest/services/cadastre_government_owned_parcels/FeatureServer/0/query,2026-09-25
16171830130000,SALT LAKE CITY CORP - PROPERTY MANAGEMENT,CITY,False,False,0.2,False,OS,Tax Exempt - Government,readiness/data/geometry/16171830130000.geojson,cadastre_government_owned_parcels,https://services1.arcgis.com/99lidPhWCzftIe9K/arcgis/rest/services/cadastre_government_owned_parcels/FeatureServer/0/query,2026-09-25
16172010110000,SALT LAKE CITY BOARD OF EDUCAT,CITY,False,False,1.0,False,PL,Tax Exempt - Government,readiness/data/geometry/16172010110000.geojson,cadastre_government_owned_parcels,https://services1.arcgis.com/99lidPhWCzftIe9K/arcgis/rest/services/cadastre_government_owned_parcels/FeatureServer/0/query,2026-09-25
16172010110000,SALT LAKE CITY BOARD OF EDUCAT,CITY,False,False,1.0,False,PL,Tax Exempt - Government,readiness/data/geometry/16172010110000.geojson,cadastre_government_owned_parcels,https://services1.arcgis.com/99lidPhWCzftIe9K/arcgis/rest/services/cadastre_government_owned_parcels/FeatureServer/0/query,2026-09-25
16172030110000,SALT LAKE CITY BOARD OF EDUCAT,CITY,False,False,0.5,False,PL,Tax Exempt - Government,readiness/data/geometry/16172030110000.geojson,cadastre_government_owned_parcels,https://services1.arcgis.com/99lidPhWCzftIe9K/arcgis/rest/services/cadastre_government_owned_parcels/FeatureServer/0/query,2026-09-25
16172080250000,SALT LAKE COUNTY - REAL ESTATE DEPT # S3200,COUNTY,False,False,0.0,True,R-1-5000,Tax Exempt - Government,readiness/data/geometry/16172080250000.geojson,cadastre_government_owned_parcels,https://services1.arcgis.com/99lidPhWCzftIe9K/arcgis/rest/services/cadastre_government_owned_parcels/FeatureServer/0/query,2026-09-25
16172590120000,SALT LAKE CITY - PROPERTY MANAGEMENT,CITY,False,False,0.2,False,R-1-5000,Tax Exempt - Government,readiness/data/geometry/16172590120000.geojson,cadastre_government_owned_parcels,https://services1.arcgis.com/99lidPhWCzftIe9K/arcgis/rest/services/cadastre_government_owned_parcels/FeatureServer/0/query,2026-09-25
16173030120000,UTAH DEPARTMENT OF TRANSPORTAT,STATE,True,False,0.0,True,R-1-5000,Commercial,readiness/data/geometry/16173030120000.geojson,cadastre_government_owned_parcels,https://services1.arcgis.com/99lidPhWCzftIe9K/arcgis/rest/services/cadastre_government_owned_parcels/FeatureServer/0/query,2026-09-25
16173040050000,STATE ROAD COMMISSION OF UTAH; - UDOT RIGHT OF WAY,STATE,True,False,0.1,False,UNKNOWN,Tax Exempt - Government,readiness/data/geometry/16173040050000.geojson,cadastre_government_owned_parcels,https://services1.arcgis.com/99lidPhWCzftIe9K/arcgis/rest/services/cadastre_government_owned_parcels/FeatureServer/0/query,2026-09-25
16173350130000,SALT LAKE COUNTY - REAL ESTATE DEPT # S3200,COUNTY,False,False,0.0,True,R-1-5000,Vacant,readiness/data/geometry/16173350130000.geojson,cadastre_government_owned_parcels,https://services1.arcgis.com/99lidPhWCzftIe9K/arcgis/rest/services/cadastre_government_owned_parcels/FeatureServer/0/query,2026-09-25
16173590120000,SALT LAKE CITY CORP. - PROPERTY MANAGEMENT,CITY,False,False,0.1,False,CC,Tax Exempt - Government,readiness/data/geometry/16173590120000.geojson,cadastre_government_owned_parcels,https://services1.arcgis.com/99lidPhWCzftIe9K/arcgis/rest/services/cadastre_government_owned_parcels/FeatureServer/0/query,2026-09-25
16173590240000,SALT LAKE CITY CORP. - PROPERTY MANAGEMENT,CITY,False,False,0.1,False,CC,Tax Exempt - Government,readiness/data/geometry/16173590240000.geojson,cadastre_government_owned_parcels,https://services1.arcgis.com/99lidPhWCzftIe9K/arcgis/rest/services/cadastre_government_owned_parcels/FeatureServer/0/query,2026-09-25
16173770200000,SALT LAKE CITY CORP. - PROPERTY MANAGEMENT,CITY,False,False,0.1,False,CC,Tax Exempt - Government,readiness/data/geometry/16173770200000.geojson,cadastre_government_owned_parcels,https://services1.arcgis.com/99lidPhWCzftIe9K/arcgis/rest/services/cadastre_government_owned_parcels/FeatureServer/0/query,2026-09-25
16173770260000,SALT LAKE CITY CORP. - PROPERTY MANAGEMENT,CITY,False,False,0.1,False,CC,Tax Exempt - Government,readiness/data/geometry/16173770260000.geojson,cadastre_government_owned_parcels,https://services1.arcgis.com/99lidPhWCzftIe9K/arcgis/rest/services/cadastre_government_owned_parcels/FeatureServer/0/query,2026-09-25
16173810160000,SALT LAKE COUNTY - REAL ESTATE DEPT # S3200,COUNTY,False,False,0.0,True,R-1-5000,Vacant,readiness/data/geometry/16173810160000.geojson,cadastre_government_owned_parcels,https://services1.arcgis.com/99lidPhWCzftIe9K/arcgis/rest/services/cadastre_government_owned_parcels/FeatureServer/0/query,2026-09-25
16174060100000,SALT LAKE CITY CORPORATION - PROPERTY MANAGEMENT,CITY,False,False,0.4,False,R-1-5000,Tax Exempt - Government,readiness/data/geometry/16174060100000.geojson,cadastre_government_owned_parcels,https://services1.arcgis.com/99lidPhWCzftIe9K/arcgis/rest/services/cadastre_government_owned_parcels/FeatureServer/0/query,2026-09-25
16174060190000,SALT LAKE COUNTY,COUNTY,False,False,0.0,True,RB,Tax Exempt - Government,readiness/data/geometry/16174060190000.geojson,cadastre_government_owned_parcels,https://services1.arcgis.com/99lidPhWCzftIe9K/arcgis/rest/services/cadastre_government_owned_parcels/FeatureServer/0/query,2026-09-25
16174070170000,SALT LAKE CITY - PROPERTY MANAGEMENT,CITY,False,False,0.0,True,RB,Tax Exempt - Government,readiness/data/geometry/16174070170000.geojson,cadastre_government_owned_parcels,https://services1.arcgis.com/99lidPhWCzftIe9K/arcgis/rest/services/cadastre_government_owned_parcels/FeatureServer/0/query,2026-09-25
16174070180000,SALT LAKE CITY - PROPERTY MANAGEMENT,CITY,False,False,0.1,False,RB,Tax Exempt - Government,readiness/data/geometry/16174070180000.geojson,cadastre_government_owned_parcels,https://services1.arcgis.com/99lidPhWCzftIe9K/arcgis/rest/services/cadastre_government_owned_parcels/FeatureServer/0/query,2026-09-25
16174090110000,SALT LAKE COUNTY - REAL ESTATE,COUNTY,False,False,0.0,True,R-1-5000,Tax Exempt - Government,readiness/data/geometry/16174090110000.geojson,cadastre_government_owned_parcels,https://services1.arcgis.com/99lidPhWCzftIe9K/arcgis/rest/services/cadastre_government_owned_parcels/FeatureServer/0/query,2026-09-25
16174270160000,SALT LAKE CITY CORP - PROPERTY MANAGEMENT,CITY,False,False,0.2,False,I,Tax Exempt - Government,readiness/data/geometry/16174270160000.geojson,cadastre_government_owned_parcels,https://services1.arcgis.com/99lidPhWCzftIe9K/arcgis/rest/services/cadastre_government_owned_parcels/FeatureServer/0/query,2026-09-25
16174760480000,SALT LAKE CITY CORPORATION - PROPERTY MANAGEMENT,CITY,False,False,0.1,False,CSHBD2,Tax Exempt - Government,readiness/data/geometry/16174760480000.geojson,cadastre_government_owned_parcels,https://services1.arcgis.com/99lidPhWCzftIe9K/arcgis/rest/services/cadastre_government_owned_parcels/FeatureServer/0/query,2026-09-25
16181030130000,STATE BUILDING OWNERSHIP AUTHO,STATE,True,False,3.1,False,CC,Commercial - Office Space,readiness/data/geometry/16181030130000.geojson,cadastre_government_owned_parcels,https://services1.arcgis.com/99lidPhWCzftIe9K/arcgis/rest/services/cadastre_government_owned_parcels/FeatureServer/0/query,2026-09-25
16181040200000,STATE OF UTAH DIV FACILITIES C,STATE,True,False,0.3,False,CC,Commercial - Retail,readiness/data/geometry/16181040200000.geojson,cadastre_government_owned_parcels,https://services1.arcgis.com/99lidPhWCzftIe9K/arcgis/rest/services/cadastre_government_owned_parcels/FeatureServer/0/query,2026-09-25
16181040230000,UTAH STATE BUILDING OWNERSHIP,STATE,True,False,0.3,False,CC,Commercial - Retail,readiness/data/geometry/16181040230000.geojson,cadastre_government_owned_parcels,https://services1.arcgis.com/99lidPhWCzftIe9K/arcgis/rest/services/cadastre_government_owned_parcels/FeatureServer/0/query,2026-09-25
16181050240000,UTAH DEPARTMENT OF TRANSPORTAT,STATE,True,False,0.0,True,UNKNOWN,Commercial,readiness/data/geometry/16181050240000.geojson,cadastre_government_owned_parcels,https://services1.arcgis.com/99lidPhWCzftIe9K/arcgis/rest/services/cadastre_government_owned_parcels/FeatureServer/0/query,2026-09-25
16181060190000,UTAH DEPARTMENT OF TRANSPORTAT,STATE,True,False,0.0,True,CC,Commercial,readiness/data/geometry/16181060190000.geojson,cadastre_government_owned_parcels,https://services1.arcgis.com/99lidPhWCzftIe9K/arcgis/rest/services/cadastre_government_owned_parcels/FeatureServer/0/query,2026-09-25
16181260250000,STATE OF UTAH DIVISION OF FACI,STATE,True,False,0.1,False,CC,Tax Exempt - Government,readiness/data/geometry/16181260250000.geojson,cadastre_government_owned_parcels,https://services1.arcgis.com/99lidPhWCzftIe9K/arcgis/rest/services/cadastre_government_owned_parcels/FeatureServer/0/query,2026-09-25
16181330100000,SALT LAKE COUNTY - REAL ESTATE DEPT # S3200,COUNTY,False,False,0.0,True,RMF-35,Tax Exempt - Government,readiness/data/geometry/16181330100000.geojson,cadastre_government_owned_parcels,https://services1.arcgis.com/99lidPhWCzftIe9K/arcgis/rest/services/cadastre_government_owned_parcels/FeatureServer/0/query,2026-09-25
16181530130000,UTAH DEPARTMENT OF TRANSPORTAT,STATE,True,False,0.0,True,CC,Tax Exempt - Government,readiness/data/geometry/16181530130000.geojson,cadastre_government_owned_parcels,https://services1.arcgis.com/99lidPhWCzftIe9K/arcgis/rest/services/cadastre_government_owned_parcels/FeatureServer/0/query,2026-09-25
16181570230000,SALT LAKE COUNTY - REAL ESTATE DEPT # S3200,COUNTY,False,False,0.0,True,CC,Tax Exempt - Government,readiness/data/geometry/16181570230000.geojson,cadastre_government_owned_parcels,https://services1.arcgis.com/99lidPhWCzftIe9K/arcgis/rest/services/cadastre_government_owned_parcels/FeatureServer/0/query,2026-09-25
16181780110000,BOARD OF EDUCATION OF SLC,SCHOOL_DISTRICT,False,False,0.2,False,PL,Commercial - Office Space,readiness/data/geometry/16181780110000.geojson,cadastre_government_owned_parcels,https://services1.arcgis.com/99lidPhWCzftIe9K/arcgis/rest/services/cadastre_government_owned_parcels/FeatureServer/0/query,2026-09-25
16181780120000,BOARD OF EDUCATION OF SLC,SCHOOL_DISTRICT,False,False,0.2,False,PL,Tax Exempt - Government,readiness/data/geometry/16181780120000.geojson,cadastre_government_owned_parcels,https://services1.arcgis.com/99lidPhWCzftIe9K/arcgis/rest/services/cadastre_government_owned_parcels/FeatureServer/0/query,2026-09-25
16181810210000,BOARD OF EDUCATION OF SALT LAK,SCHOOL_DISTRICT,False,False,5.1,False,PL,Tax Exempt - Government,readiness/data/geometry/16181810210000.geojson,cadastre_government_owned_parcels,https://services1.arcgis.com/99lidPhWCzftIe9K/arcgis/rest/services/cadastre_government_owned_parcels/FeatureServer/0/query,2026-09-25
16181830090000,SALT LAKE COUNTY - REAL ESTATE DEPT # S3200,COUNTY,False,False,0.0,True,R-1-5000,Tax Exempt - Government,readiness/data/geometry/16181830090000.geojson,cadastre_government_owned_parcels,https://services1.arcgis.com/99lidPhWCzftIe9K/arcgis/rest/services/cadastre_government_owned_parcels/FeatureServer/0/query,2026-09-25
16181850020000,SALT LAKE COUNTY - REAL ESTATE DEPT # S3200,COUNTY,False,False,0.0,True,R-1-5000,Vacant,readiness/data/geometry/16181850020000.geojson,cadastre_government_owned_parcels,https://services1.arcgis.com/99lidPhWCzftIe9K/arcgis/rest/services/cadastre_government_owned_parcels/FeatureServer/0/query,2026-09-25
16182080650000,SALT LAKE COUNTY - REAL ESTATE DEPT # S3200,COUNTY,False,False,0.0,True,RMF-35,Tax Exempt - Government,readiness/data/geometry/16182080650000.geojson,cadastre_government_owned_parcels,https://services1.arcgis.com/99lidPhWCzftIe9K/arcgis/rest/services/cadastre_government_owned_parcels/FeatureServer/0/query,2026-09-25
16182080810000,SALT LAKE COUNTY - REAL ESTATE DEPT # S3200,COUNTY,False,False,0.0,True,RMF-35,Vacant,readiness/data/geometry/16182080810000.geojson,cadastre_government_owned_parcels,https://services1.arcgis.com/99lidPhWCzftIe9K/arcgis/rest/services/cadastre_government_owned_parcels/FeatureServer/0/query,2026-09-25
16182080820000,SALT LAKE COUNTY - REAL ESTATE DEPT # S3200,COUNTY,False,False,0.0,True,RMF-35,Vacant,readiness/data/geometry/16182080820000.geojson,cadastre_government_owned_parcels,https://services1.arcgis.com/99lidPhWCzftIe9K/arcgis/rest/services/cadastre_government_owned_parcels/FeatureServer/0/query,2026-09-25
16182520090000,SALT LAKE COUNTY - REAL ESTATE DEPT # S3200,COUNTY,False,False,0.0,True,R-1-5000,Tax Exempt - Government,readiness/data/geometry/16182520090000.geojson,cadastre_government_owned_parcels,https://services1.arcgis.com/99lidPhWCzftIe9K/arcgis/rest/services/cadastre_government_owned_parcels/FeatureServer/0/query,2026-09-25
16182540230000,SALT LAKE COUNTY - REAL ESTATE DEPT # S3200,COUNTY,False,False,0.1,False,R-1-5000,Tax Exempt - Charitable Organization or Religious,readiness/data/geometry/16182540230000.geojson,cadastre_government_owned_parcels,https://services1.arcgis.com/99lidPhWCzftIe9K/arcgis/rest/services/cadastre_government_owned_parcels/FeatureServer/0/query,2026-09-25
16182540230000,SALT LAKE COUNTY - REAL ESTATE DEPT # S3200,COUNTY,False,False,0.1,False,R-1-5000,Tax Exempt - Charitable Organization or Religious,readiness/data/geometry/16182540230000.geojson,cadastre_government_owned_parcels,https://services1.arcgis.com/99lidPhWCzftIe9K/arcgis/rest/services/cadastre_government_owned_parcels/FeatureServer/0/query,2026-09-25
16182590210000,SALT LAKE COUNTY - REAL ESTATE DEPT # S3200,COUNTY,False,False,0.0,True,R-1-5000,Tax Exempt - Government,readiness/data/geometry/16182590210000.geojson,cadastre_government_owned_parcels,https://services1.arcgis.com/99lidPhWCzftIe9K/arcgis/rest/services/cadastre_government_owned_parcels/FeatureServer/0/query,2026-09-25
16182600030000,SALT LAKE COUNTY - REAL ESTATE DEPT # S3200,COUNTY,False,False,0.0,True,R-1-5000,Tax Exempt - Charitable Organization or Religious,readiness/data/geometry/16182600030000.geojson,cadastre_government_owned_parcels,https://services1.arcgis.com/99lidPhWCzftIe9K/arcgis/rest/services/cadastre_government_owned_parcels/FeatureServer/0/query,2026-09-25
16182610120000,SALT LAKE CITY CORPORATION - PROPERTY MANAGEMENT,CITY,False,False,0.3,False,CN,Tax Exempt - Government,readiness/data/geometry/16182610120000.geojson,cadastre_government_owned_parcels,https://services1.arcgis.com/99lidPhWCzftIe9K/arcgis/rest/services/cadastre_government_owned_parcels/FeatureServer/0/query,2026-09-25
16182830070000,BOARD OF EDUCATION OF SALT LAK,SCHOOL_DISTRICT,False,False,0.4,False,PL,Tax Exempt - Government,readiness/data/geometry/16182830070000.geojson,cadastre_government_owned_parcels,https://services1.arcgis.com/99lidPhWCzftIe9K/arcgis/rest/services/cadastre_government_owned_parcels/FeatureServer/0/query,2026-09-25
16182830100000,BOARD OF EDUCATION OF SALT LAK,SCHOOL_DISTRICT,False,False,3.5,False,PL,Tax Exempt - Government,readiness/data/geometry/16182830100000.geojson,cadastre_government_owned_parcels,https://services1.arcgis.com/99lidPhWCzftIe9K/arcgis/rest/services/cadastre_government_owned_parcels/FeatureServer/0/query,2026-09-25
16183040110000,SALT LAKE CITY - PROPERTY MANAGEMENT,CITY,False,False,0.0,True,R-1-5000,Tax Exempt - Government,readiness/data/geometry/16183040110000.geojson,cadastre_government_owned_parcels,https://services1.arcgis.com/99lidPhWCzftIe9K/arcgis/rest/services/cadastre_government_owned_parcels/FeatureServer/0/query,2026-09-25
16183040130000,SALT LAKE CITY - PROPERTY MANAGEMENT,CITY,False,False,0.1,False,R-1-5000,Tax Exempt - Government,readiness/data/geometry/16183040130000.geojson,cadastre_government_owned_parcels,https://services1.arcgis.com/99lidPhWCzftIe9K/arcgis/rest/services/cadastre_government_owned_parcels/FeatureServer/0/query,2026-09-25
16183350010000,SALT LAKE COUNTY - REAL ESTATE DEPT # S3200,COUNTY,False,False,0.0,True,R-1-5000,Tax Exempt - Government,readiness/data/geometry/16183350010000.geojson,cadastre_government_owned_parcels,https://services1.arcgis.com/99lidPhWCzftIe9K/arcgis/rest/services/cadastre_government_owned_parcels/FeatureServer/0/query,2026-09-25
16183390050000,SALT LAKE CITY CORPORATION - PROPERTY MANAGEMENT,CITY,False,False,0.2,False,R-1-5000,Tax Exempt - Government,readiness/data/geometry/16183390050000.geojson,cadastre_government_owned_parcels,https://services1.arcgis.com/99lidPhWCzftIe9K/arcgis/rest/services/cadastre_government_owned_parcels/FeatureServer/0/query,2026-09-25
16183550030000,SALT LAKE COUNTY - REAL ESTATE DEPT,COUNTY,False,False,14.7,False,PL,Commercial - Office Space,readiness/data/geometry/16183550030000.geojson,cadastre_government_owned_parcels,https://services1.arcgis.com/99lidPhWCzftIe9K/arcgis/rest/services/cadastre_government_owned_parcels/FeatureServer/0/query,2026-09-25
16183780010000,SL CO HOUSING AUTHORITY,SPECIAL_DISTRICT,False,False,3.2,False,RMF-75,Commercial,readiness/data/geometry/16183780010000.geojson,cadastre_government_owned_parcels,https://services1.arcgis.com/99lidPhWCzftIe9K/arcgis/rest/services/cadastre_government_owned_parcels/FeatureServer/0/query,2026-09-25
16183840090000,SALT LAKE COUNTY - REAL ESTATE DEPT # S3200,COUNTY,False,False,0.0,True,R-1-5000,Tax Exempt - Charitable Organization or Religious,readiness/data/geometry/16183840090000.geojson,cadastre_government_owned_parcels,https://services1.arcgis.com/99lidPhWCzftIe9K/arcgis/rest/services/cadastre_government_owned_parcels/FeatureServer/0/query,2026-09-25
16184050080000,SALT LAKE COUNTY - REAL ESTATE DEPT # S3200,COUNTY,False,False,0.0,True,R-1-5000,Tax Exempt - Charitable Organization or Religious,readiness/data/geometry/16184050080000.geojson,cadastre_government_owned_parcels,https://services1.arcgis.com/99lidPhWCzftIe9K/arcgis/rest/services/cadastre_government_owned_parcels/FeatureServer/0/query,2026-09-25
16184290070000,SALT LAKE CITY CORPORATION - PUBLIC UTILITIES,CITY,False,False,0.0,True,R-1-5000,Tax Exempt - Charitable Organization or Religious,readiness/data/geometry/16184290070000.geojson,cadastre_government_owned_parcels,https://services1.arcgis.com/99lidPhWCzftIe9K/arcgis/rest/services/cadastre_government_owned_parcels/FeatureServer/0/query,2026-09-25
16184330230000,SALT LAKE COUNTY - REAL ESTATE DEPT # S3200,COUNTY,False,False,0.0,True,R-1-5000,Tax Exempt - Government,readiness/data/geometry/16184330230000.geojson,cadastre_government_owned_parcels,https://services1.arcgis.com/99lidPhWCzftIe9K/arcgis/rest/services/cadastre_government_owned_parcels/FeatureServer/0/query,2026-09-25
16184540310000,SALT LAKE COUNTY - REAL ESTATE DEPT # S3200,COUNTY,False,False,0.0,True,R-1-5000,Tax Exempt - Charitable Organization or Religious,readiness/data/geometry/16184540310000.geojson,cadastre_government_owned_parcels,https://services1.arcgis.com/99lidPhWCzftIe9K/arcgis/rest/services/cadastre_government_owned_parcels/FeatureServer/0/query,2026-09-25
16184820210000,SALT LAKE COUNTY - REAL ESTATE DEPT # S3200,COUNTY,False,False,0.0,True,R-1-5000,Vacant,readiness/data/geometry/16184820210000.geojson,cadastre_government_owned_parcels,https://services1.arcgis.com/99lidPhWCzftIe9K/arcgis/rest/services/cadastre_government_owned_parcels/FeatureServer/0/query,2026-09-25
16192010090000,SALT LAKE COUNTY - REAL ESTATE DEPT # S3200,COUNTY,False,False,0.0,True,CB,Tax Exempt - Government,readiness/data/geometry/16192010090000.geojson,cadastre_government_owned_parcels,https://services1.arcgis.com/99lidPhWCzftIe9K/arcgis/rest/services/cadastre_government_owned_parcels/FeatureServer/0/query,2026-09-25
16192760180000,SALT LAKE CITY CORPORATION - PROPERTY MANAGEMENT,CITY,False,False,0.1,False,FB-SE,Commercial,readiness/data/geometry/16192760180000.geojson,cadastre_government_owned_parcels,https://services1.arcgis.com/99lidPhWCzftIe9K/arcgis/rest/services/cadastre_government_owned_parcels/FeatureServer/0/query,2026-09-25
16192820040000,STATE ROAD COMMISSION - UDOT RIGHT OF WAY,STATE,True,False,0.0,True,R-1-7000,Tax Exempt - Government,readiness/data/geometry/16192820040000.geojson,cadastre_government_owned_parcels,https://services1.arcgis.com/99lidPhWCzftIe9K/arcgis/rest/services/cadastre_government_owned_parcels/FeatureServer/0/query,2026-09-25
16192820090000,STATE ROAD COMMISSION OF UTAH; - UDOT RIGHT OF WAY,STATE,True,False,0.1,False,UNKNOWN,Tax Exempt - Government,readiness/data/geometry/16192820090000.geojson,cadastre_government_owned_parcels,https://services1.arcgis.com/99lidPhWCzftIe9K/arcgis/rest/services/cadastre_government_owned_parcels/FeatureServer/0/query,2026-09-25
16192830020000,SALT LAKE COUNTY - REAL ESTATE DEPT # S3200,COUNTY,False,False,0.0,True,R-1-7000,Tax Exempt - Government,readiness/data/geometry/16192830020000.geojson,cadastre_government_owned_parcels,https://services1.arcgis.com/99lidPhWCzftIe9K/arcgis/rest/services/cadastre_government_owned_parcels/FeatureServer/0/query,2026-09-25
16194270010000,UTAH DEPARTMENT OF TRANSPORTAT - UDOT RIGHT OF WAY,STATE,True,False,0.1,False,R-1-7000,Tax Exempt - Government,readiness/data/geometry/16194270010000.geojson,cadastre_government_owned_parcels,https://services1.arcgis.com/99lidPhWCzftIe9K/arcgis/rest/services/cadastre_government_owned_parcels/FeatureServer/0/query,2026-09-25
16194290010000,SALT LAKE CITY CORP. - PROPERTY MANAGEMENT,CITY,False,False,0.1,False,UNKNOWN,Tax Exempt - Government,readiness/data/geometry/16194290010000.geojson,cadastre_government_owned_parcels,https://services1.arcgis.com/99lidPhWCzftIe9K/arcgis/rest/services/cadastre_government_owned_parcels/FeatureServer/0/query,2026-09-25
16194310070000,SALT LAKE COUNTY - REAL ESTATE DEPT # S3200,COUNTY,False,False,0.0,True,R-1-7000,Tax Exempt - Government,readiness/data/geometry/16194310070000.geojson,cadastre_government_owned_parcels,https://services1.arcgis.com/99lidPhWCzftIe9K/arcgis/rest/services/cadastre_government_owned_parcels/FeatureServer/0/query,2026-09-25
16194310080000,SALT LAKE COUNTY - REAL ESTATE DEPT # S3200,COUNTY,False,False,0.0,True,R-1-7000,Tax Exempt - Government,readiness/data/geometry/16194310080000.geojson,cadastre_government_owned_parcels,https://services1.arcgis.com/99lidPhWCzftIe9K/arcgis/rest/services/cadastre_government_owned_parcels/FeatureServer/0/query,2026-09-25
16201040110000,SALT LAKE COUNTY - REAL ESTATE DEPT # S3200,COUNTY,False,False,0.1,False,UNKNOWN,Tax Exempt - Government,readiness/data/geometry/16201040110000.geojson,cadastre_government_owned_parcels,https://services1.arcgis.com/99lidPhWCzftIe9K/arcgis/rest/services/cadastre_government_owned_parcels/FeatureServer/0/query,2026-09-25
16201310040000,SALT LAKE COUNTY - REAL ESTATE DEPT # S3200,COUNTY,False,False,0.0,True,R-1-5000,Tax Exempt - Government,readiness/data/geometry/16201310040000.geojson,cadastre_government_owned_parcels,https://services1.arcgis.com/99lidPhWCzftIe9K/arcgis/rest/services/cadastre_government_owned_parcels/FeatureServer/0/query,2026-09-25
16201320150000,SALT LAKE CITY - REAL ESTATE SERVICES,CITY,False,False,0.1,False,R-1-5000,Tax Exempt - Government,readiness/data/geometry/16201320150000.geojson,cadastre_government_owned_parcels,https://services1.arcgis.com/99lidPhWCzftIe9K/arcgis/rest/services/cadastre_government_owned_parcels/FeatureServer/0/query,2026-09-25
16201330150000,SALT LAKE CITY - REAL ESTATE SERVICES,CITY,False,False,0.1,False,UNKNOWN,Tax Exempt - Government,readiness/data/geometry/16201330150000.geojson,cadastre_government_owned_parcels,https://services1.arcgis.com/99lidPhWCzftIe9K/arcgis/rest/services/cadastre_government_owned_parcels/FeatureServer/0/query,2026-09-25
16201350210000,REDEVELOPMENT AGENCY OF SALT L,CRA,False,False,0.0,True,FB-SE,Tax Exempt - Government,readiness/data/geometry/16201350210000.geojson,cadastre_government_owned_parcels,https://services1.arcgis.com/99lidPhWCzftIe9K/arcgis/rest/services/cadastre_government_owned_parcels/FeatureServer/0/query,2026-09-25
16201350220000,UTAH TRANSIT AUTHORITY - PROPERTY MANAGEMENT,UTA,False,False,1.1,False,OS,Tax Exempt - Government,readiness/data/geometry/16201350220000.geojson,cadastre_government_owned_parcels,https://services1.arcgis.com/99lidPhWCzftIe9K/arcgis/rest/services/cadastre_government_owned_parcels/FeatureServer/0/query,2026-09-25
16201530230000,SALT LAKE COUNTY - REAL ESTATE DEPT # S3200,COUNTY,False,False,0.0,True,R-1-5000,Tax Exempt - Government,readiness/data/geometry/16201530230000.geojson,cadastre_government_owned_parcels,https://services1.arcgis.com/99lidPhWCzftIe9K/arcgis/rest/services/cadastre_government_owned_parcels/FeatureServer/0/query,2026-09-25
16201550330000,SALT LAKE COUNTY - REAL ESTATE DEPT # S3200,COUNTY,False,False,0.0,True,R-1-5000,Tax Exempt - Government,readiness/data/geometry/16201550330000.geojson,cadastre_government_owned_parcels,https://services1.arcgis.com/99lidPhWCzftIe9K/arcgis/rest/services/cadastre_government_owned_parcels/FeatureServer/0/query,2026-09-25
16201570060000,UTAH DEPARTMENT OF TRANSPORTAT - UDOT RIGHT OF WAY,STATE,True,False,0.1,False,RMF-35,Tax Exempt - Government,readiness/data/geometry/16201570060000.geojson,cadastre_government_owned_parcels,https://services1.arcgis.com/99lidPhWCzftIe9K/arcgis/rest/services/cadastre_government_owned_parcels/FeatureServer/0/query,2026-09-25
16201570070000,STATE ROAD COMMISSION - UDOT RIGHT OF WAY,STATE,True,False,0.1,False,UNKNOWN,Tax Exempt - Government,readiness/data/geometry/16201570070000.geojson,cadastre_government_owned_parcels,https://services1.arcgis.com/99lidPhWCzftIe9K/arcgis/rest/services/cadastre_government_owned_parcels/FeatureServer/0/query,2026-09-25
16201570100000,UTAH DEPARTMENT OF TRANSPORTAT - UDOT RIGHT OF WAY,STATE,True,False,0.0,True,RMF-35,Vacant,readiness/data/geometry/16201570100000.geojson,cadastre_government_owned_parcels,https://services1.arcgis.com/99lidPhWCzftIe9K/arcgis/rest/services/cadastre_government_owned_parcels/FeatureServer/0/query,2026-09-25
16201580090000,STATE ROAD COMMISSION OF UTAH - UDOT RIGHT OF WAY,STATE,True,False,0.2,False,UNKNOWN,Tax Exempt - Government,readiness/data/geometry/16201580090000.geojson,cadastre_government_owned_parcels,https://services1.arcgis.com/99lidPhWCzftIe9K/arcgis/rest/services/cadastre_government_owned_parcels/FeatureServer/0/query,2026-09-25
16201580100000,UTAH DEPARTMENT OF TRANSPORTAT - UDOT RIGHT OF WAY,STATE,True,False,0.1,False,RMF-35,Tax Exempt - Government,readiness/data/geometry/16201580100000.geojson,cadastre_government_owned_parcels,https://services1.arcgis.com/99lidPhWCzftIe9K/arcgis/rest/services/cadastre_government_owned_parcels/FeatureServer/0/query,2026-09-25
16201590020000,UTAH DEPARTMENT OF TRANSPORTAT - UDOT RIGHT OF WAY,STATE,True,False,0.2,False,R-1-7000,Tax Exempt - Government,readiness/data/geometry/16201590020000.geojson,cadastre_government_owned_parcels,https://services1.arcgis.com/99lidPhWCzftIe9K/arcgis/rest/services/cadastre_government_owned_parcels/FeatureServer/0/query,2026-09-25
16201590030000,"STATE ROAD COMMISSION OF UTAH - UDOT RIGHT OF WAY, 4TH FLOOR",STATE,True,False,0.0,True,UNKNOWN,Tax Exempt - Government,readiness/data/geometry/16201590030000.geojson,cadastre_government_owned_parcels,https://services1.arcgis.com/99lidPhWCzftIe9K/arcgis/rest/services/cadastre_government_owned_parcels/FeatureServer/0/query,2026-09-25
16201590040000,UT DEPT OF TRANSPORTATION - UDOT RIGHT OF WAY,STATE,True,False,0.2,False,R-1-7000,Residential,readiness/data/geometry/16201590040000.geojson,cadastre_government_owned_parcels,https://services1.arcgis.com/99lidPhWCzftIe9K/arcgis/rest/services/cadastre_government_owned_parcels/FeatureServer/0/query,2026-09-25
16201760260000,SALT LAKE CITY - PROPERTY MANAGEMENT,CITY,False,False,0.0,True,R-1-5000,Tax Exempt - Government,readiness/data/geometry/16201760260000.geojson,cadastre_government_owned_parcels,https://services1.arcgis.com/99lidPhWCzftIe9K/arcgis/rest/services/cadastre_government_owned_parcels/FeatureServer/0/query,2026-09-25
16201770010000,UTAH DEPARTMENT OF TRANSPORTAT - UDOT RIGHT OF WAY,STATE,True,False,0.1,False,R-1-7000,Tax Exempt - Government,readiness/data/geometry/16201770010000.geojson,cadastre_government_owned_parcels,https://services1.arcgis.com/99lidPhWCzftIe9K/arcgis/rest/services/cadastre_government_owned_parcels/FeatureServer/0/query,2026-09-25
16201780010000,SALT LAKE CITY CORP - PROPERTY MANAGEMENT,CITY,False,False,2.9,False,OS,Tax Exempt - Government,readiness/data/geometry/16201780010000.geojson,cadastre_government_owned_parcels,https://services1.arcgis.com/99lidPhWCzftIe9K/arcgis/rest/services/cadastre_government_owned_parcels/FeatureServer/0/query,2026-09-25
16201790170000,SALT LAKE CITY - PROPERTY MANAGEMENT,CITY,False,False,10.4,False,OS,Tax Exempt - Government,readiness/data/geometry/16201790170000.geojson,cadastre_government_owned_parcels,https://services1.arcgis.com/99lidPhWCzftIe9K/arcgis/rest/services/cadastre_government_owned_parcels/FeatureServer/0/query,2026-09-25
16202050210000,REDEVELOPMENT AGENCY OF SALT L,CRA,False,False,0.1,False,R-1-5000,Commercial,readiness/data/geometry/16202050210000.geojson,cadastre_government_owned_parcels,https://services1.arcgis.com/99lidPhWCzftIe9K/arcgis/rest/services/cadastre_government_owned_parcels/FeatureServer/0/query,2026-09-25
16202060430000,SALT LAKE CITY CORPORATION,CITY,False,False,0.1,False,CSHBD1,Tax Exempt - Government,readiness/data/geometry/16202060430000.geojson,cadastre_government_owned_parcels,https://services1.arcgis.com/99lidPhWCzftIe9K/arcgis/rest/services/cadastre_government_owned_parcels/FeatureServer/0/query,2026-09-25
16202060500000,SALT LAKE CITY CORPORATION - REAL EST SERV/PO BOX 145460,CITY,False,False,0.1,False,CSHBD1,Tax Exempt - Government,readiness/data/geometry/16202060500000.geojson,cadastre_government_owned_parcels,https://services1.arcgis.com/99lidPhWCzftIe9K/arcgis/rest/services/cadastre_government_owned_parcels/FeatureServer/0/query,2026-09-25
16202070040000,SALT LAKE CITY CORP - PROPERTY MANAGEMENT,CITY,False,False,0.5,False,PL,Tax Exempt - Government,readiness/data/geometry/16202070040000.geojson,cadastre_government_owned_parcels,https://services1.arcgis.com/99lidPhWCzftIe9K/arcgis/rest/services/cadastre_government_owned_parcels/FeatureServer/0/query,2026-09-25
16202070140000,SALT LAKE CITY CORPORATION - PROPERTY MANAGEMENT,CITY,False,False,0.1,False,PL,Tax Exempt - Government,readiness/data/geometry/16202070140000.geojson,cadastre_government_owned_parcels,https://services1.arcgis.com/99lidPhWCzftIe9K/arcgis/rest/services/cadastre_government_owned_parcels/FeatureServer/0/query,2026-09-25
16202290530000,SALT LAKE CITY CORPORATION - PROPERTY MANAGEMENT,CITY,False,False,0.9,False,OS,Tax Exempt - Government,readiness/data/geometry/16202290530000.geojson,cadastre_government_owned_parcels,https://services1.arcgis.com/99lidPhWCzftIe9K/arcgis/rest/services/cadastre_government_owned_parcels/FeatureServer/0/query,2026-09-25
16202290570000,SALT LAKE CITY CORP - PROPERTY MANAGEMENT,CITY,False,False,0.2,False,OS,Tax Exempt - Government,readiness/data/geometry/16202290570000.geojson,cadastre_government_owned_parcels,https://services1.arcgis.com/99lidPhWCzftIe9K/arcgis/rest/services/cadastre_government_owned_parcels/FeatureServer/0/query,2026-09-25
16202290590000,SALT LAKE CITY CORPORATION - PROPERTY MANAGEMENT,CITY,False,False,0.1,False,OS,Tax Exempt - Government,readiness/data/geometry/16202290590000.geojson,cadastre_government_owned_parcels,https://services1.arcgis.com/99lidPhWCzftIe9K/arcgis/rest/services/cadastre_government_owned_parcels/FeatureServer/0/query,2026-09-25
16202290620000,SALT LAKE CITY CORP - PROPERTY MANAGEMENT,CITY,False,False,2.1,False,OS,Tax Exempt - Government,readiness/data/geometry/16202290620000.geojson,cadastre_government_owned_parcels,https://services1.arcgis.com/99lidPhWCzftIe9K/arcgis/rest/services/cadastre_government_owned_parcels/FeatureServer/0/query,2026-09-25
16202290720000,SALT LAKE CITY CORPORATION - REAL ESTATE SERVICES,CITY,False,False,0.3,False,CSHBD1,Tax Exempt - Government,readiness/data/geometry/16202290720000.geojson,cadastre_government_owned_parcels,https://services1.arcgis.com/99lidPhWCzftIe9K/arcgis/rest/services/cadastre_government_owned_parcels/FeatureServer/0/query,2026-09-25
16202300040000,SALT LAKE CITY CORP - PROPERTY MANAGEMENT,CITY,False,False,0.1,False,OS,Tax Exempt - Government,readiness/data/geometry/16202300040000.geojson,cadastre_government_owned_parcels,https://services1.arcgis.com/99lidPhWCzftIe9K/arcgis/rest/services/cadastre_government_owned_parcels/FeatureServer/0/query,2026-09-25
16202300050000,SALT LAKE CITY CORP - PROPERTY MANAGEMENT,CITY,False,False,0.3,False,OS,Tax Exempt - Government,readiness/data/geometry/16202300050000.geojson,cadastre_government_owned_parcels,https://services1.arcgis.com/99lidPhWCzftIe9K/arcgis/rest/services/cadastre_government_owned_parcels/FeatureServer/0/query,2026-09-25
16202300060000,SALT LAKE CITY CORP - PROPERTY MANAGEMENT,CITY,False,False,0.0,True,OS,Tax Exempt - Government,readiness/data/geometry/16202300060000.geojson,cadastre_government_owned_parcels,https://services1.arcgis.com/99lidPhWCzftIe9K/arcgis/rest/services/cadastre_government_owned_parcels/FeatureServer/0/query,2026-09-25
16202320020000,SALT LAKE COUNTY - REAL ESTATE DEPT # S3200,COUNTY,False,False,0.0,True,UNKNOWN,Tax Exempt - Government,readiness/data/geometry/16202320020000.geojson,cadastre_government_owned_parcels,https://services1.arcgis.com/99lidPhWCzftIe9K/arcgis/rest/services/cadastre_government_owned_parcels/FeatureServer/0/query,2026-09-25
16202320030000,STATE ROAD COMMISSION OF UTAH - UDOT RIGHT OF WAY,STATE,True,False,0.0,True,UNKNOWN,Tax Exempt - Government,readiness/data/geometry/16202320030000.geojson,cadastre_government_owned_parcels,https://services1.arcgis.com/99lidPhWCzftIe9K/arcgis/rest/services/cadastre_government_owned_parcels/FeatureServer/0/query,2026-09-25
16202320040000,SALT LAKE CITY CORP - PROPERTY MANAGEMENT,CITY,False,False,0.8,False,UNKNOWN,Tax Exempt - Government,readiness/data/geometry/16202320040000.geojson,cadastre_government_owned_parcels,https://services1.arcgis.com/99lidPhWCzftIe9K/arcgis/rest/services/cadastre_government_owned_parcels/FeatureServer/0/query,2026-09-25
16202510030000,SALT LAKE CITY - PROPERTY MANAGEMENT,CITY,False,False,4.3,False,OS,Tax Exempt - Government,readiness/data/geometry/16202510030000.geojson,cadastre_government_owned_parcels,https://services1.arcgis.com/99lidPhWCzftIe9K/arcgis/rest/services/cadastre_government_owned_parcels/FeatureServer/0/query,2026-09-25
16202510040000,SALT LAKE COUNTY - REAL ESTATE DEPT # S3200,COUNTY,False,False,1.6,False,OS,Tax Exempt - Government,readiness/data/geometry/16202510040000.geojson,cadastre_government_owned_parcels,https://services1.arcgis.com/99lidPhWCzftIe9K/arcgis/rest/services/cadastre_government_owned_parcels/FeatureServer/0/query,2026-09-25
16202510050000,SALT LAKE CITY CORPORATION - PROPERTY MANAGEMENT,CITY,False,False,12.3,False,OS,Tax Exempt - Government,readiness/data/geometry/16202510050000.geojson,cadastre_government_owned_parcels,https://services1.arcgis.com/99lidPhWCzftIe9K/arcgis/rest/services/cadastre_government_owned_parcels/FeatureServer/0/query,2026-09-25
16202520010000,REDEVELOPMENT AGENCY OF SALT L - EXECUTIVE DIRECTOR,CRA,False,False,0.3,False,PL,Tax Exempt - Government,readiness/data/geometry/16202520010000.geojson,cadastre_government_owned_parcels,https://services1.arcgis.com/99lidPhWCzftIe9K/arcgis/rest/services/cadastre_government_owned_parcels/FeatureServer/0/query,2026-09-25
16202520020000,REDEVELOPMENT AGENCY OF SALT L - EXECUTIVE DIRECTOR,CRA,False,False,0.1,False,PL,Tax Exempt - Government,readiness/data/geometry/16202520020000.geojson,cadastre_government_owned_parcels,https://services1.arcgis.com/99lidPhWCzftIe9K/arcgis/rest/services/cadastre_government_owned_parcels/FeatureServer/0/query,2026-09-25
16202520030000,REDEVELOPMENT AGENCY OF SALT L - EXECUTIVE DIRECTOR,CRA,False,False,0.2,False,PL,Tax Exempt - Government,readiness/data/geometry/16202520030000.geojson,cadastre_government_owned_parcels,https://services1.arcgis.com/99lidPhWCzftIe9K/arcgis/rest/services/cadastre_government_owned_parcels/FeatureServer/0/query,2026-09-25
16202520040000,SALT LAKE CITY - PROPERTY MANAGEMENT,CITY,False,False,0.0,True,UNKNOWN,Tax Exempt - Government,readiness/data/geometry/16202520040000.geojson,cadastre_government_owned_parcels,https://services1.arcgis.com/99lidPhWCzftIe9K/arcgis/rest/services/cadastre_government_owned_parcels/FeatureServer/0/query,2026-09-25
16202520050000,REDEVELOPMENT AGENCY OF SALT L - EXECUTIVE DIRECTOR,CRA,False,False,0.1,False,PL,Commercial,readiness/data/geometry/16202520050000.geojson,cadastre_government_owned_parcels,https://services1.arcgis.com/99lidPhWCzftIe9K/arcgis/rest/services/cadastre_government_owned_parcels/FeatureServer/0/query,2026-09-25
16202520060000,SALT LAKE CITY CORP. - PROPERTY MANAGEMENT,CITY,False,False,0.2,False,CSHBD1,Tax Exempt - Government,readiness/data/geometry/16202520060000.geojson,cadastre_government_owned_parcels,https://services1.arcgis.com/99lidPhWCzftIe9K/arcgis/rest/services/cadastre_government_owned_parcels/FeatureServer/0/query,2026-09-25
16202520080000,REDEVELOPMENT AGENCY OF SALT L,CRA,False,False,0.9,False,CSHBD1,Commercial - Retail,readiness/data/geometry/16202520080000.geojson,cadastre_government_owned_parcels,https://services1.arcgis.com/99lidPhWCzftIe9K/arcgis/rest/services/cadastre_government_owned_parcels/FeatureServer/0/query,2026-09-25
16202540010000,SALT LAKE CITY CORPORATION - PROPERTY MANAGEMENT,CITY,False,False,0.1,False,CSHBD1,Commercial,readiness/data/geometry/16202540010000.geojson,cadastre_government_owned_parcels,https://services1.arcgis.com/99lidPhWCzftIe9K/arcgis/rest/services/cadastre_government_owned_parcels/FeatureServer/0/query,2026-09-25
16202540080000,UTAH DEPARTMENT OF TRANSPORTAT - UDOT RIGHT OF WAY,STATE,True,False,0.2,False,UNKNOWN,Tax Exempt - Government,readiness/data/geometry/16202540080000.geojson,cadastre_government_owned_parcels,https://services1.arcgis.com/99lidPhWCzftIe9K/arcgis/rest/services/cadastre_government_owned_parcels/FeatureServer/0/query,2026-09-25
16202550010000,SALT LAKE CITY - PROPERTY MANAGEMENT,CITY,False,False,0.1,False,RMF-30,Tax Exempt - Government,readiness/data/geometry/16202550010000.geojson,cadastre_government_owned_parcels,https://services1.arcgis.com/99lidPhWCzftIe9K/arcgis/rest/services/cadastre_government_owned_parcels/FeatureServer/0/query,2026-09-25
16202550020000,CITY OF SOUTH SALT LAKE,CITY,False,False,0.3,False,RMF-30,Tax Exempt - Government,readiness/data/geometry/16202550020000.geojson,cadastre_government_owned_parcels,https://services1.arcgis.com/99lidPhWCzftIe9K/arcgis/rest/services/cadastre_government_owned_parcels/FeatureServer/0/query,2026-09-25
16202550070000,CITY OF SOUTH SALT LAKE,CITY,False,False,0.2,False,RMF-30,Tax Exempt - Government,readiness/data/geometry/16202550070000.geojson,cadastre_government_owned_parcels,https://services1.arcgis.com/99lidPhWCzftIe9K/arcgis/rest/services/cadastre_government_owned_parcels/FeatureServer/0/query,2026-09-25
16202780010000,STATE ROAD COMMISSION OF UTAH - UDOT RIGHT OF WAY,STATE,True,False,0.1,False,OS,Tax Exempt - Government,readiness/data/geometry/16202780010000.geojson,cadastre_government_owned_parcels,https://services1.arcgis.com/99lidPhWCzftIe9K/arcgis/rest/services/cadastre_government_owned_parcels/FeatureServer/0/query,2026-09-25
16202780020000,UTAH DEPARTMENT OF TRANSPORTAT,STATE,True,False,0.2,False,OS,Tax Exempt - Government,readiness/data/geometry/16202780020000.geojson,cadastre_government_owned_parcels,https://services1.arcgis.com/99lidPhWCzftIe9K/arcgis/rest/services/cadastre_government_owned_parcels/FeatureServer/0/query,2026-09-25
16202780030000,STATE ROAD COMMISSION OF UTAH - UDOT RIGHT OF WAY,STATE,True,False,0.1,False,R-1-5000,Tax Exempt - Government,readiness/data/geometry/16202780030000.geojson,cadastre_government_owned_parcels,https://services1.arcgis.com/99lidPhWCzftIe9K/arcgis/rest/services/cadastre_government_owned_parcels/FeatureServer/0/query,2026-09-25
16202790160000,UTAH DEPARTMENT OF TRANSPORTAT - UDOT RIGHT OF WAY,STATE,True,False,0.1,False,R-1-5000,Tax Exempt - Government,readiness/data/geometry/16202790160000.geojson,cadastre_government_owned_parcels,https://services1.arcgis.com/99lidPhWCzftIe9K/arcgis/rest/services/cadastre_government_owned_parcels/FeatureServer/0/query,2026-09-25
16202790170000,UTAH DEPARTMENT OF TRANSPORTAT - UDOT RIGHT OF WAY,STATE,True,False,0.1,False,R-1-5000,Tax Exempt - Government,readiness/data/geometry/16202790170000.geojson,cadastre_government_owned_parcels,https://services1.arcgis.com/99lidPhWCzftIe9K/arcgis/rest/services/cadastre_government_owned_parcels/FeatureServer/0/query,2026-09-25
16202790180000,UTAH DEPARTMENT OF TRANSPORTAT - UDOT RIGHT OF WAY,STATE,True,False,0.1,False,R-1-5000,Tax Exempt - Government,readiness/data/geometry/16202790180000.geojson,cadastre_government_owned_parcels,https://services1.arcgis.com/99lidPhWCzftIe9K/arcgis/rest/services/cadastre_government_owned_parcels/FeatureServer/0/query,2026-09-25
16202800010000,SOUTH SALT LAKE CITY,CITY,False,False,0.2,False,UNKNOWN,Tax Exempt - Government,readiness/data/geometry/16202800010000.geojson,cadastre_government_owned_parcels,https://services1.arcgis.com/99lidPhWCzftIe9K/arcgis/rest/services/cadastre_government_owned_parcels/FeatureServer/0/query,2026-09-25
16203040380000,UTAH DEPARTMENT OF TRANSPORTAT - RIGHT OF WAY 4TH FLOOR,STATE,True,False,10.0,False,RMF-30,Vacant,readiness/data/geometry/16203040380000.geojson,cadastre_government_owned_parcels,https://services1.arcgis.com/99lidPhWCzftIe9K/arcgis/rest/services/cadastre_government_owned_parcels/FeatureServer/0/query,2026-09-25
16203260170000,SALT LAKE COUNTY - REAL ESTATE DEPT # S3200,COUNTY,False,False,0.0,True,RMF-30,Tax Exempt - Government,readiness/data/geometry/16203260170000.geojson,cadastre_government_owned_parcels,https://services1.arcgis.com/99lidPhWCzftIe9K/arcgis/rest/services/cadastre_government_owned_parcels/FeatureServer/0/query,2026-09-25
16203270210000,HOUSING AUTHORITY OF SALT LAKE,SPECIAL_DISTRICT,False,False,0.2,False,RMF-30,Commercial - Apartment & Condo,readiness/data/geometry/16203270210000.geojson,cadastre_government_owned_parcels,https://services1.arcgis.com/99lidPhWCzftIe9K/arcgis/rest/services/cadastre_government_owned_parcels/FeatureServer/0/query,2026-09-25
16203280020000,SALT LAKE CITY - PROPERTY MANAGEMENT,CITY,False,False,60.2,False,OS,Commercial,readiness/data/geometry/16203280020000.geojson,cadastre_government_owned_parcels,https://services1.arcgis.com/99lidPhWCzftIe9K/arcgis/rest/services/cadastre_government_owned_parcels/FeatureServer/0/query,2026-09-25
16203280030000,SALT LAKE CITY CORPORATION,CITY,False,False,0.9,False,PL2,Tax Exempt - Government,readiness/data/geometry/16203280030000.geojson,cadastre_government_owned_parcels,https://services1.arcgis.com/99lidPhWCzftIe9K/arcgis/rest/services/cadastre_government_owned_parcels/FeatureServer/0/query,2026-09-25
16203770230000,SALT LAKE CITY - PROPERTY MANAGEMENT,CITY,False,False,0.0,True,UNKNOWN,Tax Exempt - Government,readiness/data/geometry/16203770230000.geojson,cadastre_government_owned_parcels,https://services1.arcgis.com/99lidPhWCzftIe9K/arcgis/rest/services/cadastre_government_owned_parcels/FeatureServer/0/query,2026-09-25
16204280050000,CITY OF SOUTH SALT LAKE,CITY,False,False,0.0,True,UNKNOWN,Tax Exempt - Government,readiness/data/geometry/16204280050000.geojson,cadastre_government_owned_parcels,https://services1.arcgis.com/99lidPhWCzftIe9K/arcgis/rest/services/cadastre_government_owned_parcels/FeatureServer/0/query,2026-09-25
16204280060000,CITY OF SOUTH SALT LAKE,CITY,False,False,0.1,False,UNKNOWN,Tax Exempt - Government,readiness/data/geometry/16204280060000.geojson,cadastre_government_owned_parcels,https://services1.arcgis.com/99lidPhWCzftIe9K/arcgis/rest/services/cadastre_government_owned_parcels/FeatureServer/0/query,2026-09-25
16204350120000,SALT LAKE COUNTY - REAL ESTATE DEPT # S3200,COUNTY,False,False,0.0,True,R-1-5000,Tax Exempt - Government,readiness/data/geometry/16204350120000.geojson,cadastre_government_owned_parcels,https://services1.arcgis.com/99lidPhWCzftIe9K/arcgis/rest/services/cadastre_government_owned_parcels/FeatureServer/0/query,2026-09-25
16204560230000,SALT LAKE COUNTY,COUNTY,False,False,0.0,True,UNKNOWN,Tax Exempt - Government,readiness/data/geometry/16204560230000.geojson,cadastre_government_owned_parcels,https://services1.arcgis.com/99lidPhWCzftIe9K/arcgis/rest/services/cadastre_government_owned_parcels/FeatureServer/0/query,2026-09-25
16204760170000,SALT LAKE CITY - PROPERTY MANAGEMENT,CITY,False,False,0.2,False,OS,Tax Exempt - Government,readiness/data/geometry/16204760170000.geojson,cadastre_government_owned_parcels,https://services1.arcgis.com/99lidPhWCzftIe9K/arcgis/rest/services/cadastre_government_owned_parcels/FeatureServer/0/query,2026-09-25
16204760300000,SALT LAKE CITY CORP - PROPERTY MANAGEMENT,CITY,False,False,0.2,False,OS,Tax Exempt - Government,readiness/data/geometry/16204760300000.geojson,cadastre_government_owned_parcels,https://services1.arcgis.com/99lidPhWCzftIe9K/arcgis/rest/services/cadastre_government_owned_parcels/FeatureServer/0/query,2026-09-25
16204760490000,SALT LAKE CITY - PROPERTY MANAGEMENT,CITY,False,False,0.1,False,OS,Tax Exempt - Government,readiness/data/geometry/16204760490000.geojson,cadastre_government_owned_parcels,https://services1.arcgis.com/99lidPhWCzftIe9K/arcgis/rest/services/cadastre_government_owned_parcels/FeatureServer/0/query,2026-09-25
16204780150000,SALT LAKE CITY CORP. - PROPERTY MANAGEMENT,CITY,False,False,0.2,False,R-1-5000,Tax Exempt - Government,readiness/data/geometry/16204780150000.geojson,cadastre_government_owned_parcels,https://services1.arcgis.com/99lidPhWCzftIe9K/arcgis/rest/services/cadastre_government_owned_parcels/FeatureServer/0/query,2026-09-25
16211280020000,SALT LAKE CITY BOARD OF EDUCAT,CITY,False,False,29.2,False,PL,Tax Exempt - Government,readiness/data/geometry/16211280020000.geojson,cadastre_government_owned_parcels,https://services1.arcgis.com/99lidPhWCzftIe9K/arcgis/rest/services/cadastre_government_owned_parcels/FeatureServer/0/query,2026-09-25
16211280030000,SALT LAKE CITY BOARD OF EDUCAT,CITY,False,False,0.6,False,OS,Tax Exempt - Government,readiness/data/geometry/16211280030000.geojson,cadastre_government_owned_parcels,https://services1.arcgis.com/99lidPhWCzftIe9K/arcgis/rest/services/cadastre_government_owned_parcels/FeatureServer/0/query,2026-09-25
16211510040000,CITY OF SOUTH SALT LAKE,CITY,False,False,2.0,False,OS,Tax Exempt - Government,readiness/data/geometry/16211510040000.geojson,cadastre_government_owned_parcels,https://services1.arcgis.com/99lidPhWCzftIe9K/arcgis/rest/services/cadastre_government_owned_parcels/FeatureServer/0/query,2026-09-25
16211510050000,CITY OF SOUTH SALT LAKE,CITY,False,False,5.8,False,OS,Tax Exempt - Government,readiness/data/geometry/16211510050000.geojson,cadastre_government_owned_parcels,https://services1.arcgis.com/99lidPhWCzftIe9K/arcgis/rest/services/cadastre_government_owned_parcels/FeatureServer/0/query,2026-09-25
16212780210000,BOARD OF EDUCATION OF SLC,SCHOOL_DISTRICT,False,False,0.2,False,PL,Tax Exempt - Government,readiness/data/geometry/16212780210000.geojson,cadastre_government_owned_parcels,https://services1.arcgis.com/99lidPhWCzftIe9K/arcgis/rest/services/cadastre_government_owned_parcels/FeatureServer/0/query,2026-09-25
16213010340000,SALT LAKE COUNTY - REAL ESTATE DEPT # S3200,COUNTY,False,False,0.0,True,OS,Tax Exempt - Government,readiness/data/geometry/16213010340000.geojson,cadastre_government_owned_parcels,https://services1.arcgis.com/99lidPhWCzftIe9K/arcgis/rest/services/cadastre_government_owned_parcels/FeatureServer/0/query,2026-09-25
16213060370000,SALT LAKE CITY CORPORATION - PROPERTY MANAGEMENT,CITY,False,False,0.0,True,UNKNOWN,Tax Exempt - Government,readiness/data/geometry/16213060370000.geojson,cadastre_government_owned_parcels,https://services1.arcgis.com/99lidPhWCzftIe9K/arcgis/rest/services/cadastre_government_owned_parcels/FeatureServer/0/query,2026-09-25
16213280360000,SALT LAKE CITY - PROPERTY MANAGEMENT,CITY,False,False,0.0,True,CN,Commercial,readiness/data/geometry/16213280360000.geojson,cadastre_government_owned_parcels,https://services1.arcgis.com/99lidPhWCzftIe9K/arcgis/rest/services/cadastre_government_owned_parcels/FeatureServer/0/query,2026-09-25
16214260170000,SALT LAKE CITY - PROPERTY MANAGEMENT,CITY,False,False,1.0,False,OS,Tax Exempt - Government,readiness/data/geometry/16214260170000.geojson,cadastre_government_owned_parcels,https://services1.arcgis.com/99lidPhWCzftIe9K/arcgis/rest/services/cadastre_government_owned_parcels/FeatureServer/0/query,2026-09-25
16214260240000,SALT LAKE COUNTY - SALT LAKE COUNTY REAL ESTATE,COUNTY,False,False,0.0,True,R-1-7000,Tax Exempt - Government,readiness/data/geometry/16214260240000.geojson,cadastre_government_owned_parcels,https://services1.arcgis.com/99lidPhWCzftIe9K/arcgis/rest/services/cadastre_government_owned_parcels/FeatureServer/0/query,2026-09-25
16214300030000,SALT LAKE CITY CORPORATION - REAL ESTATE SERVICES,CITY,False,False,0.4,False,OS,Tax Exempt - Government,readiness/data/geometry/16214300030000.geojson,cadastre_government_owned_parcels,https://services1.arcgis.com/99lidPhWCzftIe9K/arcgis/rest/services/cadastre_government_owned_parcels/FeatureServer/0/query,2026-09-25
16214580020000,BOARD OF EDUCATION OF SLC,SCHOOL_DISTRICT,False,False,0.3,False,PL,Tax Exempt - Government,readiness/data/geometry/16214580020000.geojson,cadastre_government_owned_parcels,https://services1.arcgis.com/99lidPhWCzftIe9K/arcgis/rest/services/cadastre_government_owned_parcels/FeatureServer/0/query,2026-09-25
16214580160000,BOARD OF EDUCATION OF SALT LAK,SCHOOL_DISTRICT,False,False,0.2,False,PL,Tax Exempt - Government,readiness/data/geometry/16214580160000.geojson,cadastre_government_owned_parcels,https://services1.arcgis.com/99lidPhWCzftIe9K/arcgis/rest/services/cadastre_government_owned_parcels/FeatureServer/0/query,2026-09-25
16214580170000,BOARD OF EDUCATION OF SALT LAK,SCHOOL_DISTRICT,False,False,0.1,False,PL,Tax Exempt - Government,readiness/data/geometry/16214580170000.geojson,cadastre_government_owned_parcels,https://services1.arcgis.com/99lidPhWCzftIe9K/arcgis/rest/services/cadastre_government_owned_parcels/FeatureServer/0/query,2026-09-25
16214580180000,BOARD OF EDUCATION OF SALT LAK,SCHOOL_DISTRICT,False,False,0.1,False,PL,Tax Exempt - Government,readiness/data/geometry/16214580180000.geojson,cadastre_government_owned_parcels,https://services1.arcgis.com/99lidPhWCzftIe9K/arcgis/rest/services/cadastre_government_owned_parcels/FeatureServer/0/query,2026-09-25
16214580240000,BOARD OF EDUCATION OF SALT LAK,SCHOOL_DISTRICT,False,False,0.7,False,PL,Tax Exempt - Government,readiness/data/geometry/16214580240000.geojson,cadastre_government_owned_parcels,https://services1.arcgis.com/99lidPhWCzftIe9K/arcgis/rest/services/cadastre_government_owned_parcels/FeatureServer/0/query,2026-09-25
16214580250000,BOARD OF EDUCATION OF SALT LAK,SCHOOL_DISTRICT,False,False,0.7,False,PL,Tax Exempt - Government,readiness/data/geometry/16214580250000.geojson,cadastre_government_owned_parcels,https://services1.arcgis.com/99lidPhWCzftIe9K/arcgis/rest/services/cadastre_government_owned_parcels/FeatureServer/0/query,2026-09-25
16214580260000,BOARD OF EDUCATION OF SALT LAK,SCHOOL_DISTRICT,False,False,0.7,False,PL,Tax Exempt - Government,readiness/data/geometry/16214580260000.geojson,cadastre_government_owned_parcels,https://services1.arcgis.com/99lidPhWCzftIe9K/arcgis/rest/services/cadastre_government_owned_parcels/FeatureServer/0/query,2026-09-25
16214580270000,BOARD OF EDUCATION OF SALT LAK,SCHOOL_DISTRICT,False,False,0.2,False,PL,Tax Exempt - Government,readiness/data/geometry/16214580270000.geojson,cadastre_government_owned_parcels,https://services1.arcgis.com/99lidPhWCzftIe9K/arcgis/rest/services/cadastre_government_owned_parcels/FeatureServer/0/query,2026-09-25
16214780190000,SALT LAKE CITY - PROPERTY MANAGEMENT,CITY,False,False,0.2,False,R-1-7000,Tax Exempt - Government,readiness/data/geometry/16214780190000.geojson,cadastre_government_owned_parcels,https://services1.arcgis.com/99lidPhWCzftIe9K/arcgis/rest/services/cadastre_government_owned_parcels/FeatureServer/0/query,2026-09-25
16214790020000,SALT LAKE CITY CORP - PROPERTY MANAGEMENT,CITY,False,False,2.2,False,OS,Tax Exempt - Government,readiness/data/geometry/16214790020000.geojson,cadastre_government_owned_parcels,https://services1.arcgis.com/99lidPhWCzftIe9K/arcgis/rest/services/cadastre_government_owned_parcels/FeatureServer/0/query,2026-09-25
16214800270000,SALT LAKE COUNTY - REAL ESTATE DEPT # S3200,COUNTY,False,False,0.0,True,R-1-12000,Tax Exempt - Government,readiness/data/geometry/16214800270000.geojson,cadastre_government_owned_parcels,https://services1.arcgis.com/99lidPhWCzftIe9K/arcgis/rest/services/cadastre_government_owned_parcels/FeatureServer/0/query,2026-09-25
16221270010000,STATE ROAD COMMISSION - UDOT RIGHT OF WAY,STATE,True,False,0.2,False,OS,Tax Exempt - Government,readiness/data/geometry/16221270010000.geojson,cadastre_government_owned_parcels,https://services1.arcgis.com/99lidPhWCzftIe9K/arcgis/rest/services/cadastre_government_owned_parcels/FeatureServer/0/query,2026-09-25
16221510130000,BOARD OF EDUCATION OF SALT LAK,SCHOOL_DISTRICT,False,False,0.1,False,R-1-12000,Tax Exempt - Government,readiness/data/geometry/16221510130000.geojson,cadastre_government_owned_parcels,https://services1.arcgis.com/99lidPhWCzftIe9K/arcgis/rest/services/cadastre_government_owned_parcels/FeatureServer/0/query,2026-09-25
16221510290000,SLC BOARD OF EDUCATION,SCHOOL_DISTRICT,False,False,7.2,False,PL,Tax Exempt - Government,readiness/data/geometry/16221510290000.geojson,cadastre_government_owned_parcels,https://services1.arcgis.com/99lidPhWCzftIe9K/arcgis/rest/services/cadastre_government_owned_parcels/FeatureServer/0/query,2026-09-25
16221560010000,SALT LAKE CITY - PROPERTY MANAGEMENT,CITY,False,False,0.6,False,OS,Tax Exempt - Government,readiness/data/geometry/16221560010000.geojson,cadastre_government_owned_parcels,https://services1.arcgis.com/99lidPhWCzftIe9K/arcgis/rest/services/cadastre_government_owned_parcels/FeatureServer/0/query,2026-09-25
16222050270000,SALT LAKE CITY - PROPERTY MANAGEMENT,CITY,False,False,0.3,False,PL,Tax Exempt - Government,readiness/data/geometry/16222050270000.geojson,cadastre_government_owned_parcels,https://services1.arcgis.com/99lidPhWCzftIe9K/arcgis/rest/services/cadastre_government_owned_parcels/FeatureServer/0/query,2026-09-25
16222290060000,SALT LAKE COUNTY - REAL ESTATE DEPT # S3200,COUNTY,False,False,0.0,True,R-1-5000,Tax Exempt - Government,readiness/data/geometry/16222290060000.geojson,cadastre_government_owned_parcels,https://services1.arcgis.com/99lidPhWCzftIe9K/arcgis/rest/services/cadastre_government_owned_parcels/FeatureServer/0/query,2026-09-25
16223600010000,SALT LAKE CITY CORPORATION - PROPERTY MANAGEMENT,CITY,False,False,0.0,True,UNKNOWN,Tax Exempt - Government,readiness/data/geometry/16223600010000.geojson,cadastre_government_owned_parcels,https://services1.arcgis.com/99lidPhWCzftIe9K/arcgis/rest/services/cadastre_government_owned_parcels/FeatureServer/0/query,2026-09-25
16223780080000,SALT LAKE COUNTY - REAL ESTATE DEPT # S3200,COUNTY,False,False,0.0,True,R-1-7000,Tax Exempt - Government,readiness/data/geometry/16223780080000.geojson,cadastre_government_owned_parcels,https://services1.arcgis.com/99lidPhWCzftIe9K/arcgis/rest/services/cadastre_government_owned_parcels/FeatureServer/0/query,2026-09-25
16224000040000,SALT LAKE COUNTY - REAL ESTATE DEPT # S3200,COUNTY,False,False,3.0,False,OS,Tax Exempt - Government,readiness/data/geometry/16224000040000.geojson,cadastre_government_owned_parcels,https://services1.arcgis.com/99lidPhWCzftIe9K/arcgis/rest/services/cadastre_government_owned_parcels/FeatureServer/0/query,2026-09-25
16224000050000,SALT LAKE COUNTY - REAL ESTATE DEPT # S3200,COUNTY,False,False,1.0,False,OS,Tax Exempt - Government,readiness/data/geometry/16224000050000.geojson,cadastre_government_owned_parcels,https://services1.arcgis.com/99lidPhWCzftIe9K/arcgis/rest/services/cadastre_government_owned_parcels/FeatureServer/0/query,2026-09-25
16224000060000,SALT LAKE COUNTY - REAL ESTATE DEPT # S3200,COUNTY,False,False,5.7,False,OS,Tax Exempt - Government,readiness/data/geometry/16224000060000.geojson,cadastre_government_owned_parcels,https://services1.arcgis.com/99lidPhWCzftIe9K/arcgis/rest/services/cadastre_government_owned_parcels/FeatureServer/0/query,2026-09-25
16224000070000,UTAH DEPARTEMENT OF TRANSPORTA - RIGHT OF WAY,STATE,True,False,0.0,True,UNKNOWN,Tax Exempt - Government,readiness/data/geometry/16224000070000.geojson,cadastre_government_owned_parcels,https://services1.arcgis.com/99lidPhWCzftIe9K/arcgis/rest/services/cadastre_government_owned_parcels/FeatureServer/0/query,2026-09-25
16231010070000,"UTAH DEPARTMENT OF TRANSPORTAT - RIGHT-OF-WAY, FOURTH FLOOR",STATE,True,False,0.0,True,I,Vacant,readiness/data/geometry/16231010070000.geojson,cadastre_government_owned_parcels,https://services1.arcgis.com/99lidPhWCzftIe9K/arcgis/rest/services/cadastre_government_owned_parcels/FeatureServer/0/query,2026-09-25
16231330150000,SALT LAKE CITY CORPORATION (PU,CITY,False,False,0.0,True,UNKNOWN,Undeveloped,readiness/data/geometry/16231330150000.geojson,cadastre_government_owned_parcels,https://services1.arcgis.com/99lidPhWCzftIe9K/arcgis/rest/services/cadastre_government_owned_parcels/FeatureServer/0/query,2026-09-25
16231780150000,SALT LAKE CITY CORPORATION - PROPERTY MANAGEMENT,CITY,False,False,0.0,True,UNKNOWN,Tax Exempt - Government,readiness/data/geometry/16231780150000.geojson,cadastre_government_owned_parcels,https://services1.arcgis.com/99lidPhWCzftIe9K/arcgis/rest/services/cadastre_government_owned_parcels/FeatureServer/0/query,2026-09-25
16231780160000,SALT LAKE CITY CORPORATION - PROPERTY MANAGEMENT,CITY,False,False,0.0,True,UNKNOWN,Tax Exempt - Government,readiness/data/geometry/16231780160000.geojson,cadastre_government_owned_parcels,https://services1.arcgis.com/99lidPhWCzftIe9K/arcgis/rest/services/cadastre_government_owned_parcels/FeatureServer/0/query,2026-09-25
16232010130000,SALT LAKE CITY CORPORATION - REAL ESTATE SERVICES,CITY,False,False,1.0,False,FR-3,Tax Exempt - Government,readiness/data/geometry/16232010130000.geojson,cadastre_government_owned_parcels,https://services1.arcgis.com/99lidPhWCzftIe9K/arcgis/rest/services/cadastre_government_owned_parcels/FeatureServer/0/query,2026-09-25
16232010140000,SALT LAKE CITY CORPORATION - REAL ESTATE SERVICES,CITY,False,False,1.0,False,FR-3,Tax Exempt - Government,readiness/data/geometry/16232010140000.geojson,cadastre_government_owned_parcels,https://services1.arcgis.com/99lidPhWCzftIe9K/arcgis/rest/services/cadastre_government_owned_parcels/FeatureServer/0/query,2026-09-25
16232510010000,SALT LAKE CITY CORPORATION - LEGAL DEPT,CITY,False,False,277.3,False,UNKNOWN,Tax Exempt - Government,readiness/data/geometry/16232510010000.geojson,cadastre_government_owned_parcels,https://services1.arcgis.com/99lidPhWCzftIe9K/arcgis/rest/services/cadastre_government_owned_parcels/FeatureServer/0/query,2026-09-25
16232510200000,SALT LAKE CITY CORPORATION,CITY,False,False,1.8,False,UNKNOWN,Tax Exempt - Government,readiness/data/geometry/16232510200000.geojson,cadastre_government_owned_parcels,https://services1.arcgis.com/99lidPhWCzftIe9K/arcgis/rest/services/cadastre_government_owned_parcels/FeatureServer/0/query,2026-09-25
16232510210000,SALT LAKE CITY CORPORATION,CITY,False,False,1.6,False,UNKNOWN,Tax Exempt - Government,readiness/data/geometry/16232510210000.geojson,cadastre_government_owned_parcels,https://services1.arcgis.com/99lidPhWCzftIe9K/arcgis/rest/services/cadastre_government_owned_parcels/FeatureServer/0/query,2026-09-25
16232510220000,SALT LAKE CITY CORPORATION - LEGAL DEPT,CITY,False,False,2.6,False,UNKNOWN,Tax Exempt - Government,readiness/data/geometry/16232510220000.geojson,cadastre_government_owned_parcels,https://services1.arcgis.com/99lidPhWCzftIe9K/arcgis/rest/services/cadastre_government_owned_parcels/FeatureServer/0/query,2026-09-25
16233270080000,SALT LAKE CITY - PROPERTY MANAGEMENT,CITY,False,False,0.6,False,R-1-7000,Tax Exempt - Government,readiness/data/geometry/16233270080000.geojson,cadastre_government_owned_parcels,https://services1.arcgis.com/99lidPhWCzftIe9K/arcgis/rest/services/cadastre_government_owned_parcels/FeatureServer/0/query,2026-09-25
16233280160000,STATE ROAD COMMISSION OF UTAH - UDOT RIGHT OF WAY,STATE,True,False,0.9,False,UNKNOWN,Tax Exempt - Government,readiness/data/geometry/16233280160000.geojson,cadastre_government_owned_parcels,https://services1.arcgis.com/99lidPhWCzftIe9K/arcgis/rest/services/cadastre_government_owned_parcels/FeatureServer/0/query,2026-09-25
16233280170000,SALT LAKE CITY CORP - PROPERTY MANAGEMENT,CITY,False,False,0.2,False,RO,Tax Exempt - Government,readiness/data/geometry/16233280170000.geojson,cadastre_government_owned_parcels,https://services1.arcgis.com/99lidPhWCzftIe9K/arcgis/rest/services/cadastre_government_owned_parcels/FeatureServer/0/query,2026-09-25
16233280240000,SALT LAKE CITY CORPORATION - PROPERTY MANAGEMENT,CITY,False,False,2.1,False,RO,Tax Exempt - Government,readiness/data/geometry/16233280240000.geojson,cadastre_government_owned_parcels,https://services1.arcgis.com/99lidPhWCzftIe9K/arcgis/rest/services/cadastre_government_owned_parcels/FeatureServer/0/query,2026-09-25
16233310190000,SALT LAKE CITY CORPORATION (PU,CITY,False,False,0.0,True,UNKNOWN,Undeveloped,readiness/data/geometry/16233310190000.geojson,cadastre_government_owned_parcels,https://services1.arcgis.com/99lidPhWCzftIe9K/arcgis/rest/services/cadastre_government_owned_parcels/FeatureServer/0/query,2026-09-25
16234000010000,SALT LAKE COUNTY - REAL ESTATE DEPT # S3200,COUNTY,False,False,73.0,False,UNKNOWN,Tax Exempt - Government,readiness/data/geometry/16234000010000.geojson,cadastre_government_owned_parcels,https://services1.arcgis.com/99lidPhWCzftIe9K/arcgis/rest/services/cadastre_government_owned_parcels/FeatureServer/0/query,2026-09-25
16234510050000,SALT LAKE CITY,CITY,False,False,18.3,False,UNKNOWN,Tax Exempt - Government,readiness/data/geometry/16234510050000.geojson,cadastre_government_owned_parcels,https://services1.arcgis.com/99lidPhWCzftIe9K/arcgis/rest/services/cadastre_government_owned_parcels/FeatureServer/0/query,2026-09-25
16281010090000,SALT LAKE COUNTY - REAL ESTATE DEPT # S3200,COUNTY,False,False,0.1,False,R-1-7000,Tax Exempt - Government,readiness/data/geometry/16281010090000.geojson,cadastre_government_owned_parcels,https://services1.arcgis.com/99lidPhWCzftIe9K/arcgis/rest/services/cadastre_government_owned_parcels/FeatureServer/0/query,2026-09-25
16281020120000,SALT LAKE COUNTY - REAL ESTATE DEPT # S3200,COUNTY,False,False,0.1,False,R-1-7000,Tax Exempt - Government,readiness/data/geometry/16281020120000.geojson,cadastre_government_owned_parcels,https://services1.arcgis.com/99lidPhWCzftIe9K/arcgis/rest/services/cadastre_government_owned_parcels/FeatureServer/0/query,2026-09-25
16281020200000,SALT LAKE CITY CORP. - PROPERTY MANAGEMENT,CITY,False,False,0.2,False,R-1-7000,Tax Exempt - Government,readiness/data/geometry/16281020200000.geojson,cadastre_government_owned_parcels,https://services1.arcgis.com/99lidPhWCzftIe9K/arcgis/rest/services/cadastre_government_owned_parcels/FeatureServer/0/query,2026-09-25
16281020220000,SALT LAKE COUNTY - REAL ESTATE DEPT # S3200,COUNTY,False,False,0.0,True,R-1-7000,Tax Exempt - Government,readiness/data/geometry/16281020220000.geojson,cadastre_government_owned_parcels,https://services1.arcgis.com/99lidPhWCzftIe9K/arcgis/rest/services/cadastre_government_owned_parcels/FeatureServer/0/query,2026-09-25
16281060010000,SALT LAKE CITY CORP. - PROPERTY MANAGEMENT,CITY,False,False,0.3,False,R-1-7000,Tax Exempt - Government,readiness/data/geometry/16281060010000.geojson,cadastre_government_owned_parcels,https://services1.arcgis.com/99lidPhWCzftIe9K/arcgis/rest/services/cadastre_government_owned_parcels/FeatureServer/0/query,2026-09-25
16281060010000,SALT LAKE CITY CORP. - PROPERTY MANAGEMENT,CITY,False,False,0.3,False,R-1-7000,Tax Exempt - Government,readiness/data/geometry/16281060010000.geojson,cadastre_government_owned_parcels,https://services1.arcgis.com/99lidPhWCzftIe9K/arcgis/rest/services/cadastre_government_owned_parcels/FeatureServer/0/query,2026-09-25
16281310010000,SALT LAKE CITY CORPORATION,CITY,False,False,0.9,False,R-1-7000,Tax Exempt - Government,readiness/data/geometry/16281310010000.geojson,cadastre_government_owned_parcels,https://services1.arcgis.com/99lidPhWCzftIe9K/arcgis/rest/services/cadastre_government_owned_parcels/FeatureServer/0/query,2026-09-25
16281540210000,SALT LAKE COUNTY - REAL ESTATE DEPT # S3200,COUNTY,False,False,0.0,True,R-1-7000,Tax Exempt - Government,readiness/data/geometry/16281540210000.geojson,cadastre_government_owned_parcels,https://services1.arcgis.com/99lidPhWCzftIe9K/arcgis/rest/services/cadastre_government_owned_parcels/FeatureServer/0/query,2026-09-25
16282030030000,SALT LAKE COUNTY - REAL ESTATE DEPT # S3200,COUNTY,False,False,0.0,True,R-1-7000,Tax Exempt - Government,readiness/data/geometry/16282030030000.geojson,cadastre_government_owned_parcels,https://services1.arcgis.com/99lidPhWCzftIe9K/arcgis/rest/services/cadastre_government_owned_parcels/FeatureServer/0/query,2026-09-25
16282030040000,SALT LAKE COUNTY - REAL ESTATE DEPT # S3200,COUNTY,False,False,0.0,True,R-1-7000,Tax Exempt - Government,readiness/data/geometry/16282030040000.geojson,cadastre_government_owned_parcels,https://services1.arcgis.com/99lidPhWCzftIe9K/arcgis/rest/services/cadastre_government_owned_parcels/FeatureServer/0/query,2026-09-25
16282050010000,BOARD OF EDUCATION OF SALT LAK,SCHOOL_DISTRICT,False,False,0.0,True,UNKNOWN,Tax Exempt - Government,readiness/data/geometry/16282050010000.geojson,cadastre_government_owned_parcels,https://services1.arcgis.com/99lidPhWCzftIe9K/arcgis/rest/services/cadastre_government_owned_parcels/FeatureServer/0/query,2026-09-25
16282050110000,BOARD OF EDUCATION OF SLC,SCHOOL_DISTRICT,False,False,3.0,False,PL,Tax Exempt - Government,readiness/data/geometry/16282050110000.geojson,cadastre_government_owned_parcels,https://services1.arcgis.com/99lidPhWCzftIe9K/arcgis/rest/services/cadastre_government_owned_parcels/FeatureServer/0/query,2026-09-25
16282050250000,BOARD OF EDUCATION OF SALT LAK,SCHOOL_DISTRICT,False,False,0.3,False,R-1-7000,Tax Exempt,readiness/data/geometry/16282050250000.geojson,cadastre_government_owned_parcels,https://services1.arcgis.com/99lidPhWCzftIe9K/arcgis/rest/services/cadastre_government_owned_parcels/FeatureServer/0/query,2026-09-25
16282760130000,SALT LAKE COUNTY - REAL ESTATE DEPT # S3200,COUNTY,False,False,0.0,True,R-1-7000,Tax Exempt - Government,readiness/data/geometry/16282760130000.geojson,cadastre_government_owned_parcels,https://services1.arcgis.com/99lidPhWCzftIe9K/arcgis/rest/services/cadastre_government_owned_parcels/FeatureServer/0/query,2026-09-25
16291260080000,BOARD OF EDUCATION OF SALT LAK,SCHOOL_DISTRICT,False,False,5.8,False,PL,Tax Exempt - Government,readiness/data/geometry/16291260080000.geojson,cadastre_government_owned_parcels,https://services1.arcgis.com/99lidPhWCzftIe9K/arcgis/rest/services/cadastre_government_owned_parcels/FeatureServer/0/query,2026-09-25
16291260150000,BOARD OF EDUCATION OF SALT LAK,SCHOOL_DISTRICT,False,False,10.0,False,PL,Tax Exempt - Government,readiness/data/geometry/16291260150000.geojson,cadastre_government_owned_parcels,https://services1.arcgis.com/99lidPhWCzftIe9K/arcgis/rest/services/cadastre_government_owned_parcels/FeatureServer/0/query,2026-09-25
16291260280000,BOARD OF EDUCATION OF SALT LAK,SCHOOL_DISTRICT,False,False,0.4,False,R-1-7000,Tax Exempt - Government,readiness/data/geometry/16291260280000.geojson,cadastre_government_owned_parcels,https://services1.arcgis.com/99lidPhWCzftIe9K/arcgis/rest/services/cadastre_government_owned_parcels/FeatureServer/0/query,2026-09-25
16291260330000,BOARD OF EDUCATION OF SALT LAK,SCHOOL_DISTRICT,False,False,10.0,False,R-1-7000,Tax Exempt - Government,readiness/data/geometry/16291260330000.geojson,cadastre_government_owned_parcels,https://services1.arcgis.com/99lidPhWCzftIe9K/arcgis/rest/services/cadastre_government_owned_parcels/FeatureServer/0/query,2026-09-25
16291260340000,BOARD OF EDUCATION OF SALT LAK,SCHOOL_DISTRICT,False,False,10.0,False,PL,Tax Exempt - Government,readiness/data/geometry/16291260340000.geojson,cadastre_government_owned_parcels,https://services1.arcgis.com/99lidPhWCzftIe9K/arcgis/rest/services/cadastre_government_owned_parcels/FeatureServer/0/query,2026-09-25
16291800030000,SALT LAKE COUNTY - REAL ESTATE DEPT # S3200,COUNTY,False,False,0.0,True,R-1-7000,Residential,readiness/data/geometry/16291800030000.geojson,cadastre_government_owned_parcels,https://services1.arcgis.com/99lidPhWCzftIe9K/arcgis/rest/services/cadastre_government_owned_parcels/FeatureServer/0/query,2026-09-25
16292010010000,SALT LAKE COUNTY - REAL ESTATE DEPT # S3200,COUNTY,False,False,0.0,True,R-1-7000,Tax Exempt - Government,readiness/data/geometry/16292010010000.geojson,cadastre_government_owned_parcels,https://services1.arcgis.com/99lidPhWCzftIe9K/arcgis/rest/services/cadastre_government_owned_parcels/FeatureServer/0/query,2026-09-25
16292010030000,SALT LAKE COUNTY - REAL ESTATE DEPT # S3200,COUNTY,False,False,0.0,True,UNKNOWN,Tax Exempt - Government,readiness/data/geometry/16292010030000.geojson,cadastre_government_owned_parcels,https://services1.arcgis.com/99lidPhWCzftIe9K/arcgis/rest/services/cadastre_government_owned_parcels/FeatureServer/0/query,2026-09-25
16292050260000,SALT LAKE CITY CORP - PROPERTY MANAGEMENT,CITY,False,False,0.0,True,UNKNOWN,Tax Exempt - Government,readiness/data/geometry/16292050260000.geojson,cadastre_government_owned_parcels,https://services1.arcgis.com/99lidPhWCzftIe9K/arcgis/rest/services/cadastre_government_owned_parcels/FeatureServer/0/query,2026-09-25
16292310010000,STATE ROAD COMMISSION - UDOT RIGHT OF WAY,STATE,True,False,0.0,True,UNKNOWN,Tax Exempt - Government,readiness/data/geometry/16292310010000.geojson,cadastre_government_owned_parcels,https://services1.arcgis.com/99lidPhWCzftIe9K/arcgis/rest/services/cadastre_government_owned_parcels/FeatureServer/0/query,2026-09-25
16292330100000,SALT LAKE COUNTY - REAL ESTATE DEPT # S3200,COUNTY,False,False,0.1,False,R-1-7000,Tax Exempt - Government,readiness/data/geometry/16292330100000.geojson,cadastre_government_owned_parcels,https://services1.arcgis.com/99lidPhWCzftIe9K/arcgis/rest/services/cadastre_government_owned_parcels/FeatureServer/0/query,2026-09-25
16292340090000,SALT LAKE COUNTY - REAL ESTATE DEPT # S3200,COUNTY,False,False,0.1,False,R-1-7000,Tax Exempt - Government,readiness/data/geometry/16292340090000.geojson,cadastre_government_owned_parcels,https://services1.arcgis.com/99lidPhWCzftIe9K/arcgis/rest/services/cadastre_government_owned_parcels/FeatureServer/0/query,2026-09-25
16292760080000,SALT LAKE COUNTY - REAL ESTATE DEPT # S3200,COUNTY,False,False,0.0,True,R-1-7000,Tax Exempt - Government,readiness/data/geometry/16292760080000.geojson,cadastre_government_owned_parcels,https://services1.arcgis.com/99lidPhWCzftIe9K/arcgis/rest/services/cadastre_government_owned_parcels/FeatureServer/0/query,2026-09-25
16294270470000,SALT LAKE COUNTY - REAL ESTATE DEPT # S3200,COUNTY,False,False,10.0,False,CB,Tax Exempt - Government,readiness/data/geometry/16294270470000.geojson,cadastre_government_owned_parcels,https://services1.arcgis.com/99lidPhWCzftIe9K/arcgis/rest/services/cadastre_government_owned_parcels/FeatureServer/0/query,2026-09-25
16302260124001,SALT LAKE CITY CORP - PROPERTY MANAGEMENT,CITY,False,False,48.5,False,UNKNOWN,Commercial,readiness/data/geometry/16302260124001.geojson,cadastre_government_owned_parcels,https://services1.arcgis.com/99lidPhWCzftIe9K/arcgis/rest/services/cadastre_government_owned_parcels/FeatureServer/0/query,2026-09-25
