{
  "type": "Feature",
  "properties": {
    "parcel_id": "412240500",
    "owner_name_raw": "BOARD OF EDUCATION ALPINE SCHOOL DISTRICT (ET AL)",
    "owner_class": "SCHOOL_DISTRICT",
    "epsg": "EPSG:4326"
  },
  "geometry": {
    "type": "Polygon",
    "coordinates": [
      [
        [
          -111.798182112705,
          40.4049217983071
        ],
        [
          -111.798182031857,
          40.4049217989912
        ],
        [
          -111.798147633568,
          40.4049141458227
        ],
        [
          -111.797975303459,
          40.4048757903566
        ],
        [
          -111.797975264831,
          40.4048757855682
        ],
        [
          -111.797976121824,
          40.4048745747962
        ],
        [
          -111.797976541337,
          40.4048739441003
        ],
        [
          -111.797976938393,
          40.4048733585518
        ],
        [
          -111.797977377669,
          40.4048727258038
        ],
        [
          -111.797977778317,
          40.4048721402553
        ],
        [
          -111.797978216695,
          40.4048715163998
        ],
        [
          -111.797978616446,
          40.4048709308513
        ],
        [
          -111.797979047637,
          40.4048702987873
        ],
        [
          -111.797979455472,
          40.4048697139228
        ],
        [
          -111.797979886663,
          40.4048690825428
        ],
        [
          -111.797980284617,
          40.4048684963102
        ],
        [
          -111.797980712215,
          40.4048678649302
        ],
        [
          -111.797981122745,
          40.4048672800657
        ],
        [
          -111.797981543157,
          40.4048666493697
        ],
        [
          -111.797981949195,
          40.4048660624531
        ],
        [
          -111.797982380387,
          40.404865431073
        ],
        [
          -111.797982779239,
          40.4048648462085
        ],
        [
          -111.797983200548,
          40.4048642141444
        ],
        [
          -111.797983598502,
          40.4048636292799
        ],
        [
          -111.7979840261,
          40.4048629972158
        ],
        [
          -111.79798442585,
          40.4048624041426
        ],
        [
          -111.797984855245,
          40.4048617802871
        ],
        [
          -111.797985244216,
          40.404861187898
        ],
        [
          -111.797985675407,
          40.4048605558338
        ],
        [
          -111.797986075157,
          40.4048599709693
        ],
        [
          -111.797986491976,
          40.4048593395892
        ],
        [
          -111.797986894421,
          40.4048587458319
        ],
        [
          -111.797987313036,
          40.4048581144518
        ],
        [
          -111.797987711888,
          40.4048575220626
        ],
        [
          -111.797988132299,
          40.4048568893145
        ],
        [
          -111.797988519473,
          40.4048563037658
        ],
        [
          -111.797988950665,
          40.4048556730697
        ],
        [
          -111.797989339635,
          40.4048550799965
        ],
        [
          -111.797989757352,
          40.4048544486163
        ],
        [
          -111.797990148119,
          40.4048538562271
        ],
        [
          -111.797990566734,
          40.404853225531
        ],
        [
          -111.797990969179,
          40.4048526317738
        ],
        [
          -111.797991377014,
          40.4048520003936
        ],
        [
          -111.797991775866,
          40.4048514052682
        ],
        [
          -111.7979921846,
          40.4048507759401
        ],
        [
          -111.797992575367,
          40.4048501828669
        ],
        [
          -111.797992992185,
          40.404849543278
        ],
        [
          -111.79799338385,
          40.4048489495207
        ],
        [
          -111.797993801567,
          40.4048483201927
        ],
        [
          -111.797994193233,
          40.4048477278034
        ],
        [
          -111.797994602864,
          40.4048470950551
        ],
        [
          -111.797994991835,
          40.4048464944572
        ],
        [
          -111.797995400568,
          40.4048458623929
        ],
        [
          -111.797995791335,
          40.4048452700037
        ],
        [
          -111.797996200069,
          40.4048446290467
        ],
        [
          -111.797996589039,
          40.4048440373415
        ],
        [
          -111.797996998671,
          40.4048434073293
        ],
        [
          -111.797997391235,
          40.4048428128879
        ],
        [
          -111.797997798172,
          40.4048421746671
        ],
        [
          -111.797998178159,
          40.4048415809097
        ],
        [
          -111.797998585096,
          40.404840943373
        ],
        [
          -111.79799897766,
          40.4048403489315
        ],
        [
          -111.797999387291,
          40.4048397107107
        ],
        [
          -111.797999768177,
          40.4048391169533
        ],
        [
          -111.798000177809,
          40.4048384780484
        ],
        [
          -111.798000555101,
          40.4048378856591
        ],
        [
          -111.798000964733,
          40.4048372460702
        ],
        [
          -111.798001345619,
          40.4048366536809
        ],
        [
          -111.798001753454,
          40.4048360140919
        ],
        [
          -111.798002133441,
          40.4048354121258
        ],
        [
          -111.798002534988,
          40.4048347766412
        ],
        [
          -111.798002913179,
          40.4048341828837
        ],
        [
          -111.798003322811,
          40.4048335439788
        ],
        [
          -111.798003703696,
          40.4048329495373
        ],
        [
          -111.798004102548,
          40.4048323126845
        ],
        [
          -111.798004482536,
          40.4048317114024
        ],
        [
          -111.798004882286,
          40.4048310711294
        ],
        [
          -111.798005261375,
          40.4048304712154
        ],
        [
          -111.798005660227,
          40.4048298329945
        ],
        [
          -111.798006040214,
          40.404829239237
        ],
        [
          -111.798006441761,
          40.4048286023842
        ],
        [
          -111.798006810969,
          40.4048280011021
        ],
        [
          -111.798007210719,
          40.404827360829
        ],
        [
          -111.798007589808,
          40.404826760915
        ],
        [
          -111.798007990457,
          40.4048261226941
        ],
        [
          -111.798008358766,
          40.4048255207279
        ],
        [
          -111.798008759415,
          40.404824883191
        ],
        [
          -111.798009127724,
          40.4048242819089
        ],
        [
          -111.798009528373,
          40.404823644372
        ],
        [
          -111.798009898479,
          40.4048230417217
        ],
        [
          -111.798010297331,
          40.4048224048689
        ],
        [
          -111.79801067103,
          40.4048218035867
        ],
        [
          -111.798011058204,
          40.4048211578411
        ],
        [
          -111.798011429208,
          40.404820556559
        ],
        [
          -111.798011827162,
          40.4048199197061
        ],
        [
          -111.798012197267,
          40.4048193177399
        ],
        [
          -111.798012588035,
          40.4048186788348
        ],
        [
          -111.798012956344,
          40.4048180761845
        ],
        [
          -111.798013346213,
          40.4048174304389
        ],
        [
          -111.798013719912,
          40.404816832577
        ],
        [
          -111.798014107984,
          40.4048161929879
        ],
        [
          -111.798014477192,
          40.4048155841811
        ],
        [
          -111.798014865264,
          40.404814945276
        ],
        [
          -111.798015236268,
          40.4048143433097
        ],
        [
          -111.798015626137,
          40.4048137003003
        ],
        [
          -111.798015988158,
          40.4048130990181
        ],
        [
          -111.79801637623,
          40.4048124525884
        ],
        [
          -111.798016736455,
          40.4048118519902
        ],
        [
          -111.798017123628,
          40.4048112062446
        ],
        [
          -111.798017495531,
          40.4048106042783
        ],
        [
          -111.798017875518,
          40.4048099585326
        ],
        [
          -111.798018249218,
          40.4048093586184
        ],
        [
          -111.79801862651,
          40.4048087128727
        ],
        [
          -111.798018985836,
          40.4048081115904
        ],
        [
          -111.798019376603,
          40.4048074651607
        ],
        [
          -111.798019735929,
          40.4048068645625
        ],
        [
          -111.798020117713,
          40.4048062188168
        ],
        [
          -111.798020477938,
          40.4048056100099
        ],
        [
          -111.79802086601,
          40.4048049642642
        ],
        [
          -111.798021227133,
          40.4048043622978
        ],
        [
          -111.79802160712,
          40.4048037165521
        ],
        [
          -111.798021966446,
          40.4048031077452
        ],
        [
          -111.798022346434,
          40.4048024708921
        ],
        [
          -111.798022708455,
          40.4048018614012
        ],
        [
          -111.798023088442,
          40.4048012183916
        ],
        [
          -111.798023437887,
          40.4048006075326
        ],
        [
          -111.798023817874,
          40.4047999611028
        ],
        [
          -111.798024176302,
          40.4047993618726
        ],
        [
          -111.798024556289,
          40.4047987079182
        ],
        [
          -111.798024906632,
          40.4047981066358
        ],
        [
          -111.798025288416,
          40.4047974615741
        ],
        [
          -111.798025638759,
          40.404796852083
        ],
        [
          -111.798026018746,
          40.4047962077053
        ],
        [
          -111.798026369089,
          40.4047955975303
        ],
        [
          -111.79802674728,
          40.4047949517844
        ],
        [
          -111.798027098521,
          40.4047943436615
        ],
        [
          -111.798027467729,
          40.4047936979157
        ],
        [
          -111.798027828852,
          40.4047930891087
        ],
        [
          -111.798028198958,
          40.4047924372064
        ],
        [
          -111.798028549301,
          40.4047918352399
        ],
        [
          -111.798028919406,
          40.4047911826536
        ],
        [
          -111.798029269749,
          40.4047905738465
        ],
        [
          -111.798029640754,
          40.4047899281007
        ],
        [
          -111.798029990198,
          40.4047893199778
        ],
        [
          -111.798030361202,
          40.4047886742318
        ],
        [
          -111.798030711545,
          40.4047880585843
        ],
        [
          -111.798031078956,
          40.4047874128384
        ],
        [
          -111.798031431096,
          40.4047868040314
        ],
        [
          -111.7980318021,
          40.4047861507609
        ],
        [
          -111.798032139867,
          40.4047855433219
        ],
        [
          -111.798032512668,
          40.4047848962079
        ],
        [
          -111.798032863011,
          40.404784288769
        ],
        [
          -111.798033221438,
          40.4047836348144
        ],
        [
          -111.79803357268,
          40.4047830253233
        ],
        [
          -111.798033943684,
          40.4047823720528
        ],
        [
          -111.798034285044,
          40.4047817639298
        ],
        [
          -111.798034645268,
          40.4047811113432
        ],
        [
          -111.798034993814,
          40.4047805025361
        ],
        [
          -111.798035354039,
          40.4047798485816
        ],
        [
          -111.798035695399,
          40.4047792411425
        ],
        [
          -111.798036064606,
          40.404778587872
        ],
        [
          -111.798036405966,
          40.404777980433
        ],
        [
          -111.798036765292,
          40.4047773244262
        ],
        [
          -111.798037106652,
          40.4047767176713
        ],
        [
          -111.798037467775,
          40.4047760650847
        ],
        [
          -111.798037808236,
          40.4047754562776
        ],
        [
          -111.798038168461,
          40.4047748043751
        ],
        [
          -111.798038508922,
          40.4047741866752
        ],
        [
          -111.798038868248,
          40.4047735334046
        ],
        [
          -111.798039207811,
          40.4047729259656
        ],
        [
          -111.798039559951,
          40.4047722713268
        ],
        [
          -111.798039900412,
          40.4047716549951
        ],
        [
          -111.798040259739,
          40.4047710092491
        ],
        [
          -111.798040588522,
          40.4047703936013
        ],
        [
          -111.798040951441,
          40.4047697410148
        ],
        [
          -111.798041293699,
          40.4047691267351
        ],
        [
          -111.798041643144,
          40.4047684714123
        ],
        [
          -111.798041980911,
          40.4047678632891
        ],
        [
          -111.798042333949,
          40.4047672107025
        ],
        [
          -111.798042665427,
          40.4047665936867
        ],
        [
          -111.798043023855,
          40.4047659411001
        ],
        [
          -111.798043353536,
          40.4047653261363
        ],
        [
          -111.798043705676,
          40.4047646714976
        ],
        [
          -111.798044035358,
          40.4047640572179
        ],
        [
          -111.79804439648,
          40.4047634032631
        ],
        [
          -111.798044727061,
          40.4047627869313
        ],
        [
          -111.798045077403,
          40.4047621336605
        ],
        [
          -111.79804540978,
          40.4047615173287
        ],
        [
          -111.798045759225,
          40.404760864058
        ],
        [
          -111.798046088008,
          40.4047602484102
        ],
        [
          -111.798046430266,
          40.4047595965075
        ],
        [
          -111.798046759948,
          40.4047589726511
        ],
        [
          -111.798047110291,
          40.4047583173282
        ],
        [
          -111.798047442668,
          40.4047577030484
        ],
        [
          -111.798047782231,
          40.4047570504617
        ],
        [
          -111.798048113709,
          40.4047564327617
        ],
        [
          -111.798048463154,
          40.4047557733345
        ],
        [
          -111.798048783852,
          40.4047551570026
        ],
        [
          -111.798049133297,
          40.4047545037318
        ],
        [
          -111.798049454894,
          40.4047538880839
        ],
        [
          -111.798049805237,
          40.4047532293407
        ],
        [
          -111.798050129529,
          40.4047526109566
        ],
        [
          -111.798050468194,
          40.4047519576857
        ],
        [
          -111.798050787095,
          40.4047513351973
        ],
        [
          -111.798051137438,
          40.4047506819265
        ],
        [
          -111.798051460832,
          40.4047500655946
        ],
        [
          -111.7980517977,
          40.4047494054832
        ],
        [
          -111.798052121094,
          40.4047487891512
        ],
        [
          -111.798052461555,
          40.4047481290398
        ],
        [
          -111.798052783152,
          40.4047475120238
        ],
        [
          -111.798053124512,
          40.4047468519124
        ],
        [
          -111.798053444312,
          40.4047462362645
        ],
        [
          -111.798053785672,
          40.4047455761531
        ],
        [
          -111.798054107269,
          40.4047449598211
        ],
        [
          -111.798054436052,
          40.4047442990256
        ],
        [
          -111.798054756751,
          40.4047436833776
        ],
        [
          -111.798055099009,
          40.404743021214
        ],
        [
          -111.798055410724,
          40.4047424076182
        ],
        [
          -111.798055752084,
          40.4047417454546
        ],
        [
          -111.798056072783,
          40.4047411209139
        ],
        [
          -111.798056402464,
          40.4047404703792
        ],
        [
          -111.798056712383,
          40.4047398451544
        ],
        [
          -111.798057054641,
          40.4047391843589
        ],
        [
          -111.798057363662,
          40.4047385687109
        ],
        [
          -111.798057696038,
          40.4047379085995
        ],
        [
          -111.798058017635,
          40.4047372847428
        ],
        [
          -111.798058346419,
          40.4047366239472
        ],
        [
          -111.798058659931,
          40.4047360103513
        ],
        [
          -111.798058987816,
          40.4047353468196
        ],
        [
          -111.798059300429,
          40.4047347236469
        ],
        [
          -111.798059631908,
          40.4047340642195
        ],
        [
          -111.798059940928,
          40.4047334410468
        ],
        [
          -111.798060273305,
          40.4047327802513
        ],
        [
          -111.798060582325,
          40.4047321570786
        ],
        [
          -111.7980609156,
          40.404731496283
        ],
        [
          -111.798061226417,
          40.4047308806349
        ],
        [
          -111.798061548913,
          40.4047302198393
        ],
        [
          -111.798061857035,
          40.4047295952985
        ],
        [
          -111.798062191208,
          40.4047289345029
        ],
        [
          -111.798062490347,
          40.4047283126983
        ],
        [
          -111.798062821825,
          40.4047276525867
        ],
        [
          -111.798063121863,
          40.4047270280459
        ],
        [
          -111.798063454239,
          40.4047263590416
        ],
        [
          -111.798063756073,
          40.4047257365529
        ],
        [
          -111.798064083958,
          40.4047250764414
        ],
        [
          -111.79806438669,
          40.4047244525846
        ],
        [
          -111.798064706491,
          40.4047237911048
        ],
        [
          -111.798065019104,
          40.4047231693002
        ],
        [
          -111.7980653416,
          40.4047225085045
        ],
        [
          -111.798065640739,
          40.4047218846477
        ],
        [
          -111.798065960539,
          40.4047212156434
        ],
        [
          -111.798066263271,
          40.4047205931547
        ],
        [
          -111.798066584868,
          40.404719933043
        ],
        [
          -111.798066884007,
          40.4047193091862
        ],
        [
          -111.798067206502,
          40.4047186401818
        ],
        [
          -111.798067506539,
          40.4047180176931
        ],
        [
          -111.798067829933,
          40.4047173568974
        ],
        [
          -111.798068120987,
          40.4047167350926
        ],
        [
          -111.798068441686,
          40.4047160654042
        ],
        [
          -111.798068739028,
          40.4047154422314
        ],
        [
          -111.79806905254,
          40.4047147752791
        ],
        [
          -111.798069353476,
          40.4047141507382
        ],
        [
          -111.798069664293,
          40.4047134913105
        ],
        [
          -111.798069967923,
          40.404712859929
        ],
        [
          -111.798070276944,
          40.4047121984492
        ],
        [
          -111.798070579676,
          40.4047115684358
        ],
        [
          -111.798070888697,
          40.4047109076401
        ],
        [
          -111.79807119053,
          40.4047102769426
        ],
        [
          -111.798071501348,
          40.4047096161468
        ],
        [
          -111.798071794198,
          40.4047089854493
        ],
        [
          -111.798072103219,
          40.4047083253375
        ],
        [
          -111.798072395171,
          40.4047076932719
        ],
        [
          -111.798072706887,
          40.4047070338442
        ],
        [
          -111.798072998839,
          40.4047064031467
        ],
        [
          -111.798073310555,
          40.4047057341422
        ],
        [
          -111.798073601609,
          40.4047051109693
        ],
        [
          -111.798073912426,
          40.4047044426489
        ],
        [
          -111.798074202582,
          40.404703819476
        ],
        [
          -111.798074516094,
          40.4047031504714
        ],
        [
          -111.798074805351,
          40.4047025197739
        ],
        [
          -111.798075108083,
          40.4047018528215
        ],
        [
          -111.798075398239,
          40.4047012282805
        ],
        [
          -111.79807570187,
          40.404700559276
        ],
        [
          -111.798075992026,
          40.4046999299465
        ],
        [
          -111.798076294758,
          40.40469926231
        ],
        [
          -111.798076584015,
          40.4046986405052
        ],
        [
          -111.798076888544,
          40.4046979715006
        ],
        [
          -111.798077177802,
          40.4046973394349
        ],
        [
          -111.798077480534,
          40.4046966724825
        ],
        [
          -111.798077761707,
          40.4046960404169
        ],
        [
          -111.798078072524,
          40.4046953707282
        ],
        [
          -111.798078354595,
          40.4046947502914
        ],
        [
          -111.798078656429,
          40.4046940819708
        ],
        [
          -111.798078936703,
          40.4046934505892
        ],
        [
          -111.798079238537,
          40.4046927836367
        ],
        [
          -111.798079520608,
          40.4046921508869
        ],
        [
          -111.798079819747,
          40.4046914846185
        ],
        [
          -111.798080104513,
          40.4046908532368
        ],
        [
          -111.798080403652,
          40.4046901842322
        ],
        [
          -111.798080684825,
          40.4046895535345
        ],
        [
          -111.798080976777,
          40.4046888852139
        ],
        [
          -111.798081260645,
          40.4046882552003
        ],
        [
          -111.79808156158,
          40.4046875882478
        ],
        [
          -111.798081832872,
          40.4046869568661
        ],
        [
          -111.798082133807,
          40.4046862878614
        ],
        [
          -111.798082403302,
          40.4046856578478
        ],
        [
          -111.798082706034,
          40.4046849820025
        ],
        [
          -111.798082978224,
          40.4046843519889
        ],
        [
          -111.798083280058,
          40.4046836836682
        ],
        [
          -111.798083551349,
          40.4046830516024
        ],
        [
          -111.798083842403,
          40.4046823853339
        ],
        [
          -111.798084124474,
          40.4046817477956
        ],
        [
          -111.798084416426,
          40.4046810774228
        ],
        [
          -111.798084686819,
          40.4046804474091
        ],
        [
          -111.798084976975,
          40.4046797790884
        ],
        [
          -111.798085250961,
          40.404679140182
        ],
        [
          -111.798085542914,
          40.4046784739135
        ],
        [
          -111.798085812408,
          40.4046778418476
        ],
        [
          -111.798086106157,
          40.4046771666863
        ],
        [
          -111.798086377449,
          40.4046765359886
        ],
        [
          -111.798086672096,
          40.4046758683519
        ],
        [
          -111.798086931709,
          40.4046752314976
        ],
        [
          -111.798087222763,
          40.4046745624928
        ],
        [
          -111.798087494953,
          40.404673931111
        ],
        [
          -111.798087777922,
          40.4046732552656
        ],
        [
          -111.798088047417,
          40.4046726245678
        ],
        [
          -111.798088329488,
          40.4046719487224
        ],
        [
          -111.798088602576,
          40.4046713187087
        ],
        [
          -111.798088881952,
          40.4046706428633
        ],
        [
          -111.79808915504,
          40.4046700121655
        ],
        [
          -111.798089436212,
          40.4046693363201
        ],
        [
          -111.798089710198,
          40.4046687056222
        ],
        [
          -111.798089990473,
          40.4046680290928
        ],
        [
          -111.798090252781,
          40.4046673983949
        ],
        [
          -111.798090533055,
          40.4046667232336
        ],
        [
          -111.798090795363,
          40.4046660918517
        ],
        [
          -111.798091075638,
          40.4046654173743
        ],
        [
          -111.798091337946,
          40.4046647798359
        ],
        [
          -111.798091621813,
          40.404664110831
        ],
        [
          -111.798091882325,
          40.4046634739766
        ],
        [
          -111.798092165294,
          40.404662796763
        ],
        [
          -111.798092426704,
          40.4046621674332
        ],
        [
          -111.798092707876,
          40.4046614915878
        ],
        [
          -111.798092971981,
          40.4046608526812
        ],
        [
          -111.798093241476,
          40.4046601850443
        ],
        [
          -111.798093503784,
          40.40465954819
        ],
        [
          -111.798093775973,
          40.4046588723444
        ],
        [
          -111.79809403918,
          40.4046582416465
        ],
        [
          -111.798094310471,
          40.4046575637488
        ],
        [
          -111.798094572779,
          40.4046569268944
        ],
        [
          -111.79809484407,
          40.404656252417
        ],
        [
          -111.798095106378,
          40.4046556128263
        ],
        [
          -111.798095377669,
          40.4046549376648
        ],
        [
          -111.798095630096,
          40.4046543069669
        ],
        [
          -111.798095900489,
          40.4046536304372
        ],
        [
          -111.798096162797,
          40.4046529935828
        ],
        [
          -111.798096436783,
          40.4046523184212
        ],
        [
          -111.798096687413,
          40.4046516795146
        ],
        [
          -111.798096958704,
          40.4046510043531
        ],
        [
          -111.798097211131,
          40.4046503647624
        ],
        [
          -111.798097485117,
          40.4046496896008
        ],
        [
          -111.798097736645,
          40.4046490513782
        ],
        [
          -111.798097997157,
          40.4046483762167
        ],
        [
          -111.798098250482,
          40.404647738678
        ],
        [
          -111.798098521773,
          40.4046470635165
        ],
        [
          -111.7980987742,
          40.4046464239257
        ],
        [
          -111.798099037406,
          40.4046457494482
        ],
        [
          -111.798099288036,
          40.4046451105415
        ],
        [
          -111.798099550344,
          40.4046444353799
        ],
        [
          -111.798099802771,
          40.4046437971572
        ],
        [
          -111.798100063282,
          40.4046431213116
        ],
        [
          -111.798100316607,
          40.4046424830889
        ],
        [
          -111.798100578915,
          40.4046418079273
        ],
        [
          -111.798100831342,
          40.404641162864
        ],
        [
          -111.798101092751,
          40.4046404856502
        ],
        [
          -111.798101334398,
          40.4046398481116
        ],
        [
          -111.798101595808,
          40.4046391729499
        ],
        [
          -111.798101841048,
          40.4046385333591
        ],
        [
          -111.798102104254,
          40.4046378506729
        ],
        [
          -111.798102342308,
          40.4046372138182
        ],
        [
          -111.798102606413,
          40.4046365379725
        ],
        [
          -111.798102848958,
          40.4046358997498
        ],
        [
          -111.798103111266,
          40.4046352156954
        ],
        [
          -111.798103352014,
          40.4046345788407
        ],
        [
          -111.798103616119,
          40.404633903679
        ],
        [
          -111.798103857766,
          40.4046332640881
        ],
        [
          -111.798104108396,
          40.4046325820859
        ],
        [
          -111.798104351839,
          40.4046319431791
        ],
        [
          -111.798104603367,
          40.4046312687014
        ],
        [
          -111.798104846811,
          40.404630622954
        ],
        [
          -111.798105098339,
          40.4046299471082
        ],
        [
          -111.798105341783,
          40.4046293013608
        ],
        [
          -111.798105594209,
          40.4046286268831
        ],
        [
          -111.798105834958,
          40.4046279879762
        ],
        [
          -111.798106086486,
          40.4046273052898
        ],
        [
          -111.798106320048,
          40.4046266663829
        ],
        [
          -111.798106570678,
          40.4046259850647
        ],
        [
          -111.798107068345,
          40.4046246559468
        ],
        [
          -111.798107874133,
          40.4046234308052
        ],
        [
          -111.798108273884,
          40.4046227782172
        ],
        [
          -111.798108625125,
          40.4046221858259
        ],
        [
          -111.798108986248,
          40.4046215161366
        ],
        [
          -111.798109317726,
          40.4046209141686
        ],
        [
          -111.798109637526,
          40.4046202390067
        ],
        [
          -111.798109940259,
          40.4046196226736
        ],
        [
          -111.798110231313,
          40.4046189468277
        ],
        [
          -111.798110493621,
          40.4046183236539
        ],
        [
          -111.798110755929,
          40.4046176334429
        ],
        [
          -111.798110985898,
          40.4046170041127
        ],
        [
          -111.798111209578,
          40.4046163056929
        ],
        [
          -111.798111413496,
          40.404615666786
        ],
        [
          -111.798111594955,
          40.4046149697343
        ],
        [
          -111.798111760245,
          40.4046143246708
        ],
        [
          -111.798111913857,
          40.4046136200946
        ],
        [
          -111.798112048605,
          40.4046129640862
        ],
        [
          -111.798112163589,
          40.4046122615621
        ],
        [
          -111.798112278573,
          40.4046116076059
        ],
        [
          -111.798112354032,
          40.404610896189
        ],
        [
          -111.798112427694,
          40.4046102353923
        ],
        [
          -111.798112466321,
          40.4046095239754
        ],
        [
          -111.798112510339,
          40.4046088700191
        ],
        [
          -111.798112519322,
          40.4046081490255
        ],
        [
          -111.798112524712,
          40.4046074991736
        ],
        [
          -111.798112492372,
          40.4046067774959
        ],
        [
          -111.798112459135,
          40.4046061269599
        ],
        [
          -111.798112398947,
          40.4046054128068
        ],
        [
          -111.798112336065,
          40.4046047547462
        ],
        [
          -111.798112236352,
          40.4046040501698
        ],
        [
          -111.798112146521,
          40.4046033893729
        ],
        [
          -111.79811201357,
          40.4046026847966
        ],
        [
          -111.798111882416,
          40.4046020315243
        ],
        [
          -111.798111713533,
          40.404601328316
        ],
        [
          -111.798111555429,
          40.4046006846205
        ],
        [
          -111.798111345224,
          40.4045999868847
        ],
        [
          -111.798111155679,
          40.4045993404529
        ],
        [
          -111.798110916727,
          40.4045986611865
        ],
        [
          -111.798110688555,
          40.404598016807
        ],
        [
          -111.798110419061,
          40.4045973409608
        ],
        [
          -111.798110163041,
          40.4045967047899
        ],
        [
          -111.798109854919,
          40.4045960378364
        ],
        [
          -111.798109569254,
          40.4045954173987
        ],
        [
          -111.798109223403,
          40.4045947490772
        ],
        [
          -111.798108906298,
          40.4045941361641
        ],
        [
          -111.798108529005,
          40.4045934828918
        ],
        [
          -111.798108173272,
          40.4045928850278
        ],
        [
          -111.798107767234,
          40.4045922413322
        ],
        [
          -111.798107393535,
          40.4045916482567
        ],
        [
          -111.798106951564,
          40.4045910209784
        ],
        [
          -111.798106545525,
          40.4045904367955
        ],
        [
          -111.798106072113,
          40.4045898231983
        ],
        [
          -111.798105638227,
          40.4045892540647
        ],
        [
          -111.79810513517,
          40.4045886568848
        ],
        [
          -111.798104661758,
          40.4045881034844
        ],
        [
          -111.798104129057,
          40.4045875186175
        ],
        [
          -111.798103638577,
          40.4045869734258
        ],
        [
          -111.798103075333,
          40.4045864049761
        ],
        [
          -111.798102561497,
          40.4045858789379
        ],
        [
          -111.798101971304,
          40.4045853262216
        ],
        [
          -111.798101419738,
          40.4045848186528
        ],
        [
          -111.798100807985,
          40.4045842809856
        ],
        [
          -111.798100238454,
          40.4045837857299
        ],
        [
          -111.798099588073,
          40.4045832699525
        ],
        [
          -111.798098998778,
          40.4045827917981
        ],
        [
          -111.798098328635,
          40.4045822992785
        ],
        [
          -111.798097708798,
          40.4045818348052
        ],
        [
          -111.79809700901,
          40.4045813648595
        ],
        [
          -111.798096370308,
          40.404580923644
        ],
        [
          -111.798095650757,
          40.4045804673794
        ],
        [
          -111.798094993191,
          40.4045800432653
        ],
        [
          -111.798094244894,
          40.4045796095745
        ],
        [
          -111.798093568463,
          40.4045792059821
        ],
        [
          -111.798092810284,
          40.4045787955491
        ],
        [
          -111.798092101514,
          40.4045784152145
        ],
        [
          -111.798091315488,
          40.4045780266712
        ],
        [
          -111.798090596836,
          40.4045776613859
        ],
        [
          -111.798089802725,
          40.4045772961005
        ],
        [
          -111.798089051733,
          40.4045769602296
        ],
        [
          -111.798088239656,
          40.404576617518
        ],
        [
          -111.798087481478,
          40.4045762973803
        ],
        [
          -111.798086646943,
          40.4045759840831
        ],
        [
          -111.798085881579,
          40.4045756858351
        ],
        [
          -111.798085024586,
          40.4045753957958
        ],
        [
          -111.79808423856,
          40.4045751208056
        ],
        [
          -111.798083375279,
          40.4045748526561
        ],
        [
          -111.798082578473,
          40.4045746050282
        ],
        [
          -111.798081698124,
          40.4045743697132
        ],
        [
          -111.798079985037,
          40.4045739168688
        ],
        [
          -111.797765431856,
          40.404497586546
        ],
        [
          -111.797445295644,
          40.4044199003366
        ],
        [
          -111.797125135179,
          40.4043422113012
        ],
        [
          -111.796804961239,
          40.4042645153357
        ],
        [
          -111.796484804366,
          40.4041868247529
        ],
        [
          -111.796164657375,
          40.4041091320282
        ],
        [
          -111.795844498706,
          40.4040314303211
        ],
        [
          -111.795540917548,
          40.4039577583294
        ],
        [
          -111.795524340936,
          40.4039537360489
        ],
        [
          -111.795595566558,
          40.4037983431313
        ],
        [
          -111.795612144068,
          40.4038023661051
        ],
        [
          -111.795923254906,
          40.4038778701852
        ],
        [
          -111.796250994457,
          40.4039574108263
        ],
        [
          -111.796578779823,
          40.4040369520575
        ],
        [
          -111.796578867858,
          40.4040369677909
        ],
        [
          -111.796906529256,
          40.4041164843019
        ],
        [
          -111.797234290367,
          40.4041960157683
        ],
        [
          -111.797234563455,
          40.4041960896467
        ],
        [
          -111.797562048784,
          40.4042755532973
        ],
        [
          -111.79788979103,
          40.4043550832077
        ],
        [
          -111.798172378561,
          40.4044236571753
        ],
        [
          -111.798174097936,
          40.4044240484556
        ],
        [
          -111.798175836176,
          40.4044243897998
        ],
        [
          -111.798177594179,
          40.4044246784717
        ],
        [
          -111.798179360267,
          40.4044249144712
        ],
        [
          -111.798181147016,
          40.4044250964302
        ],
        [
          -111.79818293107,
          40.4044252277691
        ],
        [
          -111.798184716023,
          40.4044253050675
        ],
        [
          -111.798186511755,
          40.4044253296935
        ],
        [
          -111.798188309284,
          40.4044253036993
        ],
        [
          -111.79819010322,
          40.4044252236648
        ],
        [
          -111.79819188907,
          40.4044250916419
        ],
        [
          -111.798193673125,
          40.4044249062625
        ],
        [
          -111.798195436517,
          40.4044246709471
        ],
        [
          -111.798197190927,
          40.404424380223
        ],
        [
          -111.798198935455,
          40.4044240388788
        ],
        [
          -111.798200652136,
          40.4044236530709
        ],
        [
          -111.79820235624,
          40.4044232125385
        ],
        [
          -111.798204032496,
          40.4044227207018
        ],
        [
          -111.798205677312,
          40.404422177561
        ],
        [
          -111.798207303262,
          40.4044215872201
        ],
        [
          -111.798208889687,
          40.4044209544678
        ],
        [
          -111.798210457247,
          40.4044202751996
        ],
        [
          -111.798211974502,
          40.4044195514678
        ],
        [
          -111.79821346301,
          40.4044187750635
        ],
        [
          -111.798214911094,
          40.4044179610362
        ],
        [
          -111.798216309771,
          40.4044171025451
        ],
        [
          -111.798217668024,
          40.4044162057469
        ],
        [
          -111.798218980463,
          40.4044152740617
        ],
        [
          -111.798220249782,
          40.4044143020173
        ],
        [
          -111.798221462508,
          40.4044132875613
        ],
        [
          -111.798222626724,
          40.4044122423227
        ],
        [
          -111.79822373794,
          40.4044111656175
        ],
        [
          -111.798224793461,
          40.4044100547095
        ],
        [
          -111.798225791489,
          40.4044089109667
        ],
        [
          -111.798226726635,
          40.4044077460181
        ],
        [
          -111.798227603391,
          40.4044065448145
        ],
        [
          -111.798228433434,
          40.4044053278776
        ],
        [
          -111.798229181731,
          40.4044040808421
        ],
        [
          -111.798229884214,
          40.4044028194415
        ],
        [
          -111.798230504949,
          40.404401536151
        ],
        [
          -111.79823120294,
          40.4043999128842
        ],
        [
          -111.798340201822,
          40.4041224670875
        ],
        [
          -111.798454016572,
          40.4038327254921
        ],
        [
          -111.798454482798,
          40.4038313888339
        ],
        [
          -111.798454677732,
          40.4038308333751
        ],
        [
          -111.798454930159,
          40.4038300603843
        ],
        [
          -111.798455074787,
          40.4038294967168
        ],
        [
          -111.798455276908,
          40.4038287175695
        ],
        [
          -111.798455392791,
          40.4038281477454
        ],
        [
          -111.798455553589,
          40.4038273610734
        ],
        [
          -111.798455650607,
          40.4038267898811
        ],
        [
          -111.798455774575,
          40.4038260018409
        ],
        [
          -111.798455829372,
          40.4038254244921
        ],
        [
          -111.79845591561,
          40.4038246282432
        ],
        [
          -111.798455950645,
          40.4038240522625
        ],
        [
          -111.798455988374,
          40.4038232560135
        ],
        [
          -111.798455994662,
          40.4038226793487
        ],
        [
          -111.79845600095,
          40.4038218830998
        ],
        [
          -111.798455967713,
          40.403821306435
        ],
        [
          -111.798455936272,
          40.4038205115541
        ],
        [
          -111.798455874288,
          40.4038199348893
        ],
        [
          -111.798455800626,
          40.403819146165
        ],
        [
          -111.798455722473,
          40.4038185695002
        ],
        [
          -111.798455599403,
          40.403817782828
        ],
        [
          -111.798455491606,
          40.4038172054791
        ],
        [
          -111.798455329011,
          40.4038164256476
        ],
        [
          -111.798455192467,
          40.4038158551393
        ],
        [
          -111.798455000227,
          40.40381507736
        ],
        [
          -111.798454822361,
          40.4038145075357
        ],
        [
          -111.798454592392,
          40.4038137427536
        ],
        [
          -111.798454393864,
          40.403813181138
        ],
        [
          -111.798454115387,
          40.4038124163559
        ],
        [
          -111.798453889909,
          40.4038118629491
        ],
        [
          -111.798453580889,
          40.4038111056917
        ],
        [
          -111.798453320378,
          40.4038105591255
        ],
        [
          -111.798452976323,
          40.4038098182855
        ],
        [
          -111.798452690659,
          40.4038092696672
        ],
        [
          -111.798452313366,
          40.4038085363518
        ],
        [
          -111.798451996261,
          40.4038080062031
        ],
        [
          -111.798451581239,
          40.4038072865691
        ],
        [
          -111.798451238083,
          40.4038067618929
        ],
        [
          -111.798450781739,
          40.4038060573082
        ],
        [
          -111.798450418819,
          40.4038055422089
        ],
        [
          -111.798449932831,
          40.4038048533576
        ],
        [
          -111.798449539369,
          40.4038043430468
        ],
        [
          -111.798449017447,
          40.4038036699289
        ],
        [
          -111.798448600629,
          40.4038031774037
        ],
        [
          -111.798448040979,
          40.403802517283
        ],
        [
          -111.798447596313,
          40.4038020391231
        ],
        [
          -111.798447007018,
          40.403801396104
        ],
        [
          -111.79844654169,
          40.4038009247846
        ],
        [
          -111.798445921853,
          40.4038003043396
        ],
        [
          -111.798445428678,
          40.4037998487537
        ],
        [
          -111.798444778298,
          40.4037992413059
        ],
        [
          -111.798444266258,
          40.4037988007694
        ],
        [
          -111.798443588928,
          40.4037982165797
        ],
        [
          -111.798443054431,
          40.4037977917766
        ],
        [
          -111.798442337575,
          40.4037972301609
        ],
        [
          -111.798441786908,
          40.4037968197232
        ],
        [
          -111.798441047594,
          40.4037962731569
        ],
        [
          -111.798440477164,
          40.4037958873454
        ],
        [
          -111.798439710901,
          40.4037953626692
        ],
        [
          -111.798439109928,
          40.4037949884867
        ],
        [
          -111.798438322106,
          40.4037944898048
        ],
        [
          -111.798437713048,
          40.4037941306718
        ],
        [
          -111.798436899174,
          40.4037936607206
        ],
        [
          -111.798436258675,
          40.4037933166369
        ],
        [
          -111.798435421446,
          40.4037928692597
        ],
        [
          -111.798434772862,
          40.403792546382
        ],
        [
          -111.798433915869,
          40.4037921229471
        ],
        [
          -111.798433248421,
          40.4037918246956
        ],
        [
          -111.798432373462,
          40.4037914217825
        ],
        [
          -111.79843169703,
          40.4037911399485
        ],
        [
          -111.798430792427,
          40.4037907657661
        ],
        [
          -111.798430103419,
          40.40379050377
        ],
        [
          -111.798429182646,
          40.4037901624226
        ],
        [
          -111.798428474773,
          40.4037899161598
        ],
        [
          -111.798427549509,
          40.4037896042271
        ],
        [
          -111.798426821873,
          40.4037893819067
        ],
        [
          -111.798425879541,
          40.4037890904958
        ],
        [
          -111.798425151905,
          40.4037888914335
        ],
        [
          -111.798424192505,
          40.4037886301215
        ],
        [
          -111.798423444208,
          40.4037884529491
        ],
        [
          -111.798422472231,
          40.4037882142111
        ],
        [
          -111.798421724832,
          40.4037880582448
        ],
        [
          -111.798420745669,
          40.4037878584984
        ],
        [
          -111.798419988389,
          40.4037877257901
        ],
        [
          -111.798418239369,
          40.403787430959
        ],
        [
          -111.798416483163,
          40.4037871730673
        ],
        [
          -111.798415834579,
          40.4037870752462
        ],
        [
          -111.798414717075,
          40.403786899442
        ],
        [
          -111.798414079271,
          40.4037868036732
        ],
        [
          -111.798412959072,
          40.4037866422343
        ],
        [
          -111.798412310488,
          40.4037865368886
        ],
        [
          -111.798411201069,
          40.403786367241
        ],
        [
          -111.798410553384,
          40.4037862721562
        ],
        [
          -111.798409435879,
          40.4037861025086
        ],
        [
          -111.798408797177,
          40.4037860081079
        ],
        [
          -111.798407678775,
          40.4037858370921
        ],
        [
          -111.798407031089,
          40.4037857413233
        ],
        [
          -111.79840591089,
          40.4037855627829
        ],
        [
          -111.798405272188,
          40.4037854683822
        ],
        [
          -111.798404154684,
          40.4037852987345
        ],
        [
          -111.798403515083,
          40.403785195441
        ],
        [
          -111.798402397579,
          40.4037850257934
        ],
        [
          -111.798401750792,
          40.4037849307086
        ],
        [
          -111.798400639576,
          40.4037847542204
        ],
        [
          -111.798399992789,
          40.4037846570834
        ],
        [
          -111.79839887259,
          40.4037844799111
        ],
        [
          -111.798398235684,
          40.4037843752494
        ],
        [
          -111.798397115485,
          40.403784207654
        ],
        [
          -111.79839647858,
          40.4037841036764
        ],
        [
          -111.798395358381,
          40.4037839265041
        ],
        [
          -111.798394708899,
          40.4037838314193
        ],
        [
          -111.798393601276,
          40.403783654247
        ],
        [
          -111.798392953591,
          40.4037835502694
        ],
        [
          -111.798391843273,
          40.4037833737811
        ],
        [
          -111.798391196486,
          40.4037832773282
        ],
        [
          -111.798390087066,
          40.4037830994719
        ],
        [
          -111.798389440279,
          40.4037829975464
        ],
        [
          -111.79838833086,
          40.4037828203741
        ],
        [
          -111.798387681378,
          40.4037827163965
        ],
        [
          -111.798386574654,
          40.4037825399082
        ],
        [
          -111.79838592607,
          40.4037824352466
        ],
        [
          -111.798384816651,
          40.4037822580743
        ],
        [
          -111.798384168067,
          40.4037821547807
        ],
        [
          -111.798383057749,
          40.4037819714518
        ],
        [
          -111.798382410064,
          40.4037818667902
        ],
        [
          -111.798381298848,
          40.403781690302
        ],
        [
          -111.798380652959,
          40.4037815876925
        ],
        [
          -111.79837954354,
          40.4037814016273
        ],
        [
          -111.798378895855,
          40.4037812969657
        ],
        [
          -111.798377786435,
          40.4037811136368
        ],
        [
          -111.798377147733,
          40.4037810110273
        ],
        [
          -111.798376029331,
          40.4037808331709
        ],
        [
          -111.798375391527,
          40.4037807223527
        ],
        [
          -111.798374271328,
          40.4037805444963
        ],
        [
          -111.798373634422,
          40.4037804350462
        ],
        [
          -111.798372515121,
          40.4037802503492
        ],
        [
          -111.798371876419,
          40.4037801463715
        ],
        [
          -111.798370767898,
          40.4037799616745
        ],
        [
          -111.798370121111,
          40.403779858381
        ],
        [
          -111.798369011692,
          40.4037796750521
        ],
        [
          -111.798368371193,
          40.4037795635498
        ],
        [
          -111.798367253689,
          40.4037793781687
        ],
        [
          -111.798366614986,
          40.4037792748752
        ],
        [
          -111.798365506465,
          40.4037790833375
        ],
        [
          -111.798364857882,
          40.4037789807281
        ],
        [
          -111.798363749361,
          40.4037787864541
        ],
        [
          -111.798363111557,
          40.4037786865809
        ],
        [
          -111.798361990459,
          40.403778492307
        ],
        [
          -111.798361353554,
          40.4037783883294
        ],
        [
          -111.798360244134,
          40.4037781961077
        ],
        [
          -111.798359605432,
          40.4037780934982
        ],
        [
          -111.79835848703,
          40.4037779012765
        ],
        [
          -111.798357848328,
          40.4037777911423
        ],
        [
          -111.798356738908,
          40.4037776057612
        ],
        [
          -111.798356098409,
          40.4037774942589
        ],
        [
          -111.798354982702,
          40.4037773034053
        ],
        [
          -111.798354344,
          40.4037771925871
        ],
        [
          -111.798353233682,
          40.4037769996813
        ],
        [
          -111.798352595878,
          40.403776888863
        ],
        [
          -111.798351477476,
          40.4037767048501
        ],
        [
          -111.798350838773,
          40.4037765947159
        ],
        [
          -111.798349730252,
          40.4037764031783
        ],
        [
          -111.798349092448,
          40.4037762903078
        ],
        [
          -111.798347982131,
          40.4037760898774
        ],
        [
          -111.798347343429,
          40.4037759797432
        ],
        [
          -111.798346225026,
          40.4037757875214
        ],
        [
          -111.798345587222,
          40.4037756767032
        ],
        [
          -111.798344477803,
          40.4037754844815
        ],
        [
          -111.798343839999,
          40.4037753743473
        ],
        [
          -111.79834273058,
          40.4037751739168
        ],
        [
          -111.798342092776,
          40.4037750630986
        ],
        [
          -111.798340983356,
          40.4037748708768
        ],
        [
          -111.798340341959,
          40.403774753218
        ],
        [
          -111.798339224455,
          40.4037745623643
        ],
        [
          -111.798338585753,
          40.4037744440214
        ],
        [
          -111.798337477232,
          40.4037742497475
        ],
        [
          -111.798336840326,
          40.4037741307205
        ],
        [
          -111.798335730009,
          40.4037739391828
        ],
        [
          -111.798335092205,
          40.403773822208
        ],
        [
          -111.798333982785,
          40.4037736299863
        ],
        [
          -111.79833334588,
          40.4037735109593
        ],
        [
          -111.798332235562,
          40.4037733105288
        ],
        [
          -111.79833159686,
          40.4037731997106
        ],
        [
          -111.798330486542,
          40.4037729999641
        ],
        [
          -111.798329848738,
          40.4037728836734
        ],
        [
          -111.798328741116,
          40.4037726839269
        ],
        [
          -111.798328102414,
          40.4037725642159
        ],
        [
          -111.798326993892,
          40.4037723637854
        ],
        [
          -111.798326356089,
          40.4037722529671
        ],
        [
          -111.798325243974,
          40.403772045696
        ],
        [
          -111.798324605272,
          40.4037719348778
        ],
        [
          -111.798323496751,
          40.4037717282907
        ],
        [
          -111.798322858947,
          40.4037716099478
        ],
        [
          -111.79832174863,
          40.4037714095172
        ],
        [
          -111.798321121605,
          40.4037712918584
        ],
        [
          -111.798320012186,
          40.4037710921119
        ],
        [
          -111.798319374382,
          40.403770973769
        ],
        [
          -111.798318263166,
          40.4037707671819
        ],
        [
          -111.798317627159,
          40.4037706502071
        ],
        [
          -111.79831651774,
          40.4037704477244
        ],
        [
          -111.798315879936,
          40.4037703293815
        ],
        [
          -111.798314769618,
          40.4037701234784
        ],
        [
          -111.798314139001,
          40.4037700037674
        ],
        [
          -111.79831303048,
          40.4037697971803
        ],
        [
          -111.798312393574,
          40.4037696808896
        ],
        [
          -111.798311284155,
          40.4037694708822
        ],
        [
          -111.798310646351,
          40.4037693539074
        ],
        [
          -111.798309546813,
          40.4037691459522
        ],
        [
          -111.798308908111,
          40.4037690207686
        ],
        [
          -111.798307798691,
          40.4037688134974
        ],
        [
          -111.798307159989,
          40.4037686951545
        ],
        [
          -111.798306052367,
          40.4037684871993
        ],
        [
          -111.798305422648,
          40.4037683702245
        ],
        [
          -111.798304315025,
          40.4037681533765
        ],
        [
          -111.798303676323,
          40.4037680357176
        ],
        [
          -111.798302566005,
          40.4037678304986
        ],
        [
          -111.798301938083,
          40.4037677039469
        ],
        [
          -111.798300826867,
          40.4037674966758
        ],
        [
          -111.798300189961,
          40.4037673701241
        ],
        [
          -111.798299089525,
          40.4037671628529
        ],
        [
          -111.798298452619,
          40.4037670383534
        ],
        [
          -111.798297344098,
          40.4037668303982
        ],
        [
          -111.798296714379,
          40.4037667052146
        ],
        [
          -111.79829560496,
          40.4037664904188
        ],
        [
          -111.798294967156,
          40.4037663713917
        ],
        [
          -111.798293867618,
          40.40376615728
        ],
        [
          -111.798293229814,
          40.4037660307283
        ],
        [
          -111.798292120395,
          40.4037658159324
        ],
        [
          -111.798291492472,
          40.4037656982735
        ],
        [
          -111.798290383053,
          40.4037654766371
        ],
        [
          -111.798289741656,
          40.403765356926
        ],
        [
          -111.798288643016,
          40.4037651434982
        ],
        [
          -111.798288005212,
          40.4037650176306
        ],
        [
          -111.798286906573,
          40.4037648007826
        ],
        [
          -111.798286268769,
          40.4037646769671
        ],
        [
          -111.798285167435,
          40.4037644621713
        ],
        [
          -111.798284527834,
          40.4037643363036
        ],
        [
          -111.798283430991,
          40.4037641139831
        ],
        [
          -111.798282794086,
          40.4037639887995
        ],
        [
          -111.798281692751,
          40.4037637746877
        ],
        [
          -111.798281054947,
          40.4037636474519
        ],
        [
          -111.798279954511,
          40.4037634251314
        ],
        [
          -111.798279316707,
          40.4037632992637
        ],
        [
          -111.798278218067,
          40.4037630844679
        ],
        [
          -111.798277580264,
          40.4037629586002
        ],
        [
          -111.798276478031,
          40.4037627369638
        ],
        [
          -111.798275841125,
          40.4037626110961
        ],
        [
          -111.798274740689,
          40.4037623880915
        ],
        [
          -111.798274103783,
          40.4037622622238
        ],
        [
          -111.798273002449,
          40.4037620399033
        ],
        [
          -111.798272364645,
          40.4037619140356
        ],
        [
          -111.798271266005,
          40.4037616923992
        ],
        [
          -111.798270638981,
          40.4037615583227
        ],
        [
          -111.798269525969,
          40.4037613366862
        ],
        [
          -111.798268898945,
          40.4037612115026
        ],
        [
          -111.798267799407,
          40.4037609864458
        ],
        [
          -111.798267160705,
          40.4037608544216
        ],
        [
          -111.798266062963,
          40.4037606321011
        ],
        [
          -111.798265424261,
          40.4037605069175
        ],
        [
          -111.798264323825,
          40.4037602791244
        ],
        [
          -111.798263695004,
          40.4037601512045
        ],
        [
          -111.798262595466,
          40.4037599227274
        ],
        [
          -111.798261956764,
          40.4037597954917
        ],
        [
          -111.798260859023,
          40.4037595663305
        ],
        [
          -111.798260229304,
          40.4037594397787
        ],
        [
          -111.798259119885,
          40.4037592106175
        ],
        [
          -111.798258491064,
          40.4037590779092
        ],
        [
          -111.798257390628,
          40.4037588576409
        ],
        [
          -111.798256752824,
          40.4037587215122
        ],
        [
          -111.798255654184,
          40.4037584930351
        ],
        [
          -111.798255024465,
          40.4037583596427
        ],
        [
          -111.798253926724,
          40.4037581366382
        ],
        [
          -111.798253297005,
          40.4037580032458
        ],
        [
          -111.798252198365,
          40.4037577747686
        ],
        [
          -111.798251560561,
          40.4037576420604
        ],
        [
          -111.798250461922,
          40.403757410847
        ],
        [
          -111.798249832203,
          40.4037572767705
        ],
        [
          -111.798248730868,
          40.4037570489775
        ],
        [
          -111.798248103844,
          40.4037569155851
        ],
        [
          -111.798247003408,
          40.4037566843717
        ],
        [
          -111.798246365604,
          40.4037565502953
        ],
        [
          -111.798245266066,
          40.4037563136094
        ],
        [
          -111.798244636347,
          40.4037561788489
        ],
        [
          -111.798243538606,
          40.4037559503718
        ],
        [
          -111.798242908887,
          40.4037558183475
        ],
        [
          -111.798241807552,
          40.4037555802935
        ],
        [
          -111.798241183223,
          40.4037554469011
        ],
        [
          -111.79824008099,
          40.4037552177399
        ],
        [
          -111.79823945217,
          40.4037550850316
        ],
        [
          -111.79823835353,
          40.4037548469776
        ],
        [
          -111.79823771393,
          40.4037547135852
        ],
        [
          -111.798236623375,
          40.4037544755312
        ],
        [
          -111.798235986469,
          40.4037543435069
        ],
        [
          -111.798234897711,
          40.4037541054529
        ],
        [
          -111.798234258111,
          40.4037539652199
        ],
        [
          -111.798233167556,
          40.40375372785
        ],
        [
          -111.79823253065,
          40.4037535944576
        ],
        [
          -111.798231439197,
          40.4037533564035
        ],
        [
          -111.798230801394,
          40.4037532223271
        ],
        [
          -111.798229713534,
          40.4037529788006
        ],
        [
          -111.798229083815,
          40.4037528460923
        ],
        [
          -111.798227983378,
          40.4037526087223
        ],
        [
          -111.798227354558,
          40.4037524671212
        ],
        [
          -111.798226255918,
          40.4037522304352
        ],
        [
          -111.798225627097,
          40.4037520902023
        ],
        [
          -111.79822452756,
          40.4037518521482
        ],
        [
          -111.798223900536,
          40.4037517112312
        ],
        [
          -111.798222810879,
          40.4037514738611
        ],
        [
          -111.798222173075,
          40.4037513329441
        ],
        [
          -111.798221083419,
          40.4037510955741
        ],
        [
          -111.7982204537,
          40.4037509567092
        ],
        [
          -111.798219353264,
          40.4037507111305
        ],
        [
          -111.798218726239,
          40.4037505777381
        ],
        [
          -111.798217635685,
          40.4037503314753
        ],
        [
          -111.798217005966,
          40.4037501926104
        ],
        [
          -111.798215907326,
          40.4037499470317
        ],
        [
          -111.798215278505,
          40.4037498067987
        ],
        [
          -111.798214177171,
          40.4037495632721
        ],
        [
          -111.798213549249,
          40.4037494196188
        ],
        [
          -111.79821246049,
          40.4037491760922
        ],
        [
          -111.798211832568,
          40.4037490351751
        ],
        [
          -111.79821073303,
          40.4037487895964
        ],
        [
          -111.798210103311,
          40.4037486479953
        ],
        [
          -111.798209013655,
          40.4037484051528
        ],
        [
          -111.798208385732,
          40.4037482656038
        ],
        [
          -111.798207295177,
          40.4037480200251
        ],
        [
          -111.798206667255,
          40.403747878424
        ],
        [
          -111.798205566819,
          40.4037476273727
        ],
        [
          -111.7982049371,
          40.4037474857715
        ],
        [
          -111.798203848342,
          40.4037472401928
        ],
        [
          -111.798203221318,
          40.4037470992757
        ],
        [
          -111.798202129865,
          40.4037468482244
        ],
        [
          -111.798201501942,
          40.4037467059392
        ],
        [
          -111.798200412286,
          40.4037464548879
        ],
        [
          -111.798199782567,
          40.4037463132868
        ],
        [
          -111.798198684825,
          40.4037460608674
        ],
        [
          -111.798198064988,
          40.4037459213185
        ],
        [
          -111.79819696545,
          40.403745668215
        ],
        [
          -111.798196335731,
          40.4037455204573
        ],
        [
          -111.798195246075,
          40.4037452741945
        ],
        [
          -111.798194619949,
          40.4037451271208
        ],
        [
          -111.798193528496,
          40.4037448740173
        ],
        [
          -111.798192900573,
          40.4037447324162
        ],
        [
          -111.798191810019,
          40.4037444799968
        ],
        [
          -111.798191181198,
          40.4037443315551
        ],
        [
          -111.798190090643,
          40.4037440798197
        ],
        [
          -111.798189462721,
          40.403743932746
        ],
        [
          -111.798188373963,
          40.4037436803266
        ],
        [
          -111.79818774604,
          40.403743533253
        ],
        [
          -111.798186654587,
          40.4037432808336
        ],
        [
          -111.798186035648,
          40.4037431310236
        ],
        [
          -111.798184945093,
          40.4037428799724
        ],
        [
          -111.798184316273,
          40.4037427308465
        ],
        [
          -111.798183225718,
          40.4037424784271
        ],
        [
          -111.79818260049,
          40.4037423286172
        ],
        [
          -111.798181509037,
          40.4037420707253
        ],
        [
          -111.798180881115,
          40.4037419229676
        ],
        [
          -111.798179791458,
          40.4037416678119
        ],
        [
          -111.798179171621,
          40.4037415221064
        ],
        [
          -111.798178082863,
          40.4037412621622
        ],
        [
          -111.798177454042,
          40.4037411137205
        ],
        [
          -111.798176363487,
          40.4037408537764
        ],
        [
          -111.798175734667,
          40.4037407060187
        ],
        [
          -111.79817464501,
          40.4037404453904
        ],
        [
          -111.798174026071,
          40.4037402969487
        ],
        [
          -111.798172937313,
          40.4037400370045
        ],
        [
          -111.798172308492,
          40.4037398892468
        ],
        [
          -111.798171217937,
          40.4037396299868
        ],
        [
          -111.798170599896,
          40.4037394801769
        ],
        [
          -111.798169509342,
          40.4037392202327
        ],
        [
          -111.798168880521,
          40.4037390731591
        ],
        [
          -111.798167798949,
          40.4037388056903
        ],
        [
          -111.798167171027,
          40.4037386572485
        ],
        [
          -111.798166081371,
          40.4037383973044
        ],
        [
          -111.79816546333,
          40.4037382406538
        ],
        [
          -111.798163753836,
          40.4037378350041
        ],
        [
          -111.798139674494,
          40.4037320006261
        ],
        [
          -111.798139617002,
          40.4037319924174
        ],
        [
          -111.797816395078,
          40.4036536677763
        ],
        [
          -111.797816355552,
          40.4036536609357
        ],
        [
          -111.797493174052,
          40.4035753567255
        ],
        [
          -111.797170003332,
          40.4034970531082
        ],
        [
          -111.796846825426,
          40.4034187617131
        ],
        [
          -111.796523654706,
          40.4033404627021
        ],
        [
          -111.796200477697,
          40.4032621560754
        ],
        [
          -111.795893827894,
          40.4031878409009
        ],
        [
          -111.795877253078,
          40.403183824047
        ],
        [
          -111.795955617612,
          40.4030128222765
        ],
        [
          -111.796526466433,
          40.4031511419515
        ],
        [
          -111.796546118876,
          40.4031559071793
        ],
        [
          -111.797125706507,
          40.4032963471711
        ],
        [
          -111.797127228254,
          40.4032967104111
        ],
        [
          -111.797736507002,
          40.4034443382803
        ],
        [
          -111.7977373613,
          40.403444540764
        ],
        [
          -111.798028754116,
          40.4035151473346
        ],
        [
          -111.798032406666,
          40.4035160290954
        ],
        [
          -111.798032829773,
          40.4035161344415
        ],
        [
          -111.798235242664,
          40.4035651737306
        ],
        [
          -111.798236962938,
          40.4035655882741
        ],
        [
          -111.798238668839,
          40.4035660055539
        ],
        [
          -111.798240378333,
          40.4035664132569
        ],
        [
          -111.79824209681,
          40.4035668291685
        ],
        [
          -111.798243806304,
          40.4035672375555
        ],
        [
          -111.798245524781,
          40.4035676445743
        ],
        [
          -111.79824724236,
          40.4035680536453
        ],
        [
          -111.798248951854,
          40.4035684531394
        ],
        [
          -111.798250669433,
          40.4035688622105
        ],
        [
          -111.798252386113,
          40.4035692617045
        ],
        [
          -111.798254096505,
          40.4035696707755
        ],
        [
          -111.798255814084,
          40.4035700709537
        ],
        [
          -111.79825753346,
          40.4035704704478
        ],
        [
          -111.798259251039,
          40.4035708733622
        ],
        [
          -111.798260970414,
          40.4035712646475
        ],
        [
          -111.798262689789,
          40.4035716641416
        ],
        [
          -111.79826440647,
          40.4035720595313
        ],
        [
          -111.798266125845,
          40.4035724521847
        ],
        [
          -111.798267846119,
          40.403572844154
        ],
        [
          -111.798269573579,
          40.4035732388597
        ],
        [
          -111.798271292955,
          40.4035736294609
        ],
        [
          -111.798273008737,
          40.4035740241665
        ],
        [
          -111.798274725418,
          40.4035744092952
        ],
        [
          -111.798276455573,
          40.403574795792
        ],
        [
          -111.798278172253,
          40.4035751829729
        ],
        [
          -111.798279902409,
          40.4035755660494
        ],
        [
          -111.798281621784,
          40.4035759532303
        ],
        [
          -111.798283347448,
          40.403576338359
        ],
        [
          -111.798285074908,
          40.4035767159629
        ],
        [
          -111.798286794283,
          40.4035771010916
        ],
        [
          -111.798288524439,
          40.4035774800637
        ],
        [
          -111.798290251001,
          40.4035778562995
        ],
        [
          -111.798291970376,
          40.4035782352717
        ],
        [
          -111.798293697836,
          40.4035786135597
        ],
        [
          -111.798295427992,
          40.4035789836389
        ],
        [
          -111.798297153655,
          40.403579362611
        ],
        [
          -111.798298881116,
          40.4035797340583
        ],
        [
          -111.798300612169,
          40.4035801055057
        ],
        [
          -111.798302337833,
          40.4035804742168
        ],
        [
          -111.798304067988,
          40.4035808449801
        ],
        [
          -111.798305796347,
          40.4035812136912
        ],
        [
          -111.79830753279,
          40.4035815769298
        ],
        [
          -111.79830926025,
          40.4035819483771
        ],
        [
          -111.798310988609,
          40.4035823116157
        ],
        [
          -111.798312716968,
          40.4035826741702
        ],
        [
          -111.798314454309,
          40.4035830380928
        ],
        [
          -111.79831618177,
          40.4035834006473
        ],
        [
          -111.798317919111,
          40.4035837563612
        ],
        [
          -111.798319649267,
          40.4035841202838
        ],
        [
          -111.798321386608,
          40.4035844766817
        ],
        [
          -111.798323114967,
          40.4035848303433
        ],
        [
          -111.798324843326,
          40.4035851799006
        ],
        [
          -111.798324941242,
          40.4035852004225
        ],
        [
          -111.798326572583,
          40.4035855342463
        ],
        [
          -111.798328309026,
          40.4035858899601
        ],
        [
          -111.798330048164,
          40.4035862381492
        ],
        [
          -111.798331787303,
          40.403586593179
        ],
        [
          -111.798333512966,
          40.4035869427362
        ],
        [
          -111.798335250308,
          40.4035872902413
        ],
        [
          -111.79833698765,
          40.4035876384304
        ],
        [
          -111.798338726788,
          40.4035879845673
        ],
        [
          -111.79834046413,
          40.4035883259157
        ],
        [
          -111.798342203269,
          40.4035886734208
        ],
        [
          -111.798343939712,
          40.4035890154533
        ],
        [
          -111.798345679749,
          40.4035893547495
        ],
        [
          -111.798347416192,
          40.4035896940458
        ],
        [
          -111.798349162517,
          40.4035900360783
        ],
        [
          -111.798350901655,
          40.403590369218
        ],
        [
          -111.798352638997,
          40.4035907091983
        ],
        [
          -111.798354376339,
          40.403591042338
        ],
        [
          -111.79835612446,
          40.4035913836864
        ],
        [
          -111.798357860904,
          40.403591716826
        ],
        [
          -111.798359609924,
          40.4035920417569
        ],
        [
          -111.798361349062,
          40.4035923762647
        ],
        [
          -111.798363094489,
          40.4035927073522
        ],
        [
          -111.798364832729,
          40.4035930336512
        ],
        [
          -111.79836658085,
          40.4035933592661
        ],
        [
          -111.798368318192,
          40.4035936930898
        ],
        [
          -111.798370065415,
          40.4035940180207
        ],
        [
          -111.798371814435,
          40.4035943354268
        ],
        [
          -111.79837354998,
          40.4035946624099
        ],
        [
          -111.798375299899,
          40.4035949873408
        ],
        [
          -111.798376103891,
          40.4035951350988
        ],
        [
          -111.798377047122,
          40.4035953047469
        ],
        [
          -111.798378792548,
          40.4035956228371
        ],
        [
          -111.798380541568,
          40.4035959409273
        ],
        [
          -111.79838228969,
          40.4035962569653
        ],
        [
          -111.798384036913,
          40.4035965771077
        ],
        [
          -111.798385783238,
          40.4035968876732
        ],
        [
          -111.798387531359,
          40.4035972057634
        ],
        [
          -111.798389278583,
          40.4035975163289
        ],
        [
          -111.798391026704,
          40.4035978255262
        ],
        [
          -111.798392773029,
          40.4035981367758
        ],
        [
          -111.798394522049,
          40.4035984480253
        ],
        [
          -111.798396267476,
          40.403598749698
        ],
        [
          -111.798398026377,
          40.4035990609475
        ],
        [
          -111.7983997736,
          40.4035993633042
        ],
        [
          -111.79840152262,
          40.403599666345
        ],
        [
          -111.79840327703,
          40.4035999707539
        ],
        [
          -111.79840502605,
          40.4036002737946
        ],
        [
          -111.798406784951,
          40.4036005754673
        ],
        [
          -111.798408528581,
          40.4036008716673
        ],
        [
          -111.798410290177,
          40.4036011753921
        ],
        [
          -111.798412035604,
          40.4036014695401
        ],
        [
          -111.798413792708,
          40.4036017650561
        ],
        [
          -111.798415539932,
          40.4036020605721
        ],
        [
          -111.798417296138,
          40.4036023560882
        ],
        [
          -111.798419052344,
          40.4036026440795
        ],
        [
          -111.798420802263,
          40.4036029395956
        ],
        [
          -111.798422559367,
          40.4036032282709
        ],
        [
          -111.798424314675,
          40.4036035162622
        ],
        [
          -111.798426073577,
          40.4036038035695
        ],
        [
          -111.798427832478,
          40.4036040922449
        ],
        [
          -111.798429577006,
          40.403604378868
        ],
        [
          -111.798431336806,
          40.4036046600187
        ],
        [
          -111.798433093911,
          40.4036049486941
        ],
        [
          -111.798434849219,
          40.4036052291607
        ],
        [
          -111.798436606323,
          40.4036055096273
        ],
        [
          -111.798438364326,
          40.4036057894098
        ],
        [
          -111.798440130414,
          40.4036060623517
        ],
        [
          -111.798441887519,
          40.4036063435023
        ],
        [
          -111.79844364642,
          40.4036066164442
        ],
        [
          -111.798445403525,
          40.4036068969108
        ],
        [
          -111.798447159731,
          40.4036071691686
        ],
        [
          -111.798448917734,
          40.4036074441627
        ],
        [
          -111.798450683822,
          40.4036077143683
        ],
        [
          -111.798452440029,
          40.4036079804695
        ],
        [
          -111.798454199828,
          40.4036082540954
        ],
        [
          -111.798455965018,
          40.4036085201967
        ],
        [
          -111.798457721224,
          40.4036087849298
        ],
        [
          -111.798459489109,
          40.403609051031
        ],
        [
          -111.798461247112,
          40.4036093171322
        ],
        [
          -111.7984630132,
          40.4036095825493
        ],
        [
          -111.798464769406,
          40.4036098390737
        ],
        [
          -111.798466538189,
          40.4036101058589
        ],
        [
          -111.798468294395,
          40.4036103644354
        ],
        [
          -111.798470060483,
          40.4036106195916
        ],
        [
          -111.798471827469,
          40.4036108795362
        ],
        [
          -111.798473585472,
          40.4036111374287
        ],
        [
          -111.79847535156,
          40.4036113871123
        ],
        [
          -111.798477118546,
          40.4036116456888
        ],
        [
          -111.798478884634,
          40.4036118974246
        ],
        [
          -111.798480642637,
          40.4036121471083
        ],
        [
          -111.798482410521,
          40.4036123961079
        ],
        [
          -111.798484176609,
          40.4036126478437
        ],
        [
          -111.79848594629,
          40.4036128906867
        ],
        [
          -111.798487710582,
          40.4036131410544
        ],
        [
          -111.798489476669,
          40.4036133838975
        ],
        [
          -111.798491243656,
          40.4036136342651
        ],
        [
          -111.798493010642,
          40.4036138771081
        ],
        [
          -111.798494778526,
          40.4036141137945
        ],
        [
          -111.798496543716,
          40.4036143566376
        ],
        [
          -111.7984983116,
          40.4036145994805
        ],
        [
          -111.798500078586,
          40.4036148341148
        ],
        [
          -111.798501845573,
          40.403615069433
        ],
        [
          -111.798503620644,
          40.4036153047513
        ],
        [
          -111.798505388528,
          40.4036155400696
        ],
        [
          -111.798507154616,
          40.4036157760719
        ],
        [
          -111.79850896023,
          40.4036160113902
        ],
        [
          -111.79920912423,
          40.4037077854552
        ],
        [
          -111.79920911345,
          40.403707815554
        ],
        [
          -111.799477058442,
          40.4037429312771
        ],
        [
          -111.799479747099,
          40.4037432863061
        ],
        [
          -111.799481511391,
          40.4037435134151
        ],
        [
          -111.799483290055,
          40.4037437405242
        ],
        [
          -111.799485056143,
          40.4037439683173
        ],
        [
          -111.799486822231,
          40.4037441974786
        ],
        [
          -111.799488599996,
          40.403744417747
        ],
        [
          -111.799490366983,
          40.4037446386995
        ],
        [
          -111.79949214385,
          40.4037448575998
        ],
        [
          -111.799493909938,
          40.4037450792364
        ],
        [
          -111.799495688602,
          40.4037452995048
        ],
        [
          -111.799497463673,
          40.4037455122485
        ],
        [
          -111.799499227965,
          40.403745732517
        ],
        [
          -111.799501005731,
          40.4037459459447
        ],
        [
          -111.799502783496,
          40.4037461573203
        ],
        [
          -111.799504560364,
          40.4037463639075
        ],
        [
          -111.799506326452,
          40.4037465773353
        ],
        [
          -111.799508102421,
          40.4037467839225
        ],
        [
          -111.799509879289,
          40.4037469959821
        ],
        [
          -111.79951165436,
          40.4037472005171
        ],
        [
          -111.799513431228,
          40.4037473982114
        ],
        [
          -111.799515207197,
          40.4037476047985
        ],
        [
          -111.799516984064,
          40.4037478018088
        ],
        [
          -111.799518759136,
          40.4037480070279
        ],
        [
          -111.7995205378,
          40.4037482047222
        ],
        [
          -111.799522314667,
          40.4037484031006
        ],
        [
          -111.799524090637,
          40.4037485939543
        ],
        [
          -111.799525867504,
          40.4037487923326
        ],
        [
          -111.799527643474,
          40.4037489818182
        ],
        [
          -111.799529419443,
          40.4037491719878
        ],
        [
          -111.799531195412,
          40.4037493614734
        ],
        [
          -111.799532973178,
          40.4037495530111
        ],
        [
          -111.799534759927,
          40.4037497445489
        ],
        [
          -111.799536535897,
          40.4037499265098
        ],
        [
          -111.799538310968,
          40.4037501091547
        ],
        [
          -111.799540089632,
          40.4037502931678
        ],
        [
          -111.799541873686,
          40.4037504751286
        ],
        [
          -111.799543650554,
          40.4037506584576
        ],
        [
          -111.799545435506,
          40.4037508342619
        ],
        [
          -111.799547212374,
          40.4037510162227
        ],
        [
          -111.79954899014,
          40.403751192027
        ],
        [
          -111.799550775092,
          40.4037513657791
        ],
        [
          -111.799552551062,
          40.4037515347428
        ],
        [
          -111.799554338709,
          40.4037517105471
        ],
        [
          -111.799556112882,
          40.4037518795108
        ],
        [
          -111.799557901427,
          40.4037520464222
        ],
        [
          -111.7995596756,
          40.4037522147018
        ],
        [
          -111.799561462349,
          40.4037523829814
        ],
        [
          -111.799563249098,
          40.403752551261
        ],
        [
          -111.799565025068,
          40.4037527099637
        ],
        [
          -111.799566812715,
          40.4037528796114
        ],
        [
          -111.799568598566,
          40.4037530389982
        ],
        [
          -111.799570372738,
          40.4037531908602
        ],
        [
          -111.799572161284,
          40.4037533543514
        ],
        [
          -111.799573946237,
          40.4037535137381
        ],
        [
          -111.799575734782,
          40.4037536676524
        ],
        [
          -111.799577508955,
          40.4037538181463
        ],
        [
          -111.799579294806,
          40.4037539713765
        ],
        [
          -111.799581080657,
          40.4037541259748
        ],
        [
          -111.799582866507,
          40.4037542696281
        ],
        [
          -111.79958465146,
          40.4037544235424
        ],
        [
          -111.799586440006,
          40.4037545699319
        ],
        [
          -111.79958822406,
          40.4037547135852
        ],
        [
          -111.799590009911,
          40.4037548592907
        ],
        [
          -111.799591795761,
          40.4037549967874
        ],
        [
          -111.799593583409,
          40.403755143177
        ],
        [
          -111.799595367463,
          40.4037552813578
        ],
        [
          -111.79959715511,
          40.4037554181705
        ],
        [
          -111.799598940961,
          40.4037555563513
        ],
        [
          -111.799600726812,
          40.4037556945321
        ],
        [
          -111.799602510866,
          40.4037558265563
        ],
        [
          -111.799604296717,
          40.4037559551602
        ],
        [
          -111.799606083466,
          40.4037560919729
        ],
        [
          -111.799607869317,
          40.403756223313
        ],
        [
          -111.799609656066,
          40.4037563464444
        ],
        [
          -111.799611441917,
          40.4037564771005
        ],
        [
          -111.799613236751,
          40.4037565995478
        ],
        [
          -111.799615022601,
          40.4037567226792
        ],
        [
          -111.799616807554,
          40.4037568451266
        ],
        [
          -111.799618595201,
          40.403756968942
        ],
        [
          -111.799620391832,
          40.4037570907053
        ],
        [
          -111.799622176784,
          40.4037572083642
        ],
        [
          -111.799623962635,
          40.4037573301275
        ],
        [
          -111.799625748486,
          40.4037574457342
        ],
        [
          -111.799627546015,
          40.4037575606568
        ],
        [
          -111.799629330967,
          40.4037576680548
        ],
        [
          -111.799631124903,
          40.4037577843456
        ],
        [
          -111.799632911652,
          40.4037578924275
        ],
        [
          -111.799634699299,
          40.4037579998255
        ],
        [
          -111.799636494133,
          40.4037581072234
        ],
        [
          -111.799638279984,
          40.4037582159895
        ],
        [
          -111.799640075716,
          40.4037583233874
        ],
        [
          -111.799641862465,
          40.4037584246288
        ],
        [
          -111.79964364652,
          40.403758524502
        ],
        [
          -111.799645442252,
          40.4037586250593
        ],
        [
          -111.799647228103,
          40.4037587269847
        ],
        [
          -111.799649023835,
          40.4037588241217
        ],
        [
          -111.799650810584,
          40.4037589185225
        ],
        [
          -111.799652606316,
          40.4037590122392
        ],
        [
          -111.799654400252,
          40.4037591045877
        ],
        [
          -111.799656186103,
          40.4037591976203
        ],
        [
          -111.799657980937,
          40.403759291337
        ],
        [
          -111.799659768584,
          40.4037593836855
        ],
        [
          -111.799661563418,
          40.4037594691935
        ],
        [
          -111.799663358252,
          40.4037595553854
        ],
        [
          -111.799665145899,
          40.4037596402093
        ],
        [
          -111.799666938937,
          40.4037597250331
        ],
        [
          -111.799668726584,
          40.4037598016482
        ],
        [
          -111.799670522316,
          40.4037598871561
        ],
        [
          -111.79967231715,
          40.4037599658234
        ],
        [
          -111.799674111086,
          40.4037600438066
        ],
        [
          -111.799675898733,
          40.4037601217898
        ],
        [
          -111.799677693567,
          40.4037601922484
        ],
        [
          -111.799679486604,
          40.4037602702316
        ],
        [
          -111.799681274252,
          40.403760340006
        ],
        [
          -111.799683071781,
          40.4037604097805
        ],
        [
          -111.799684865716,
          40.4037604822912
        ],
        [
          -111.799686662347,
          40.4037605513816
        ],
        [
          -111.799688447299,
          40.4037606136313
        ],
        [
          -111.799690243032,
          40.4037606840898
        ],
        [
          -111.799692038764,
          40.4037607477077
        ],
        [
          -111.799693833598,
          40.4037608092734
        ],
        [
          -111.79969562933,
          40.4037608735754
        ],
        [
          -111.799697415181,
          40.4037609296686
        ],
        [
          -111.799699210015,
          40.4037609919183
        ],
        [
          -111.799701005747,
          40.4037610486956
        ],
        [
          -111.799702800581,
          40.4037611027366
        ],
        [
          -111.799704599008,
          40.4037611574616
        ],
        [
          -111.799706392944,
          40.4037612080823
        ],
        [
          -111.799708178795,
          40.4037612614393
        ],
        [
          -111.79970997273,
          40.4037613093237
        ],
        [
          -111.799711768463,
          40.4037613572081
        ],
        [
          -111.799713565093,
          40.4037614057766
        ],
        [
          -111.799715359029,
          40.4037614536611
        ],
        [
          -111.799717155659,
          40.4037614940208
        ],
        [
          -111.799718950493,
          40.4037615343805
        ],
        [
          -111.799720745327,
          40.4037615815809
        ],
        [
          -111.799722541059,
          40.4037616226247
        ],
        [
          -111.799724335893,
          40.4037616547756
        ],
        [
          -111.799726131626,
          40.4037616958194
        ],
        [
          -111.799727924663,
          40.4037617266023
        ],
        [
          -111.799729711412,
          40.4037617683301
        ],
        [
          -111.799731508043,
          40.4037618018492
        ],
        [
          -111.799733301978,
          40.4037618271596
        ],
        [
          -111.799735099507,
          40.4037618599946
        ],
        [
          -111.799736893443,
          40.403761885989
        ],
        [
          -111.799738690073,
          40.40376191814
        ],
        [
          -111.799740485805,
          40.4037619434503
        ],
        [
          -111.799742279741,
          40.4037619701288
        ],
        [
          -111.799744075473,
          40.4037619865463
        ],
        [
          -111.799745870307,
          40.4037620111726
        ],
        [
          -111.79974766604,
          40.4037620296423
        ],
        [
          -111.799749459077,
          40.4037620487961
        ],
        [
          -111.799751255707,
          40.4037620652136
        ],
        [
          -111.799753050541,
          40.4037620836833
        ],
        [
          -111.79975484807,
          40.403762101469
        ],
        [
          -111.799756642904,
          40.403762112414
        ],
        [
          -111.799758438636,
          40.4037621226749
        ],
        [
          -111.799760232572,
          40.4037621329359
        ],
        [
          -111.799762028304,
          40.4037621431968
        ],
        [
          -111.799763824935,
          40.4037621527737
        ],
        [
          -111.799765617074,
          40.4037621568781
        ],
        [
          -111.799767414603,
          40.4037621589303
        ],
        [
          -111.799769208538,
          40.4037621691912
        ],
        [
          -111.799771005169,
          40.4037621644028
        ],
        [
          -111.799772799105,
          40.4037621685071
        ],
        [
          -111.799774593939,
          40.4037621712434
        ],
        [
          -111.799776388772,
          40.403762167139
        ],
        [
          -111.799778185403,
          40.4037621623506
        ],
        [
          -111.799779980237,
          40.4037621575621
        ],
        [
          -111.799781775071,
          40.4037621534577
        ],
        [
          -111.799783569905,
          40.4037621404606
        ],
        [
          -111.799785364739,
          40.4037621356721
        ],
        [
          -111.799787160471,
          40.403762123359
        ],
        [
          -111.799788955305,
          40.403762112414
        ],
        [
          -111.799790762715,
          40.4037620987327
        ],
        [
          -111.799792555753,
          40.4037620795789
        ],
        [
          -111.799794350587,
          40.4037620679499
        ],
        [
          -111.799796146319,
          40.403762048112
        ],
        [
          -111.799797941153,
          40.4037620289583
        ],
        [
          -111.799799736885,
          40.4037620084364
        ],
        [
          -111.799801529922,
          40.4037619892826
        ],
        [
          -111.799803325655,
          40.4037619632882
        ],
        [
          -111.799805122285,
          40.4037619441344
        ],
        [
          -111.799806916221,
          40.4037619154037
        ],
        [
          -111.799808712851,
          40.4037618887253
        ],
        [
          -111.799810506787,
          40.4037618552062
        ],
        [
          -111.799812300723,
          40.4037618285277
        ],
        [
          -111.799814096455,
          40.4037617929564
        ],
        [
          -111.799815891289,
          40.4037617587532
        ],
        [
          -111.799817688818,
          40.4037617245501
        ],
        [
          -111.799819471973,
          40.4037616876107
        ],
        [
          -111.799821267706,
          40.4037616540916
        ],
        [
          -111.799823061641,
          40.4037616116796
        ],
        [
          -111.799824857374,
          40.4037615774765
        ],
        [
          -111.799826653106,
          40.4037615357487
        ],
        [
          -111.799828447042,
          40.4037614926527
        ],
        [
          -111.799830242774,
          40.4037614434001
        ],
        [
          -111.799832038506,
          40.4037614016722
        ],
        [
          -111.799833831543,
          40.4037613524197
        ],
        [
          -111.799835626377,
          40.4037613024831
        ],
        [
          -111.799837422109,
          40.4037612525465
        ],
        [
          -111.799839217842,
          40.4037612032939
        ],
        [
          -111.799841010879,
          40.4037611458326
        ],
        [
          -111.799842808408,
          40.403761095896
        ],
        [
          -111.799844602344,
          40.4037610404868
        ],
        [
          -111.799846385499,
          40.4037609837096
        ],
        [
          -111.79984818213,
          40.4037609241961
        ],
        [
          -111.799849976066,
          40.4037608612623
        ],
        [
          -111.799851772696,
          40.4037608031169
        ],
        [
          -111.799853568428,
          40.403760739499
        ],
        [
          -111.799855362364,
          40.403760674513
        ],
        [
          -111.799857157198,
          40.403760610211
        ],
        [
          -111.79985894215,
          40.403760544541
        ],
        [
          -111.799860737883,
          40.4037604720302
        ],
        [
          -111.799862532717,
          40.4037604090964
        ],
        [
          -111.799864326652,
          40.4037603372698
        ],
        [
          -111.799866121486,
          40.403760264075
        ],
        [
          -111.79986790554,
          40.4037601840396
        ],
        [
          -111.799869702171,
          40.4037601122129
        ],
        [
          -111.799871497005,
          40.4037600335456
        ],
        [
          -111.799873290042,
          40.4037599541943
        ],
        [
          -111.799875085774,
          40.4037598734749
        ],
        [
          -111.799876870727,
          40.4037597941235
        ],
        [
          -111.799878664663,
          40.4037597161403
        ],
        [
          -111.799880461293,
          40.403759627212
        ],
        [
          -111.799882244449,
          40.4037595485448
        ],
        [
          -111.799884041978,
          40.4037594609847
        ],
        [
          -111.799885835913,
          40.4037593665839
        ],
        [
          -111.799887619968,
          40.4037592783398
        ],
        [
          -111.799889416598,
          40.4037591914637
        ],
        [
          -111.799891211432,
          40.403759097063
        ],
        [
          -111.799892995486,
          40.4037590026623
        ],
        [
          -111.799894791218,
          40.4037589082615
        ],
        [
          -111.799896586052,
          40.4037588138608
        ],
        [
          -111.799898369208,
          40.4037587126194
        ],
        [
          -111.799900165839,
          40.4037586168506
        ],
        [
          -111.799901949893,
          40.4037585162932
        ],
        [
          -111.799903744727,
          40.4037584129997
        ],
        [
          -111.799905526984,
          40.4037583103902
        ],
        [
          -111.799907324513,
          40.4037582009401
        ],
        [
          -111.799909119347,
          40.4037581003828
        ],
        [
          -111.799910901605,
          40.4037579895645
        ],
        [
          -111.799912699134,
          40.4037578787463
        ],
        [
          -111.799914484086,
          40.4037577713483
        ],
        [
          -111.79991626814,
          40.4037576625823
        ],
        [
          -111.799918062076,
          40.4037575428712
        ],
        [
          -111.799919847927,
          40.4037574265804
        ],
        [
          -111.799921643659,
          40.4037573171303
        ],
        [
          -111.799923426815,
          40.4037572008395
        ],
        [
          -111.799925222547,
          40.403757077024
        ],
        [
          -111.7999270075,
          40.4037569586811
        ],
        [
          -111.799928791554,
          40.4037568334975
        ],
        [
          -111.799930586388,
          40.403756708998
        ],
        [
          -111.799932370442,
          40.4037565872347
        ],
        [
          -111.799934155394,
          40.4037564593149
        ],
        [
          -111.799935941245,
          40.4037563361835
        ],
        [
          -111.799937734282,
          40.4037562041592
        ],
        [
          -111.799939521031,
          40.4037560782916
        ],
        [
          -111.799941303289,
          40.4037559469514
        ],
        [
          -111.799943088241,
          40.4037558149272
        ],
        [
          -111.799944884872,
          40.4037556753783
        ],
        [
          -111.799946668028,
          40.4037555440382
        ],
        [
          -111.799948453879,
          40.4037554051733
        ],
        [
          -111.799950238831,
          40.4037552649403
        ],
        [
          -111.799952022885,
          40.4037551240232
        ],
        [
          -111.799953806939,
          40.4037549844743
        ],
        [
          -111.799955602672,
          40.4037548387688
        ],
        [
          -111.799957386726,
          40.4037546978518
        ],
        [
          -111.799959172577,
          40.4037545521463
        ],
        [
          -111.799960957529,
          40.4037544043886
        ],
        [
          -111.799962742482,
          40.4037542579991
        ],
        [
          -111.799964524739,
          40.4037541027166
        ],
        [
          -111.799966311488,
          40.4037539570112
        ],
        [
          -111.799968097339,
          40.4037538003607
        ],
        [
          -111.799969878698,
          40.4037536464464
        ],
        [
          -111.799971656464,
          40.4037534925321
        ],
        [
          -111.799973438722,
          40.4037533372498
        ],
        [
          -111.799975225471,
          40.4037531744427
        ],
        [
          -111.799977009525,
          40.4037530205284
        ],
        [
          -111.799978796274,
          40.4037528584054
        ],
        [
          -111.79998057943,
          40.4037526969664
        ],
        [
          -111.799982356297,
          40.4037525348434
        ],
        [
          -111.799984136758,
          40.4037523651957
        ],
        [
          -111.799985922609,
          40.4037522030727
        ],
        [
          -111.799987707562,
          40.403752034109
        ],
        [
          -111.799989482633,
          40.4037518637773
        ],
        [
          -111.799991267585,
          40.4037516941295
        ],
        [
          -111.799993051639,
          40.4037515169571
        ],
        [
          -111.79999482671,
          40.4037513479935
        ],
        [
          -111.799996610764,
          40.4037511715051
        ],
        [
          -111.799998394819,
          40.4037509943327
        ],
        [
          -111.800000170788,
          40.4037508171603
        ],
        [
          -111.800001954842,
          40.4037506386198
        ],
        [
          -111.800003729913,
          40.4037504546067
        ],
        [
          -111.800005515764,
          40.4037502781184
        ],
        [
          -111.800007290835,
          40.4037500941053
        ],
        [
          -111.800009073991,
          40.4037499087241
        ],
        [
          -111.80001084996,
          40.403749724027
        ],
        [
          -111.800012623234,
          40.4037495318052
        ],
        [
          -111.800014409085,
          40.4037493491603
        ],
        [
          -111.800016181461,
          40.4037491569384
        ],
        [
          -111.800017956532,
          40.4037489640326
        ],
        [
          -111.800019740586,
          40.4037487718108
        ],
        [
          -111.800021515657,
          40.4037485713801
        ],
        [
          -111.800023291627,
          40.4037483805265
        ],
        [
          -111.800025068494,
          40.403748181464
        ],
        [
          -111.80002685165,
          40.4037479803494
        ],
        [
          -111.800028624026,
          40.4037477806029
        ],
        [
          -111.800030400894,
          40.4037475815404
        ],
        [
          -111.800032175066,
          40.4037473817939
        ],
        [
          -111.800033951036,
          40.4037471752067
        ],
        [
          -111.800035723412,
          40.4037469686196
        ],
        [
          -111.800037497585,
          40.4037467613484
        ],
        [
          -111.800039273554,
          40.4037465547612
        ],
        [
          -111.800041049523,
          40.40374634749
        ],
        [
          -111.800042823696,
          40.40374613201
        ],
        [
          -111.800044598767,
          40.4037459178982
        ],
        [
          -111.800046371143,
          40.4037457037863
        ],
        [
          -111.800048146214,
          40.4037454876223
        ],
        [
          -111.8000499132,
          40.4037452755626
        ],
        [
          -111.800051686474,
          40.403745053242
        ],
        [
          -111.800053459749,
          40.403744838446
        ],
        [
          -111.800055236616,
          40.4037446168095
        ],
        [
          -111.800057000009,
          40.4037443938048
        ],
        [
          -111.80005877508,
          40.4037441708001
        ],
        [
          -111.800060550151,
          40.4037439423229
        ],
        [
          -111.800062314443,
          40.4037437193182
        ],
        [
          -111.800064089514,
          40.4037434887889
        ],
        [
          -111.800065854703,
          40.4037432616798
        ],
        [
          -111.800067627079,
          40.4037430311504
        ],
        [
          -111.800069393167,
          40.4037427958326
        ],
        [
          -111.80007116734,
          40.4037425659872
        ],
        [
          -111.800072932529,
          40.4037423279332
        ],
        [
          -111.8000747076,
          40.4037420912472
        ],
        [
          -111.800076470095,
          40.4037418559294
        ],
        [
          -111.800078236183,
          40.4037416165071
        ],
        [
          -111.800080009457,
          40.4037413805053
        ],
        [
          -111.800081776443,
          40.4037411349264
        ],
        [
          -111.800083540734,
          40.4037408893477
        ],
        [
          -111.800085305924,
          40.4037406478732
        ],
        [
          -111.800087079198,
          40.4037404029785
        ],
        [
          -111.800088845286,
          40.4037401573997
        ],
        [
          -111.800090607781,
          40.4037399063484
        ],
        [
          -111.800092373869,
          40.403739653929
        ],
        [
          -111.800094136363,
          40.4037394021936
        ],
        [
          -111.800095903349,
          40.4037391490901
        ],
        [
          -111.800097666742,
          40.4037388980388
        ],
        [
          -111.800099431932,
          40.4037386380947
        ],
        [
          -111.800101197121,
          40.4037383856752
        ],
        [
          -111.800102964107,
          40.4037381270992
        ],
        [
          -111.800104716721,
          40.403737866471
        ],
        [
          -111.800106480113,
          40.4037376065269
        ],
        [
          -111.800108246201,
          40.4037373397421
        ],
        [
          -111.800110009594,
          40.4037370811661
        ],
        [
          -111.800111765801,
          40.4037368143813
        ],
        [
          -111.800113529194,
          40.4037365469125
        ],
        [
          -111.800115294383,
          40.4037362801277
        ],
        [
          -111.800117048793,
          40.4037360058183
        ],
        [
          -111.800118812186,
          40.4037357390335
        ],
        [
          -111.80012056929,
          40.4037354640399
        ],
        [
          -111.800122332683,
          40.4037351904145
        ],
        [
          -111.800124085296,
          40.4037349147369
        ],
        [
          -111.800125852283,
          40.4037346411115
        ],
        [
          -111.800127608489,
          40.4037343661179
        ],
        [
          -111.800129361102,
          40.4037340849678
        ],
        [
          -111.800131126292,
          40.4037338024496
        ],
        [
          -111.800132882498,
          40.4037335212994
        ],
        [
          -111.800134635111,
          40.4037332380971
        ],
        [
          -111.800136391318,
          40.4037329555789
        ],
        [
          -111.800138144829,
          40.4037326669041
        ],
        [
          -111.800139901035,
          40.4037323768611
        ],
        [
          -111.800141654547,
          40.403732095711
        ],
        [
          -111.800143409855,
          40.4037317981433
        ],
        [
          -111.800280215188,
          40.4037091296406
        ],
        [
          -111.800274438122,
          40.4037224326282
        ],
        [
          -111.80019531541,
          40.4039046984111
        ],
        [
          -111.800193550221,
          40.4039087672107
        ],
        [
          -111.800191794014,
          40.4039090483601
        ],
        [
          -111.80019068729,
          40.4039092323727
        ],
        [
          -111.800190038706,
          40.4039093315617
        ],
        [
          -111.800188931084,
          40.4039095210468
        ],
        [
          -111.800188281602,
          40.4039096195516
        ],
        [
          -111.800187173979,
          40.403909811773
        ],
        [
          -111.800186528988,
          40.4039099089098
        ],
        [
          -111.800185421366,
          40.4039100922383
        ],
        [
          -111.800184772782,
          40.4039101921114
        ],
        [
          -111.800183665159,
          40.4039103747558
        ],
        [
          -111.800183010288,
          40.4039104821535
        ],
        [
          -111.800181901766,
          40.403910664114
        ],
        [
          -111.800181257674,
          40.403910763987
        ],
        [
          -111.800180149153,
          40.4039109459474
        ],
        [
          -111.800179501468,
          40.4039110451363
        ],
        [
          -111.800178392947,
          40.4039112270968
        ],
        [
          -111.80017774616,
          40.4039113283379
        ],
        [
          -111.800176635842,
          40.4039115007215
        ],
        [
          -111.80017598097,
          40.4039116026467
        ],
        [
          -111.800175019773,
          40.4039117627171
        ],
        [
          -111.800174874246,
          40.403911783923
        ],
        [
          -111.800174225662,
          40.4039118824279
        ],
        [
          -111.800173118938,
          40.4039120582318
        ],
        [
          -111.800172472151,
          40.4039121587889
        ],
        [
          -111.800171351952,
          40.4039123318565
        ],
        [
          -111.800170705165,
          40.4039124317295
        ],
        [
          -111.80016959844,
          40.4039126082174
        ],
        [
          -111.800168952552,
          40.4039127074064
        ],
        [
          -111.800167844031,
          40.4039128825262
        ],
        [
          -111.800167186464,
          40.4039129817152
        ],
        [
          -111.800166079739,
          40.4039131561509
        ],
        [
          -111.800165432952,
          40.403913256708
        ],
        [
          -111.80016431455,
          40.4039134318278
        ],
        [
          -111.800163668661,
          40.4039135241761
        ],
        [
          -111.800162559242,
          40.4039136992959
        ],
        [
          -111.800161913353,
          40.403913788908
        ],
        [
          -111.800160795849,
          40.403913965396
        ],
        [
          -111.80016014996,
          40.4039140625327
        ],
        [
          -111.800159042337,
          40.4039142335482
        ],
        [
          -111.800158382974,
          40.403914331369
        ],
        [
          -111.80015727625,
          40.4039144989641
        ],
        [
          -111.800156629463,
          40.4039145913124
        ],
        [
          -111.800155511958,
          40.4039147678003
        ],
        [
          -111.80015486607,
          40.4039148594646
        ],
        [
          -111.80015375665,
          40.4039150250076
        ],
        [
          -111.800153099982,
          40.4039151248805
        ],
        [
          -111.800151992359,
          40.4039152931598
        ],
        [
          -111.800151344674,
          40.4039153841399
        ],
        [
          -111.80015022717,
          40.4039155531032
        ],
        [
          -111.800149580383,
          40.4039156447675
        ],
        [
          -111.800148462878,
          40.4039158109945
        ],
        [
          -111.800147815193,
          40.4039159026587
        ],
        [
          -111.800146699485,
          40.403916071622
        ],
        [
          -111.8001460518,
          40.4039161639703
        ],
        [
          -111.800144943279,
          40.4039163308814
        ],
        [
          -111.800144286611,
          40.4039164232297
        ],
        [
          -111.800143178089,
          40.4039165901408
        ],
        [
          -111.800142523218,
          40.4039166735963
        ],
        [
          -111.800141413798,
          40.4039168418754
        ],
        [
          -111.800140756231,
          40.4039169335397
        ],
        [
          -111.800139651304,
          40.4039170936102
        ],
        [
          -111.800138993737,
          40.4039171866426
        ],
        [
          -111.800137885216,
          40.403917347397
        ],
        [
          -111.800137227649,
          40.4039174383772
        ],
        [
          -111.800136121823,
          40.4039175984477
        ],
        [
          -111.800135464256,
          40.4039176914801
        ],
        [
          -111.800135050133,
          40.4039177592022
        ],
        [
          -111.800134354837,
          40.4039178419736
        ],
        [
          -111.800133708948,
          40.4039179644207
        ],
        [
          -111.800133287638,
          40.4039180239341
        ],
        [
          -111.80013259863,
          40.4039181326998
        ],
        [
          -111.800132170134,
          40.4039181710073
        ],
        [
          -111.800131932979,
          40.4039181956336
        ],
        [
          -111.800131748824,
          40.4039182106829
        ],
        [
          -111.800130169586,
          40.403918444632
        ],
        [
          -111.800129982736,
          40.4039184747307
        ],
        [
          -111.800128403498,
          40.4039186902101
        ],
        [
          -111.800128268751,
          40.4039187141523
        ],
        [
          -111.800128220242,
          40.4039187203088
        ],
        [
          -111.800126640105,
          40.4039189351042
        ],
        [
          -111.800126503561,
          40.4039189556261
        ],
        [
          -111.800126443374,
          40.403918965887
        ],
        [
          -111.800124874017,
          40.4039191806823
        ],
        [
          -111.800124737473,
          40.4039192025723
        ],
        [
          -111.800124679981,
          40.403919210097
        ],
        [
          -111.800123101641,
          40.4039194242083
        ],
        [
          -111.800122973182,
          40.4039194467823
        ],
        [
          -111.800122913893,
          40.4039194556751
        ],
        [
          -111.800121335553,
          40.4039196691024
        ],
        [
          -111.800121199908,
          40.4039196834677
        ],
        [
          -111.8001211505,
          40.4039196909924
        ],
        [
          -111.800119573059,
          40.4039199057877
        ],
        [
          -111.80011943382,
          40.4039199297299
        ],
        [
          -111.800119375429,
          40.4039199352024
        ],
        [
          -111.800117807869,
          40.4039201424731
        ],
        [
          -111.800117670427,
          40.4039201650471
        ],
        [
          -111.800117612935,
          40.4039201725718
        ],
        [
          -111.800116033697,
          40.4039203805265
        ],
        [
          -111.800115896254,
          40.4039204024165
        ],
        [
          -111.800115846847,
          40.4039204106252
        ],
        [
          -111.800114267609,
          40.4039206240525
        ],
        [
          -111.800114130166,
          40.4039206397859
        ],
        [
          -111.800114070878,
          40.4039206466265
        ],
        [
          -111.800112493436,
          40.4039208538972
        ],
        [
          -111.800112367672,
          40.4039208771553
        ],
        [
          -111.800112307485,
          40.403920885364
        ],
        [
          -111.800110727348,
          40.4039210905825
        ],
        [
          -111.800110590804,
          40.4039211063159
        ],
        [
          -111.800110531515,
          40.4039211131566
        ],
        [
          -111.800108954074,
          40.4039213197432
        ],
        [
          -111.800108826513,
          40.4039213430013
        ],
        [
          -111.800108769021,
          40.403921351894
        ],
        [
          -111.800107188884,
          40.4039215577966
        ],
        [
          -111.80010705234,
          40.4039215714778
        ],
        [
          -111.80010699395,
          40.4039215810547
        ],
        [
          -111.800105423695,
          40.4039217876414
        ],
        [
          -111.800105288947,
          40.4039218020066
        ],
        [
          -111.80010522876,
          40.4039218095313
        ],
        [
          -111.800103649522,
          40.403922016802
        ],
        [
          -111.800103512978,
          40.4039220304832
        ],
        [
          -111.800103453689,
          40.403922039376
        ],
        [
          -111.800101876248,
          40.4039222370698
        ],
        [
          -111.800101737009,
          40.403922260328
        ],
        [
          -111.800101689398,
          40.4039222692208
        ],
        [
          -111.80010011016,
          40.4039224675986
        ],
        [
          -111.800099973616,
          40.4039224915408
        ],
        [
          -111.800099916124,
          40.4039224990654
        ],
        [
          -111.800098334191,
          40.4039226988115
        ],
        [
          -111.800098199443,
          40.4039227118086
        ],
        [
          -111.800098148239,
          40.4039227213855
        ],
        [
          -111.800096560916,
          40.4039229190793
        ],
        [
          -111.800096432457,
          40.4039229341287
        ],
        [
          -111.800096374067,
          40.4039229416533
        ],
        [
          -111.800094795727,
          40.4039231413993
        ],
        [
          -111.800094659183,
          40.4039231646574
        ],
        [
          -111.800094600792,
          40.4039231639733
        ],
        [
          -111.800093020656,
          40.4039233650875
        ],
        [
          -111.800092884112,
          40.4039233794528
        ],
        [
          -111.800092827518,
          40.4039233869774
        ],
        [
          -111.800091247381,
          40.4039235860394
        ],
        [
          -111.800091110837,
          40.4039235997206
        ],
        [
          -111.800091058735,
          40.4039236092975
        ],
        [
          -111.800089482192,
          40.4039238069913
        ],
        [
          -111.800089343851,
          40.4039238220407
        ],
        [
          -111.800089286359,
          40.4039238295653
        ],
        [
          -111.800087706222,
          40.4039240231548
        ],
        [
          -111.800087570577,
          40.403924036836
        ],
        [
          -111.800087513085,
          40.4039240457288
        ],
        [
          -111.800085934745,
          40.4039242358979
        ],
        [
          -111.800085796404,
          40.403924259156
        ],
        [
          -111.800085737115,
          40.4039242659966
        ],
        [
          -111.800084157877,
          40.403924458902
        ],
        [
          -111.800084020435,
          40.4039244753195
        ],
        [
          -111.800083960248,
          40.4039244814761
        ],
        [
          -111.800082382806,
          40.4039246730133
        ],
        [
          -111.800082243567,
          40.4039246873786
        ],
        [
          -111.800082197753,
          40.4039246955874
        ],
        [
          -111.800080607735,
          40.4039248795999
        ],
        [
          -111.800080470293,
          40.4039249021739
        ],
        [
          -111.800080421784,
          40.4039249110667
        ],
        [
          -111.800078834461,
          40.4039250950793
        ],
        [
          -111.8000787069,
          40.4039251101287
        ],
        [
          -111.800078647611,
          40.4039251183374
        ],
        [
          -111.800077066576,
          40.4039253085065
        ],
        [
          -111.800076930032,
          40.40392532424
        ],
        [
          -111.800076871642,
          40.4039253324487
        ],
        [
          -111.8000752942,
          40.4039255157772
        ],
        [
          -111.800075159453,
          40.4039255321947
        ],
        [
          -111.800075099266,
          40.4039255383513
        ],
        [
          -111.800073520926,
          40.4039257237319
        ],
        [
          -111.800073382585,
          40.4039257387813
        ],
        [
          -111.800073324195,
          40.403925746306
        ],
        [
          -111.800071744956,
          40.4039259296345
        ],
        [
          -111.800071607514,
          40.4039259453679
        ],
        [
          -111.800071547327,
          40.4039259535767
        ],
        [
          -111.800069971682,
          40.4039261362211
        ],
        [
          -111.800069832443,
          40.4039261526386
        ],
        [
          -111.800069774053,
          40.4039261581111
        ],
        [
          -111.80006818673,
          40.4039263441758
        ],
        [
          -111.800068059169,
          40.4039263592252
        ],
        [
          -111.800068000778,
          40.403926368118
        ],
        [
          -111.800066412557,
          40.4039265446059
        ],
        [
          -111.800066274216,
          40.4039265589712
        ],
        [
          -111.800066225707,
          40.4039265664958
        ],
        [
          -111.800064635689,
          40.4039267498243
        ],
        [
          -111.800064500044,
          40.4039267669259
        ],
        [
          -111.800064450636,
          40.4039267737665
        ],
        [
          -111.800062863313,
          40.4039269509385
        ],
        [
          -111.800062724074,
          40.4039269666719
        ],
        [
          -111.800062665684,
          40.4039269741966
        ],
        [
          -111.800061086446,
          40.4039271506844
        ],
        [
          -111.800060949902,
          40.4039271643657
        ],
        [
          -111.800060890613,
          40.4039271739426
        ],
        [
          -111.800059312273,
          40.4039273490623
        ],
        [
          -111.800059173932,
          40.4039273647957
        ],
        [
          -111.80005911644,
          40.4039273716363
        ],
        [
          -111.8000575381,
          40.4039275494924
        ],
        [
          -111.800057401556,
          40.4039275645417
        ],
        [
          -111.800057344064,
          40.4039275720664
        ],
        [
          -111.800055754046,
          40.4039277417137
        ],
        [
          -111.800055614807,
          40.4039277560789
        ],
        [
          -111.800055568993,
          40.4039277656558
        ],
        [
          -111.800053977178,
          40.4039279325669
        ],
        [
          -111.800053841533,
          40.403927957193
        ],
        [
          -111.800053782244,
          40.403927956509
        ],
        [
          -111.800052204802,
          40.403928133681
        ],
        [
          -111.800052066462,
          40.4039281473622
        ],
        [
          -111.80005200897,
          40.403928156255
        ],
        [
          -111.800050428833,
          40.4039283245341
        ],
        [
          -111.800050292289,
          40.4039283388994
        ],
        [
          -111.800050233899,
          40.4039283477922
        ],
        [
          -111.800048644779,
          40.4039285160714
        ],
        [
          -111.800048507337,
          40.4039285304367
        ],
        [
          -111.800048449844,
          40.4039285400135
        ],
        [
          -111.800046871505,
          40.4039287021361
        ],
        [
          -111.800046732266,
          40.4039287158173
        ],
        [
          -111.800046672977,
          40.4039287260783
        ],
        [
          -111.800045085654,
          40.4039288929893
        ],
        [
          -111.800044957195,
          40.4039289094068
        ],
        [
          -111.800044897008,
          40.4039289148793
        ],
        [
          -111.800043311481,
          40.4039290776859
        ],
        [
          -111.80004317314,
          40.4039290927353
        ],
        [
          -111.800043113852,
          40.40392910026
        ],
        [
          -111.800041535512,
          40.4039292699072
        ],
        [
          -111.800041398968,
          40.4039292856406
        ],
        [
          -111.800041336984,
          40.4039292856406
        ],
        [
          -111.800039752356,
          40.4039294532358
        ],
        [
          -111.800039614015,
          40.4039294696532
        ],
        [
          -111.800039564608,
          40.4039294764938
        ],
        [
          -111.800037975488,
          40.4039296399846
        ],
        [
          -111.800037839843,
          40.4039296543498
        ],
        [
          -111.800037781452,
          40.4039296536658
        ],
        [
          -111.800036192332,
          40.4039298171565
        ],
        [
          -111.800036053094,
          40.4039298315218
        ],
        [
          -111.800036006381,
          40.4039298390464
        ],
        [
          -111.800034416363,
          40.403930000485
        ],
        [
          -111.800034280717,
          40.4039300155343
        ],
        [
          -111.800034221429,
          40.4039300244271
        ],
        [
          -111.800032632309,
          40.4039301776569
        ],
        [
          -111.800032495765,
          40.4039301940744
        ],
        [
          -111.800032446358,
          40.4039302015991
        ],
        [
          -111.800030859035,
          40.4039303630376
        ],
        [
          -111.800030719796,
          40.403930378771
        ],
        [
          -111.800030661405,
          40.4039303794551
        ],
        [
          -111.800029073184,
          40.4039305381574
        ],
        [
          -111.80002893664,
          40.4039305538908
        ],
        [
          -111.800028877351,
          40.4039305538908
        ],
        [
          -111.800027299011,
          40.4039307153293
        ],
        [
          -111.800027160671,
          40.4039307317468
        ],
        [
          -111.800027101382,
          40.4039307310627
        ],
        [
          -111.800025514059,
          40.4039308931853
        ],
        [
          -111.800025375718,
          40.4039309013941
        ],
        [
          -111.800025317328,
          40.4039309089187
        ],
        [
          -111.800023728208,
          40.4039310635167
        ],
        [
          -111.800023592562,
          40.4039310771979
        ],
        [
          -111.800023544053,
          40.4039310860907
        ],
        [
          -111.800021954035,
          40.4039312304277
        ],
        [
          -111.800021816593,
          40.4039312495814
        ],
        [
          -111.800021757304,
          40.4039312543698
        ],
        [
          -111.800020171778,
          40.4039314103359
        ],
        [
          -111.800020033437,
          40.4039314240171
        ],
        [
          -111.800019974148,
          40.4039314247012
        ],
        [
          -111.800018385029,
          40.403931578615
        ],
        [
          -111.800018259264,
          40.4039315943484
        ],
        [
          -111.800018198179,
          40.4039315943484
        ],
        [
          -111.800016612652,
          40.4039317489463
        ],
        [
          -111.800016472515,
          40.4039317639957
        ],
        [
          -111.800016414125,
          40.4039317633116
        ],
        [
          -111.800014825005,
          40.4039319179095
        ],
        [
          -111.800014688461,
          40.4039319261183
        ],
        [
          -111.800014630071,
          40.403931934327
        ],
        [
          -111.800013039154,
          40.4039320807162
        ],
        [
          -111.800012901712,
          40.4039320950815
        ],
        [
          -111.800012854101,
          40.4039321032902
        ],
        [
          -111.800011266778,
          40.4039322489953
        ],
        [
          -111.800011129336,
          40.4039322578881
        ],
        [
          -111.800011070047,
          40.4039322647287
        ],
        [
          -111.800009480029,
          40.403932411802
        ],
        [
          -111.800009341689,
          40.4039324268513
        ],
        [
          -111.800009285993,
          40.4039324275354
        ],
        [
          -111.800007695077,
          40.4039325732405
        ],
        [
          -111.800007559431,
          40.4039325889739
        ],
        [
          -111.800007500142,
          40.4039325964986
        ],
        [
          -111.800005911921,
          40.4039327360471
        ],
        [
          -111.800005775377,
          40.4039327517805
        ],
        [
          -111.800005716088,
          40.4039327586212
        ],
        [
          -111.800004127867,
          40.4039328988538
        ],
        [
          -111.800003989526,
          40.403932912535
        ],
        [
          -111.800003940119,
          40.403932913219
        ],
        [
          -111.800002342016,
          40.4039330602923
        ],
        [
          -111.800002215353,
          40.403933068501
        ],
        [
          -111.800002156065,
          40.4039330746576
        ],
        [
          -111.800000566945,
          40.4039332135221
        ],
        [
          -111.800000432198,
          40.4039332299395
        ],
        [
          -111.800000372909,
          40.4039332292555
        ],
        [
          -111.799998781992,
          40.403933368804
        ],
        [
          -111.79999864455,
          40.4039333845375
        ],
        [
          -111.79999858616,
          40.4039333920621
        ],
        [
          -111.799996997938,
          40.403933524086
        ],
        [
          -111.799996861394,
          40.4039335384513
        ],
        [
          -111.799996802106,
          40.403933545976
        ],
        [
          -111.799995212986,
          40.4039336779998
        ],
        [
          -111.799995075544,
          40.4039336944173
        ],
        [
          -111.799995017153,
          40.4039336998898
        ],
        [
          -111.79999342983,
          40.4039338325978
        ],
        [
          -111.799993290591,
          40.4039338476471
        ],
        [
          -111.799993233099,
          40.4039338565399
        ],
        [
          -111.799991642183,
          40.4039339878797
        ],
        [
          -111.799991505639,
          40.4039339947203
        ],
        [
          -111.799991447248,
          40.4039340036131
        ],
        [
          -111.799989859925,
          40.4039341335848
        ],
        [
          -111.799989723381,
          40.4039341506863
        ],
        [
          -111.799989663194,
          40.4039341561589
        ],
        [
          -111.799988073176,
          40.4039342895508
        ],
        [
          -111.79998793753,
          40.4039342963915
        ],
        [
          -111.799987880038,
          40.4039343046002
        ],
        [
          -111.799986289122,
          40.40393443594
        ],
        [
          -111.799986152578,
          40.4039344441488
        ],
        [
          -111.799986095086,
          40.4039344523575
        ],
        [
          -111.799984505068,
          40.4039345836973
        ],
        [
          -111.799984368524,
          40.4039345905379
        ],
        [
          -111.799984307438,
          40.4039345973785
        ],
        [
          -111.799982721013,
          40.4039347300865
        ],
        [
          -111.799982581775,
          40.4039347382952
        ],
        [
          -111.799982522486,
          40.4039347465039
        ],
        [
          -111.799980936061,
          40.403934869635
        ],
        [
          -111.79998079772,
          40.4039348860525
        ],
        [
          -111.79998073933,
          40.4039348860525
        ],
        [
          -111.799979149312,
          40.4039350091836
        ],
        [
          -111.799979012768,
          40.4039350242329
        ],
        [
          -111.799978738782,
          40.403935047491
        ],
        [
          -111.799977366156,
          40.4039351569408
        ],
        [
          -111.799977228714,
          40.4039351644656
        ],
        [
          -111.799976954728,
          40.4039351870396
        ],
        [
          -111.799975570424,
          40.4039352978575
        ],
        [
          -111.799975432982,
          40.40393530333
        ],
        [
          -111.799975170673,
          40.4039353334288
        ],
        [
          -111.799973785471,
          40.4039354360379
        ],
        [
          -111.799973646232,
          40.4039354435626
        ],
        [
          -111.799973383924,
          40.4039354668207
        ],
        [
          -111.799972002315,
          40.4039355755865
        ],
        [
          -111.799971863975,
          40.4039355837952
        ],
        [
          -111.799971590887,
          40.4039356063693
        ],
        [
          -111.799970217363,
          40.4039357069263
        ],
        [
          -111.799970078124,
          40.4039357219756
        ],
        [
          -111.799969804138,
          40.4039357459178
        ],
        [
          -111.799968430614,
          40.403935847843
        ],
        [
          -111.79996829407,
          40.4039358539996
        ],
        [
          -111.799968020982,
          40.4039358786257
        ],
        [
          -111.799966648356,
          40.4039359784987
        ],
        [
          -111.799966511812,
          40.4039359942321
        ],
        [
          -111.79996623603,
          40.4039360168062
        ],
        [
          -111.799964851726,
          40.4039361112067
        ],
        [
          -111.79996471608,
          40.4039361269401
        ],
        [
          -111.799964451077,
          40.4039361495141
        ],
        [
          -111.799963066773,
          40.4039362432305
        ],
        [
          -111.799962930229,
          40.4039362582799
        ],
        [
          -111.799962657142,
          40.4039362794858
        ],
        [
          -111.799961283618,
          40.4039363745703
        ],
        [
          -111.799961147074,
          40.4039363903038
        ],
        [
          -111.799960872189,
          40.4039364135619
        ],
        [
          -111.799959497767,
          40.4039365086464
        ],
        [
          -111.799959359426,
          40.4039365141189
        ],
        [
          -111.799959086338,
          40.403936538061
        ],
        [
          -111.799957704729,
          40.4039366399862
        ],
        [
          -111.799957566389,
          40.4039366461428
        ],
        [
          -111.799957301386,
          40.4039366687168
        ],
        [
          -111.79995591798,
          40.4039367624332
        ],
        [
          -111.799955781436,
          40.403936771326
        ],
        [
          -111.79995550745,
          40.403936793216
        ],
        [
          -111.799954133028,
          40.4039368903527
        ],
        [
          -111.799953996484,
          40.4039368965092
        ],
        [
          -111.799953722498,
          40.4039369197674
        ],
        [
          -111.799952347177,
          40.4039370134838
        ],
        [
          -111.799952209735,
          40.4039370203244
        ],
        [
          -111.799951936647,
          40.4039370442665
        ],
        [
          -111.799950555038,
          40.4039371372989
        ],
        [
          -111.799950416698,
          40.4039371461917
        ],
        [
          -111.799950144508,
          40.4039371687657
        ],
        [
          -111.799948771882,
          40.4039372624822
        ],
        [
          -111.799948631745,
          40.403937271375
        ],
        [
          -111.799948357759,
          40.4039372918968
        ],
        [
          -111.799946973455,
          40.4039373801408
        ],
        [
          -111.799946835114,
          40.403937393822
        ],
        [
          -111.799946571908,
          40.4039374109235
        ],
        [
          -111.799945190299,
          40.4039375039559
        ],
        [
          -111.799945051959,
          40.4039375107965
        ],
        [
          -111.799944778871,
          40.4039375340546
        ],
        [
          -111.799943407143,
          40.4039376202463
        ],
        [
          -111.799943267904,
          40.403937628455
        ],
        [
          -111.79994299302,
          40.4039376510291
        ],
        [
          -111.799941608716,
          40.4039377379049
        ],
        [
          -111.799941473071,
          40.4039377454295
        ],
        [
          -111.799941198186,
          40.4039377680036
        ],
        [
          -111.799939824662,
          40.4039378541953
        ],
        [
          -111.799939689915,
          40.40393786172
        ],
        [
          -111.799939413234,
          40.4039378863463
        ],
        [
          -111.799938031625,
          40.4039379643293
        ],
        [
          -111.799937895081,
          40.4039379807467
        ],
        [
          -111.799937627383,
          40.403937995112
        ],
        [
          -111.799936247571,
          40.4039380819878
        ],
        [
          -111.799936108332,
          40.4039380888284
        ],
        [
          -111.799935835244,
          40.4039381127706
        ],
        [
          -111.79993446172,
          40.4039381921217
        ],
        [
          -111.799934324278,
          40.403938206487
        ],
        [
          -111.799934052088,
          40.4039382229045
        ],
        [
          -111.799932665089,
          40.4039383077281
        ],
        [
          -111.799932527647,
          40.4039383173049
        ],
        [
          -111.799932254559,
          40.4039383330384
        ],
        [
          -111.799930881933,
          40.403938417862
        ],
        [
          -111.799930743593,
          40.4039384260707
        ],
        [
          -111.799930470505,
          40.4039384404361
        ],
        [
          -111.799929087099,
          40.4039385197872
        ],
        [
          -111.799928949657,
          40.4039385348365
        ],
        [
          -111.799928675671,
          40.4039385505699
        ],
        [
          -111.799927303045,
          40.4039386285529
        ],
        [
          -111.799927164705,
          40.4039386381298
        ],
        [
          -111.79992688982,
          40.4039386607038
        ],
        [
          -111.799925507313,
          40.403938740055
        ],
        [
          -111.799925370769,
          40.4039387455274
        ],
        [
          -111.799925094986,
          40.403938763313
        ],
        [
          -111.799923722361,
          40.403938841296
        ],
        [
          -111.79992358402,
          40.4039388488207
        ],
        [
          -111.799923310034,
          40.4039388727629
        ],
        [
          -111.799921924832,
          40.4039389432212
        ],
        [
          -111.799921791881,
          40.40393895143
        ],
        [
          -111.799921514302,
          40.403938974004
        ],
        [
          -111.799920132693,
          40.4039390458305
        ],
        [
          -111.79991999525,
          40.4039390615638
        ],
        [
          -111.799919730247,
          40.4039390766132
        ],
        [
          -111.79991834774,
          40.4039391484396
        ],
        [
          -111.799918210298,
          40.4039391559643
        ],
        [
          -111.799917936312,
          40.4039391792224
        ],
        [
          -111.799916552906,
          40.4039392503648
        ],
        [
          -111.799916416362,
          40.4039392565214
        ],
        [
          -111.799916141478,
          40.4039392729388
        ],
        [
          -111.799914766157,
          40.4039393509218
        ],
        [
          -111.799914633206,
          40.4039393604987
        ],
        [
          -111.799914356525,
          40.4039393741799
        ],
        [
          -111.79991297312,
          40.4039394466904
        ],
        [
          -111.799912835678,
          40.4039394542151
        ],
        [
          -111.799912563488,
          40.4039394692645
        ],
        [
          -111.799911188167,
          40.4039395410909
        ],
        [
          -111.799911041742,
          40.4039395486157
        ],
        [
          -111.799910775841,
          40.403939563665
        ],
        [
          -111.799909392435,
          40.4039396341233
        ],
        [
          -111.79990925679,
          40.4039396437002
        ],
        [
          -111.799908981007,
          40.4039396580654
        ],
        [
          -111.7999075985,
          40.4039397298919
        ],
        [
          -111.799907460159,
          40.4039397381007
        ],
        [
          -111.799907187071,
          40.4039397545181
        ],
        [
          -111.799905814445,
          40.4039398242924
        ],
        [
          -111.799905675206,
          40.4039398325011
        ],
        [
          -111.799905403017,
          40.4039398468664
        ],
        [
          -111.799904017815,
          40.4039399118523
        ],
        [
          -111.799903882169,
          40.4039399275857
        ],
        [
          -111.799903605488,
          40.4039399412669
        ],
        [
          -111.799902222981,
          40.4039400069368
        ],
        [
          -111.799902086437,
          40.4039400130933
        ],
        [
          -111.799901813349,
          40.4039400295108
        ],
        [
          -111.799900439825,
          40.4039400938126
        ],
        [
          -111.799900302383,
          40.4039400992851
        ],
        [
          -111.799900027498,
          40.4039401163867
        ],
        [
          -111.799898644093,
          40.4039401800044
        ],
        [
          -111.799898508447,
          40.403940186845
        ],
        [
          -111.799898232664,
          40.4039402053146
        ],
        [
          -111.799896850157,
          40.4039402668802
        ],
        [
          -111.799896710918,
          40.403940276457
        ],
        [
          -111.799896438729,
          40.4039402901382
        ],
        [
          -111.799895063408,
          40.40394035444
        ],
        [
          -111.799894927762,
          40.4039403619647
        ],
        [
          -111.799894653776,
          40.4039403783822
        ],
        [
          -111.799893269472,
          40.4039404344752
        ],
        [
          -111.799893132928,
          40.4039404419999
        ],
        [
          -111.799892857146,
          40.4039404570493
        ],
        [
          -111.799891475537,
          40.403940520667
        ],
        [
          -111.799891336298,
          40.4039405302438
        ],
        [
          -111.79989106321,
          40.4039405446091
        ],
        [
          -111.799889679805,
          40.4039406007021
        ],
        [
          -111.799889544159,
          40.4039406089109
        ],
        [
          -111.799889267478,
          40.4039406232762
        ],
        [
          -111.79988789575,
          40.4039406800533
        ],
        [
          -111.799887758308,
          40.403940688262
        ],
        [
          -111.799887481627,
          40.4039407039954
        ],
        [
          -111.79988609912,
          40.4039407600885
        ],
        [
          -111.799885962576,
          40.4039407682972
        ],
        [
          -111.79988568859,
          40.4039407812944
        ],
        [
          -111.799884303388,
          40.4039408387555
        ],
        [
          -111.79988416864,
          40.4039408476483
        ],
        [
          -111.799883892857,
          40.4039408633818
        ],
        [
          -111.799882511249,
          40.4039409194748
        ],
        [
          -111.799882372908,
          40.4039409263154
        ],
        [
          -111.799882098922,
          40.4039409352082
        ],
        [
          -111.799880725398,
          40.4039409906172
        ],
        [
          -111.799880586159,
          40.4039409981419
        ],
        [
          -111.799880313969,
          40.4039410063506
        ],
        [
          -111.799878931462,
          40.4039410638117
        ],
        [
          -111.79987879402,
          40.4039410706524
        ],
        [
          -111.79987851644,
          40.4039410877539
        ],
        [
          -111.799877136628,
          40.4039411424788
        ],
        [
          -111.799876998288,
          40.4039411424788
        ],
        [
          -111.799876724301,
          40.4039411588963
        ],
        [
          -111.799875339099,
          40.4039412074647
        ],
        [
          -111.799875203454,
          40.4039412156734
        ],
        [
          -111.799874927671,
          40.4039412307228
        ],
        [
          -111.799873546062,
          40.403941277923
        ],
        [
          -111.799873406823,
          40.4039412874998
        ],
        [
          -111.799873133735,
          40.4039412957086
        ],
        [
          -111.799871760211,
          40.4039413518016
        ],
        [
          -111.799871620972,
          40.4039413518016
        ],
        [
          -111.799871337105,
          40.403941367535
        ],
        [
          -111.799869966276,
          40.4039414167875
        ],
        [
          -111.799869828833,
          40.4039414236281
        ],
        [
          -111.799869551254,
          40.403941433205
        ],
        [
          -111.799868171442,
          40.4039414804052
        ],
        [
          -111.799868032203,
          40.4039414899821
        ],
        [
          -111.799867759115,
          40.4039415036633
        ],
        [
          -111.799866375709,
          40.4039415460751
        ],
        [
          -111.799866238267,
          40.4039415529157
        ],
        [
          -111.799865962484,
          40.4039415693331
        ],
        [
          -111.799864580875,
          40.4039416103769
        ],
        [
          -111.799864442535,
          40.4039416185856
        ],
        [
          -111.799864168549,
          40.403941634319
        ],
        [
          -111.79986278694,
          40.4039416733105
        ],
        [
          -111.799862648599,
          40.4039416822033
        ],
        [
          -111.799862372817,
          40.403941690412
        ],
        [
          -111.799861001089,
          40.4039417396645
        ],
        [
          -111.799860854664,
          40.4039417465051
        ],
        [
          -111.799860579779,
          40.4039417560819
        ],
        [
          -111.799859207153,
          40.4039418053344
        ],
        [
          -111.799859068813,
          40.4039418053344
        ],
        [
          -111.799858793928,
          40.403941812859
        ],
        [
          -111.79985741232,
          40.4039418539027
        ],
        [
          -111.799857273081,
          40.4039418607434
        ],
        [
          -111.799856999993,
          40.403941868268
        ],
        [
          -111.799855615689,
          40.4039419168364
        ],
        [
          -111.799855477348,
          40.4039419168364
        ],
        [
          -111.799855203362,
          40.4039419339379
        ],
        [
          -111.799853820855,
          40.4039419667728
        ],
        [
          -111.799853684311,
          40.4039419756656
        ],
        [
          -111.799853408528,
          40.4039419831903
        ],
        [
          -111.799852025123,
          40.403942024234
        ],
        [
          -111.799851888579,
          40.4039420324428
        ],
        [
          -111.799851612796,
          40.4039420406515
        ],
        [
          -111.799850230289,
          40.4039420810111
        ],
        [
          -111.799850093745,
          40.4039420816952
        ],
        [
          -111.79984981886,
          40.4039420981127
        ],
        [
          -111.799848437252,
          40.4039421323157
        ],
        [
          -111.799848300708,
          40.4039421377882
        ],
        [
          -111.79984802223,
          40.4039421473651
        ],
        [
          -111.799846641519,
          40.4039421877247
        ],
        [
          -111.799846504077,
          40.4039421877247
        ],
        [
          -111.799846229193,
          40.4039422041422
        ],
        [
          -111.79984484399,
          40.4039422383452
        ],
        [
          -111.79984471104,
          40.40394224587
        ],
        [
          -111.799844434359,
          40.4039422533946
        ],
        [
          -111.799843059936,
          40.4039422889658
        ],
        [
          -111.799842912613,
          40.4039422889658
        ],
        [
          -111.799842641321,
          40.4039422964905
        ],
        [
          -111.799841265102,
          40.4039423375342
        ],
        [
          -111.799841128558,
          40.4039423375342
        ],
        [
          -111.799840842894,
          40.4039423457429
        ],
        [
          -111.799839470268,
          40.4039423785779
        ],
        [
          -111.799839333724,
          40.4039423867866
        ],
        [
          -111.799839057942,
          40.4039423949953
        ],
        [
          -111.799837676333,
          40.4039424291984
        ],
        [
          -111.79983753889,
          40.4039424291984
        ],
        [
          -111.799837264904,
          40.4039424380912
        ],
        [
          -111.799835882397,
          40.4039424709262
        ],
        [
          -111.799835745853,
          40.4039424777668
        ],
        [
          -111.799835468274,
          40.4039424873436
        ],
        [
          -111.799834085767,
          40.403942514022
        ],
        [
          -111.799833947426,
          40.4039425208626
        ],
        [
          -111.79983367344,
          40.4039425290714
        ],
        [
          -111.799832290933,
          40.4039425543816
        ],
        [
          -111.79983215349,
          40.4039425639585
        ],
        [
          -111.799831877708,
          40.4039425721672
        ],
        [
          -111.7998304952,
          40.4039425967934
        ],
        [
          -111.799830358656,
          40.4039426050022
        ],
        [
          -111.79983008467,
          40.4039426056862
        ],
        [
          -111.799828700366,
          40.4039426398893
        ],
        [
          -111.799828563822,
          40.4039426405734
        ],
        [
          -111.799828289836,
          40.4039426487821
        ],
        [
          -111.799826905532,
          40.4039426740924
        ],
        [
          -111.799826768989,
          40.4039426829852
        ],
        [
          -111.799826493206,
          40.4039426836692
        ],
        [
          -111.799825110699,
          40.4039427171883
        ],
        [
          -111.799824972358,
          40.4039427171883
        ],
        [
          -111.79982469927,
          40.403942725397
        ],
        [
          -111.799822903538,
          40.4039427459189
        ],
        [
          -111.799821521031,
          40.4039427842263
        ],
        [
          -111.79982138269,
          40.4039427849104
        ],
        [
          -111.799821110501,
          40.4039427849104
        ],
        [
          -111.7998197244,
          40.4039428054322
        ],
        [
          -111.799819588754,
          40.4039428054322
        ],
        [
          -111.79981825296,
          40.4039428321106
        ],
        [
          -111.799817932261,
          40.4039428321106
        ],
        [
          -111.799817791226,
          40.4039428389512
        ],
        [
          -111.799816459922,
          40.4039428642615
        ],
        [
          -111.799816134732,
          40.4039428642615
        ],
        [
          -111.799815998188,
          40.4039428656296
        ],
        [
          -111.79981466419,
          40.4039428916239
        ],
        [
          -111.799814339898,
          40.4039428929921
        ],
        [
          -111.799814202456,
          40.4039429012008
        ],
        [
          -111.799812868458,
          40.4039429196705
        ],
        [
          -111.799812546861,
          40.4039429196705
        ],
        [
          -111.79981240852,
          40.4039429271951
        ],
        [
          -111.799811075421,
          40.4039429463488
        ],
        [
          -111.79981075023,
          40.4039429470329
        ],
        [
          -111.799810614585,
          40.4039429559257
        ],
        [
          -111.799809279688,
          40.4039429730272
        ],
        [
          -111.799808955396,
          40.4039429743954
        ],
        [
          -111.799808816158,
          40.4039429743954
        ],
        [
          -111.799807482159,
          40.4039430017578
        ],
        [
          -111.799807158766,
          40.4039430024419
        ],
        [
          -111.799807024019,
          40.4039430024419
        ],
        [
          -111.799805689122,
          40.4039430209115
        ],
        [
          -111.799805363932,
          40.4039430209115
        ],
        [
          -111.799805227388,
          40.4039430291203
        ],
        [
          -111.799803896085,
          40.4039430475899
        ],
        [
          -111.799803569098,
          40.4039430489581
        ],
        [
          -111.799803432554,
          40.4039430489581
        ],
        [
          -111.799802097658,
          40.4039430735843
        ],
        [
          -111.799801774264,
          40.4039430824771
        ],
        [
          -111.799801636822,
          40.4039430831612
        ],
        [
          -111.799800303722,
          40.4039430947902
        ],
        [
          -111.799799980328,
          40.4039430954742
        ],
        [
          -111.799799843785,
          40.403943103683
        ],
        [
          -111.799798508888,
          40.4039431125758
        ],
        [
          -111.799798184596,
          40.4039431139439
        ],
        [
          -111.799798045357,
          40.4039431077873
        ],
        [
          -111.799796714054,
          40.4039431330976
        ],
        [
          -111.799796389762,
          40.4039431344658
        ],
        [
          -111.799796253218,
          40.4039431344658
        ],
        [
          -111.799794917424,
          40.4039431454107
        ],
        [
          -111.799794595827,
          40.4039431460948
        ],
        [
          -111.799794456588,
          40.4039431549876
        ],
        [
          -111.79979312259,
          40.4039431652485
        ],
        [
          -111.799792797399,
          40.4039431666166
        ],
        [
          -111.799792660856,
          40.4039431666166
        ],
        [
          -111.799791327756,
          40.4039431768775
        ],
        [
          -111.799791003464,
          40.4039431782457
        ],
        [
          -111.79979086692,
          40.4039431782457
        ],
        [
          -111.799789532023,
          40.4039431891906
        ],
        [
          -111.799789209528,
          40.4039431898747
        ],
        [
          -111.799789071188,
          40.4039431898747
        ],
        [
          -111.799787736291,
          40.4039431864544
        ],
        [
          -111.799787412898,
          40.4039431864544
        ],
        [
          -111.799787277252,
          40.4039431878225
        ],
        [
          -111.799785940559,
          40.4039431980834
        ],
        [
          -111.799785618064,
          40.4039431987675
        ],
        [
          -111.799785479723,
          40.4039431994516
        ],
        [
          -111.799784138538,
          40.4039432110806
        ],
        [
          -111.799783822331,
          40.403943203556
        ],
        [
          -111.799783686686,
          40.403943203556
        ],
        [
          -111.799782342806,
          40.403943215185
        ],
        [
          -111.799782029294,
          40.4039432158691
        ],
        [
          -111.799781890055,
          40.4039432165531
        ],
        [
          -111.799780545277,
          40.403943226814
        ],
        [
          -111.79978023446,
          40.4039432281821
        ],
        [
          -111.79978009612,
          40.4039432281821
        ],
        [
          -111.79977875224,
          40.4039432322865
        ],
        [
          -111.799778436931,
          40.4039432322865
        ],
        [
          -111.799778299489,
          40.4039432322865
        ],
        [
          -111.799776954711,
          40.4039432363909
        ],
        [
          -111.799776642097,
          40.4039432370749
        ],
        [
          -111.799776505553,
          40.403943237759
        ],
        [
          -111.799775160775,
          40.4039432404952
        ],
        [
          -111.799774846365,
          40.4039432418634
        ],
        [
          -111.79977471072,
          40.4039432350228
        ],
        [
          -111.799773365942,
          40.4039432384431
        ],
        [
          -111.799773051531,
          40.4039432391271
        ],
        [
          -111.799772912292,
          40.4039432391271
        ],
        [
          -111.799771571108,
          40.4039432350228
        ],
        [
          -111.799771258494,
          40.4039432350228
        ],
        [
          -111.799771120153,
          40.4039432363909
        ],
        [
          -111.799769777172,
          40.4039432391271
        ],
        [
          -111.799769460067,
          40.4039432404952
        ],
        [
          -111.799769324421,
          40.4039432336547
        ],
        [
          -111.799767980541,
          40.4039432370749
        ],
        [
          -111.799767665233,
          40.403943237759
        ],
        [
          -111.799767529587,
          40.4039432302344
        ],
        [
          -111.799766184809,
          40.4039432343387
        ],
        [
          -111.799765872195,
          40.4039432274981
        ],
        [
          -111.799765734753,
          40.4039432281821
        ],
        [
          -111.799764389975,
          40.4039432233937
        ],
        [
          -111.799764079158,
          40.4039432247619
        ],
        [
          -111.799763939919,
          40.4039432247619
        ],
        [
          -111.799762594243,
          40.4039432213416
        ],
        [
          -111.799762281629,
          40.4039432220256
        ],
        [
          -111.79976214239,
          40.4039432145009
        ],
        [
          -111.799760800307,
          40.4039432097125
        ],
        [
          -111.799760484999,
          40.4039432097125
        ],
        [
          -111.799760348455,
          40.4039432110806
        ],
        [
          -111.799759005473,
          40.4039432001357
        ],
        [
          -111.799758691961,
          40.4039432015038
        ],
        [
          -111.799758552722,
          40.4039432015038
        ],
        [
          -111.799757207046,
          40.4039431885066
        ],
        [
          -111.799756895331,
          40.4039431898747
        ],
        [
          -111.799756757889,
          40.4039431898747
        ],
        [
          -111.799755414009,
          40.4039431789298
        ],
        [
          -111.799755099599,
          40.4039431796138
        ],
        [
          -111.799754963055,
          40.4039431802978
        ],
        [
          -111.799753620073,
          40.4039431693529
        ],
        [
          -111.799753304765,
          40.4039431625122
        ],
        [
          -111.799753166424,
          40.4039431625122
        ],
        [
          -111.799751823443,
          40.4039431577238
        ],
        [
          -111.799751508134,
          40.4039431522514
        ],
        [
          -111.799751372488,
          40.4039431522514
        ],
        [
          -111.799750026812,
          40.4039431406223
        ],
        [
          -111.799749714198,
          40.4039431337817
        ],
        [
          -111.799749575858,
          40.4039431351498
        ],
        [
          -111.799748232877,
          40.4039431235207
        ],
        [
          -111.799747919364,
          40.4039431166801
        ],
        [
          -111.799747781922,
          40.4039431166801
        ],
        [
          -111.799746438043,
          40.4039431043671
        ],
        [
          -111.799746124531,
          40.4039430975264
        ],
        [
          -111.799745985292,
          40.4039430975264
        ],
        [
          -111.799744641412,
          40.4039430872655
        ],
        [
          -111.7997443279,
          40.4039430804249
        ],
        [
          -111.799744190458,
          40.4039430811089
        ],
        [
          -111.799742846578,
          40.4039430687958
        ],
        [
          -111.799742532168,
          40.4039430640074
        ],
        [
          -111.799742393827,
          40.4039430640074
        ],
        [
          -111.799741051744,
          40.4039430434856
        ],
        [
          -111.799740738232,
          40.4039430366449
        ],
        [
          -111.799740601688,
          40.4039430366449
        ],
        [
          -111.799739255114,
          40.4039430270681
        ],
        [
          -111.799738941602,
          40.4039430181753
        ],
        [
          -111.799738805058,
          40.4039430195434
        ],
        [
          -111.79973746028,
          40.4039429997056
        ],
        [
          -111.799737146768,
          40.4039429935491
        ],
        [
          -111.799737010224,
          40.4039429935491
        ],
        [
          -111.799735665446,
          40.4039429743954
        ],
        [
          -111.799735352832,
          40.4039429682388
        ],
        [
          -111.79973521539,
          40.4039429682388
        ],
        [
          -111.79973387151,
          40.4039429504532
        ],
        [
          -111.799733556201,
          40.4039429422445
        ],
        [
          -111.799733418759,
          40.4039429429285
        ],
        [
          -111.79973207488,
          40.4039429237748
        ],
        [
          -111.799731759571,
          40.4039429176183
        ],
        [
          -111.799731625722,
          40.4039429176183
        ],
        [
          -111.799730280046,
          40.4039428916239
        ],
        [
          -111.799729966534,
          40.4039428834152
        ],
        [
          -111.799729828193,
          40.4039428834152
        ],
        [
          -111.799728483415,
          40.4039428663137
        ],
        [
          -111.799728169005,
          40.403942858789
        ],
        [
          -111.799728033359,
          40.4039428533165
        ],
        [
          -111.799726688581,
          40.4039428334787
        ],
        [
          -111.799726375069,
          40.403942825954
        ],
        [
          -111.79972623583,
          40.4039428204815
        ],
        [
          -111.799724894645,
          40.4039427992756
        ],
        [
          -111.799724579337,
          40.4039427951713
        ],
        [
          -111.799724442793,
          40.4039427862785
        ],
        [
          -111.799723106998,
          40.4039427664407
        ],
        [
          -111.799722784503,
          40.4039427609682
        ],
        [
          -111.799722645264,
          40.4039427541276
        ],
        [
          -111.799721313062,
          40.4039427349739
        ],
        [
          -111.799720988771,
          40.4039427199245
        ],
        [
          -111.799720851328,
          40.4039427199245
        ],
        [
          -111.79971951733,
          40.4039426939302
        ],
        [
          -111.799719193038,
          40.4039426870896
        ],
        [
          -111.799719058291,
          40.4039426870896
        ],
        [
          -111.7997177207,
          40.4039426617793
        ],
        [
          -111.799717399103,
          40.4039426549387
        ],
        [
          -111.799717260762,
          40.40394264673
        ],
        [
          -111.799715926764,
          40.4039426207356
        ],
        [
          -111.799715602472,
          40.4039426159472
        ],
        [
          -111.799715465928,
          40.4039426070544
        ],
        [
          -111.799714131032,
          40.40394258106
        ],
        [
          -111.79971380674,
          40.4039425742194
        ],
        [
          -111.799713670196,
          40.4039425653267
        ],
        [
          -111.799712337096,
          40.4039425393323
        ],
        [
          -111.799712011906,
          40.4039425324917
        ],
        [
          -111.799711875362,
          40.4039425263352
        ],
        [
          -111.799710539567,
          40.4039424996567
        ],
        [
          -111.799710226953,
          40.4039424859755
        ],
        [
          -111.799710078731,
          40.4039424866596
        ],
        [
          -111.799708745632,
          40.4039424517724
        ],
        [
          -111.799708431221,
          40.4039424449318
        ],
        [
          -111.799708292881,
          40.4039424374071
        ],
        [
          -111.799706950798,
          40.4039424038881
        ],
        [
          -111.799706635489,
          40.4039423970475
        ],
        [
          -111.799706498047,
          40.4039423895228
        ],
        [
          -111.799705153269,
          40.4039423628444
        ],
        [
          -111.799704839757,
          40.4039423484792
        ],
        [
          -111.799704700518,
          40.4039423491632
        ],
        [
          -111.799703359333,
          40.4039423156442
        ],
        [
          -111.799703044024,
          40.403942301963
        ],
        [
          -111.799702907481,
          40.403942301963
        ],
        [
          -111.799701571686,
          40.4039422670759
        ],
        [
          -111.799701250089,
          40.4039422527105
        ],
        [
          -111.799701112647,
          40.4039422540787
        ],
        [
          -111.79969977775,
          40.403942213719
        ],
        [
          -111.799699454357,
          40.4039422048262
        ],
        [
          -111.799699317813,
          40.4039421966175
        ],
        [
          -111.799697983814,
          40.4039421637826
        ],
        [
          -111.799697658624,
          40.4039421569419
        ],
        [
          -111.799697520284,
          40.4039421507854
        ],
        [
          -111.799696188082,
          40.4039421083736
        ],
        [
          -111.79969587457,
          40.4039421008489
        ],
        [
          -111.799695724552,
          40.4039420953764
        ],
        [
          -111.799694391452,
          40.4039420598052
        ],
        [
          -111.799694078838,
          40.4039420474921
        ],
        [
          -111.799693939599,
          40.4039420379153
        ],
        [
          -111.799692597516,
          40.4039420064484
        ],
        [
          -111.799692282207,
          40.4039419913991
        ],
        [
          -111.799692144765,
          40.4039419913991
        ],
        [
          -111.799690799089,
          40.4039419496713
        ],
        [
          -111.799690488272,
          40.4039419353061
        ],
        [
          -111.799690351728,
          40.4039419291495
        ],
        [
          -111.799689015933,
          40.4039418949464
        ],
        [
          -111.799688690743,
          40.4039418812652
        ],
        [
          -111.799688555996,
          40.4039418730565
        ],
        [
          -111.799687217506,
          40.4039418320128
        ],
        [
          -111.799686895909,
          40.4039418176475
        ],
        [
          -111.79968675667,
          40.4039418190156
        ],
        [
          -111.79968542357,
          40.4039417766038
        ],
        [
          -111.799685099278,
          40.4039417615545
        ],
        [
          -111.799684963633,
          40.403941756766
        ],
        [
          -111.799683629635,
          40.4039417136701
        ],
        [
          -111.799683314326,
          40.4039416993048
        ],
        [
          -111.799683177782,
          40.4039416924642
        ],
        [
          -111.799681835699,
          40.4039416521046
        ],
        [
          -111.79968152039,
          40.4039416363712
        ],
        [
          -111.799681382948,
          40.4039416302146
        ],
        [
          -111.79968003817,
          40.4039415871187
        ],
        [
          -111.799679722861,
          40.4039415741216
        ],
        [
          -111.799679588114,
          40.4039415659129
        ],
        [
          -111.799678253218,
          40.4039415248692
        ],
        [
          -111.799677928926,
          40.4039415105039
        ],
        [
          -111.799677789687,
          40.4039415022952
        ],
        [
          -111.799676458384,
          40.4039414544109
        ],
        [
          -111.799676143973,
          40.4039414379934
        ],
        [
          -111.79967599665,
          40.4039414393615
        ],
        [
          -111.799674660855,
          40.4039413907932
        ],
        [
          -111.799674347343,
          40.4039413771119
        ],
        [
          -111.799674210799,
          40.4039413716394
        ],
        [
          -111.799672865122,
          40.403941322387
        ],
        [
          -111.799672552509,
          40.4039413073376
        ],
        [
          -111.799672415067,
          40.4039412984448
        ],
        [
          -111.79967108017,
          40.4039412498764
        ],
        [
          -111.79967075498,
          40.4039412361952
        ],
        [
          -111.799670620233,
          40.4039412286706
        ],
        [
          -111.799669281743,
          40.4039411814703
        ],
        [
          -111.799668960146,
          40.4039411643688
        ],
        [
          -111.799668820907,
          40.4039411588963
        ],
        [
          -111.799667488706,
          40.403941111012
        ],
        [
          -111.799667175193,
          40.4039410959627
        ],
        [
          -111.799667036853,
          40.403941088438
        ],
        [
          -111.799665692973,
          40.4039410323449
        ],
        [
          -111.799665378563,
          40.4039410166115
        ],
        [
          -111.799665243816,
          40.403941011139
        ],
        [
          -111.799663907122,
          40.4039409605185
        ],
        [
          -111.799663583729,
          40.4039409475213
        ],
        [
          -111.799663446287,
          40.4039409406807
        ],
        [
          -111.799662112289,
          40.4039408832195
        ],
        [
          -111.799661797878,
          40.4039408688542
        ],
        [
          -111.799661660436,
          40.4039408626977
        ],
        [
          -111.799660316556,
          40.4039408052365
        ],
        [
          -111.799660003044,
          40.4039407922393
        ],
        [
          -111.799659864704,
          40.4039407840306
        ],
        [
          -111.799658530705,
          40.4039407279376
        ],
        [
          -111.799658204617,
          40.4039407142563
        ],
        [
          -111.799658068073,
          40.4039407067317
        ],
        [
          -111.79965673677,
          40.4039406520068
        ],
        [
          -111.79965642236,
          40.4039406355893
        ],
        [
          -111.799656273239,
          40.4039406287487
        ],
        [
          -111.799654939241,
          40.4039405712875
        ],
        [
          -111.799654623932,
          40.4039405507657
        ],
        [
          -111.799654488287,
          40.403940543241
        ],
        [
          -111.79965315339,
          40.403940487148
        ],
        [
          -111.799652829098,
          40.4039404727827
        ],
        [
          -111.79965268986,
          40.4039404645739
        ],
        [
          -111.799651358556,
          40.4039404016403
        ],
        [
          -111.799651044146,
          40.4039403865909
        ],
        [
          -111.799650896822,
          40.4039403811184
        ],
        [
          -111.799649561926,
          40.4039403154485
        ],
        [
          -111.799649247515,
          40.4039403010833
        ],
        [
          -111.799649110073,
          40.4039402956107
        ],
        [
          -111.799647775177,
          40.4039402306249
        ],
        [
          -111.799647452681,
          40.4039402169437
        ],
        [
          -111.799647314341,
          40.4039402087349
        ],
        [
          -111.799645982139,
          40.4039401451172
        ],
        [
          -111.799645665932,
          40.4039401321201
        ],
        [
          -111.799645530287,
          40.4039401239113
        ],
        [
          -111.799644185509,
          40.4039400596095
        ],
        [
          -111.799643871098,
          40.4039400452443
        ],
        [
          -111.799643735453,
          40.4039400308789
        ],
        [
          -111.799642399658,
          40.4039399658931
        ],
        [
          -111.799642086146,
          40.4039399522119
        ],
        [
          -111.799641938822,
          40.4039399460554
        ],
        [
          -111.799640604824,
          40.4039398803854
        ],
        [
          -111.799640293109,
          40.4039398612317
        ],
        [
          -111.79964015387,
          40.4039398523389
        ],
        [
          -111.799638817177,
          40.4039397880371
        ],
        [
          -111.799638494681,
          40.4039397661472
        ],
        [
          -111.799638359036,
          40.4039397599906
        ],
        [
          -111.799637024139,
          40.4039396963729
        ],
        [
          -111.799636708831,
          40.4039396737989
        ],
        [
          -111.799636571388,
          40.4039396649061
        ],
        [
          -111.799635238288,
          40.4039396012884
        ],
        [
          -111.799634913997,
          40.4039395807665
        ],
        [
          -111.799634777453,
          40.4039395732418
        ],
        [
          -111.799633442556,
          40.4039395027835
        ],
        [
          -111.799633129044,
          40.4039394891023
        ],
        [
          -111.799632990704,
          40.4039394808935
        ],
        [
          -111.799631654909,
          40.403939408383
        ],
        [
          -111.799631330617,
          40.4039393878612
        ],
        [
          -111.799631194073,
          40.4039393796525
        ],
        [
          -111.799629860075,
          40.40393930851
        ],
        [
          -111.799629546563,
          40.4039392873041
        ],
        [
          -111.799629410019,
          40.4039392797795
        ],
        [
          -111.799628075122,
          40.4039392093211
        ],
        [
          -111.799627750831,
          40.4039391935877
        ],
        [
          -111.799627613388,
          40.4039391812746
        ],
        [
          -111.799626276695,
          40.403939107396
        ],
        [
          -111.79962596498,
          40.4039390861901
        ],
        [
          -111.799625828436,
          40.4039390793494
        ],
        [
          -111.799624492641,
          40.4039390082071
        ],
        [
          -111.799624168349,
          40.4039389870011
        ],
        [
          -111.799624030907,
          40.4039389781084
        ],
        [
          -111.799622699604,
          40.40393890765
        ],
        [
          -111.799622383397,
          40.403938885076
        ],
        [
          -111.799622246853,
          40.4039388796035
        ],
        [
          -111.799620912855,
          40.4039387988843
        ],
        [
          -111.799620586766,
          40.4039387783624
        ],
        [
          -111.799620451121,
          40.4039387708377
        ],
        [
          -111.799619116224,
          40.4039386921707
        ],
        [
          -111.799618802712,
          40.4039386764372
        ],
        [
          -111.799618664372,
          40.4039386607038
        ],
        [
          -111.799617331272,
          40.4039385916136
        ],
        [
          -111.799617015963,
          40.4039385697237
        ],
        [
          -111.799616868639,
          40.4039385635671
        ],
        [
          -111.799615535539,
          40.4039384814797
        ],
        [
          -111.799615219332,
          40.403938461642
        ],
        [
          -111.799615083687,
          40.4039384534332
        ],
        [
          -111.799613747892,
          40.4039383672415
        ],
        [
          -111.799613435278,
          40.4039383528762
        ],
        [
          -111.799613296938,
          40.4039383385108
        ],
        [
          -111.799611962041,
          40.4039382605279
        ],
        [
          -111.799611636851,
          40.4039382386379
        ],
        [
          -111.7996115039,
          40.4039382311132
        ],
        [
          -111.799610168106,
          40.4039381524461
        ],
        [
          -111.799609852797,
          40.4039381312402
        ],
        [
          -111.799609715355,
          40.4039381168749
        ],
        [
          -111.799608381356,
          40.4039380368398
        ],
        [
          -111.799608066048,
          40.4039380142657
        ],
        [
          -111.799607928606,
          40.4039380081092
        ],
        [
          -111.799606594607,
          40.4039379212334
        ],
        [
          -111.799606270316,
          40.4039379000275
        ],
        [
          -111.79960613467,
          40.4039378925028
        ],
        [
          -111.799604798875,
          40.403937806311
        ],
        [
          -111.799604485363,
          40.4039377844211
        ],
        [
          -111.799604347022,
          40.4039377782645
        ],
        [
          -111.799603012126,
          40.4039376907047
        ],
        [
          -111.799602698614,
          40.4039376681306
        ],
        [
          -111.799602562968,
          40.4039376626581
        ],
        [
          -111.799601228072,
          40.4039375750983
        ],
        [
          -111.79960090378,
          40.4039375525242
        ],
        [
          -111.799600765439,
          40.4039375381589
        ],
        [
          -111.799599430543,
          40.4039374519672
        ],
        [
          -111.799599117929,
          40.4039374300772
        ],
        [
          -111.79959897869,
          40.4039374232366
        ],
        [
          -111.799597643794,
          40.4039373288361
        ],
        [
          -111.799597332977,
          40.4039373055781
        ],
        [
          -111.799597193738,
          40.4039373007896
        ],
        [
          -111.799595860638,
          40.4039372139138
        ],
        [
          -111.799595546228,
          40.4039371844992
        ],
        [
          -111.799595408785,
          40.4039371769745
        ],
        [
          -111.799594074787,
          40.4039370894146
        ],
        [
          -111.799593748699,
          40.4039370620521
        ],
        [
          -111.799593611257,
          40.4039370552115
        ],
        [
          -111.799592278157,
          40.4039369690198
        ],
        [
          -111.799591964645,
          40.403936938237
        ],
        [
          -111.799591826304,
          40.4039369300283
        ],
        [
          -111.799590494103,
          40.40393683768
        ],
        [
          -111.799590178794,
          40.40393681579
        ],
        [
          -111.799590040453,
          40.4039368082653
        ],
        [
          -111.799588705557,
          40.4039367138648
        ],
        [
          -111.799588392045,
          40.4039366844502
        ],
        [
          -111.799588252806,
          40.4039366782936
        ],
        [
          -111.799586919706,
          40.4039365756844
        ],
        [
          -111.799586606194,
          40.4039365537944
        ],
        [
          -111.799586467853,
          40.4039365476379
        ],
        [
          -111.799584820343,
          40.4039364245068
        ],
        [
          -111.799584683799,
          40.4039364169822
        ],
        [
          -111.799584634392,
          40.4039364108256
        ],
        [
          -111.799583023713,
          40.4039362938511
        ],
        [
          -111.799582887169,
          40.4039362856423
        ],
        [
          -111.79958283866,
          40.4039362801699
        ],
        [
          -111.79958123876,
          40.4039361631953
        ],
        [
          -111.79958110042,
          40.4039361570388
        ],
        [
          -111.799581052809,
          40.4039361501982
        ],
        [
          -111.799579453808,
          40.4039360332236
        ],
        [
          -111.799579314569,
          40.4039360195424
        ],
        [
          -111.799579265161,
          40.4039360202265
        ],
        [
          -111.799577665262,
          40.4039358950432
        ],
        [
          -111.799577528718,
          40.4039358888867
        ],
        [
          -111.799577480209,
          40.4039358806779
        ],
        [
          -111.799575881208,
          40.4039357650715
        ],
        [
          -111.799575745562,
          40.4039357500222
        ],
        [
          -111.799575694358,
          40.4039357500222
        ],
        [
          -111.79957409356,
          40.403935626207
        ],
        [
          -111.799573957915,
          40.4039356125258
        ],
        [
          -111.799573907609,
          40.4039356118418
        ],
        [
          -111.799572308608,
          40.4039354893948
        ],
        [
          -111.799572171166,
          40.4039354736613
        ],
        [
          -111.799572121758,
          40.4039354736613
        ],
        [
          -111.799570520961,
          40.4039353518984
        ],
        [
          -111.799570386213,
          40.403935336165
        ],
        [
          -111.799570338602,
          40.403935336849
        ],
        [
          -111.799568737805,
          40.4039352055092
        ],
        [
          -111.799568598566,
          40.4039352000367
        ],
        [
          -111.799568550955,
          40.4039351911439
        ],
        [
          -111.799566950157,
          40.4039350680129
        ],
        [
          -111.799566812715,
          40.4039350529635
        ],
        [
          -111.799566764206,
          40.4039350529635
        ],
        [
          -111.799565164306,
          40.4039349209397
        ],
        [
          -111.799565025966,
          40.4039349168353
        ],
        [
          -111.799564979254,
          40.4039349072584
        ],
        [
          -111.799563378456,
          40.4039347848114
        ],
        [
          -111.799563241013,
          40.4039347697621
        ],
        [
          -111.799563191606,
          40.4039347615533
        ],
        [
          -111.799561594402,
          40.4039346391063
        ],
        [
          -111.799561456061,
          40.403934624741
        ],
        [
          -111.799561404857,
          40.4039346172163
        ],
        [
          -111.799559806754,
          40.4039344879287
        ],
        [
          -111.799559669312,
          40.4039344776678
        ],
        [
          -111.799559618108,
          40.4039344721953
        ],
        [
          -111.799558020005,
          40.4039343408555
        ],
        [
          -111.799557881664,
          40.4039343333308
        ],
        [
          -111.799557833155,
          40.403934325122
        ],
        [
          -111.799556245832,
          40.4039341944663
        ],
        [
          -111.799556098509,
          40.403934180101
        ],
        [
          -111.799556049101,
          40.4039341807851
        ],
        [
          -111.799554458185,
          40.4039340426046
        ],
        [
          -111.799554318946,
          40.4039340275553
        ],
        [
          -111.799554271335,
          40.4039340282393
        ],
        [
          -111.799552671436,
          40.4039338886908
        ],
        [
          -111.79955253579,
          40.4039338832183
        ],
        [
          -111.799552486383,
          40.4039338756937
        ],
        [
          -111.799550885585,
          40.4039337361451
        ],
        [
          -111.799550748143,
          40.4039337299885
        ],
        [
          -111.799550699634,
          40.4039337210957
        ],
        [
          -111.799549100633,
          40.4039335829153
        ],
        [
          -111.799548961394,
          40.403933569234
        ],
        [
          -111.799548912885,
          40.40393356855
        ],
        [
          -111.799547312087,
          40.4039334310536
        ],
        [
          -111.799547175543,
          40.4039334166883
        ],
        [
          -111.799547127932,
          40.4039334166883
        ],
        [
          -111.799545537914,
          40.4039332696151
        ],
        [
          -111.79954540137,
          40.4039332620904
        ],
        [
          -111.799545352861,
          40.4039332552498
        ],
        [
          -111.799543752063,
          40.4039331198057
        ],
        [
          -111.799543613723,
          40.4039331033882
        ],
        [
          -111.799543565214,
          40.4039331040722
        ],
        [
          -111.799541965314,
          40.4039329563149
        ],
        [
          -111.79954182877,
          40.4039329426337
        ],
        [
          -111.799541779363,
          40.4039329433177
        ],
        [
          -111.799540189345,
          40.4039327962445
        ],
        [
          -111.799540041123,
          40.4039327818792
        ],
        [
          -111.799539993512,
          40.4039327818792
        ],
        [
          -111.799538402596,
          40.4039326361741
        ],
        [
          -111.799538266052,
          40.4039326211248
        ],
        [
          -111.799538216645,
          40.4039326218088
        ],
        [
          -111.799536616745,
          40.4039324740515
        ],
        [
          -111.799536478404,
          40.4039324610544
        ],
        [
          -111.799536431692,
          40.4039324528456
        ],
        [
          -111.799534839877,
          40.4039323085087
        ],
        [
          -111.799534692554,
          40.4039323002999
        ],
        [
          -111.79953464674,
          40.4039322948274
        ],
        [
          -111.799533054027,
          40.4039321463861
        ],
        [
          -111.799532915686,
          40.4039321313367
        ],
        [
          -111.799532867177,
          40.4039321265483
        ],
        [
          -111.799531269074,
          40.403931979475
        ],
        [
          -111.799531129835,
          40.4039319651098
        ],
        [
          -111.799531084021,
          40.4039319657938
        ],
        [
          -111.799529491308,
          40.4039318111959
        ],
        [
          -111.799529356561,
          40.4039317968306
        ],
        [
          -111.799529305357,
          40.4039317968306
        ],
        [
          -111.799527706356,
          40.4039316442849
        ],
        [
          -111.799527568913,
          40.4039316285515
        ],
        [
          -111.799527520404,
          40.4039316210268
        ],
        [
          -111.799525927691,
          40.4039314760058
        ],
        [
          -111.799525793842,
          40.4039314602724
        ],
        [
          -111.799525743537,
          40.4039314520636
        ],
        [
          -111.799524142739,
          40.403931300886
        ],
        [
          -111.799524007093,
          40.4039312858367
        ],
        [
          -111.799523957686,
          40.4039312858367
        ],
        [
          -111.799522365871,
          40.403931133291
        ],
        [
          -111.799522232022,
          40.4039311182416
        ],
        [
          -111.799522180818,
          40.4039311100328
        ],
        [
          -111.799520580021,
          40.403930956119
        ],
        [
          -111.799520444375,
          40.4039309431218
        ],
        [
          -111.799520394968,
          40.4039309349131
        ],
        [
          -111.79951880495,
          40.4039307809992
        ],
        [
          -111.799518668406,
          40.4039307666339
        ],
        [
          -111.7995186181,
          40.4039307591093
        ],
        [
          -111.799517016404,
          40.4039306051954
        ],
        [
          -111.799516880758,
          40.4039305908301
        ],
        [
          -111.799516831351,
          40.4039305833054
        ],
        [
          -111.799515242231,
          40.4039304300756
        ],
        [
          -111.799515105687,
          40.4039304150263
        ],
        [
          -111.799515054483,
          40.4039304088697
        ],
        [
          -111.799513466262,
          40.4039302467472
        ],
        [
          -111.799513318938,
          40.4039302323819
        ],
        [
          -111.799513268632,
          40.4039302330659
        ],
        [
          -111.799511681309,
          40.4039300736795
        ],
        [
          -111.799511542071,
          40.4039300572621
        ],
        [
          -111.799511492663,
          40.4039300504215
        ],
        [
          -111.799509903543,
          40.403929888983
        ],
        [
          -111.799509765203,
          40.4039298753017
        ],
        [
          -111.799509717592,
          40.4039298664089
        ],
        [
          -111.799508124879,
          40.4039297070226
        ],
        [
          -111.79950798025,
          40.4039296919732
        ],
        [
          -111.799507930843,
          40.4039296844485
        ],
        [
          -111.799506339927,
          40.40392952301
        ],
        [
          -111.799506201586,
          40.4039295086447
        ],
        [
          -111.799506154874,
          40.4039295011201
        ],
        [
          -111.799504563059,
          40.4039293403656
        ],
        [
          -111.799504430108,
          40.4039293260003
        ],
        [
          -111.799504378006,
          40.4039293191597
        ],
        [
          -111.79950278709,
          40.4039291495124
        ],
        [
          -111.799502651444,
          40.4039291365152
        ],
        [
          -111.799502602935,
          40.4039291365152
        ],
        [
          -111.799500999442,
          40.4039289654999
        ],
        [
          -111.799500863797,
          40.4039289518186
        ],
        [
          -111.799500814389,
          40.4039289463461
        ],
        [
          -111.79949922527,
          40.4039287766988
        ],
        [
          -111.799499087827,
          40.4039287609654
        ],
        [
          -111.799499039318,
          40.4039287548089
        ],
        [
          -111.799497450199,
          40.4039285858457
        ],
        [
          -111.79949731096,
          40.4039285721644
        ],
        [
          -111.799497265146,
          40.4039285714803
        ],
        [
          -111.799495672433,
          40.4039283963606
        ],
        [
          -111.799495534092,
          40.4039283806272
        ],
        [
          -111.799495485583,
          40.4039283737866
        ],
        [
          -111.799493894667,
          40.4039282048233
        ],
        [
          -111.799493759021,
          40.4039281911421
        ],
        [
          -111.799493708715,
          40.4039281829334
        ],
        [
          -111.799492123189,
          40.4039280146542
        ],
        [
          -111.79949198395,
          40.403928000973
        ],
        [
          -111.799491932746,
          40.4039279934483
        ],
        [
          -111.799490343626,
          40.4039278155923
        ],
        [
          -111.799490205286,
          40.4039278025951
        ],
        [
          -111.799490156777,
          40.4039277943864
        ],
        [
          -111.79948856586,
          40.4039276185826
        ],
        [
          -111.799488420333,
          40.4039276042173
        ],
        [
          -111.799488370028,
          40.4039276042173
        ],
        [
          -111.799486780908,
          40.4039274277294
        ],
        [
          -111.799486642567,
          40.4039274065235
        ],
        [
          -111.799486594058,
          40.4039274058394
        ],
        [
          -111.79948500404,
          40.4039272300356
        ],
        [
          -111.799484864801,
          40.4039272088297
        ],
        [
          -111.799484818987,
          40.4039272088297
        ],
        [
          -111.799483226274,
          40.4039270255012
        ],
        [
          -111.799483090629,
          40.4039270104518
        ],
        [
          -111.799483043916,
          40.4039270036112
        ],
        [
          -111.799481461085,
          40.4039268278074
        ],
        [
          -111.799481313761,
          40.4039268134421
        ],
        [
          -111.799481264354,
          40.4039268059174
        ],
        [
          -111.799479683319,
          40.4039266205367
        ],
        [
          -111.799479545877,
          40.4039266075396
        ],
        [
          -111.799479499164,
          40.4039266068555
        ],
        [
          -111.799477908248,
          40.403926423527
        ],
        [
          -111.799477771704,
          40.4039264091617
        ],
        [
          -111.799477723195,
          40.403926401637
        ],
        [
          -111.799476132279,
          40.4039262189926
        ],
        [
          -111.799475993938,
          40.4039262046273
        ],
        [
          -111.799475945429,
          40.4039261964185
        ],
        [
          -111.799474356309,
          40.4039260137741
        ],
        [
          -111.79947421707,
          40.4039259987247
        ],
        [
          -111.799474167663,
          40.4039259918841
        ],
        [
          -111.79947258034,
          40.4039258071875
        ],
        [
          -111.799472441101,
          40.4039257928222
        ],
        [
          -111.799472392592,
          40.4039257859816
        ],
        [
          -111.799470801676,
          40.4039255944443
        ],
        [
          -111.79947066603,
          40.4039255807631
        ],
        [
          -111.799470616623,
          40.4039255718703
        ],
        [
          -111.799469024808,
          40.4039253892258
        ],
        [
          -111.799468888264,
          40.4039253741764
        ],
        [
          -111.799468838857,
          40.4039253673359
        ],
        [
          -111.79946725872,
          40.4039251764827
        ],
        [
          -111.799467122176,
          40.4039251621174
        ],
        [
          -111.799467073667,
          40.4039251532246
        ],
        [
          -111.799465481853,
          40.4039249644235
        ],
        [
          -111.799465346207,
          40.4039249500583
        ],
        [
          -111.799465295901,
          40.4039249411655
        ],
        [
          -111.799463705883,
          40.4039247516804
        ],
        [
          -111.799463570238,
          40.403924735947
        ],
        [
          -111.799463519034,
          40.4039247284223
        ],
        [
          -111.799461938897,
          40.4039245375691
        ],
        [
          -111.799461800557,
          40.4039245225197
        ],
        [
          -111.799461753844,
          40.4039245156791
        ],
        [
          -111.799460161131,
          40.4039243234578
        ],
        [
          -111.799460025486,
          40.4039243104607
        ],
        [
          -111.799459976078,
          40.4039243022519
        ],
        [
          -111.799458385162,
          40.4039241113987
        ],
        [
          -111.799458249516,
          40.4039240908769
        ],
        [
          -111.799458199211,
          40.4039240813
        ],
        [
          -111.799456619972,
          40.4039238904468
        ],
        [
          -111.79945648253,
          40.4039238760815
        ],
        [
          -111.799456433123,
          40.4039238671887
        ],
        [
          -111.799454842206,
          40.4039236688108
        ],
        [
          -111.799454704764,
          40.4039236578658
        ],
        [
          -111.799454657153,
          40.403923648289
        ],
        [
          -111.79945307522,
          40.4039234499111
        ],
        [
          -111.799452937778,
          40.4039234355458
        ],
        [
          -111.799452886574,
          40.4039234280212
        ],
        [
          -111.799451301048,
          40.4039232289592
        ],
        [
          -111.799451161809,
          40.403923215962
        ],
        [
          -111.799451111503,
          40.4039232063852
        ],
        [
          -111.799449532265,
          40.4039230080073
        ],
        [
          -111.799449395721,
          40.4039229861173
        ],
        [
          -111.799449336432,
          40.4039229868014
        ],
        [
          -111.799447756295,
          40.4039227815829
        ],
        [
          -111.799447617955,
          40.4039227679017
        ],
        [
          -111.799447568548,
          40.403922759693
        ],
        [
          -111.799445989309,
          40.4039225613151
        ],
        [
          -111.799445853664,
          40.4039225394251
        ],
        [
          -111.799445803358,
          40.4039225312164
        ],
        [
          -111.799444214238,
          40.4039223321544
        ],
        [
          -111.799444076796,
          40.4039223198413
        ],
        [
          -111.79944402649,
          40.4039223102644
        ],
        [
          -111.799442447252,
          40.4039221064141
        ],
        [
          -111.799442308013,
          40.4039220906807
        ],
        [
          -111.799442260403,
          40.4039220831559
        ],
        [
          -111.799440668588,
          40.4039218758853
        ],
        [
          -111.799440532942,
          40.4039218539953
        ],
        [
          -111.799440484433,
          40.4039218539953
        ],
        [
          -111.799438903398,
          40.4039216501449
        ],
        [
          -111.799438765956,
          40.4039216255187
        ],
        [
          -111.79943871565,
          40.4039216207303
        ],
        [
          -111.799436959444,
          40.4039214004624
        ],
        [
          -111.799138547192,
          40.4038822810174
        ],
        [
          -111.799138460055,
          40.4038822755449
        ],
        [
          -111.799070053346,
          40.4038659182512
        ],
        [
          -111.799067437452,
          40.4038729599873
        ],
        [
          -111.799066493323,
          40.4038728348039
        ],
        [
          -111.799064128058,
          40.4038725269759
        ],
        [
          -111.798723521937,
          40.4038278754884
        ],
        [
          -111.798721746866,
          40.4038276702696
        ],
        [
          -111.798720607802,
          40.4038275772371
        ],
        [
          -111.7987199691,
          40.4038275170396
        ],
        [
          -111.798718821951,
          40.4038274534218
        ],
        [
          -111.798718173368,
          40.4038274171665
        ],
        [
          -111.798717036999,
          40.4038273829634
        ],
        [
          -111.79871638033,
          40.4038273692821
        ],
        [
          -111.798715241267,
          40.4038273727024
        ],
        [
          -111.798714581005,
          40.4038273747546
        ],
        [
          -111.798713445534,
          40.4038274055374
        ],
        [
          -111.798712788866,
          40.4038274308478
        ],
        [
          -111.798711651599,
          40.4038275006221
        ],
        [
          -111.798711001219,
          40.4038275396137
        ],
        [
          -111.798709866646,
          40.4038276394868
        ],
        [
          -111.798709218961,
          40.4038277017366
        ],
        [
          -111.798708093372,
          40.4038278399172
        ],
        [
          -111.798707445687,
          40.4038279165322
        ],
        [
          -111.798706326386,
          40.4038280848116
        ],
        [
          -111.798705690379,
          40.4038281833166
        ],
        [
          -111.798704573773,
          40.4038283878513
        ],
        [
          -111.798703932376,
          40.4038285041419
        ],
        [
          -111.798702837329,
          40.4038287374073
        ],
        [
          -111.798702209407,
          40.4038288749039
        ],
        [
          -111.798701122445,
          40.4038291396361
        ],
        [
          -111.798700505303,
          40.403829291498
        ],
        [
          -111.798699427324,
          40.403829586329
        ],
        [
          -111.79869881108,
          40.4038297607649
        ],
        [
          -111.79869776095,
          40.4038300932193
        ],
        [
          -111.798697155485,
          40.4038302820206
        ],
        [
          -111.798696115236,
          40.4038306452579
        ],
        [
          -111.798695518755,
          40.4038308484245
        ],
        [
          -111.798694500963,
          40.4038312417604
        ],
        [
          -111.798693911669,
          40.4038314592923
        ],
        [
          -111.79869291364,
          40.403831882727
        ],
        [
          -111.798692345007,
          40.4038321242011
        ],
        [
          -111.798691366741,
          40.4038325770505
        ],
        [
          -111.798690800803,
          40.4038328342581
        ],
        [
          -111.798689850385,
          40.4038333165222
        ],
        [
          -111.798689300616,
          40.4038335867269
        ],
        [
          -111.79868837086,
          40.4038340922491
        ],
        [
          -111.798687844447,
          40.4038343863959
        ],
        [
          -111.798686932657,
          40.4038349131241
        ],
        [
          -111.798686415228,
          40.4038352223204
        ],
        [
          -111.798685543862,
          40.4038357805154
        ],
        [
          -111.798685045297,
          40.4038361027088
        ],
        [
          -111.798684192796,
          40.4038366896345
        ],
        [
          -111.798683705909,
          40.4038370220889
        ],
        [
          -111.798682892035,
          40.4038376309045
        ],
        [
          -111.798682425809,
          40.4038379770401
        ],
        [
          -111.798681631699,
          40.4038386145864
        ],
        [
          -111.798681182541,
          40.4038389778235
        ],
        [
          -111.798680428854,
          40.4038396331554
        ],
        [
          -111.79867999946,
          40.4038400093898
        ],
        [
          -111.798679278113,
          40.4038406852435
        ],
        [
          -111.798678865786,
          40.4038410696866
        ],
        [
          -111.798678185761,
          40.4038417674303
        ],
        [
          -111.798677792299,
          40.4038421648706
        ],
        [
          -111.798677139224,
          40.4038428872406
        ],
        [
          -111.798676765525,
          40.4038432935737
        ],
        [
          -111.798676152874,
          40.4038440371495
        ],
        [
          -111.798675801632,
          40.4038444503232
        ],
        [
          -111.798675224914,
          40.4038452110007
        ],
        [
          -111.798674895232,
          40.4038456378556
        ],
        [
          -111.798674357141,
          40.4038464115302
        ],
        [
          -111.798674056206,
          40.4038468479621
        ],
        [
          -111.798673548658,
          40.4038476455788
        ],
        [
          -111.798673267485,
          40.4038480874831
        ],
        [
          -111.798672808446,
          40.4038488919405
        ],
        [
          -111.798672547934,
          40.4038493413695
        ],
        [
          -111.798672127523,
          40.4038501595081
        ],
        [
          -111.798671893961,
          40.403850619198
        ],
        [
          -111.798671524753,
          40.4038514510179
        ],
        [
          -111.798670941747,
          40.4038527726263
        ],
        [
          -111.798578974923,
          40.4040868576711
        ],
        [
          -111.798578965041,
          40.404086890506
        ],
        [
          -111.798486038817,
          40.4043234229787
        ],
        [
          -111.798436139199,
          40.4044504475606
        ],
        [
          -111.798436119437,
          40.4044504694504
        ],
        [
          -111.798435604702,
          40.4044517828384
        ],
        [
          -111.798435323529,
          40.4044525038337
        ],
        [
          -111.798435090866,
          40.4044530975945
        ],
        [
          -111.798434798015,
          40.4044538185898
        ],
        [
          -111.798434565351,
          40.4044544116666
        ],
        [
          -111.798434285077,
          40.4044551326618
        ],
        [
          -111.798434041633,
          40.4044557250545
        ],
        [
          -111.798433761359,
          40.4044564371571
        ],
        [
          -111.798433519712,
          40.4044570377584
        ],
        [
          -111.798433225963,
          40.4044577519131
        ],
        [
          -111.798432993299,
          40.4044583525145
        ],
        [
          -111.798432702245,
          40.4044590659851
        ],
        [
          -111.798432460598,
          40.4044596665864
        ],
        [
          -111.798432168646,
          40.404460380741
        ],
        [
          -111.798431934186,
          40.4044609731337
        ],
        [
          -111.79843164403,
          40.4044616852362
        ],
        [
          -111.798431402383,
          40.4044622858374
        ],
        [
          -111.798431111329,
          40.404462999308
        ],
        [
          -111.798430868784,
          40.4044635910166
        ],
        [
          -111.798430576831,
          40.4044643120117
        ],
        [
          -111.7984303271,
          40.4044649044043
        ],
        [
          -111.79843003335,
          40.4044656185589
        ],
        [
          -111.798429790805,
          40.4044662102675
        ],
        [
          -111.798429498853,
          40.404466924422
        ],
        [
          -111.798429245528,
          40.4044675250233
        ],
        [
          -111.798428955372,
          40.4044682384938
        ],
        [
          -111.798428713725,
          40.4044688322545
        ],
        [
          -111.798428410095,
          40.404469545041
        ],
        [
          -111.798428168448,
          40.4044701381176
        ],
        [
          -111.798427868411,
          40.404470850904
        ],
        [
          -111.798427624967,
          40.4044714432966
        ],
        [
          -111.798427325828,
          40.4044721553989
        ],
        [
          -111.798427071605,
          40.4044727580523
        ],
        [
          -111.798426772466,
          40.4044734646822
        ],
        [
          -111.798426529023,
          40.4044740652834
        ],
        [
          -111.798426228087,
          40.4044747794379
        ],
        [
          -111.798425974762,
          40.4044753718304
        ],
        [
          -111.798425675623,
          40.4044760757241
        ],
        [
          -111.798425422298,
          40.4044766770093
        ],
        [
          -111.798425121363,
          40.404477382271
        ],
        [
          -111.798424870733,
          40.4044779767157
        ],
        [
          -111.798424567102,
          40.4044786901861
        ],
        [
          -111.798424315574,
          40.4044792818945
        ],
        [
          -111.798424004757,
          40.4044799953649
        ],
        [
          -111.798423751432,
          40.4044805884414
        ],
        [
          -111.798423451394,
          40.4044813005437
        ],
        [
          -111.798423198069,
          40.4044818949883
        ],
        [
          -111.798422886354,
          40.40448260025
        ],
        [
          -111.798422635724,
          40.4044831933265
        ],
        [
          -111.798422324907,
          40.4044839061128
        ],
        [
          -111.798422069785,
          40.4044844978212
        ],
        [
          -111.798421759867,
          40.4044852126596
        ],
        [
          -111.798421497559,
          40.4044857995796
        ],
        [
          -111.798421189437,
          40.4044865103137
        ],
        [
          -111.798420935213,
          40.4044871040742
        ],
        [
          -111.798420624396,
          40.404487811388
        ],
        [
          -111.798420362088,
          40.4044884037804
        ],
        [
          -111.798420050373,
          40.4044891172507
        ],
        [
          -111.798419799743,
          40.4044897116953
        ],
        [
          -111.798419479044,
          40.4044904162728
        ],
        [
          -111.798419226618,
          40.4044910079811
        ],
        [
          -111.798418905919,
          40.4044917146109
        ],
        [
          -111.798418643611,
          40.4044923083714
        ],
        [
          -111.798418332794,
          40.4044930211575
        ],
        [
          -111.798418069588,
          40.4044936067093
        ],
        [
          -111.79841775877,
          40.4044943208636
        ],
        [
          -111.798417487479,
          40.4044949043632
        ],
        [
          -111.798417176662,
          40.4044956192016
        ],
        [
          -111.798416914354,
          40.4044962040693
        ],
        [
          -111.798416592757,
          40.4044969168554
        ],
        [
          -111.798416331347,
          40.4044975037753
        ],
        [
          -111.798416010649,
          40.4044982090369
        ],
        [
          -111.798415749239,
          40.4044988021132
        ],
        [
          -111.798415425846,
          40.4044995087428
        ],
        [
          -111.798415155453,
          40.4045001011351
        ],
        [
          -111.798414834754,
          40.4045008063966
        ],
        [
          -111.798414573344,
          40.404501399473
        ],
        [
          -111.798414249951,
          40.4045021054185
        ],
        [
          -111.79841397866,
          40.4045026909702
        ],
        [
          -111.798413656165,
          40.4045033975998
        ],
        [
          -111.798413387568,
          40.404503989308
        ],
        [
          -111.798413065971,
          40.4045046966216
        ],
        [
          -111.79841279468,
          40.4045052828574
        ],
        [
          -111.798412472185,
          40.4045059949594
        ],
        [
          -111.798412199097,
          40.404506579827
        ],
        [
          -111.798411880195,
          40.4045072871406
        ],
        [
          -111.798411608904,
          40.4045078720082
        ],
        [
          -111.798411276527,
          40.4045085765856
        ],
        [
          -111.798411005236,
          40.40450917103
        ],
        [
          -111.798410674656,
          40.4045098762914
        ],
        [
          -111.798410402467,
          40.4045104632112
        ],
        [
          -111.798410071887,
          40.4045111677885
        ],
        [
          -111.798409799697,
          40.4045117533401
        ],
        [
          -111.798409469117,
          40.4045124592856
        ],
        [
          -111.798409196927,
          40.4045130448372
        ],
        [
          -111.798408868144,
          40.4045137514666
        ],
        [
          -111.798408594158,
          40.4045143363342
        ],
        [
          -111.798408265375,
          40.4045150422796
        ],
        [
          -111.798407981507,
          40.4045156285153
        ],
        [
          -111.798407652724,
          40.4045163330926
        ],
        [
          -111.798407369754,
          40.4045169193282
        ],
        [
          -111.798407040971,
          40.4045176252736
        ],
        [
          -111.798406766985,
          40.4045182101411
        ],
        [
          -111.798406426523,
          40.4045189167705
        ],
        [
          -111.798406146249,
          40.4045195030061
        ],
        [
          -111.798405813872,
          40.4045202089515
        ],
        [
          -111.798405533598,
          40.404520793135
        ],
        [
          -111.798405202119,
          40.4045214915557
        ],
        [
          -111.798404922743,
          40.4045220777913
        ],
        [
          -111.798404581384,
          40.4045227837366
        ],
        [
          -111.798404299313,
          40.4045233692881
        ],
        [
          -111.798403957953,
          40.4045240738653
        ],
        [
          -111.798403678577,
          40.4045246532604
        ],
        [
          -111.798403336319,
          40.4045253592057
        ],
        [
          -111.798403053349,
          40.4045259440731
        ],
        [
          -111.798402713786,
          40.4045266424938
        ],
        [
          -111.79840243441,
          40.4045272273613
        ],
        [
          -111.798402092152,
          40.4045279333065
        ],
        [
          -111.798401810081,
          40.4045285202261
        ],
        [
          -111.798401459738,
          40.4045292179627
        ],
        [
          -111.798401178565,
          40.4045298055663
        ],
        [
          -111.798400836307,
          40.4045305026189
        ],
        [
          -111.798400545253,
          40.4045310874863
        ],
        [
          -111.79840020569,
          40.4045317859069
        ],
        [
          -111.798399914636,
          40.4045323728265
        ],
        [
          -111.798399574174,
          40.404533070563
        ],
        [
          -111.798399284018,
          40.4045336547464
        ],
        [
          -111.798398932777,
          40.404534353167
        ],
        [
          -111.798398648909,
          40.4045349394025
        ],
        [
          -111.798398299465,
          40.4045356398752
        ],
        [
          -111.798398008411,
          40.4045362254266
        ],
        [
          -111.798397657169,
          40.404536921795
        ],
        [
          -111.798397375098,
          40.4045375087146
        ],
        [
          -111.798397026552,
          40.4045382064511
        ],
        [
          -111.7983967346,
          40.4045387920025
        ],
        [
          -111.798396384257,
          40.404539491107
        ],
        [
          -111.798396091406,
          40.404540070502
        ],
        [
          -111.79839573208,
          40.4045407675543
        ],
        [
          -111.798395440127,
          40.4045413524217
        ],
        [
          -111.798395089784,
          40.4045420501581
        ],
        [
          -111.798394797832,
          40.4045426281849
        ],
        [
          -111.798394439404,
          40.4045433259214
        ],
        [
          -111.798394145655,
          40.4045439142089
        ],
        [
          -111.798393794414,
          40.4045446126294
        ],
        [
          -111.798393496173,
          40.4045451899721
        ],
        [
          -111.798393144932,
          40.4045458883926
        ],
        [
          -111.798392842199,
          40.4045464732598
        ],
        [
          -111.798392491856,
          40.4045471716803
        ],
        [
          -111.798392191819,
          40.4045477503911
        ],
        [
          -111.79839183429,
          40.4045484488115
        ],
        [
          -111.798391538744,
          40.4045490254701
        ],
        [
          -111.798391181214,
          40.4045497259427
        ],
        [
          -111.798390878482,
          40.4045503026013
        ],
        [
          -111.798390519156,
          40.4045510023898
        ],
        [
          -111.798390227204,
          40.4045515783644
        ],
        [
          -111.798389866081,
          40.404552279521
        ],
        [
          -111.798389564247,
          40.4045528575477
        ],
        [
          -111.798389196836,
          40.404553555284
        ],
        [
          -111.798388902189,
          40.4045541333107
        ],
        [
          -111.798388535676,
          40.4045548324151
        ],
        [
          -111.798388231147,
          40.4045554111258
        ],
        [
          -111.798387872719,
          40.4045561013375
        ],
        [
          -111.798387570885,
          40.404556677996
        ],
        [
          -111.798387200779,
          40.4045573771005
        ],
        [
          -111.798386539619,
          40.4045586391823
        ],
        [
          -111.798386529738,
          40.4045586685966
        ],
        [
          -111.7983858569,
          40.4045599464117
        ],
        [
          -111.798385566744,
          40.4045604874993
        ],
        [
          -111.798385187655,
          40.4045612139659
        ],
        [
          -111.798384895702,
          40.4045617557375
        ],
        [
          -111.798384505834,
          40.4045624917809
        ],
        [
          -111.798384223763,
          40.4045630328685
        ],
        [
          -111.798383836589,
          40.4045637607032
        ],
        [
          -111.798383541941,
          40.4045643004226
        ],
        [
          -111.798383153869,
          40.4045650289413
        ],
        [
          -111.798382861917,
          40.404565570029
        ],
        [
          -111.798382472946,
          40.4045662978636
        ],
        [
          -111.798382180095,
          40.4045668396352
        ],
        [
          -111.798381790226,
          40.4045675667858
        ],
        [
          -111.798381499172,
          40.4045681092414
        ],
        [
          -111.798381109303,
          40.4045688370761
        ],
        [
          -111.798380817351,
          40.4045693767955
        ],
        [
          -111.798380420296,
          40.4045701059982
        ],
        [
          -111.798380127445,
          40.4045706464017
        ],
        [
          -111.798379737576,
          40.4045713742363
        ],
        [
          -111.798379446522,
          40.4045719160079
        ],
        [
          -111.798379046772,
          40.4045726424743
        ],
        [
          -111.798378753921,
          40.4045731862981
        ],
        [
          -111.798378355069,
          40.4045739134485
        ],
        [
          -111.798378062218,
          40.4045744463274
        ],
        [
          -111.798377664264,
          40.4045751762141
        ],
        [
          -111.79837737321,
          40.4045757152494
        ],
        [
          -111.798376974358,
          40.404576443768
        ],
        [
          -111.798376670728,
          40.4045769766469
        ],
        [
          -111.798376273672,
          40.4045777058495
        ],
        [
          -111.798375980822,
          40.404578246937
        ],
        [
          -111.79837557119,
          40.4045789754555
        ],
        [
          -111.798375279237,
          40.4045795069662
        ],
        [
          -111.798374870504,
          40.4045802375369
        ],
        [
          -111.798374578551,
          40.4045807704157
        ],
        [
          -111.798374171615,
          40.4045814996183
        ],
        [
          -111.798373878764,
          40.4045820386536
        ],
        [
          -111.79837347003,
          40.4045827610156
        ],
        [
          -111.7983731664,
          40.404583300735
        ],
        [
          -111.798372768446,
          40.4045840210448
        ],
        [
          -111.798372468409,
          40.4045845614482
        ],
        [
          -111.798372057879,
          40.4045852844942
        ],
        [
          -111.798371756943,
          40.4045858242135
        ],
        [
          -111.798371347311,
          40.4045865438392
        ],
        [
          -111.798371044579,
          40.4045870869788
        ],
        [
          -111.798370638541,
          40.4045878059205
        ],
        [
          -111.798370335808,
          40.4045883401674
        ],
        [
          -111.798369927075,
          40.4045890680018
        ],
        [
          -111.798369623444,
          40.4045896029327
        ],
        [
          -111.798369215609,
          40.4045903307671
        ],
        [
          -111.798368915572,
          40.4045908636458
        ],
        [
          -111.79836849516,
          40.4045915846396
        ],
        [
          -111.798368193326,
          40.4045921182024
        ],
        [
          -111.798367783695,
          40.4045928460367
        ],
        [
          -111.798367472877,
          40.4045933795995
        ],
        [
          -111.798367065941,
          40.4045941026454
        ],
        [
          -111.79836675153,
          40.404594633472
        ],
        [
          -111.798366342797,
          40.4045953613063
        ],
        [
          -111.79836603198,
          40.404595895553
        ],
        [
          -111.798365612467,
          40.4045966158627
        ],
        [
          -111.798365311531,
          40.4045971501096
        ],
        [
          -111.798364892018,
          40.4045978697352
        ],
        [
          -111.798364580302,
          40.4045984032979
        ],
        [
          -111.798364163484,
          40.4045991242916
        ],
        [
          -111.798363859853,
          40.4045996571703
        ],
        [
          -111.798363443933,
          40.404600378848
        ],
        [
          -111.79836313132,
          40.4046009117267
        ],
        [
          -111.798362711806,
          40.4046016340885
        ],
        [
          -111.798362400989,
          40.404602165599
        ],
        [
          -111.798361970696,
          40.4046028879608
        ],
        [
          -111.798361658981,
          40.4046034194713
        ],
        [
          -111.798361241264,
          40.4046041418332
        ],
        [
          -111.798360930447,
          40.4046046753958
        ],
        [
          -111.798360510934,
          40.4046053963895
        ],
        [
          -111.798360191134,
          40.4046059210594
        ],
        [
          -111.798359770722,
          40.4046066441052
        ],
        [
          -111.798359459905,
          40.4046071756157
        ],
        [
          -111.798359033205,
          40.4046078986615
        ],
        [
          -111.798358718795,
          40.4046084294879
        ],
        [
          -111.798358290299,
          40.404609143641
        ],
        [
          -111.79835798038,
          40.4046096772036
        ],
        [
          -111.798357551883,
          40.4046103968291
        ],
        [
          -111.798357229388,
          40.4046109242353
        ],
        [
          -111.798356799994,
          40.4046116445448
        ],
        [
          -111.79835648738,
          40.4046121781074
        ],
        [
          -111.798356059782,
          40.4046128908924
        ],
        [
          -111.798355737287,
          40.4046134258231
        ],
        [
          -111.798355311485,
          40.404614139292
        ],
        [
          -111.798354989888,
          40.4046146735387
        ],
        [
          -111.79835456229,
          40.4046153863236
        ],
        [
          -111.798354240693,
          40.4046159171499
        ],
        [
          -111.798353811299,
          40.404616631987
        ],
        [
          -111.7983534906,
          40.4046171655496
        ],
        [
          -111.798353062104,
          40.4046178797026
        ],
        [
          -111.798352739609,
          40.4046184132651
        ],
        [
          -111.798352301231,
          40.40461912605
        ],
        [
          -111.798351979634,
          40.4046196520879
        ],
        [
          -111.798351543053,
          40.4046203730814
        ],
        [
          -111.798351220557,
          40.4046208977512
        ],
        [
          -111.798350792061,
          40.4046216125883
        ],
        [
          -111.798350459684,
          40.4046221454667
        ],
        [
          -111.798350021306,
          40.4046228589356
        ],
        [
          -111.798349698811,
          40.4046233849735
        ],
        [
          -111.798349263128,
          40.4046240977583
        ],
        [
          -111.798348941531,
          40.4046246320049
        ],
        [
          -111.798348501357,
          40.4046253461578
        ],
        [
          -111.798348170777,
          40.4046258708276
        ],
        [
          -111.798347732399,
          40.4046265849805
        ],
        [
          -111.798347410802,
          40.4046271123865
        ],
        [
          -111.798346972424,
          40.404627822435
        ],
        [
          -111.798346642743,
          40.4046283505251
        ],
        [
          -111.798346203466,
          40.4046290626258
        ],
        [
          -111.798345871988,
          40.4046295955042
        ],
        [
          -111.798345424627,
          40.4046303028165
        ],
        [
          -111.798345103929,
          40.4046308350109
        ],
        [
          -111.798344653873,
          40.4046315423232
        ],
        [
          -111.798344324191,
          40.4046320669929
        ],
        [
          -111.798343885813,
          40.4046327804617
        ],
        [
          -111.798343552538,
          40.4046333078676
        ],
        [
          -111.798343106075,
          40.4046340213364
        ],
        [
          -111.798342773699,
          40.4046345466902
        ],
        [
          -111.798342325439,
          40.4046352601589
        ],
        [
          -111.798341995758,
          40.4046357848286
        ],
        [
          -111.7983415466,
          40.4046364914568
        ],
        [
          -111.798341216918,
          40.4046370168106
        ],
        [
          -111.798340765964,
          40.4046377309633
        ],
        [
          -111.798340435384,
          40.4046382576852
        ],
        [
          -111.798339986226,
          40.4046389622612
        ],
        [
          -111.798339646663,
          40.404639488983
        ],
        [
          -111.798339198404,
          40.4046402031358
        ],
        [
          -111.798338866926,
          40.4046407209649
        ],
        [
          -111.798338408785,
          40.4046414337495
        ],
        [
          -111.798338078205,
          40.4046419597874
        ],
        [
          -111.798337630844,
          40.4046426664155
        ],
        [
          -111.798337289484,
          40.4046431917692
        ],
        [
          -111.798336830445,
          40.4046438977132
        ],
        [
          -111.798336499865,
          40.4046444251191
        ],
        [
          -111.798336041724,
          40.404645129695
        ],
        [
          -111.798335709347,
          40.4046456571009
        ],
        [
          -111.798335253901,
          40.4046463609927
        ],
        [
          -111.798334910745,
          40.4046468877145
        ],
        [
          -111.798334453503,
          40.4046475936586
        ],
        [
          -111.798334113041,
          40.4046481121717
        ],
        [
          -111.798333654002,
          40.4046488249563
        ],
        [
          -111.798333321625,
          40.4046493448375
        ],
        [
          -111.798332854501,
          40.4046500507814
        ],
        [
          -111.798332514938,
          40.4046505761351
        ],
        [
          -111.798332055899,
          40.4046512820791
        ],
        [
          -111.798331715438,
          40.4046518005922
        ],
        [
          -111.798331258195,
          40.404652505168
        ],
        [
          -111.798330915039,
          40.4046530312058
        ],
        [
          -111.798330448813,
          40.4046537385178
        ],
        [
          -111.798330107453,
          40.4046542577149
        ],
        [
          -111.798329649312,
          40.4046549629748
        ],
        [
          -111.798329307054,
          40.4046554814879
        ],
        [
          -111.79832883993,
          40.4046561867478
        ],
        [
          -111.798328500367,
          40.404656706629
        ],
        [
          -111.798328031447,
          40.4046574118888
        ],
        [
          -111.798327690087,
          40.4046579379265
        ],
        [
          -111.798327222065,
          40.4046586370298
        ],
        [
          -111.798326871722,
          40.4046591548588
        ],
        [
          -111.798326403699,
          40.4046598614868
        ],
        [
          -111.798326063238,
          40.4046603793158
        ],
        [
          -111.798325595216,
          40.4046610845756
        ],
        [
          -111.798325243076,
          40.4046616037726
        ],
        [
          -111.798324775952,
          40.4046623097165
        ],
        [
          -111.798324424711,
          40.4046628275455
        ],
        [
          -111.798323957587,
          40.4046635266488
        ],
        [
          -111.798323608142,
          40.4046640451618
        ],
        [
          -111.798323138323,
          40.4046647511056
        ],
        [
          -111.79832278798,
          40.4046652696186
        ],
        [
          -111.798322321755,
          40.4046659673538
        ],
        [
          -111.798321969615,
          40.4046664872349
        ],
        [
          -111.798321490813,
          40.4046671918106
        ],
        [
          -111.798321138673,
          40.4046677116917
        ],
        [
          -111.798320674244,
          40.4046684101109
        ],
        [
          -111.798320322105,
          40.4046689279398
        ],
        [
          -111.798319843303,
          40.404669626359
        ],
        [
          -111.79831949296,
          40.4046701448719
        ],
        [
          -111.798319015954,
          40.4046708446592
        ],
        [
          -111.79831866651,
          40.4046713638563
        ],
        [
          -111.798318186809,
          40.4046720609073
        ],
        [
          -111.798317835568,
          40.4046725787362
        ],
        [
          -111.798317360359,
          40.4046732785235
        ],
        [
          -111.79831699744,
          40.4046737977204
        ],
        [
          -111.798316521333,
          40.4046744947715
        ],
        [
          -111.798316169193,
          40.4046750126004
        ],
        [
          -111.798315681408,
          40.4046757117035
        ],
        [
          -111.798315331065,
          40.4046762295324
        ],
        [
          -111.798314844178,
          40.404676921111
        ],
        [
          -111.798314492039,
          40.4046774389398
        ],
        [
          -111.798314005152,
          40.404678138727
        ],
        [
          -111.79831365391,
          40.4046786572399
        ],
        [
          -111.798313166125,
          40.4046793488185
        ],
        [
          -111.798312816681,
          40.4046798652792
        ],
        [
          -111.798312327099,
          40.4046805643823
        ],
        [
          -111.798311967773,
          40.4046810760547
        ],
        [
          -111.798311479988,
          40.4046817737897
        ],
        [
          -111.798311120661,
          40.4046822923026
        ],
        [
          -111.798310639164,
          40.4046829845651
        ],
        [
          -111.798310281635,
          40.4046835017099
        ],
        [
          -111.79830979385,
          40.4046841926043
        ],
        [
          -111.798309433625,
          40.4046847104331
        ],
        [
          -111.79830894584,
          40.4046854033797
        ],
        [
          -111.798308582022,
          40.4046859225766
        ],
        [
          -111.798308087051,
          40.4046866121029
        ],
        [
          -111.798307725928,
          40.4046871312998
        ],
        [
          -111.798307238143,
          40.4046878221942
        ],
        [
          -111.798306878817,
          40.4046883324984
        ],
        [
          -111.798306382048,
          40.4046890316014
        ],
        [
          -111.798306019129,
          40.4046895425897
        ],
        [
          -111.798305531344,
          40.4046902328
        ],
        [
          -111.798305163034,
          40.4046907506287
        ],
        [
          -111.79830429616,
          40.4046919757692
        ],
        [
          -111.798303434676,
          40.4046931865444
        ],
        [
          -111.79830320291,
          40.4046935025772
        ],
        [
          -111.79830257948,
          40.4046943884269
        ],
        [
          -111.798302347714,
          40.4046947106162
        ],
        [
          -111.79830172069,
          40.404695597834
        ],
        [
          -111.798301496111,
          40.4046959200234
        ],
        [
          -111.798300872681,
          40.4046968072411
        ],
        [
          -111.798300647203,
          40.4046971225899
        ],
        [
          -111.798300012993,
          40.4046980180163
        ],
        [
          -111.798299791109,
          40.4046983333651
        ],
        [
          -111.798299164983,
          40.4046992267392
        ],
        [
          -111.798298940404,
          40.404699541404
        ],
        [
          -111.798298326855,
          40.4047004361463
        ],
        [
          -111.798298104971,
          40.404700750811
        ],
        [
          -111.79829748154,
          40.4047016455533
        ],
        [
          -111.798297256063,
          40.4047019704788
        ],
        [
          -111.798296640717,
          40.4047028549602
        ],
        [
          -111.798296416138,
          40.4047031798857
        ],
        [
          -111.798295792708,
          40.4047040725758
        ],
        [
          -111.798295579807,
          40.404704393397
        ],
        [
          -111.798294955478,
          40.4047052826668
        ],
        [
          -111.798294741679,
          40.4047056048561
        ],
        [
          -111.798294114655,
          40.4047064995983
        ],
        [
          -111.798293903551,
          40.4047068224716
        ],
        [
          -111.798293290001,
          40.4047077165297
        ],
        [
          -111.798293065422,
          40.404708038719
        ],
        [
          -111.798292449178,
          40.4047089334612
        ],
        [
          -111.798292234481,
          40.4047092481259
        ],
        [
          -111.79829162183,
          40.4047101497086
        ],
        [
          -111.798291406234,
          40.4047104664254
        ],
        [
          -111.798290793583,
          40.4047113673241
        ],
        [
          -111.798290577089,
          40.4047116895133
        ],
        [
          -111.79828996354,
          40.4047125835714
        ],
        [
          -111.798289751537,
          40.4047129078128
        ],
        [
          -111.798289146971,
          40.4047138011868
        ],
        [
          -111.798288922392,
          40.4047141240601
        ],
        [
          -111.798288315131,
          40.4047150249587
        ],
        [
          -111.798288102231,
          40.4047153492001
        ],
        [
          -111.798287497664,
          40.4047162432581
        ],
        [
          -111.798287284764,
          40.4047165661314
        ],
        [
          -111.798286677503,
          40.40471746703
        ],
        [
          -111.7982864655,
          40.4047177899032
        ],
        [
          -111.798285860934,
          40.4047186839612
        ],
        [
          -111.798285645338,
          40.4047190054664
        ],
        [
          -111.798285051552,
          40.4047199097852
        ],
        [
          -111.798284836855,
          40.4047202326584
        ],
        [
          -111.798284233187,
          40.4047211315048
        ],
        [
          -111.798284019388,
          40.4047214571143
        ],
        [
          -111.798283423805,
          40.4047223566446
        ],
        [
          -111.798283208209,
          40.404722680886
        ],
        [
          -111.798282615321,
          40.4047235824685
        ],
        [
          -111.798282401522,
          40.4047239046577
        ],
        [
          -111.798281806837,
          40.4047248062402
        ],
        [
          -111.798281602021,
          40.4047251373221
        ],
        [
          -111.798281008235,
          40.4047260395887
        ],
        [
          -111.798280792639,
          40.4047263624619
        ],
        [
          -111.798280206938,
          40.4047272619922
        ],
        [
          -111.798279994037,
          40.4047275848654
        ],
        [
          -111.79827940025,
          40.4047284939724
        ],
        [
          -111.798279193638,
          40.4047288175298
        ],
        [
          -111.798278601648,
          40.40472971706
        ],
        [
          -111.798278396832,
          40.40473004951
        ],
        [
          -111.798277811131,
          40.4047309497243
        ],
        [
          -111.798277595535,
          40.4047312746497
        ],
        [
          -111.798277012528,
          40.4047321823885
        ],
        [
          -111.798276807712,
          40.4047325059458
        ],
        [
          -111.798276222909,
          40.4047334130007
        ],
        [
          -111.798276007314,
          40.404733737926
        ],
        [
          -111.798275432392,
          40.404734647033
        ],
        [
          -111.798275219491,
          40.4047349705902
        ],
        [
          -111.798274644569,
          40.4047358796971
        ],
        [
          -111.798274429872,
          40.4047362080428
        ],
        [
          -111.798273854052,
          40.4047371103092
        ],
        [
          -111.798273650134,
          40.4047374407069
        ],
        [
          -111.798273065331,
          40.4047383498138
        ],
        [
          -111.798272861413,
          40.4047386733711
        ],
        [
          -111.798272286492,
          40.4047395817939
        ],
        [
          -111.798272081676,
          40.4047399128757
        ],
        [
          -111.798271506754,
          40.4047408219826
        ],
        [
          -111.79827130104,
          40.4047411441717
        ],
        [
          -111.798270726118,
          40.4047420546467
        ],
        [
          -111.798270523099,
          40.4047423829923
        ],
        [
          -111.79826994638,
          40.4047432934672
        ],
        [
          -111.798269743361,
          40.4047436231809
        ],
        [
          -111.798269178321,
          40.4047445316037
        ],
        [
          -111.798268975302,
          40.4047448620014
        ],
        [
          -111.79826840038,
          40.4047457717923
        ],
        [
          -111.798268203649,
          40.4047461028741
        ],
        [
          -111.798267628727,
          40.4047470099287
        ],
        [
          -111.798267425708,
          40.4047473410105
        ],
        [
          -111.798266859769,
          40.4047482514853
        ],
        [
          -111.798266664835,
          40.4047485791468
        ],
        [
          -111.798266099794,
          40.4047494889377
        ],
        [
          -111.798265895877,
          40.4047498193354
        ],
        [
          -111.79826532904,
          40.4047507359667
        ],
        [
          -111.7982651368,
          40.4047510581558
        ],
        [
          -111.798264569963,
          40.4047519754711
        ],
        [
          -111.798264366046,
          40.4047523045007
        ],
        [
          -111.798263810887,
          40.4047532218161
        ],
        [
          -111.798263606969,
          40.4047535453732
        ],
        [
          -111.798263052709,
          40.4047544606364
        ],
        [
          -111.798262856876,
          40.4047547917181
        ],
        [
          -111.798262290937,
          40.4047557090335
        ],
        [
          -111.798262096003,
          40.4047560394312
        ],
        [
          -111.798261541743,
          40.4047569560624
        ],
        [
          -111.79826134591,
          40.404757285776
        ],
        [
          -111.798260791649,
          40.4047582030913
        ],
        [
          -111.798260587732,
          40.4047585314368
        ],
        [
          -111.798260041556,
          40.404759447384
        ],
        [
          -111.79825983674,
          40.4047597784657
        ],
        [
          -111.798259291463,
          40.4047606957809
        ],
        [
          -111.79825909563,
          40.4047610261786
        ],
        [
          -111.79825854137,
          40.4047619421257
        ],
        [
          -111.798258347333,
          40.4047622725233
        ],
        [
          -111.798257802056,
          40.4047631898386
        ],
        [
          -111.79825760802,
          40.4047635188681
        ],
        [
          -111.798257060946,
          40.4047644437079
        ],
        [
          -111.798256866011,
          40.4047647727374
        ],
        [
          -111.798256322531,
          40.4047656880004
        ],
        [
          -111.798256127596,
          40.4047660204502
        ],
        [
          -111.798255581421,
          40.4047669446059
        ],
        [
          -111.798255385588,
          40.4047672750035
        ],
        [
          -111.798254841209,
          40.4047682005273
        ],
        [
          -111.798254646274,
          40.4047685295568
        ],
        [
          -111.798254109082,
          40.4047694448198
        ],
        [
          -111.798253915944,
          40.404769783426
        ],
        [
          -111.798253381447,
          40.404770698689
        ],
        [
          -111.798253184715,
          40.4047710297707
        ],
        [
          -111.798252651116,
          40.4047719532422
        ],
        [
          -111.798252455283,
          40.4047722836398
        ],
        [
          -111.798251918989,
          40.4047732071114
        ],
        [
          -111.798251724953,
          40.404773538193
        ],
        [
          -111.798251190456,
          40.4047744630326
        ],
        [
          -111.798251004504,
          40.4047748016389
        ],
        [
          -111.798250470007,
          40.4047757244263
        ],
        [
          -111.798250284055,
          40.404776055508
        ],
        [
          -111.798249747761,
          40.4047769789795
        ],
        [
          -111.798249553725,
          40.404777308693
        ],
        [
          -111.798249027312,
          40.4047782321645
        ],
        [
          -111.798248843158,
          40.4047785687185
        ],
        [
          -111.79824830866,
          40.4047794949262
        ],
        [
          -111.798248124505,
          40.4047798253237
        ],
        [
          -111.79824741304,
          40.4047811010825
        ],
        [
          -111.798246681811,
          40.4047823638441
        ],
        [
          -111.798246088923,
          40.4047834289145
        ],
        [
          -111.798245972142,
          40.4047836245536
        ],
        [
          -111.798245377457,
          40.4047846916761
        ],
        [
          -111.798245259778,
          40.4047848873152
        ],
        [
          -111.79824466689,
          40.4047859523855
        ],
        [
          -111.798244559092,
          40.4047861487087
        ],
        [
          -111.798243965306,
          40.4047872158312
        ],
        [
          -111.798243846728,
          40.4047874094181
        ],
        [
          -111.798243265518,
          40.4047884772247
        ],
        [
          -111.798243147839,
          40.4047886714956
        ],
        [
          -111.798242563934,
          40.4047897454586
        ],
        [
          -111.798242447153,
          40.4047899417817
        ],
        [
          -111.79824186235,
          40.404791006852
        ],
        [
          -111.79824175545,
          40.4047912024911
        ],
        [
          -111.79824116346,
          40.4047922689294
        ],
        [
          -111.798241057459,
          40.4047924720931
        ],
        [
          -111.798240472656,
          40.4047935392155
        ],
        [
          -111.79824036396,
          40.4047937334865
        ],
        [
          -111.798239780055,
          40.4047948067653
        ],
        [
          -111.798239673155,
          40.4047950024044
        ],
        [
          -111.79823908925,
          40.4047960702108
        ],
        [
          -111.798238983249,
          40.4047962720063
        ],
        [
          -111.798238398446,
          40.4047973370764
        ],
        [
          -111.798238292445,
          40.4047975333996
        ],
        [
          -111.798237716625,
          40.4047986066783
        ],
        [
          -111.798237609725,
          40.4047988023174
        ],
        [
          -111.798237028515,
          40.4047998762802
        ],
        [
          -111.798236918921,
          40.4048000719193
        ],
        [
          -111.798236343999,
          40.4048011472502
        ],
        [
          -111.798236239794,
          40.4048013408371
        ],
        [
          -111.798235663076,
          40.4048024141158
        ],
        [
          -111.798235567854,
          40.4048026172794
        ],
        [
          -111.798234992933,
          40.4048036830335
        ],
        [
          -111.798234886033,
          40.4048038868812
        ],
        [
          -111.798234310213,
          40.4048049601599
        ],
        [
          -111.798234204212,
          40.4048051557989
        ],
        [
          -111.798233640968,
          40.4048062283935
        ],
        [
          -111.798233534069,
          40.4048064315571
        ],
        [
          -111.79823296813,
          40.4048075055198
        ],
        [
          -111.798232862129,
          40.4048077018429
        ],
        [
          -111.798232297987,
          40.4048087758056
        ],
        [
          -111.798232202765,
          40.4048089776011
        ],
        [
          -111.798231636827,
          40.4048100522478
        ],
        [
          -111.798231527232,
          40.4048102458347
        ],
        [
          -111.798230964887,
          40.404811329374
        ],
        [
          -111.798230869665,
          40.404811524329
        ],
        [
          -111.79823030193,
          40.404812603764
        ],
        [
          -111.798230195929,
          40.404812799403
        ],
        [
          -111.79822964077,
          40.4048138822583
        ],
        [
          -111.798229545549,
          40.4048140765292
        ],
        [
          -111.798228978712,
          40.4048151573323
        ],
        [
          -111.798228882592,
          40.4048153522873
        ],
        [
          -111.798228330128,
          40.4048164358265
        ],
        [
          -111.798228221432,
          40.4048166300974
        ],
        [
          -111.798227667172,
          40.4048177102164
        ],
        [
          -111.79822757195,
          40.4048179051714
        ],
        [
          -111.798227016791,
          40.4048189880266
        ],
        [
          -111.798226919773,
          40.4048191911902
        ],
        [
          -111.798226363716,
          40.4048202644686
        ],
        [
          -111.798226266698,
          40.4048204669481
        ],
        [
          -111.798225722319,
          40.4048215484352
        ],
        [
          -111.798225614521,
          40.4048217433901
        ],
        [
          -111.798225067447,
          40.404822824193
        ],
        [
          -111.798224974022,
          40.4048230273566
        ],
        [
          -111.798224427847,
          40.4048241095277
        ],
        [
          -111.798224330829,
          40.4048243120072
        ],
        [
          -111.798223785551,
          40.404825392126
        ],
        [
          -111.798223688533,
          40.404825587765
        ],
        [
          -111.798223144154,
          40.4048266706201
        ],
        [
          -111.798223046238,
          40.4048268710475
        ],
        [
          -111.798222502757,
          40.4048279525344
        ],
        [
          -111.798222403942,
          40.4048281584341
        ],
        [
          -111.798221868546,
          40.4048292378689
        ],
        [
          -111.798221774223,
          40.4048294403484
        ],
        [
          -111.798221238827,
          40.4048305197831
        ],
        [
          -111.798221142708,
          40.4048307229467
        ],
        [
          -111.798220606413,
          40.4048318051176
        ],
        [
          -111.798220507599,
          40.4048320075971
        ],
        [
          -111.798219973101,
          40.4048330959244
        ],
        [
          -111.798219876981,
          40.4048332922475
        ],
        [
          -111.798219343382,
          40.404834382627
        ],
        [
          -111.798219243669,
          40.4048345768978
        ],
        [
          -111.798218719053,
          40.4048356645411
        ],
        [
          -111.798218622035,
          40.4048358677047
        ],
        [
          -111.798218100114,
          40.404836956716
        ],
        [
          -111.798218000401,
          40.404837152355
        ],
        [
          -111.798217475785,
          40.4048382413663
        ],
        [
          -111.798217377868,
          40.4048384438458
        ],
        [
          -111.798216853252,
          40.404839531489
        ],
        [
          -111.798216756234,
          40.404839727128
        ],
        [
          -111.798216240601,
          40.4048408154552
        ],
        [
          -111.798216142685,
          40.4048410193028
        ],
        [
          -111.798215628848,
          40.4048421069459
        ],
        [
          -111.79821553183,
          40.4048423107936
        ],
        [
          -111.798215015299,
          40.4048433977526
        ],
        [
          -111.798214920078,
          40.4048435947597
        ],
        [
          -111.798214404445,
          40.4048446906114
        ],
        [
          -111.798214308325,
          40.4048448855663
        ],
        [
          -111.798213792692,
          40.4048459821021
        ],
        [
          -111.798213692979,
          40.4048461756889
        ],
        [
          -111.798213189024,
          40.4048472708565
        ],
        [
          -111.798213093803,
          40.4048474678636
        ],
        [
          -111.798212577271,
          40.4048485643993
        ],
        [
          -111.798212489236,
          40.4048487668788
        ],
        [
          -111.798211973603,
          40.4048498558899
        ],
        [
          -111.798211885569,
          40.4048500583693
        ],
        [
          -111.798211380715,
          40.4048511473805
        ],
        [
          -111.798211284596,
          40.4048513498599
        ],
        [
          -111.798210779742,
          40.4048524477637
        ],
        [
          -111.798210680928,
          40.4048526420345
        ],
        [
          -111.798210185956,
          40.4048537378861
        ],
        [
          -111.798210088938,
          40.4048539410496
        ],
        [
          -111.798209593068,
          40.4048550369012
        ],
        [
          -111.79820949605,
          40.4048552304879
        ],
        [
          -111.798208999282,
          40.4048563270235
        ],
        [
          -111.798208902264,
          40.4048565308711
        ],
        [
          -111.798208407292,
          40.4048576274067
        ],
        [
          -111.798208308477,
          40.4048578298861
        ],
        [
          -111.798207814404,
          40.4048589257376
        ],
        [
          -111.798207726369,
          40.4048591186403
        ],
        [
          -111.798207231397,
          40.404860216544
        ],
        [
          -111.798207141566,
          40.4048604190234
        ],
        [
          -111.79820664839,
          40.404861516243
        ],
        [
          -111.798206561254,
          40.4048617187224
        ],
        [
          -111.798206066282,
          40.4048628159419
        ],
        [
          -111.798205977349,
          40.4048630177373
        ],
        [
          -111.798205493157,
          40.4048641142728
        ],
        [
          -111.798205395241,
          40.4048643167522
        ],
        [
          -111.798204908354,
          40.4048654126036
        ],
        [
          -111.798204821217,
          40.404865615083
        ],
        [
          -111.798204336127,
          40.404866718459
        ],
        [
          -111.79820424899,
          40.4048669147819
        ],
        [
          -111.798203762103,
          40.4048680174738
        ],
        [
          -111.798203674967,
          40.4048682206373
        ],
        [
          -111.798203188978,
          40.4048693158045
        ],
        [
          -111.798203101842,
          40.4048695182839
        ],
        [
          -111.798202627531,
          40.4048706230279
        ],
        [
          -111.798202541293,
          40.4048708186668
        ],
        [
          -111.798202054406,
          40.4048719206746
        ],
        [
          -111.798201966371,
          40.404872123838
        ],
        [
          -111.798201491162,
          40.4048732272139
        ],
        [
          -111.798201403128,
          40.4048734310613
        ],
        [
          -111.79820092702,
          40.4048745269126
        ],
        [
          -111.798200840782,
          40.404874729392
        ],
        [
          -111.79820037276,
          40.4048758334518
        ],
        [
          -111.798200285623,
          40.4048760345632
        ],
        [
          -111.798199812211,
          40.404877139307
        ],
        [
          -111.79819972238,
          40.4048773411024
        ],
        [
          -111.798199257052,
          40.4048784465303
        ],
        [
          -111.798199168119,
          40.404878640801
        ],
        [
          -111.79819870369,
          40.4048797448608
        ],
        [
          -111.798198614757,
          40.4048799473402
        ],
        [
          -111.79819814943,
          40.4048810493478
        ],
        [
          -111.798198061395,
          40.4048812531952
        ],
        [
          -111.798197596067,
          40.404882357939
        ],
        [
          -111.798197517914,
          40.4048825604184
        ],
        [
          -111.798197052587,
          40.4048836685825
        ],
        [
          -111.798196967247,
          40.4048838710618
        ],
        [
          -111.798196508208,
          40.4048849778577
        ],
        [
          -111.798196421071,
          40.404885179653
        ],
        [
          -111.798195965625,
          40.4048862837128
        ],
        [
          -111.798195879387,
          40.404886484824
        ],
        [
          -111.798195422144,
          40.4048875909358
        ],
        [
          -111.798195343093,
          40.404887791363
        ],
        [
          -111.798194887647,
          40.4048889029472
        ],
        [
          -111.798194798714,
          40.4048891061106
        ],
        [
          -111.798194345064,
          40.4048902101702
        ],
        [
          -111.798194266013,
          40.4048904126495
        ],
        [
          -111.798193809668,
          40.4048915235497
        ],
        [
          -111.798193731515,
          40.4048917267131
        ],
        [
          -111.798193276967,
          40.4048928294045
        ],
        [
          -111.798193198814,
          40.4048930325679
        ],
        [
          -111.798192752351,
          40.404894143468
        ],
        [
          -111.798192664316,
          40.4048943459473
        ],
        [
          -111.798192218752,
          40.4048954575314
        ],
        [
          -111.798192141497,
          40.4048956606948
        ],
        [
          -111.798191695034,
          40.4048967709107
        ],
        [
          -111.798191616881,
          40.4048969733901
        ],
        [
          -111.798191170418,
          40.4048980767655
        ],
        [
          -111.798191094061,
          40.4048982867694
        ],
        [
          -111.798190647599,
          40.4048993908289
        ],
        [
          -111.798190567649,
          40.4048996008327
        ],
        [
          -111.798190132864,
          40.4049007042082
        ],
        [
          -111.798190053812,
          40.4049009155801
        ],
        [
          -111.798189619028,
          40.4049020237439
        ],
        [
          -111.798189530993,
          40.4049022269072
        ],
        [
          -111.798189094412,
          40.4049033384912
        ],
        [
          -111.798189017156,
          40.4049035416545
        ],
        [
          -111.798188589558,
          40.4049046525544
        ],
        [
          -111.798188502422,
          40.4049048557178
        ],
        [
          -111.79818807662,
          40.4049059679858
        ],
        [
          -111.798187997569,
          40.404906169097
        ],
        [
          -111.798187561886,
          40.4049072806809
        ],
        [
          -111.798187483732,
          40.4049074906847
        ],
        [
          -111.798187056134,
          40.4049086029526
        ],
        [
          -111.798186980676,
          40.4049088040639
        ],
        [
          -111.798186553078,
          40.4049099156477
        ],
        [
          -111.798186474026,
          40.4049101256516
        ],
        [
          -111.798186047326,
          40.4049112358673
        ],
        [
          -111.798185972766,
          40.4049114390306
        ],
        [
          -111.798185552354,
          40.404912558139
        ],
        [
          -111.798185476896,
          40.4049127606183
        ],
        [
          -111.798185049298,
          40.4049138701499
        ],
        [
          -111.798184971144,
          40.4049140733133
        ],
        [
          -111.798184555224,
          40.4049151924216
        ],
        [
          -111.798184477071,
          40.4049153955849
        ],
        [
          -111.798184060253,
          40.4049165133251
        ],
        [
          -111.798183982998,
          40.4049167171725
        ],
        [
          -111.798183575162,
          40.4049178349127
        ],
        [
          -111.798183497009,
          40.404918038076
        ],
        [
          -111.798183081089,
          40.4049191476076
        ],
        [
          -111.798183002936,
          40.4049193589795
        ],
        [
          -111.798182597795,
          40.4049204698791
        ],
        [
          -111.798182112705,
          40.4049217983071
        ]
      ]
    ]
  }
}