{
  "type": "Feature",
  "properties": {
    "parcel_id": "481830500",
    "owner_name_raw": "BOARD OF EDUCATION OF ALPINE DISTRICT (ET AL)",
    "owner_class": "SCHOOL_DISTRICT",
    "epsg": "EPSG:4326"
  },
  "geometry": {
    "type": "Polygon",
    "coordinates": [
      [
        [
          -111.688149214488,
          40.3242387517121
        ],
        [
          -111.688147421451,
          40.3242387784221
        ],
        [
          -111.68814563021,
          40.3242388544428
        ],
        [
          -111.688143845258,
          40.3242389708708
        ],
        [
          -111.688142064797,
          40.3242391366095
        ],
        [
          -111.688140293319,
          40.3242393482346
        ],
        [
          -111.688138529926,
          40.3242396030065
        ],
        [
          -111.688136778212,
          40.3242399029799
        ],
        [
          -111.688135044463,
          40.3242402474699
        ],
        [
          -111.688133325088,
          40.3242406364765
        ],
        [
          -111.688131620085,
          40.3242410672601
        ],
        [
          -111.688129939337,
          40.3242415446151
        ],
        [
          -111.688128279251,
          40.3242420630622
        ],
        [
          -111.68812664252,
          40.3242426219167
        ],
        [
          -111.688125030044,
          40.324243223918
        ],
        [
          -111.688123445416,
          40.3242438663268
        ],
        [
          -111.688121889534,
          40.3242445498278
        ],
        [
          -111.688120364195,
          40.3242452723663
        ],
        [
          -111.688118872991,
          40.324246031203
        ],
        [
          -111.688117412331,
          40.3242468290774
        ],
        [
          -111.688115989399,
          40.3242476646196
        ],
        [
          -111.6881146024,
          40.3242485350902
        ],
        [
          -111.688113255826,
          40.3242494411741
        ],
        [
          -111.688111947879,
          40.3242503801317
        ],
        [
          -111.688110682153,
          40.3242513533329
        ],
        [
          -111.688109459545,
          40.3242523566684
        ],
        [
          -111.688108280956,
          40.3242533921927
        ],
        [
          -111.68810714818,
          40.3242544564817
        ],
        [
          -111.688106064812,
          40.3242555481654
        ],
        [
          -111.688105025461,
          40.3242566679288
        ],
        [
          -111.688104037314,
          40.3242578137172
        ],
        [
          -111.688103100372,
          40.324258984161
        ],
        [
          -111.688102212836,
          40.3242601765207
        ],
        [
          -111.688101380996,
          40.3242613928507
        ],
        [
          -111.688100599462,
          40.3242626263025
        ],
        [
          -111.688099872725,
          40.324263882355
        ],
        [
          -111.688099204378,
          40.324265156899
        ],
        [
          -111.688098589931,
          40.3242664444555
        ],
        [
          -111.68809803028,
          40.3242677498186
        ],
        [
          -111.688097528122,
          40.3242690661397
        ],
        [
          -111.688097084354,
          40.3242703968429
        ],
        [
          -111.688096698977,
          40.3242717371344
        ],
        [
          -111.688096371092,
          40.3242730863291
        ],
        [
          -111.68809610519,
          40.3242744437423
        ],
        [
          -111.688095896781,
          40.3242758066343
        ],
        [
          -111.688095747661,
          40.3242771750053
        ],
        [
          -111.688095629083,
          40.3242797076559
        ],
        [
          -111.688097191254,
          40.3240436988689
        ],
        [
          -111.688097211915,
          40.3240450713539
        ],
        [
          -111.688097290967,
          40.3240464438388
        ],
        [
          -111.688097430205,
          40.3240478108447
        ],
        [
          -111.688097628733,
          40.3240491751111
        ],
        [
          -111.688097887448,
          40.3240505325287
        ],
        [
          -111.688098209045,
          40.3240518837825
        ],
        [
          -111.688098584541,
          40.324053225448
        ],
        [
          -111.688099018427,
          40.3240545582102
        ],
        [
          -111.688099508907,
          40.3240558779597
        ],
        [
          -111.688100059574,
          40.3240571840118
        ],
        [
          -111.688100665039,
          40.3240584756815
        ],
        [
          -111.688101327995,
          40.3240597502293
        ],
        [
          -111.688102045749,
          40.3240610090251
        ],
        [
          -111.688102816504,
          40.3240622486444
        ],
        [
          -111.688103642954,
          40.3240634670327
        ],
        [
          -111.688104521506,
          40.3240646628201
        ],
        [
          -111.688105451263,
          40.3240658373765
        ],
        [
          -111.688106431325,
          40.3240669865926
        ],
        [
          -111.688107458099,
          40.3240681090986
        ],
        [
          -111.688108537874,
          40.3240692062643
        ],
        [
          -111.688109663463,
          40.3240702760351
        ],
        [
          -111.688110834866,
          40.3240713143017
        ],
        [
          -111.688112049388,
          40.3240723238037
        ],
        [
          -111.688113308826,
          40.3240733018016
        ],
        [
          -111.688114609587,
          40.3240742441861
        ],
        [
          -111.688115950772,
          40.3240751564361
        ],
        [
          -111.688117330584,
          40.3240760337577
        ],
        [
          -111.68811875082,
          40.3240768740961
        ],
        [
          -111.688120203396,
          40.3240776774514
        ],
        [
          -111.688121690108,
          40.3240784438237
        ],
        [
          -111.688123210057,
          40.3240791725278
        ],
        [
          -111.688124761448,
          40.3240798594548
        ],
        [
          -111.688126342483,
          40.3240805100836
        ],
        [
          -111.688127950467,
          40.3240811175654
        ],
        [
          -111.688129583604,
          40.3240816853245
        ],
        [
          -111.6881312392,
          40.324082208567
        ],
        [
          -111.688132918151,
          40.324082691402
        ],
        [
          -111.688134617763,
          40.3240831290355
        ],
        [
          -111.688136334444,
          40.3240835248917
        ],
        [
          -111.688138068192,
          40.3240838789707
        ],
        [
          -111.688139815416,
          40.3240841844237
        ],
        [
          -111.688141576113,
          40.324084446045
        ],
        [
          -111.688143347591,
          40.3240846645192
        ],
        [
          -111.688145127154,
          40.3240848350524
        ],
        [
          -111.688146912106,
          40.3240849624387
        ],
        [
          -111.688148702449,
          40.3240850425688
        ],
        [
          -111.688151183595,
          40.3240850795518
        ],
        [
          -111.689409438543,
          40.324081505888
        ],
        [
          -111.691049889812,
          40.3240768247853
        ],
        [
          -111.691097200485,
          40.3240770062765
        ],
        [
          -111.69114449948,
          40.3240778185351
        ],
        [
          -111.69119177422,
          40.3240792622461
        ],
        [
          -111.691239007637,
          40.324081339464
        ],
        [
          -111.691286188054,
          40.3240840440249
        ],
        [
          -111.691333298403,
          40.3240873786682
        ],
        [
          -111.69138032431,
          40.3240913433937
        ],
        [
          -111.691427255893,
          40.3240959361469
        ],
        [
          -111.691474073391,
          40.324101154873
        ],
        [
          -111.691520764226,
          40.3241069961473
        ],
        [
          -111.691567315823,
          40.3241134613395
        ],
        [
          -111.691613714705,
          40.3241205470251
        ],
        [
          -111.691659942908,
          40.324128253204
        ],
        [
          -111.691705986956,
          40.3241365750817
        ],
        [
          -111.691751835172,
          40.3241455085488
        ],
        [
          -111.691797473181,
          40.3241550549748
        ],
        [
          -111.691842885714,
          40.3241652102502
        ],
        [
          -111.691888060193,
          40.3241759688958
        ],
        [
          -111.691932983144,
          40.3241873295415
        ],
        [
          -111.691977640193,
          40.3241992880778
        ],
        [
          -111.692022016968,
          40.324211841765
        ],
        [
          -111.692066100892,
          40.3242249844388
        ],
        [
          -111.692109877593,
          40.3242387174686
        ],
        [
          -111.692153337188,
          40.3242530312659
        ],
        [
          -111.692200406214,
          40.3242693202266
        ],
        [
          -111.69221726849,
          40.3242751881964
        ],
        [
          -111.692234264615,
          40.3242808294735
        ],
        [
          -111.69225138381,
          40.3242862420035
        ],
        [
          -111.692268626073,
          40.3242914251015
        ],
        [
          -111.692285984219,
          40.3242963773979
        ],
        [
          -111.692303452858,
          40.324301097523
        ],
        [
          -111.692321023007,
          40.3243055820525
        ],
        [
          -111.692338695564,
          40.324309832356
        ],
        [
          -111.692356462443,
          40.3243138456943
        ],
        [
          -111.692374317358,
          40.3243176220674
        ],
        [
          -111.692392255816,
          40.3243211580508
        ],
        [
          -111.692410272427,
          40.3243244556995
        ],
        [
          -111.692428361802,
          40.3243275102191
        ],
        [
          -111.692446517652,
          40.3243303236644
        ],
        [
          -111.692464734588,
          40.3243328926111
        ],
        [
          -111.692483006321,
          40.3243352197986
        ],
        [
          -111.692501331953,
          40.3243373024876
        ],
        [
          -111.692519698009,
          40.3243391379385
        ],
        [
          -111.692538104489,
          40.3243407295758
        ],
        [
          -111.692556546003,
          40.3243420760296
        ],
        [
          -111.692575016264,
          40.3243431745606
        ],
        [
          -111.692593506287,
          40.3243440258536
        ],
        [
          -111.692612014277,
          40.3243446305936
        ],
        [
          -111.692630530352,
          40.3243449880955
        ],
        [
          -111.69264905541,
          40.3243450976747
        ],
        [
          -111.692667579569,
          40.3243449600159
        ],
        [
          -111.692686095644,
          40.3243445771737
        ],
        [
          -111.692704602735,
          40.3243439422995
        ],
        [
          -111.692723090064,
          40.3243430642966
        ],
        [
          -111.692741555833,
          40.3243419390557
        ],
        [
          -111.692759993754,
          40.3243405658919
        ],
        [
          -111.692778395742,
          40.3243389475447
        ],
        [
          -111.6927967609,
          40.3243370826444
        ],
        [
          -111.692815079345,
          40.3243349732455
        ],
        [
          -111.692833345688,
          40.3243326200329
        ],
        [
          -111.692851557234,
          40.3243300236914
        ],
        [
          -111.692869705898,
          40.3243271821664
        ],
        [
          -111.69288778629,
          40.3243241016217
        ],
        [
          -111.692905793019,
          40.3243207786329
        ],
        [
          -111.692923725189,
          40.3243172152546
        ],
        [
          -111.692941571121,
          40.3243134128565
        ],
        [
          -111.692959328119,
          40.3243093721233
        ],
        [
          -111.692976988099,
          40.3243050971644
        ],
        [
          -111.692994548366,
          40.3243005852401
        ],
        [
          -111.693012006225,
          40.3242958411446
        ],
        [
          -111.693029349999,
          40.3242908621382
        ],
        [
          -111.693046578787,
          40.3242856523302
        ],
        [
          -111.6930636881,
          40.3242802151448
        ],
        [
          -111.693080668056,
          40.3242745492123
        ],
        [
          -111.693097515959,
          40.324268657272
        ],
        [
          -111.693114228217,
          40.3242625406937
        ],
        [
          -111.693130800337,
          40.3242562029017
        ],
        [
          -111.69314722154,
          40.3242496432109
        ],
        [
          -111.693163491827,
          40.3242428671004
        ],
        [
          -111.693179607603,
          40.3242358732003
        ],
        [
          -111.693195559886,
          40.3242286669895
        ],
        [
          -111.693211345082,
          40.3242212470982
        ],
        [
          -111.6932269587,
          40.3242136169507
        ],
        [
          -111.69324239535,
          40.324205781341
        ],
        [
          -111.693257653235,
          40.3241977409539
        ],
        [
          -111.693272721575,
          40.3241894957893
        ],
        [
          -111.693287602168,
          40.3241810513262
        ],
        [
          -111.693302289623,
          40.324172409619
        ],
        [
          -111.693316774059,
          40.3241635734073
        ],
        [
          -111.693331057272,
          40.3241545454303
        ],
        [
          -111.693345133872,
          40.3241453270578
        ],
        [
          -111.693358995775,
          40.324135921714
        ],
        [
          -111.693372640286,
          40.3241263348778
        ],
        [
          -111.69338606471,
          40.3241165644946
        ],
        [
          -111.693399263656,
          40.3241066167282
        ],
        [
          -111.693412236227,
          40.3240964950026
        ],
        [
          -111.693424974338,
          40.3240862013727
        ],
        [
          -111.693437476192,
          40.3240757399474
        ],
        [
          -111.693449737297,
          40.3240651120965
        ],
        [
          -111.693461754061,
          40.3240543239837
        ],
        [
          -111.693473523787,
          40.3240433749241
        ],
        [
          -111.693485041986,
          40.3240322717664
        ],
        [
          -111.693496305961,
          40.3240210145103
        ],
        [
          -111.693507308527,
          40.324009608635
        ],
        [
          -111.693518051479,
          40.3239980589344
        ],
        [
          -111.693528530327,
          40.3239863660932
        ],
        [
          -111.693538737884,
          40.3239745369602
        ],
        [
          -111.693548675946,
          40.3239625729051
        ],
        [
          -111.69355834092,
          40.3239504780369
        ],
        [
          -111.693567728315,
          40.3239382537255
        ],
        [
          -111.693576834537,
          40.3239259081891
        ],
        [
          -111.693585655993,
          40.3239134427975
        ],
        [
          -111.69359419448,
          40.3239008602902
        ],
        [
          -111.693602444607,
          40.323888166146
        ],
        [
          -111.693610404579,
          40.3238753631043
        ],
        [
          -111.693618069005,
          40.323862457329
        ],
        [
          -111.693625438783,
          40.3238494488201
        ],
        [
          -111.693632513016,
          40.3238363457959
        ],
        [
          -111.693639283619,
          40.323823150996
        ],
        [
          -111.69364575598,
          40.3238098664748
        ],
        [
          -111.693651921118,
          40.3237964977114
        ],
        [
          -111.693657781727,
          40.32378304813
        ],
        [
          -111.69366333601,
          40.3237695232096
        ],
        [
          -111.693668580375,
          40.3237559243199
        ],
        [
          -111.693673991826,
          40.323740889243
        ],
        [
          -111.693674569443,
          40.3237395920882
        ],
        [
          -111.693675153348,
          40.3237382928788
        ],
        [
          -111.693675739049,
          40.3237369964088
        ],
        [
          -111.693676328344,
          40.3237356999388
        ],
        [
          -111.693676918537,
          40.3237344041537
        ],
        [
          -111.69367751412,
          40.3237331083685
        ],
        [
          -111.693678110602,
          40.3237318146379
        ],
        [
          -111.693678713371,
          40.3237305215922
        ],
        [
          -111.693679317938,
          40.3237292292314
        ],
        [
          -111.693679923402,
          40.3237279368705
        ],
        [
          -111.693680535155,
          40.3237266472491
        ],
        [
          -111.693681147806,
          40.3237253569428
        ],
        [
          -111.693681763152,
          40.3237240673213
        ],
        [
          -111.693682382989,
          40.3237227790696
        ],
        [
          -111.693683005522,
          40.3237214921876
        ],
        [
          -111.693683631648,
          40.3237202066753
        ],
        [
          -111.693684258672,
          40.323718921163
        ],
        [
          -111.693684891086,
          40.3237176356507
        ],
        [
          -111.693685524398,
          40.323716352193
        ],
        [
          -111.6936861631,
          40.3237150694201
        ],
        [
          -111.693686806294,
          40.3237137873321
        ],
        [
          -111.693687448589,
          40.3237125072986
        ],
        [
          -111.693688094478,
          40.3237112265803
        ],
        [
          -111.69368874396,
          40.3237099479167
        ],
        [
          -111.693689397035,
          40.3237086692529
        ],
        [
          -111.693690052805,
          40.3237073912741
        ],
        [
          -111.693690712169,
          40.3237061132952
        ],
        [
          -111.693691374227,
          40.3237048394255
        ],
        [
          -111.693692038082,
          40.3237035648709
        ],
        [
          -111.693692706429,
          40.3237022896314
        ],
        [
          -111.693693376572,
          40.3237010171314
        ],
        [
          -111.693694051207,
          40.3236997453163
        ],
        [
          -111.693694728536,
          40.323698474186
        ],
        [
          -111.693695407663,
          40.3236972037406
        ],
        [
          -111.693696093077,
          40.3236959346648
        ],
        [
          -111.693696776695,
          40.3236946676438
        ],
        [
          -111.693697466601,
          40.3236933999377
        ],
        [
          -111.693698158304,
          40.3236921336015
        ],
        [
          -111.693698854498,
          40.3236908686349
        ],
        [
          -111.693699549794,
          40.3236896029835
        ],
        [
          -111.693700252277,
          40.3236883407564
        ],
        [
          -111.693700955658,
          40.3236870778444
        ],
        [
          -111.69370166353,
          40.3236858149324
        ],
        [
          -111.693702372301,
          40.3236845554447
        ],
        [
          -111.693703085563,
          40.323683296642
        ],
        [
          -111.693703803317,
          40.3236820378391
        ],
        [
          -111.693704521071,
          40.3236807797212
        ],
        [
          -111.69370524152,
          40.3236795250276
        ],
        [
          -111.69370596646,
          40.3236782689642
        ],
        [
          -111.693706694994,
          40.3236770142705
        ],
        [
          -111.693707425324,
          40.3236757623163
        ],
        [
          -111.693708160146,
          40.3236745083075
        ],
        [
          -111.693708895867,
          40.323673257723
        ],
        [
          -111.693709636078,
          40.3236720064537
        ],
        [
          -111.693710378087,
          40.3236707572389
        ],
        [
          -111.693711124587,
          40.3236695093939
        ],
        [
          -111.693711871985,
          40.3236682622337
        ],
        [
          -111.693712623875,
          40.3236670143886
        ],
        [
          -111.693713377562,
          40.323665769283
        ],
        [
          -111.69371413574,
          40.3236645255472
        ],
        [
          -111.693714895714,
          40.3236632824961
        ],
        [
          -111.693715658384,
          40.3236620414998
        ],
        [
          -111.693716424647,
          40.3236607991336
        ],
        [
          -111.693717195402,
          40.323659558822
        ],
        [
          -111.693717966156,
          40.3236583219348
        ],
        [
          -111.6937187423,
          40.3236570823081
        ],
        [
          -111.693719519343,
          40.3236558461057
        ],
        [
          -111.693720300877,
          40.3236546105882
        ],
        [
          -111.693721085107,
          40.3236533764403
        ],
        [
          -111.693721872031,
          40.3236521422925
        ],
        [
          -111.693722660752,
          40.3236509108842
        ],
        [
          -111.693723453964,
          40.323649678791
        ],
        [
          -111.693724249871,
          40.3236484480675
        ],
        [
          -111.693725046677,
          40.3236472200835
        ],
        [
          -111.693725847974,
          40.3236459927843
        ],
        [
          -111.693726651967,
          40.3236447641154
        ],
        [
          -111.693727459552,
          40.3236435395557
        ],
        [
          -111.693728268934,
          40.3236423129413
        ],
        [
          -111.693729082808,
          40.3236410904362
        ],
        [
          -111.69372989758,
          40.3236398693008
        ],
        [
          -111.693730717741,
          40.3236386467956
        ],
        [
          -111.693731537903,
          40.3236374263451
        ],
        [
          -111.693732362557,
          40.3236362079492
        ],
        [
          -111.693733190803,
          40.3236349902381
        ],
        [
          -111.693734019948,
          40.3236337738967
        ],
        [
          -111.693734854483,
          40.3236325582402
        ],
        [
          -111.693735689917,
          40.3236313439534
        ],
        [
          -111.693736528943,
          40.3236301310364
        ],
        [
          -111.693737369766,
          40.3236289194891
        ],
        [
          -111.693738215081,
          40.3236277079418
        ],
        [
          -111.693739061294,
          40.3236264984491
        ],
        [
          -111.693739912897,
          40.3236252896412
        ],
        [
          -111.6937407645,
          40.323624082203
        ],
        [
          -111.693741620594,
          40.3236228761347
        ],
        [
          -111.693742480282,
          40.323621671436
        ],
        [
          -111.693743343563,
          40.3236204674222
        ],
        [
          -111.693744206844,
          40.3236192647781
        ],
        [
          -111.693745074616,
          40.3236180641887
        ],
        [
          -111.693745943287,
          40.323616864284
        ],
        [
          -111.693746817348,
          40.3236156650643
        ],
        [
          -111.693747695002,
          40.3236144665294
        ],
        [
          -111.693748571758,
          40.3236132700491
        ],
        [
          -111.693749454802,
          40.3236120756235
        ],
        [
          -111.693750338744,
          40.323610879828
        ],
        [
          -111.693751225381,
          40.3236096874569
        ],
        [
          -111.693752115612,
          40.3236084971404
        ],
        [
          -111.693753009435,
          40.323607306139
        ],
        [
          -111.693753903259,
          40.3236061171922
        ],
        [
          -111.693754802473,
          40.3236049296152
        ],
        [
          -111.693755703483,
          40.3236037420382
        ],
        [
          -111.693756608086,
          40.3236025578855
        ],
        [
          -111.693757514486,
          40.3236013737328
        ],
        [
          -111.693758425378,
          40.3236001895801
        ],
        [
          -111.693759337168,
          40.3235990088517
        ],
        [
          -111.693760251653,
          40.3235978294931
        ],
        [
          -111.693761172426,
          40.3235966501344
        ],
        [
          -111.693762091403,
          40.3235954714606
        ],
        [
          -111.693763016668,
          40.3235942955263
        ],
        [
          -111.693763942831,
          40.3235931182222
        ],
        [
          -111.693764869892,
          40.3235919457122
        ],
        [
          -111.693765803242,
          40.3235907732022
        ],
        [
          -111.693766738388,
          40.3235896027469
        ],
        [
          -111.693767674432,
          40.3235884316066
        ],
        [
          -111.693768616765,
          40.323587262521
        ],
        [
          -111.693769560894,
          40.3235860954899
        ],
        [
          -111.693770505922,
          40.3235849291437
        ],
        [
          -111.693771455441,
          40.3235837648522
        ],
        [
          -111.693772404961,
          40.3235826019303
        ],
        [
          -111.69377335987,
          40.3235814396934
        ],
        [
          -111.693774317474,
          40.3235802781412
        ],
        [
          -111.693775278671,
          40.3235791193286
        ],
        [
          -111.69377623897,
          40.3235779612008
        ],
        [
          -111.693777203761,
          40.323576803073
        ],
        [
          -111.693778171246,
          40.3235756483696
        ],
        [
          -111.693779143223,
          40.3235744950359
        ],
        [
          -111.693780114302,
          40.3235733403324
        ],
        [
          -111.693781092568,
          40.3235721897382
        ],
        [
          -111.693782069935,
          40.3235710377742
        ],
        [
          -111.693783052692,
          40.3235698912892
        ],
        [
          -111.693784036347,
          40.3235687427496
        ],
        [
          -111.693785024494,
          40.3235675969494
        ],
        [
          -111.693786014437,
          40.3235664525189
        ],
        [
          -111.693787005279,
          40.3235653087734
        ],
        [
          -111.693788001511,
          40.3235641663976
        ],
        [
          -111.69378899864,
          40.3235630274461
        ],
        [
          -111.693789997567,
          40.3235618878098
        ],
        [
          -111.693791001884,
          40.3235607495431
        ],
        [
          -111.693792009793,
          40.323559614016
        ],
        [
          -111.693793015906,
          40.323558477804
        ],
        [
          -111.693794028308,
          40.3235573450163
        ],
        [
          -111.693795042506,
          40.3235562129135
        ],
        [
          -111.693796059399,
          40.3235550821804
        ],
        [
          -111.693797076292,
          40.3235539541869
        ],
        [
          -111.693798098574,
          40.3235528241387
        ],
        [
          -111.693799125349,
          40.3235516981997
        ],
        [
          -111.693800153021,
          40.3235505736304
        ],
        [
          -111.693801182491,
          40.323549450431
        ],
        [
          -111.693802213757,
          40.3235483272314
        ],
        [
          -111.693803249514,
          40.3235472074563
        ],
        [
          -111.693804287967,
          40.3235460876811
        ],
        [
          -111.693805329114,
          40.3235449706454
        ],
        [
          -111.69380637116,
          40.3235438515551
        ],
        [
          -111.693807416799,
          40.3235427393135
        ],
        [
          -111.693808466929,
          40.3235416257022
        ],
        [
          -111.69380951706,
          40.3235405127757
        ],
        [
          -111.693810570784,
          40.3235394019038
        ],
        [
          -111.693811626304,
          40.3235382930866
        ],
        [
          -111.693812686316,
          40.3235371849542
        ],
        [
          -111.693813747227,
          40.3235360781916
        ],
        [
          -111.69381481173,
          40.3235349734835
        ],
        [
          -111.69381587803,
          40.3235338701452
        ],
        [
          -111.693816946127,
          40.3235327688615
        ],
        [
          -111.693818020512,
          40.3235316689476
        ],
        [
          -111.693819095796,
          40.3235305697185
        ],
        [
          -111.693820172876,
          40.3235294732289
        ],
        [
          -111.693821251752,
          40.3235283753695
        ],
        [
          -111.693822334222,
          40.3235272823043
        ],
        [
          -111.693823420286,
          40.3235261885542
        ],
        [
          -111.693824507247,
          40.3235250982284
        ],
        [
          -111.6938255987,
          40.3235240085875
        ],
        [
          -111.693826691051,
          40.3235229196314
        ],
        [
          -111.693827786098,
          40.32352183273
        ],
        [
          -111.693828885636,
          40.3235207478832
        ],
        [
          -111.693829983377,
          40.3235196644061
        ],
        [
          -111.693831087406,
          40.3235185822988
        ],
        [
          -111.693832192334,
          40.3235175008763
        ],
        [
          -111.693833301754,
          40.3235164221933
        ],
        [
          -111.693834413868,
          40.3235153441952
        ],
        [
          -111.693835526881,
          40.3235142689366
        ],
        [
          -111.693836643487,
          40.3235131936779
        ],
        [
          -111.693837760991,
          40.3235121211588
        ],
        [
          -111.693838880292,
          40.3235110486397
        ],
        [
          -111.693840004084,
          40.3235099795449
        ],
        [
          -111.69384113147,
          40.3235089111349
        ],
        [
          -111.693842258855,
          40.3235078440948
        ],
        [
          -111.693843390733,
          40.323506780479
        ],
        [
          -111.693844523508,
          40.3235057148085
        ],
        [
          -111.693845658979,
          40.3235046532473
        ],
        [
          -111.693846798042,
          40.3235035930558
        ],
        [
          -111.693847939801,
          40.3235025349189
        ],
        [
          -111.69384908156,
          40.3235014767821
        ],
        [
          -111.693850228709,
          40.3235004220696
        ],
        [
          -111.693851377654,
          40.3234993673571
        ],
        [
          -111.693852528396,
          40.3234983146992
        ],
        [
          -111.693853681833,
          40.323497263411
        ],
        [
          -111.693854838863,
          40.3234962141775
        ],
        [
          -111.693855995893,
          40.3234951676835
        ],
        [
          -111.693857158313,
          40.3234941205046
        ],
        [
          -111.693858322529,
          40.3234930753802
        ],
        [
          -111.693859486746,
          40.3234920329954
        ],
        [
          -111.693860655454,
          40.3234909906106
        ],
        [
          -111.693861826857,
          40.323489952335
        ],
        [
          -111.693863000057,
          40.3234889133745
        ],
        [
          -111.69386417685,
          40.3234878785233
        ],
        [
          -111.693865352745,
          40.3234868429872
        ],
        [
          -111.693866535826,
          40.3234858101906
        ],
        [
          -111.693867718009,
          40.3234847780788
        ],
        [
          -111.693868905582,
          40.3234837480217
        ],
        [
          -111.693870092256,
          40.3234827193343
        ],
        [
          -111.693871283422,
          40.3234816933864
        ],
        [
          -111.693872475487,
          40.3234806694932
        ],
        [
          -111.693873670246,
          40.323479644915
        ],
        [
          -111.6938748677,
          40.3234786244461
        ],
        [
          -111.693876067849,
          40.323477604662
        ],
        [
          -111.693877270694,
          40.3234765862478
        ],
        [
          -111.693878476233,
          40.3234755698881
        ],
        [
          -111.693879681772,
          40.3234745548981
        ],
        [
          -111.693880894497,
          40.3234735412779
        ],
        [
          -111.693882107223,
          40.3234725290274
        ],
        [
          -111.693883321745,
          40.3234715202013
        ],
        [
          -111.693884538064,
          40.3234705120601
        ],
        [
          -111.693885758875,
          40.3234695052887
        ],
        [
          -111.693886978787,
          40.323468499202
        ],
        [
          -111.693888203191,
          40.3234674965398
        ],
        [
          -111.69389053881,
          40.3234655939471
        ],
        [
          -111.693891770401,
          40.323464595394
        ],
        [
          -111.693893005584,
          40.3234635995806
        ],
        [
          -111.693894241666,
          40.3234626058216
        ],
        [
          -111.693895480443,
          40.3234616134325
        ],
        [
          -111.693896721914,
          40.323460623098
        ],
        [
          -111.693897965183,
          40.3234596341332
        ],
        [
          -111.693899211146,
          40.3234586479079
        ],
        [
          -111.693900458906,
          40.3234576603129
        ],
        [
          -111.693901711157,
          40.3234566768271
        ],
        [
          -111.693902965206,
          40.3234556967656
        ],
        [
          -111.693904220152,
          40.3234547153345
        ],
        [
          -111.693905475997,
          40.3234537380125
        ],
        [
          -111.693906737232,
          40.3234527613755
        ],
        [
          -111.693907999364,
          40.3234517854233
        ],
        [
          -111.693909264192,
          40.3234508128955
        ],
        [
          -111.693910531715,
          40.3234498403676
        ],
        [
          -111.693911800136,
          40.3234488712642
        ],
        [
          -111.693913073049,
          40.3234479042153
        ],
        [
          -111.693914345064,
          40.3234469378514
        ],
        [
          -111.69391562157,
          40.3234459728571
        ],
        [
          -111.693916900771,
          40.3234450112873
        ],
        [
          -111.69391818087,
          40.3234440490326
        ],
        [
          -111.693919463664,
          40.3234430902022
        ],
        [
          -111.693920748255,
          40.3234421320567
        ],
        [
          -111.693922037337,
          40.3234411773356
        ],
        [
          -111.693923325522,
          40.3234402226145
        ],
        [
          -111.693924619096,
          40.3234392720026
        ],
        [
          -111.693925913568,
          40.323438320021
        ],
        [
          -111.69392720804,
          40.3234373721486
        ],
        [
          -111.693928507004,
          40.3234364270158
        ],
        [
          -111.693929808663,
          40.323435481198
        ],
        [
          -111.69393111122,
          40.3234345381197
        ],
        [
          -111.693932417371,
          40.323433597781
        ],
        [
          -111.693933725318,
          40.3234326574422
        ],
        [
          -111.69393503596,
          40.3234317198429
        ],
        [
          -111.693936344805,
          40.3234307849832
        ],
        [
          -111.693937661735,
          40.3234298508082
        ],
        [
          -111.693938976869,
          40.3234289193728
        ],
        [
          -111.693940294697,
          40.3234279893072
        ],
        [
          -111.693941617916,
          40.3234270606113
        ],
        [
          -111.693942941134,
          40.32342613397
        ],
        [
          -111.693944265251,
          40.3234252086985
        ],
        [
          -111.693945593859,
          40.3234242854816
        ],
        [
          -111.693946924264,
          40.3234233650042
        ],
        [
          -111.693948254669,
          40.3234224458965
        ],
        [
          -111.693949589566,
          40.3234215288435
        ],
        [
          -111.693950924462,
          40.3234206124753
        ],
        [
          -111.693952262952,
          40.3234196995315
        ],
        [
          -111.693953604137,
          40.3234187872726
        ],
        [
          -111.693954948016,
          40.323417878438
        ],
        [
          -111.693956290099,
          40.3234169696035
        ],
        [
          -111.693957639369,
          40.3234160635084
        ],
        [
          -111.693958988638,
          40.3234151587831
        ],
        [
          -111.693960338806,
          40.3234142561125
        ],
        [
          -111.693961691669,
          40.3234133561813
        ],
        [
          -111.693963046328,
          40.3234124589896
        ],
        [
          -111.693964404581,
          40.3234115604282
        ],
        [
          -111.693965764631,
          40.323410665976
        ],
        [
          -111.693967126476,
          40.3234097728936
        ],
        [
          -111.693968491017,
          40.3234088818658
        ],
        [
          -111.693969858253,
          40.3234079935774
        ],
        [
          -111.693971226387,
          40.323407105974
        ],
        [
          -111.693972596318,
          40.3234062190555
        ],
        [
          -111.693973967147,
          40.3234053362462
        ],
        [
          -111.693975342468,
          40.3234044541217
        ],
        [
          -111.693976719585,
          40.3234035747368
        ],
        [
          -111.693978096703,
          40.3234026960368
        ],
        [
          -111.693979477413,
          40.3234018200762
        ],
        [
          -111.693980860819,
          40.3234009461703
        ],
        [
          -111.693982246919,
          40.3234000736341
        ],
        [
          -111.693983633918,
          40.3233992031525
        ],
        [
          -111.693985022714,
          40.3233983354105
        ],
        [
          -111.693986413306,
          40.323397469723
        ],
        [
          -111.693987804796,
          40.3233966060903
        ],
        [
          -111.693989202575,
          40.3233957431423
        ],
        [
          -111.693990599455,
          40.3233948822491
        ],
        [
          -111.69399199903,
          40.3233940240952
        ],
        [
          -111.693993399504,
          40.3233931673112
        ],
        [
          -111.69399480357,
          40.3233923118969
        ],
        [
          -111.693996208535,
          40.3233914605919
        ],
        [
          -111.693997615297,
          40.323390608602
        ],
        [
          -111.693999022957,
          40.3233897607213
        ],
        [
          -111.694000435109,
          40.3233889135255
        ],
        [
          -111.694001849057,
          40.3233880676995
        ],
        [
          -111.694003263904,
          40.3233872239281
        ],
        [
          -111.694004680547,
          40.3233863842659
        ],
        [
          -111.694006099885,
          40.3233855439189
        ],
        [
          -111.69400752102,
          40.3233847097357
        ],
        [
          -111.694008946646,
          40.3233838728131
        ],
        [
          -111.694010371374,
          40.3233830399997
        ],
        [
          -111.694011797899,
          40.3233822092409
        ],
        [
          -111.694013227119,
          40.3233813798519
        ],
        [
          -111.694014658135,
          40.3233805532024
        ],
        [
          -111.694016090049,
          40.3233797272378
        ],
        [
          -111.694017525557,
          40.3233789033278
        ],
        [
          -111.69401896376,
          40.3233780821573
        ],
        [
          -111.694020401963,
          40.3233772644111
        ],
        [
          -111.694021843759,
          40.3233764466651
        ],
        [
          -111.694023287351,
          40.3233756323433
        ],
        [
          -111.694024730944,
          40.3233748173367
        ],
        [
          -111.694026179028,
          40.3233740050696
        ],
        [
          -111.694027627113,
          40.3233731982814
        ],
        [
          -111.694029076993,
          40.3233723908085
        ],
        [
          -111.694030529569,
          40.3233715867599
        ],
        [
          -111.694031983043,
          40.3233707833961
        ],
        [
          -111.694033440111,
          40.3233699807173
        ],
        [
          -111.69403489628,
          40.323369180778
        ],
        [
          -111.694036358737,
          40.3233683835781
        ],
        [
          -111.694037818499,
          40.3233675904875
        ],
        [
          -111.694039280957,
          40.3233667967121
        ],
        [
          -111.694040748804,
          40.3233660049913
        ],
        [
          -111.694042215753,
          40.3233652173797
        ],
        [
          -111.694043686295,
          40.3233644290833
        ],
        [
          -111.694045156837,
          40.3233636442112
        ],
        [
          -111.694046630972,
          40.3233628627635
        ],
        [
          -111.694048104209,
          40.323362080631
        ],
        [
          -111.69404958104,
          40.3233613026077
        ],
        [
          -111.694051059667,
          40.3233605259542
        ],
        [
          -111.694052541887,
          40.3233597506704
        ],
        [
          -111.694054021412,
          40.3233589794958
        ],
        [
          -111.694055507226,
          40.3233582083213
        ],
        [
          -111.694056994836,
          40.3233574398863
        ],
        [
          -111.694058478853,
          40.323356672821
        ],
        [
          -111.694059970954,
          40.3233559078104
        ],
        [
          -111.694061461259,
          40.3233551455393
        ],
        [
          -111.694062956056,
          40.3233543846379
        ],
        [
          -111.694064449954,
          40.3233536278458
        ],
        [
          -111.694065946548,
          40.3233528696839
        ],
        [
          -111.694067444039,
          40.3233521183708
        ],
        [
          -111.694068945124,
          40.323351365688
        ],
        [
          -111.694070448006,
          40.3233506157447
        ],
        [
          -111.694071951785,
          40.323349867171
        ],
        [
          -111.694073457362,
          40.3233491220218
        ],
        [
          -111.694074964735,
          40.3233483789273
        ],
        [
          -111.694076473904,
          40.3233476372025
        ],
        [
          -111.694077983074,
          40.3233468982172
        ],
        [
          -111.694079497634,
          40.3233461599167
        ],
        [
          -111.694081010397,
          40.3233454243558
        ],
        [
          -111.694082527651,
          40.3233446922193
        ],
        [
          -111.694084045804,
          40.3233439614525
        ],
        [
          -111.694085565753,
          40.3233432334252
        ],
        [
          -111.694087086601,
          40.3233425060828
        ],
        [
          -111.694088609246,
          40.3233417794253
        ],
        [
          -111.694090135483,
          40.3233410582468
        ],
        [
          -111.694091661721,
          40.3233403377532
        ],
        [
          -111.694093189755,
          40.323339619999
        ],
        [
          -111.694094719586,
          40.3233389036147
        ],
        [
          -111.694096250315,
          40.3233381886001
        ],
        [
          -111.69409778374,
          40.3233374776948
        ],
        [
          -111.694099319859,
          40.3233367674743
        ],
        [
          -111.694100855978,
          40.3233360599933
        ],
        [
          -111.694102394792,
          40.3233353538822
        ],
        [
          -111.694103934504,
          40.3233346505105
        ],
        [
          -111.694105475115,
          40.3233339491934
        ],
        [
          -111.694107018421,
          40.3233332492461
        ],
        [
          -111.694108563523,
          40.3233325534081
        ],
        [
          -111.694110110422,
          40.3233318582549
        ],
        [
          -111.694111658219,
          40.3233311658413
        ],
        [
          -111.694113208711,
          40.3233304747974
        ],
        [
          -111.694114760102,
          40.3233297871779
        ],
        [
          -111.694116312391,
          40.3233290995584
        ],
        [
          -111.694117867374,
          40.3233284167331
        ],
        [
          -111.694119424155,
          40.3233277352775
        ],
        [
          -111.694120981834,
          40.3233270545068
        ],
        [
          -111.694122543105,
          40.3233263764755
        ],
        [
          -111.694124102581,
          40.323325700499
        ],
        [
          -111.694126025874,
          40.3233248738488
        ],
        [
          -111.694127588942,
          40.3233242019815
        ],
        [
          -111.694129154706,
          40.3233235342234
        ],
        [
          -111.694130724961,
          40.3233228671503
        ],
        [
          -111.69413229342,
          40.3233222035015
        ],
        [
          -111.694133864573,
          40.3233215419074
        ],
        [
          -111.694135436625,
          40.3233208809981
        ],
        [
          -111.694137010473,
          40.3233202228283
        ],
        [
          -111.694138587016,
          40.3233195687679
        ],
        [
          -111.69414016356,
          40.3233189133376
        ],
        [
          -111.694141741001,
          40.3233182620167
        ],
        [
          -111.694143321138,
          40.3233176120654
        ],
        [
          -111.694144902173,
          40.3233169655386
        ],
        [
          -111.694146485004,
          40.3233163190118
        ],
        [
          -111.694148068734,
          40.3233156752245
        ],
        [
          -111.694149656956,
          40.3233150362313
        ],
        [
          -111.69415124338,
          40.3233143972382
        ],
        [
          -111.6941528325,
          40.3233137616694
        ],
        [
          -111.694154422518,
          40.3233131274704
        ],
        [
          -111.694156014333,
          40.3233124932713
        ],
        [
          -111.694157606148,
          40.3233118624967
        ],
        [
          -111.694159200657,
          40.3233112344616
        ],
        [
          -111.694160796065,
          40.3233106098509
        ],
        [
          -111.694162394168,
          40.3233099859251
        ],
        [
          -111.694163993169,
          40.3233093626841
        ],
        [
          -111.694165594865,
          40.3233087442373
        ],
        [
          -111.694167194765,
          40.3233081271602
        ],
        [
          -111.694168798258,
          40.3233075121378
        ],
        [
          -111.694170404445,
          40.32330689917
        ],
        [
          -111.694172010633,
          40.3233062896266
        ],
        [
          -111.694173616821,
          40.3233056793984
        ],
        [
          -111.694175225704,
          40.3233050746491
        ],
        [
          -111.694176836383,
          40.3233044685301
        ],
        [
          -111.694178448859,
          40.3233038672053
        ],
        [
          -111.694180060436,
          40.3233032658804
        ],
        [
          -111.694181674709,
          40.3233026700346
        ],
        [
          -111.694183291677,
          40.323302072819
        ],
        [
          -111.694184906847,
          40.3233014810824
        ],
        [
          -111.694186528307,
          40.323300888661
        ],
        [
          -111.694188147071,
          40.3233003003488
        ],
        [
          -111.69418976853,
          40.3232997134065
        ],
        [
          -111.694191390887,
          40.3232991285187
        ],
        [
          -111.694193015041,
          40.3232985463704
        ],
        [
          -111.694194639195,
          40.3232979662768
        ],
        [
          -111.694196265146,
          40.3232973875529
        ],
        [
          -111.694197892893,
          40.3232968122535
        ],
        [
          -111.694199521539,
          40.3232962376389
        ],
        [
          -111.694201152879,
          40.3232956664487
        ],
        [
          -111.694202786017,
          40.3232950966283
        ],
        [
          -111.694204418255,
          40.3232945288625
        ],
        [
          -111.694206052291,
          40.3232939638362
        ],
        [
          -111.694207688123,
          40.3232934022343
        ],
        [
          -111.694209325752,
          40.3232928406325
        ],
        [
          -111.694210964279,
          40.3232922831398
        ],
        [
          -111.694212601908,
          40.3232917277019
        ],
        [
          -111.694214244028,
          40.3232911736336
        ],
        [
          -111.694215886148,
          40.3232906209352
        ],
        [
          -111.694217530065,
          40.3232900716611
        ],
        [
          -111.694219174881,
          40.3232895251266
        ],
        [
          -111.694220819696,
          40.3232889792769
        ],
        [
          -111.694222467206,
          40.3232884354819
        ],
        [
          -111.694224115615,
          40.3232878957961
        ],
        [
          -111.694225766718,
          40.3232873574801
        ],
        [
          -111.694227416025,
          40.3232868212188
        ],
        [
          -111.694229068925,
          40.323286287012
        ],
        [
          -111.694230721825,
          40.3232857555448
        ],
        [
          -111.694232376522,
          40.3232852268171
        ],
        [
          -111.694234033015,
          40.3232846994592
        ],
        [
          -111.694235689509,
          40.3232841741559
        ],
        [
          -111.6942373469,
          40.3232836515921
        ],
        [
          -111.694239008784,
          40.3232831317679
        ],
        [
          -111.694240667972,
          40.3232826126285
        ],
        [
          -111.694242328957,
          40.3232820969135
        ],
        [
          -111.694243991739,
          40.3232815832531
        ],
        [
          -111.694245657215,
          40.3232810702776
        ],
        [
          -111.694247322692,
          40.3232805627812
        ],
        [
          -111.694248989067,
          40.3232800545999
        ],
        [
          -111.694250655441,
          40.3232795512127
        ],
        [
          -111.69425232541,
          40.3232790471407
        ],
        [
          -111.694253996276,
          40.3232785464931
        ],
        [
          -111.694255665346,
          40.3232780485849
        ],
        [
          -111.694257339805,
          40.3232775534163
        ],
        [
          -111.694259013367,
          40.3232770603024
        ],
        [
          -111.694260685132,
          40.3232765671884
        ],
        [
          -111.694262364083,
          40.3232760795535
        ],
        [
          -111.694264040339,
          40.3232755939732
        ],
        [
          -111.694265717494,
          40.3232751090777
        ],
        [
          -111.694267397343,
          40.323274626237
        ],
        [
          -111.694269076295,
          40.3232741468206
        ],
        [
          -111.694270757043,
          40.323273668774
        ],
        [
          -111.694272439587,
          40.3232731920971
        ],
        [
          -111.694274122132,
          40.3232727202144
        ],
        [
          -111.694275807371,
          40.3232722497015
        ],
        [
          -111.694277493509,
          40.3232717805583
        ],
        [
          -111.694279179647,
          40.3232713141546
        ],
        [
          -111.694280868479,
          40.3232708498056
        ],
        [
          -111.694282556414,
          40.3232703881961
        ],
        [
          -111.694284247043,
          40.3232699286412
        ],
        [
          -111.694285937673,
          40.3232694704561
        ],
        [
          -111.694287630997,
          40.3232690163802
        ],
        [
          -111.694289322524,
          40.3232685636741
        ],
        [
          -111.694291016747,
          40.3232681123378
        ],
        [
          -111.694292711868,
          40.3232676651108
        ],
        [
          -111.694294406989,
          40.3232672199384
        ],
        [
          -111.694296105703,
          40.323266774766
        ],
        [
          -111.694297804417,
          40.3232663350727
        ],
        [
          -111.69429950403,
          40.3232658946944
        ],
        [
          -111.694301201846,
          40.3232654584254
        ],
        [
          -111.694302904153,
          40.323265024896
        ],
        [
          -111.694304607359,
          40.3232645920514
        ],
        [
          -111.694306309667,
          40.3232641619464
        ],
        [
          -111.694308014669,
          40.3232637352657
        ],
        [
          -111.694309717875,
          40.3232633099549
        ],
        [
          -111.694311423775,
          40.3232628866987
        ],
        [
          -111.694313132371,
          40.3232624668668
        ],
        [
          -111.69431483917,
          40.3232620484047
        ],
        [
          -111.694316548664,
          40.3232616319973
        ],
        [
          -111.694318259056,
          40.3232612169596
        ],
        [
          -111.69431996855,
          40.323260806716
        ],
        [
          -111.694321682536,
          40.3232603985272
        ],
        [
          -111.694323396522,
          40.3232599910231
        ],
        [
          -111.69432510871,
          40.3232595869435
        ],
        [
          -111.694326823594,
          40.3232591835488
        ],
        [
          -111.694328540275,
          40.3232587842634
        ],
        [
          -111.69433025426,
          40.3232583870325
        ],
        [
          -111.694331973636,
          40.3232579925413
        ],
        [
          -111.694333692113,
          40.32325759805
        ],
        [
          -111.69433541059,
          40.3232572083528
        ],
        [
          -111.694337129966,
          40.3232568207104
        ],
        [
          -111.694338852934,
          40.3232564344376
        ],
        [
          -111.694340573208,
          40.3232560515893
        ],
        [
          -111.694342296177,
          40.3232556707956
        ],
        [
          -111.694344020044,
          40.3232552913717
        ],
        [
          -111.694345744809,
          40.3232549140024
        ],
        [
          -111.694347469575,
          40.3232545400575
        ],
        [
          -111.694349196136,
          40.3232541681673
        ],
        [
          -111.6943509218,
          40.3232537983317
        ],
        [
          -111.694352651955,
          40.3232534305507
        ],
        [
          -111.694354380314,
          40.3232530655093
        ],
        [
          -111.694356110469,
          40.3232527025225
        ],
        [
          -111.694357839726,
          40.3232523429601
        ],
        [
          -111.69435957078,
          40.3232519840825
        ],
        [
          -111.69436130363,
          40.3232516306841
        ],
        [
          -111.69436303648,
          40.3232512759158
        ],
        [
          -111.694364770229,
          40.3232509238871
        ],
        [
          -111.694366505774,
          40.3232505766525
        ],
        [
          -111.694368239522,
          40.3232502301029
        ],
        [
          -111.694369976864,
          40.3232498862927
        ],
        [
          -111.694371712409,
          40.3232495445372
        ],
        [
          -111.694373451547,
          40.3232492055212
        ],
        [
          -111.694375190686,
          40.3232488685599
        ],
        [
          -111.694376928926,
          40.3232485329683
        ],
        [
          -111.694378668064,
          40.3232482021708
        ],
        [
          -111.694380408101,
          40.3232478706885
        ],
        [
          -111.694382150833,
          40.3232475440004
        ],
        [
          -111.694383894463,
          40.3232472179971
        ],
        [
          -111.694385637194,
          40.3232468961031
        ],
        [
          -111.694387379926,
          40.323246574894
        ],
        [
          -111.694389123556,
          40.3232462564244
        ],
        [
          -111.694390869881,
          40.3232459420641
        ],
        [
          -111.694392617104,
          40.3232456283887
        ],
        [
          -111.694394363429,
          40.323245316083
        ],
        [
          -111.694396110652,
          40.3232450078867
        ],
        [
          -111.694397857875,
          40.32324470106
        ],
        [
          -111.694399606895,
          40.323244396973
        ],
        [
          -111.694401355915,
          40.3232440963103
        ],
        [
          -111.694403106732,
          40.3232437963325
        ],
        [
          -111.69440485665,
          40.3232434997791
        ],
        [
          -111.694406609263,
          40.3232432045954
        ],
        [
          -111.694408360079,
          40.323242913521
        ],
        [
          -111.694410113591,
          40.3232426231316
        ],
        [
          -111.694411867102,
          40.3232423361665
        ],
        [
          -111.694413621512,
          40.3232420498863
        ],
        [
          -111.694415378617,
          40.3232417677154
        ],
        [
          -111.694417133925,
          40.3232414869142
        ],
        [
          -111.694418889233,
          40.3232412102223
        ],
        [
          -111.694420645439,
          40.3232409335304
        ],
        [
          -111.694422402544,
          40.3232406609479
        ],
        [
          -111.694424162344,
          40.3232403890501
        ],
        [
          -111.694425919448,
          40.3232401205768
        ],
        [
          -111.694427679248,
          40.3232398555279
        ],
        [
          -111.694429439946,
          40.3232395897941
        ],
        [
          -111.694431198847,
          40.3232393295394
        ],
        [
          -111.694432960443,
          40.3232390706544
        ],
        [
          -111.694434723836,
          40.3232388138241
        ],
        [
          -111.694436485433,
          40.3232385597333
        ],
        [
          -111.694438248826,
          40.323238308382
        ],
        [
          -111.69444001132,
          40.3232380570307
        ],
        [
          -111.694441774713,
          40.3232378104735
        ],
        [
          -111.694443540801,
          40.3232375673408
        ],
        [
          -111.694445304194,
          40.3232373221534
        ],
        [
          -111.69444707118,
          40.32323708313
        ],
        [
          -111.694448838166,
          40.3232368468461
        ],
        [
          -111.694450604254,
          40.3232366091924
        ],
        [
          -111.69445237124,
          40.3232363790724
        ],
        [
          -111.694454139125,
          40.3232361468978
        ],
        [
          -111.694455907009,
          40.3232359188325
        ],
        [
          -111.69445767669,
          40.3232356935066
        ],
        [
          -111.694459445473,
          40.3232354702355
        ],
        [
          -111.694461216052,
          40.3232352497038
        ],
        [
          -111.69446298753,
          40.323235029857
        ],
        [
          -111.694464759008,
          40.3232348134346
        ],
        [
          -111.694466529587,
          40.3232346011215
        ],
        [
          -111.694468301065,
          40.3232343888084
        ],
        [
          -111.694470072543,
          40.3232341806046
        ],
        [
          -111.694471845817,
          40.3232339737706
        ],
        [
          -111.69447361999,
          40.3232337683063
        ],
        [
          -111.694475394163,
          40.3232335669513
        ],
        [
          -111.694477168335,
          40.323233366966
        ],
        [
          -111.694478942508,
          40.3232331710901
        ],
        [
          -111.694480716681,
          40.3232329765839
        ],
        [
          -111.694482494447,
          40.3232327834475
        ],
        [
          -111.694484271314,
          40.3232325944203
        ],
        [
          -111.694486047284,
          40.3232324067629
        ],
        [
          -111.694487824151,
          40.3232322218451
        ],
        [
          -111.694489601019,
          40.3232320403516
        ],
        [
          -111.694491377886,
          40.323231859543
        ],
        [
          -111.694493157449,
          40.3232316807891
        ],
        [
          -111.694494934317,
          40.3232315054596
        ],
        [
          -111.694496715676,
          40.3232313328696
        ],
        [
          -111.69449849434,
          40.3232311616493
        ],
        [
          -111.694500274801,
          40.3232309931686
        ],
        [
          -111.694502053465,
          40.3232308267425
        ],
        [
          -111.694503834824,
          40.3232306637408
        ],
        [
          -111.694505615285,
          40.3232305027938
        ],
        [
          -111.694507397543,
          40.3232303439014
        ],
        [
          -111.694509178004,
          40.3232301884335
        ],
        [
          -111.694510960261,
          40.3232300336503
        ],
        [
          -111.694512743417,
          40.3232298816068
        ],
        [
          -111.694514526573,
          40.3232297343573
        ],
        [
          -111.694516309729,
          40.3232295864231
        ],
        [
          -111.694518091986,
          40.3232294432829
        ],
        [
          -111.694519875142,
          40.3232293001428
        ],
        [
          -111.694521660993,
          40.3232291604271
        ],
        [
          -111.694523445047,
          40.3232290241357
        ],
        [
          -111.694525229101,
          40.3232288892142
        ],
        [
          -111.694527014952,
          40.3232287570322
        ],
        [
          -111.694528799905,
          40.3232286275897
        ],
        [
          -111.694530583959,
          40.3232285002018
        ],
        [
          -111.694532372504,
          40.3232283748685
        ],
        [
          -111.694534157457,
          40.3232282529597
        ],
        [
          -111.694535946003,
          40.3232281324207
        ],
        [
          -111.694537730057,
          40.3232280139363
        ],
        [
          -111.694539517704,
          40.3232278988762
        ],
        [
          -111.69454130625,
          40.323227785186
        ],
        [
          -111.694543092999,
          40.323227675605
        ],
        [
          -111.694544879748,
          40.323227566709
        ],
        [
          -111.694546667396,
          40.3232274605524
        ],
        [
          -111.694548457738,
          40.3232273578203
        ],
        [
          -111.694550246284,
          40.3232272571427
        ],
        [
          -111.694552035728,
          40.323227157835
        ],
        [
          -111.694553823375,
          40.3232270626365
        ],
        [
          -111.694555612819,
          40.3232269688078
        ],
        [
          -111.694557402263,
          40.3232268770338
        ],
        [
          -111.694559191707,
          40.3232267886841
        ],
        [
          -111.694560981151,
          40.3232267017042
        ],
        [
          -111.694562770595,
          40.3232266188336
        ],
        [
          -111.694564562734,
          40.3232265366479
        ],
        [
          -111.694566352178,
          40.3232264565168
        ],
        [
          -111.694568141622,
          40.323226380495
        ],
        [
          -111.694569931965,
          40.323226305843
        ],
        [
          -111.694571724104,
          40.3232262346154
        ],
        [
          -111.694573515344,
          40.3232261647575
        ],
        [
          -111.694575307483,
          40.3232260976392
        ],
        [
          -111.694577097826,
          40.3232260325754
        ],
        [
          -111.694578889965,
          40.3232259709362
        ],
        [
          -111.694580681205,
          40.3232259106667
        ],
        [
          -111.694582473344,
          40.3232258538215
        ],
        [
          -111.694584266382,
          40.323225799031
        ],
        [
          -111.694586058521,
          40.3232257449254
        ],
        [
          -111.694587849761,
          40.3232256962989
        ],
        [
          -111.694589642799,
          40.3232256490421
        ],
        [
          -111.694591434039,
          40.3232256024702
        ],
        [
          -111.694593227077,
          40.3232255586378
        ],
        [
          -111.694595020114,
          40.3232255189147
        ],
        [
          -111.694596810456,
          40.3232254812462
        ],
        [
          -111.694598604392,
          40.3232254449475
        ],
        [
          -111.694600397429,
          40.3232254107035
        ],
        [
          -111.694602189568,
          40.323225379199
        ],
        [
          -111.694603983504,
          40.3232253518037
        ],
        [
          -111.694605776541,
          40.3232253250933
        ],
        [
          -111.694607569579,
          40.3232253018074
        ],
        [
          -111.694609361717,
          40.323225281261
        ],
        [
          -111.694611154755,
          40.3232252613994
        ],
        [
          -111.694612947792,
          40.323225246332
        ],
        [
          -111.694614741728,
          40.3232252326344
        ],
        [
          -111.694616535663,
          40.3232252196217
        ],
        [
          -111.694618329599,
          40.3232252107182
        ],
        [
          -111.694620122636,
          40.3232252052392
        ],
        [
          -111.694621965081,
          40.323225200445
        ],
        [
          -111.695949233998,
          40.3232229622537
        ],
        [
          -111.695953409368,
          40.3233601677621
        ],
        [
          -111.695080767036,
          40.3233616416231
        ],
        [
          -111.695080813748,
          40.3233781068129
        ],
        [
          -111.694622419628,
          40.3233788779872
        ],
        [
          -111.694620627489,
          40.3233788834663
        ],
        [
          -111.694618834452,
          40.3233788903151
        ],
        [
          -111.694617040517,
          40.323378901958
        ],
        [
          -111.694615247479,
          40.3233789149707
        ],
        [
          -111.694613454442,
          40.3233789320927
        ],
        [
          -111.694611662303,
          40.3233789505845
        ],
        [
          -111.694609868367,
          40.3233789738703
        ],
        [
          -111.694608076228,
          40.323378998526
        ],
        [
          -111.694606283191,
          40.3233790279758
        ],
        [
          -111.694604490154,
          40.32337906085
        ],
        [
          -111.694602696218,
          40.3233790937242
        ],
        [
          -111.694600903181,
          40.3233791313926
        ],
        [
          -111.694599112838,
          40.3233791718005
        ],
        [
          -111.694597319801,
          40.3233792163177
        ],
        [
          -111.694595526764,
          40.3233792622046
        ],
        [
          -111.694593734625,
          40.3233793135706
        ],
        [
          -111.694591942486,
          40.3233793649365
        ],
        [
          -111.69459014855,
          40.3233794197269
        ],
        [
          -111.694588358208,
          40.3233794799963
        ],
        [
          -111.694586566967,
          40.3233795423203
        ],
        [
          -111.694584774828,
          40.3233796053293
        ],
        [
          -111.694582985384,
          40.3233796745021
        ],
        [
          -111.694581195042,
          40.3233797436749
        ],
        [
          -111.694579402903,
          40.3233798183267
        ],
        [
          -111.694577613459,
          40.3233798957181
        ],
        [
          -111.694575822218,
          40.3233799751642
        ],
        [
          -111.694574032774,
          40.3233800580346
        ],
        [
          -111.694572241533,
          40.3233801436445
        ],
        [
          -111.694570452988,
          40.3233802326789
        ],
        [
          -111.694568662645,
          40.3233803244527
        ],
        [
          -111.6945668741,
          40.3233804189661
        ],
        [
          -111.694565084655,
          40.323380516219
        ],
        [
          -111.69456329611,
          40.3233806175811
        ],
        [
          -111.694561508462,
          40.323380720313
        ],
        [
          -111.694559720815,
          40.3233808278391
        ],
        [
          -111.694557932269,
          40.3233809394744
        ],
        [
          -111.69455614552,
          40.3233810497401
        ],
        [
          -111.694554357873,
          40.3233811668544
        ],
        [
          -111.694552572022,
          40.3233812867083
        ],
        [
          -111.694550784374,
          40.3233814072471
        ],
        [
          -111.694548998524,
          40.3233815318952
        ],
        [
          -111.69454721447,
          40.3233816613374
        ],
        [
          -111.694545429517,
          40.3233817907796
        ],
        [
          -111.694543643666,
          40.323381925016
        ],
        [
          -111.694541859612,
          40.323382061307
        ],
        [
          -111.694540076456,
          40.3233822023921
        ],
        [
          -111.694538291504,
          40.3233823448471
        ],
        [
          -111.694536508348,
          40.3233824907264
        ],
        [
          -111.694534725192,
          40.3233826386603
        ],
        [
          -111.694532943833,
          40.3233827920734
        ],
        [
          -111.694531161575,
          40.3233829448015
        ],
        [
          -111.694529380216,
          40.3233831036935
        ],
        [
          -111.694527599755,
          40.3233832646402
        ],
        [
          -111.694525818396,
          40.3233834283263
        ],
        [
          -111.694524038834,
          40.3233835961218
        ],
        [
          -111.694522260169,
          40.3233837646022
        ],
        [
          -111.694520479708,
          40.3233839371918
        ],
        [
          -111.694518700146,
          40.3233841125209
        ],
        [
          -111.694516924176,
          40.3233842919593
        ],
        [
          -111.694515144614,
          40.3233844734524
        ],
        [
          -111.694513367746,
          40.3233846583698
        ],
        [
          -111.694511591777,
          40.3233848453419
        ],
        [
          -111.694509815808,
          40.3233850364232
        ],
        [
          -111.694508040737,
          40.323385230929
        ],
        [
          -111.694506265666,
          40.3233854261196
        ],
        [
          -111.694504489696,
          40.3233856261044
        ],
        [
          -111.69450271732,
          40.3233858288287
        ],
        [
          -111.694500943148,
          40.3233860349774
        ],
        [
          -111.694499170771,
          40.3233862431808
        ],
        [
          -111.694497398395,
          40.3233864548085
        ],
        [
          -111.694495627816,
          40.3233866691757
        ],
        [
          -111.694493859932,
          40.3233868862825
        ],
        [
          -111.694492088454,
          40.3233871068137
        ],
        [
          -111.694490317874,
          40.3233873307693
        ],
        [
          -111.69448854999,
          40.3233875567795
        ],
        [
          -111.694486782105,
          40.3233877862141
        ],
        [
          -111.694485015119,
          40.3233880183882
        ],
        [
          -111.694483246336,
          40.3233882533018
        ],
        [
          -111.694481482045,
          40.3233884930096
        ],
        [
          -111.694479715957,
          40.3233887327174
        ],
        [
          -111.69447794987,
          40.3233889779042
        ],
        [
          -111.694476186477,
          40.3233892258305
        ],
        [
          -111.694474423084,
          40.3233894758115
        ],
        [
          -111.694472660589,
          40.323389728532
        ],
        [
          -111.694470897196,
          40.3233899833071
        ],
        [
          -111.694469138295,
          40.3233902428764
        ],
        [
          -111.694467376699,
          40.3233905045003
        ],
        [
          -111.694465617797,
          40.3233907702335
        ],
        [
          -111.694463859794,
          40.3233910387062
        ],
        [
          -111.694462101791,
          40.3233913092335
        ],
        [
          -111.694460343788,
          40.3233915831853
        ],
        [
          -111.694458585785,
          40.3233918591917
        ],
        [
          -111.694456831376,
          40.3233921386224
        ],
        [
          -111.694455074271,
          40.3233924221625
        ],
        [
          -111.694453320759,
          40.3233927077572
        ],
        [
          -111.694451569045,
          40.3233929954065
        ],
        [
          -111.694449815533,
          40.3233932864802
        ],
        [
          -111.694448063818,
          40.3233935809783
        ],
        [
          -111.694446313002,
          40.323393878216
        ],
        [
          -111.694444563084,
          40.3233941795629
        ],
        [
          -111.694442814962,
          40.3233944822795
        ],
        [
          -111.694441065942,
          40.3233947897903
        ],
        [
          -111.694439319617,
          40.3233950973011
        ],
        [
          -111.694437572394,
          40.3233954096061
        ],
        [
          -111.694435826968,
          40.3233957246506
        ],
        [
          -111.694434080643,
          40.3233960424346
        ],
        [
          -111.694432338809,
          40.323396363643
        ],
        [
          -111.694430596976,
          40.323396686906
        ],
        [
          -111.694428854244,
          40.3233970135935
        ],
        [
          -111.694427114208,
          40.3233973437053
        ],
        [
          -111.694425373273,
          40.3233976758717
        ],
        [
          -111.694423634134,
          40.3233980114626
        ],
        [
          -111.694421894996,
          40.3233983491081
        ],
        [
          -111.694420159451,
          40.3233986908628
        ],
        [
          -111.694418423007,
          40.3233990353571
        ],
        [
          -111.694416687462,
          40.323399381906
        ],
        [
          -111.694414953714,
          40.3233997332491
        ],
        [
          -111.694413221762,
          40.3234000859619
        ],
        [
          -111.69441148981,
          40.3234004420991
        ],
        [
          -111.69440975696,
          40.3234007996061
        ],
        [
          -111.694408026804,
          40.3234011619073
        ],
        [
          -111.694406298446,
          40.323401526263
        ],
        [
          -111.694404571884,
          40.3234018954129
        ],
        [
          -111.694402845322,
          40.3234022645628
        ],
        [
          -111.694401119658,
          40.323402637822
        ],
        [
          -111.694399393096,
          40.3234030138207
        ],
        [
          -111.694397670128,
          40.323403392559
        ],
        [
          -111.694395947159,
          40.3234037740367
        ],
        [
          -111.694394225088,
          40.3234041603086
        ],
        [
          -111.694392505713,
          40.3234045479502
        ],
        [
          -111.694390786338,
          40.3234049383314
        ],
        [
          -111.69438906786,
          40.3234053321369
        ],
        [
          -111.69438735118,
          40.323405728682
        ],
        [
          -111.694385634499,
          40.3234061279665
        ],
        [
          -111.694383920514,
          40.3234065313604
        ],
        [
          -111.694382208325,
          40.3234069354391
        ],
        [
          -111.694380495238,
          40.3234073436271
        ],
        [
          -111.694378783947,
          40.3234077538698
        ],
        [
          -111.694377074453,
          40.3234081668519
        ],
        [
          -111.694375364959,
          40.3234085853131
        ],
        [
          -111.69437365816,
          40.3234090037742
        ],
        [
          -111.694371952259,
          40.3234094263447
        ],
        [
          -111.694370244562,
          40.3234098509698
        ],
        [
          -111.694368542254,
          40.3234102783344
        ],
        [
          -111.694366839049,
          40.3234107104931
        ],
        [
          -111.69436513764,
          40.3234111440216
        ],
        [
          -111.694363438925,
          40.3234115802896
        ],
        [
          -111.694361740211,
          40.3234120213518
        ],
        [
          -111.694360043294,
          40.3234124610442
        ],
        [
          -111.694358342783,
          40.3234129082703
        ],
        [
          -111.694356650357,
          40.3234133561813
        ],
        [
          -111.694354954337,
          40.323413805462
        ],
        [
          -111.694353264606,
          40.3234142595369
        ],
        [
          -111.69435157218,
          40.323414717721
        ],
        [
          -111.694349883348,
          40.32341517659
        ],
        [
          -111.694348192718,
          40.3234156388834
        ],
        [
          -111.694346504784,
          40.3234161039163
        ],
        [
          -111.694344820443,
          40.3234165716887
        ],
        [
          -111.694343135203,
          40.3234170422007
        ],
        [
          -111.694341453557,
          40.3234175154521
        ],
        [
          -111.694339771911,
          40.3234179921279
        ],
        [
          -111.694338088468,
          40.3234184715433
        ],
        [
          -111.694336410415,
          40.3234189530133
        ],
        [
          -111.694334730565,
          40.3234194379077
        ],
        [
          -111.694333056106,
          40.3234199248567
        ],
        [
          -111.694331380748,
          40.3234204172848
        ],
        [
          -111.69432970539,
          40.323420908343
        ],
        [
          -111.694328037218,
          40.3234214055652
        ],
        [
          -111.694326363657,
          40.3234219041572
        ],
        [
          -111.694324696384,
          40.3234224061735
        ],
        [
          -111.694323027314,
          40.3234229095596
        ],
        [
          -111.694321360939,
          40.3234234177399
        ],
        [
          -111.694319696361,
          40.3234239272898
        ],
        [
          -111.694318032681,
          40.3234244409491
        ],
        [
          -111.694316370798,
          40.323424956663
        ],
        [
          -111.694314710711,
          40.3234254751164
        ],
        [
          -111.694313050624,
          40.3234259976791
        ],
        [
          -111.694311395029,
          40.3234265202418
        ],
        [
          -111.694309738536,
          40.3234270482835
        ],
        [
          -111.694308083839,
          40.3234275770101
        ],
        [
          -111.694306429142,
          40.3234281105308
        ],
        [
          -111.694304778937,
          40.3234286447364
        ],
        [
          -111.69430312963,
          40.3234291823664
        ],
        [
          -111.694301481222,
          40.3234297241056
        ],
        [
          -111.694299835508,
          40.3234302658449
        ],
        [
          -111.694298188896,
          40.3234308130632
        ],
        [
          -111.694296544979,
          40.3234313623361
        ],
        [
          -111.694294902859,
          40.3234319136637
        ],
        [
          -111.694293263434,
          40.3234324697854
        ],
        [
          -111.694291624907,
          40.3234330252222
        ],
        [
          -111.694289985481,
          40.3234335868229
        ],
        [
          -111.694288349649,
          40.3234341477388
        ],
        [
          -111.694286715614,
          40.3234347141336
        ],
        [
          -111.694285084273,
          40.3234352825831
        ],
        [
          -111.694283452932,
          40.3234358537721
        ],
        [
          -111.694281825185,
          40.3234364277007
        ],
        [
          -111.694280198336,
          40.3234370036838
        ],
        [
          -111.694278570589,
          40.3234375837762
        ],
        [
          -111.694276947333,
          40.3234381652384
        ],
        [
          -111.694275323179,
          40.32343874944
        ],
        [
          -111.694273703517,
          40.323439337751
        ],
        [
          -111.694272083854,
          40.3234399267468
        ],
        [
          -111.694270466887,
          40.3234405198519
        ],
        [
          -111.694268849919,
          40.3234411156965
        ],
        [
          -111.694267234748,
          40.3234417142806
        ],
        [
          -111.694265624069,
          40.3234423156042
        ],
        [
          -111.694264014288,
          40.3234429182976
        ],
        [
          -111.694262405405,
          40.3234435251003
        ],
        [
          -111.694260799218,
          40.3234441346424
        ],
        [
          -111.694259193928,
          40.3234447462392
        ],
        [
          -111.694257588639,
          40.3234453605755
        ],
        [
          -111.694255986044,
          40.3234459783362
        ],
        [
          -111.694254387043,
          40.3234465967817
        ],
        [
          -111.694252788042,
          40.3234472207063
        ],
        [
          -111.694251190837,
          40.3234478460007
        ],
        [
          -111.694249599023,
          40.3234484733496
        ],
        [
          -111.694248004513,
          40.3234491048078
        ],
        [
          -111.694246413597,
          40.3234497376358
        ],
        [
          -111.69424482268,
          40.3234503732033
        ],
        [
          -111.694243235357,
          40.3234510108254
        ],
        [
          -111.694241650729,
          40.3234516518719
        ],
        [
          -111.694240066999,
          40.3234522977126
        ],
        [
          -111.694238485066,
          40.3234529435532
        ],
        [
          -111.694236904929,
          40.3234535928182
        ],
        [
          -111.694235325691,
          40.3234542448228
        ],
        [
          -111.694233751843,
          40.3234548995669
        ],
        [
          -111.694232176198,
          40.3234555563655
        ],
        [
          -111.694230604146,
          40.3234562152188
        ],
        [
          -111.694229032993,
          40.3234568788663
        ],
        [
          -111.694227465432,
          40.3234575445684
        ],
        [
          -111.694225896076,
          40.3234582123251
        ],
        [
          -111.694224315041,
          40.3234588896701
        ],
        [
          -111.69422275287,
          40.3234595629058
        ],
        [
          -111.6942211907,
          40.3234602388811
        ],
        [
          -111.694219632123,
          40.3234609169109
        ],
        [
          -111.694218077139,
          40.3234615969954
        ],
        [
          -111.694216521257,
          40.3234622818741
        ],
        [
          -111.69421496807,
          40.3234629688073
        ],
        [
          -111.69421341668,
          40.3234636577952
        ],
        [
          -111.694211868882,
          40.3234643488377
        ],
        [
          -111.694210321085,
          40.3234650446744
        ],
        [
          -111.694208776881,
          40.3234657432506
        ],
        [
          -111.694207234474,
          40.3234664418268
        ],
        [
          -111.694205693863,
          40.323467145197
        ],
        [
          -111.694204154151,
          40.3234678499372
        ],
        [
          -111.694202618032,
          40.3234685587865
        ],
        [
          -111.694201085506,
          40.3234692683207
        ],
        [
          -111.694199552082,
          40.3234699833339
        ],
        [
          -111.694198024047,
          40.3234706976622
        ],
        [
          -111.694196495115,
          40.3234714188393
        ],
        [
          -111.694194970674,
          40.3234721393316
        ],
        [
          -111.694193448029,
          40.323472863933
        ],
        [
          -111.694191924486,
          40.3234735905891
        ],
        [
          -111.694190406334,
          40.323474318615
        ],
        [
          -111.694188889079,
          40.3234750521199
        ],
        [
          -111.694187372723,
          40.3234757863096
        ],
        [
          -111.694185861757,
          40.3234765239238
        ],
        [
          -111.694184349892,
          40.3234772635926
        ],
        [
          -111.694182842519,
          40.3234780060008
        ],
        [
          -111.694181335146,
          40.3234787511486
        ],
        [
          -111.694179834061,
          40.3234794990359
        ],
        [
          -111.694178330281,
          40.3234802496627
        ],
        [
          -111.69417683279,
          40.3234810037138
        ],
        [
          -111.694175336196,
          40.3234817584499
        ],
        [
          -111.694173840501,
          40.3234825172952
        ],
        [
          -111.694172344807,
          40.3234832775102
        ],
        [
          -111.6941708554,
          40.3234840411496
        ],
        [
          -111.694169369586,
          40.3234848068437
        ],
        [
          -111.694167882874,
          40.3234855752773
        ],
        [
          -111.694166400654,
          40.323486348505
        ],
        [
          -111.694164918434,
          40.3234871210478
        ],
        [
          -111.694163439807,
          40.3234878983848
        ],
        [
          -111.694161962078,
          40.3234886757217
        ],
        [
          -111.694160487045,
          40.3234894564831
        ],
        [
          -111.694159016503,
          40.3234902413537
        ],
        [
          -111.694157545961,
          40.323491027594
        ],
        [
          -111.694156080808,
          40.3234918172587
        ],
        [
          -111.694154614758,
          40.3234926089781
        ],
        [
          -111.6941531523,
          40.3234934048067
        ],
        [
          -111.694151692538,
          40.3234942006353
        ],
        [
          -111.694150233674,
          40.3234950012581
        ],
        [
          -111.694148777505,
          40.3234958011959
        ],
        [
          -111.694147324929,
          40.323496605243
        ],
        [
          -111.69414587415,
          40.3234974133994
        ],
        [
          -111.694144425167,
          40.3234982236104
        ],
        [
          -111.694142979778,
          40.3234990351911
        ],
        [
          -111.694141535287,
          40.3234998488265
        ],
        [
          -111.694140093491,
          40.3235006665711
        ],
        [
          -111.694138657085,
          40.3235014863704
        ],
        [
          -111.694137220679,
          40.3235023068545
        ],
        [
          -111.694135786069,
          40.3235031321328
        ],
        [
          -111.694134355053,
          40.3235039601506
        ],
        [
          -111.69413292763,
          40.3235047902229
        ],
        [
          -111.694131499309,
          40.3235056209802
        ],
        [
          -111.694130076377,
          40.3235064558467
        ],
        [
          -111.694128656141,
          40.3235072907132
        ],
        [
          -111.694127236803,
          40.3235081303738
        ],
        [
          -111.69412582016,
          40.3235089734588
        ],
        [
          -111.694124405313,
          40.3235098172288
        ],
        [
          -111.69412299406,
          40.323510664423
        ],
        [
          -111.694121583705,
          40.3235115143568
        ],
        [
          -111.69412017874,
          40.3235123656603
        ],
        [
          -111.694118773775,
          40.3235132190185
        ],
        [
          -111.694117373301,
          40.3235140751161
        ],
        [
          -111.694115975522,
          40.323514935323
        ],
        [
          -111.69411457954,
          40.3235157975845
        ],
        [
          -111.694113185355,
          40.3235166598461
        ],
        [
          -111.694111792966,
          40.3235175269017
        ],
        [
          -111.694110405069,
          40.3235183946422
        ],
        [
          -111.694109018969,
          40.323519266492
        ],
        [
          -111.69410763736,
          40.3235201403964
        ],
        [
          -111.694106255751,
          40.3235210170403
        ],
        [
          -111.694104876837,
          40.3235218950539
        ],
        [
          -111.694103502415,
          40.3235227751222
        ],
        [
          -111.694102129789,
          40.3235236579299
        ],
        [
          -111.69410075896,
          40.3235245434772
        ],
        [
          -111.694099390826,
          40.3235254310791
        ],
        [
          -111.694098026285,
          40.3235263221053
        ],
        [
          -111.694096664439,
          40.3235272151862
        ],
        [
          -111.694095304389,
          40.323528108952
        ],
        [
          -111.694093947035,
          40.3235290054572
        ],
        [
          -111.694092592376,
          40.3235299067566
        ],
        [
          -111.694091239513,
          40.3235308094258
        ],
        [
          -111.69408989204,
          40.3235317127798
        ],
        [
          -111.694088546364,
          40.3235326209279
        ],
        [
          -111.694087203382,
          40.323533529076
        ],
        [
          -111.694085861299,
          40.3235344413334
        ],
        [
          -111.694084523708,
          40.3235353542756
        ],
        [
          -111.694083187913,
          40.3235362713271
        ],
        [
          -111.694081853915,
          40.3235371883786
        ],
        [
          -111.694080524408,
          40.3235381102242
        ],
        [
          -111.694079196698,
          40.3235390341244
        ],
        [
          -111.69407787348,
          40.3235399573398
        ],
        [
          -111.694076550261,
          40.3235408860341
        ],
        [
          -111.694075233331,
          40.3235418160982
        ],
        [
          -111.694073915503,
          40.3235427482169
        ],
        [
          -111.694072603064,
          40.3235436830752
        ],
        [
          -111.694071290625,
          40.3235446193031
        ],
        [
          -111.694069985373,
          40.3235455596403
        ],
        [
          -111.694068677426,
          40.3235465006624
        ],
        [
          -111.694067376666,
          40.3235474437391
        ],
        [
          -111.694066075905,
          40.3235483895553
        ],
        [
          -111.694064779636,
          40.3235493387959
        ],
        [
          -111.694063488757,
          40.3235502880364
        ],
        [
          -111.694062195183,
          40.3235512413863
        ],
        [
          -111.694060908796,
          40.3235521967907
        ],
        [
          -111.694059623306,
          40.3235531535648
        ],
        [
          -111.694058338715,
          40.3235541130785
        ],
        [
          -111.694057060413,
          40.3235550739619
        ],
        [
          -111.69405578211,
          40.3235560389546
        ],
        [
          -111.694054509197,
          40.3235570046321
        ],
        [
          -111.694053237183,
          40.3235579716794
        ],
        [
          -111.69405196966,
          40.3235589435208
        ],
        [
          -111.694050703934,
          40.3235599139924
        ],
        [
          -111.694049441801,
          40.3235608899431
        ],
        [
          -111.694048181465,
          40.3235618679483
        ],
        [
          -111.694046923823,
          40.3235628480082
        ],
        [
          -111.69404567247,
          40.3235638294378
        ],
        [
          -111.694044422913,
          40.3235648115523
        ],
        [
          -111.694043172459,
          40.3235657984609
        ],
        [
          -111.694041928292,
          40.3235667860544
        ],
        [
          -111.694040685024,
          40.3235677763873
        ],
        [
          -111.694039448043,
          40.32356876809
        ],
        [
          -111.69403821286,
          40.323569763902
        ],
        [
          -111.694036978575,
          40.3235707583442
        ],
        [
          -111.694035747883,
          40.3235717589502
        ],
        [
          -111.694034519886,
          40.3235727595563
        ],
        [
          -111.694033295482,
          40.3235737615321
        ],
        [
          -111.69403207557,
          40.3235747676171
        ],
        [
          -111.694030856556,
          40.3235757757568
        ],
        [
          -111.694029641135,
          40.3235767832115
        ],
        [
          -111.69402842841,
          40.3235777961453
        ],
        [
          -111.694027219277,
          40.3235788083943
        ],
        [
          -111.69402601284,
          40.3235798240675
        ],
        [
          -111.694024810894,
          40.3235808431651
        ],
        [
          -111.694023609847,
          40.3235818629476
        ],
        [
          -111.694022414189,
          40.3235828840998
        ],
        [
          -111.69402121943,
          40.3235839086764
        ],
        [
          -111.694020028264,
          40.3235849346228
        ],
        [
          -111.694018841589,
          40.3235859626237
        ],
        [
          -111.694017654915,
          40.3235869919944
        ],
        [
          -111.694016471833,
          40.3235880247895
        ],
        [
          -111.694015293244,
          40.3235890596392
        ],
        [
          -111.694014119146,
          40.3235900958586
        ],
        [
          -111.694012947742,
          40.3235911348175
        ],
        [
          -111.694011775441,
          40.3235921744613
        ],
        [
          -111.694010609428,
          40.3235932182143
        ],
        [
          -111.694009447008,
          40.3235942612824
        ],
        [
          -111.694008287283,
          40.3235953084598
        ],
        [
          -111.694007128456,
          40.323596356322
        ],
        [
          -111.694005974121,
          40.3235974082935
        ],
        [
          -111.694004823379,
          40.323598460265
        ],
        [
          -111.694003674434,
          40.3235995170306
        ],
        [
          -111.69400252998,
          40.3236005724264
        ],
        [
          -111.694001390018,
          40.3236016319315
        ],
        [
          -111.694000250954,
          40.3236026914366
        ],
        [
          -111.693999115484,
          40.3236037536811
        ],
        [
          -111.693997983606,
          40.3236048179802
        ],
        [
          -111.693996855323,
          40.323605884334
        ],
        [
          -111.693995730632,
          40.3236069541122
        ],
        [
          -111.693994606839,
          40.3236080238903
        ],
        [
          -111.693993488437,
          40.3236090970928
        ],
        [
          -111.693992370933,
          40.3236101702953
        ],
        [
          -111.693991258818,
          40.3236112469221
        ],
        [
          -111.693990146704,
          40.3236123256036
        ],
        [
          -111.693989040878,
          40.323613404285
        ],
        [
          -111.693987937747,
          40.3236144863908
        ],
        [
          -111.69398683731,
          40.3236155712361
        ],
        [
          -111.693985741366,
          40.3236166567663
        ],
        [
          -111.693984647218,
          40.3236177429813
        ],
        [
          -111.693983557561,
          40.3236188353602
        ],
        [
          -111.6939824706,
          40.3236199256844
        ],
        [
          -111.693981385435,
          40.3236210208028
        ],
        [
          -111.69398030566,
          40.3236221152363
        ],
        [
          -111.693979226783,
          40.3236232110395
        ],
        [
          -111.693978153297,
          40.3236243102671
        ],
        [
          -111.693977081606,
          40.3236254115493
        ],
        [
          -111.693976014408,
          40.323626515571
        ],
        [
          -111.693974949904,
          40.3236276189078
        ],
        [
          -111.693973888994,
          40.3236287270387
        ],
        [
          -111.693972831677,
          40.3236298351696
        ],
        [
          -111.693971775258,
          40.3236309453551
        ],
        [
          -111.693970726026,
          40.3236320569103
        ],
        [
          -111.69396967859,
          40.323633171205
        ],
        [
          -111.69396863385,
          40.3236342861846
        ],
        [
          -111.693967590905,
          40.3236354032188
        ],
        [
          -111.69396655425,
          40.3236365243623
        ],
        [
          -111.693965518492,
          40.3236376441359
        ],
        [
          -111.693964487226,
          40.3236387680189
        ],
        [
          -111.693963457757,
          40.3236398925866
        ],
        [
          -111.693962434576,
          40.3236410185241
        ],
        [
          -111.69396141409,
          40.3236421472011
        ],
        [
          -111.6939603954,
          40.3236432772479
        ],
        [
          -111.693959379405,
          40.3236444086643
        ],
        [
          -111.693958369699,
          40.3236455428202
        ],
        [
          -111.693957360891,
          40.3236466783459
        ],
        [
          -111.693956356575,
          40.3236478145565
        ],
        [
          -111.693954722539,
          40.3236496767364
        ],
        [
          -111.693953723612,
          40.3236508150015
        ],
        [
          -111.693952723788,
          40.3236519573758
        ],
        [
          -111.693951729353,
          40.3236530983804
        ],
        [
          -111.693950739409,
          40.3236542421245
        ],
        [
          -111.693949752161,
          40.3236553886081
        ],
        [
          -111.693948767607,
          40.3236565364614
        ],
        [
          -111.693947788443,
          40.3236576849995
        ],
        [
          -111.693946810178,
          40.3236588349074
        ],
        [
          -111.693945837303,
          40.3236599889245
        ],
        [
          -111.693944867122,
          40.3236611415719
        ],
        [
          -111.693943900535,
          40.3236622983285
        ],
        [
          -111.693942935744,
          40.3236634564548
        ],
        [
          -111.693941975445,
          40.323664615266
        ],
        [
          -111.693941019638,
          40.3236657768167
        ],
        [
          -111.693940064729,
          40.3236669397371
        ],
        [
          -111.693939115209,
          40.3236681040272
        ],
        [
          -111.693938169283,
          40.3236692696871
        ],
        [
          -111.693937226052,
          40.3236704380864
        ],
        [
          -111.693936287313,
          40.3236716058009
        ],
        [
          -111.693935353065,
          40.3236727769398
        ],
        [
          -111.693934418817,
          40.3236739501332
        ],
        [
          -111.693933491756,
          40.3236751253812
        ],
        [
          -111.693932563796,
          40.3236762999444
        ],
        [
          -111.693931643023,
          40.3236774758773
        ],
        [
          -111.693930724046,
          40.3236786559193
        ],
        [
          -111.693929809561,
          40.3236798352766
        ],
        [
          -111.693928897771,
          40.323681018743
        ],
        [
          -111.693927991371,
          40.3236822022095
        ],
        [
          -111.693927087666,
          40.3236833870457
        ],
        [
          -111.693926183961,
          40.3236845753062
        ],
        [
          -111.693925287442,
          40.3236857628818
        ],
        [
          -111.693924393618,
          40.3236869538818
        ],
        [
          -111.693923503388,
          40.3236881448817
        ],
        [
          -111.693922618547,
          40.3236893372515
        ],
        [
          -111.693921734605,
          40.3236905316758
        ],
        [
          -111.693920855155,
          40.3236917281547
        ],
        [
          -111.693919978399,
          40.3236929253185
        ],
        [
          -111.693919105236,
          40.3236941259066
        ],
        [
          -111.693918236565,
          40.3236953258098
        ],
        [
          -111.69391737059,
          40.3236965284526
        ],
        [
          -111.693916510902,
          40.3236977317801
        ],
        [
          -111.693915653011,
          40.3236989378472
        ],
        [
          -111.69391479512,
          40.3237001439143
        ],
        [
          -111.693913945313,
          40.3237013520359
        ],
        [
          -111.693913098202,
          40.3237025615273
        ],
        [
          -111.693912253786,
          40.3237037730732
        ],
        [
          -111.693911413861,
          40.323704985989
        ],
        [
          -111.693910577529,
          40.3237062002744
        ],
        [
          -111.693909743893,
          40.3237074138749
        ],
        [
          -111.693908914748,
          40.3237086308998
        ],
        [
          -111.693908087399,
          40.3237098513491
        ],
        [
          -111.693907267238,
          40.3237110704286
        ],
        [
          -111.693906447974,
          40.3237122908778
        ],
        [
          -111.693905634999,
          40.3237135133817
        ],
        [
          -111.693904822023,
          40.3237147386249
        ],
        [
          -111.693904014438,
          40.3237159631834
        ],
        [
          -111.693903209547,
          40.3237171904813
        ],
        [
          -111.693902410047,
          40.3237184198338
        ],
        [
          -111.693901613241,
          40.3237196485013
        ],
        [
          -111.693900821825,
          40.3237208799084
        ],
        [
          -111.69390003041,
          40.3237221126852
        ],
        [
          -111.693899247079,
          40.3237233447771
        ],
        [
          -111.693898464646,
          40.3237245802934
        ],
        [
          -111.693897684908,
          40.3237258164945
        ],
        [
          -111.693896909662,
          40.3237270547503
        ],
        [
          -111.693896138908,
          40.3237282950606
        ],
        [
          -111.693895373543,
          40.3237295340012
        ],
        [
          -111.693894608179,
          40.3237307777358
        ],
        [
          -111.693893848204,
          40.323732018731
        ],
        [
          -111.693893091822,
          40.3237332638354
        ],
        [
          -111.693892339034,
          40.3237345103094
        ],
        [
          -111.693891591636,
          40.3237357588381
        ],
        [
          -111.693890846034,
          40.3237370066819
        ],
        [
          -111.693890103127,
          40.3237382572652
        ],
        [
          -111.693889366509,
          40.3237395064788
        ],
        [
          -111.693888631687,
          40.3237407598015
        ],
        [
          -111.693887900458,
          40.323742014494
        ],
        [
          -111.69388717462,
          40.3237432685015
        ],
        [
          -111.693886451476,
          40.323744523194
        ],
        [
          -111.693885733722,
          40.3237457813107
        ],
        [
          -111.693885016866,
          40.3237470414821
        ],
        [
          -111.693884305401,
          40.3237483002838
        ],
        [
          -111.69388359663,
          40.3237495618248
        ],
        [
          -111.693882894147,
          40.3237508247356
        ],
        [
          -111.693882191665,
          40.3237520869615
        ],
        [
          -111.693881497267,
          40.3237533532967
        ],
        [
          -111.693880803768,
          40.3237546196318
        ],
        [
          -111.693880113861,
          40.3237558859669
        ],
        [
          -111.693879429345,
          40.3237571536718
        ],
        [
          -111.693878748422,
          40.3237584227463
        ],
        [
          -111.693878069296,
          40.3237596945604
        ],
        [
          -111.693877396458,
          40.3237609650046
        ],
        [
          -111.693876725416,
          40.3237622388732
        ],
        [
          -111.693876059765,
          40.3237635134267
        ],
        [
          -111.69387539591,
          40.3237647900347
        ],
        [
          -111.693874737444,
          40.323766065273
        ],
        [
          -111.693874082573,
          40.3237673425659
        ],
        [
          -111.693873430396,
          40.3237686205437
        ],
        [
          -111.69387278271,
          40.3237699019458
        ],
        [
          -111.693872139517,
          40.323771182663
        ],
        [
          -111.693871500814,
          40.3237724654348
        ],
        [
          -111.693870863011,
          40.3237737495763
        ],
        [
          -111.693870231495,
          40.3237750337178
        ],
        [
          -111.693869602674,
          40.3237763185442
        ],
        [
          -111.693868978345,
          40.3237776054251
        ],
        [
          -111.693868357609,
          40.3237788929909
        ],
        [
          -111.693867739568,
          40.3237801819265
        ],
        [
          -111.693867126917,
          40.3237814715468
        ],
        [
          -111.693866516961,
          40.3237827632218
        ],
        [
          -111.693865912395,
          40.3237840535271
        ],
        [
          -111.693865311422,
          40.3237853479415
        ],
        [
          -111.693864712246,
          40.323786641671
        ],
        [
          -111.693864119358,
          40.3237879360854
        ],
        [
          -111.693863529165,
          40.3237892325544
        ],
        [
          -111.693862943463,
          40.323790531078
        ],
        [
          -111.693862359558,
          40.3237918289167
        ],
        [
          -111.693861781043,
          40.3237931281251
        ],
        [
          -111.69386120702,
          40.3237944266486
        ],
        [
          -111.693860636589,
          40.3237957279116
        ],
        [
          -111.693860069753,
          40.3237970312292
        ],
        [
          -111.693859507407,
          40.3237983338619
        ],
        [
          -111.693858946858,
          40.3237996385492
        ],
        [
          -111.693858390801,
          40.3238009432365
        ],
        [
          -111.693857840134,
          40.3238022479237
        ],
        [
          -111.693857292162,
          40.3238035567202
        ],
        [
          -111.693856746884,
          40.3238048648317
        ],
        [
          -111.693856206997,
          40.3238061722584
        ],
        [
          -111.693855673397,
          40.3238074837943
        ],
        [
          -111.693855139798,
          40.3238087939604
        ],
        [
          -111.693854191177,
          40.3238111581493
        ],
        [
          -111.693847648747,
          40.3238272581911
        ],
        [
          -111.693840737109,
          40.3238432678256
        ],
        [
          -111.693833464349,
          40.3238591822588
        ],
        [
          -111.693825829567,
          40.3238749973814
        ],
        [
          -111.693817835459,
          40.3238907070296
        ],
        [
          -111.693809482924,
          40.3239063077792
        ],
        [
          -111.693800779147,
          40.3239217962059
        ],
        [
          -111.693791719637,
          40.3239371634064
        ],
        [
          -111.69378231248,
          40.3239524093807
        ],
        [
          -111.693772559471,
          40.3239675265954
        ],
        [
          -111.693762464204,
          40.3239825102563
        ],
        [
          -111.693752026678,
          40.3239973589939
        ],
        [
          -111.693741253183,
          40.3240120652747
        ],
        [
          -111.693730145515,
          40.3240266249894
        ],
        [
          -111.693718708164,
          40.3240410340291
        ],
        [
          -111.693706943827,
          40.3240552875995
        ],
        [
          -111.693694856995,
          40.3240693829614
        ],
        [
          -111.693682449465,
          40.3240833146359
        ],
        [
          -111.693669726625,
          40.3240970785138
        ],
        [
          -111.693656691172,
          40.3241106698011
        ],
        [
          -111.693643348495,
          40.3241240850736
        ],
        [
          -111.693629700391,
          40.3241373195373
        ],
        [
          -111.693615755843,
          40.3241503697679
        ],
        [
          -111.693601512156,
          40.3241632330261
        ],
        [
          -111.693586980109,
          40.3241759045179
        ],
        [
          -111.693572160602,
          40.3241883787643
        ],
        [
          -111.693557057227,
          40.3242006537109
        ],
        [
          -111.693541676273,
          40.324212723194
        ],
        [
          -111.693526024926,
          40.3242245872137
        ],
        [
          -111.693510104084,
          40.3242362396061
        ],
        [
          -111.693493920934,
          40.324247678317
        ],
        [
          -111.693477478171,
          40.3242588978674
        ],
        [
          -111.693460782083,
          40.3242698968875
        ],
        [
          -111.693443838959,
          40.3242806726382
        ],
        [
          -111.693426652391,
          40.3242912175859
        ],
        [
          -111.693409225973,
          40.3243015337853
        ],
        [
          -111.693391569586,
          40.324311613703
        ],
        [
          -111.693373684128,
          40.3243214580239
        ],
        [
          -111.693355578584,
          40.3243310619541
        ],
        [
          -111.693337255647,
          40.3243404200146
        ],
        [
          -111.693318722504,
          40.3243495335755
        ],
        [
          -111.693299983648,
          40.3243583992123
        ],
        [
          -111.693281046263,
          40.3243670114462
        ],
        [
          -111.693261915741,
          40.3243753702774
        ],
        [
          -111.693242595674,
          40.3243834729665
        ],
        [
          -111.693223095944,
          40.3243913147194
        ],
        [
          -111.693203421043,
          40.324398896906
        ],
        [
          -111.693183573665,
          40.3244062154171
        ],
        [
          -111.693163563692,
          40.3244132640891
        ],
        [
          -111.693143394717,
          40.3244200470312
        ],
        [
          -111.693123074825,
          40.3244265601343
        ],
        [
          -111.693102610305,
          40.3244327979195
        ],
        [
          -111.693082004749,
          40.324438765181
        ],
        [
          -111.693061268039,
          40.3244444530155
        ],
        [
          -111.693040407361,
          40.3244498655325
        ],
        [
          -111.693019422716,
          40.3244549979376
        ],
        [
          -111.692998324884,
          40.3244598468069
        ],
        [
          -111.692977119253,
          40.3244644162495
        ],
        [
          -111.692955813909,
          40.3244687001016
        ],
        [
          -111.692934414243,
          40.3244726983633
        ],
        [
          -111.692912925643,
          40.3244764117196
        ],
        [
          -111.692891356195,
          40.3244798388007
        ],
        [
          -111.692869712186,
          40.3244829748127
        ],
        [
          -111.692847998109,
          40.3244858211252
        ],
        [
          -111.692826222947,
          40.3244883777383
        ],
        [
          -111.692804394783,
          40.3244906432823
        ],
        [
          -111.692782516315,
          40.3244926150179
        ],
        [
          -111.69276059832,
          40.3244942970541
        ],
        [
          -111.692738643495,
          40.3244956852818
        ],
        [
          -111.692716660821,
          40.3244967790163
        ],
        [
          -111.692694656588,
          40.3244975789423
        ],
        [
          -111.692672638881,
          40.3244980850598
        ],
        [
          -111.692650611292,
          40.3244982980538
        ],
        [
          -111.692628581906,
          40.3244982158696
        ],
        [
          -111.692606560605,
          40.3244978398771
        ],
        [
          -111.692584547389,
          40.3244971687063
        ],
        [
          -111.692562554834,
          40.3244962050968
        ],
        [
          -111.692540588331,
          40.3244949463092
        ],
        [
          -111.69251865237,
          40.3244933957676
        ],
        [
          -111.692496754138,
          40.3244915521025
        ],
        [
          -111.692474904415,
          40.3244894173683
        ],
        [
          -111.692453104998,
          40.3244869881407
        ],
        [
          -111.692431365768,
          40.3244842692137
        ],
        [
          -111.692409689421,
          40.3244812619571
        ],
        [
          -111.692388084938,
          40.3244779636313
        ],
        [
          -111.692366562202,
          40.3244743790304
        ],
        [
          -111.692345122111,
          40.3244705054148
        ],
        [
          -111.69232377275,
          40.3244663475785
        ],
        [
          -111.692302522204,
          40.3244619048368
        ],
        [
          -111.692281375862,
          40.3244571785591
        ],
        [
          -111.692260345403,
          40.3244521708002
        ],
        [
          -111.692239426335,
          40.3244468822447
        ],
        [
          -111.692218633031,
          40.324441316317
        ],
        [
          -111.69219797178,
          40.3244354737018
        ],
        [
          -111.692177441682,
          40.3244293537143
        ],
        [
          -111.692157058908,
          40.324422963203
        ],
        [
          -111.69213682256,
          40.3244162994284
        ],
        [
          -111.692114785089,
          40.3244086734121
        ],
        [
          -111.692074883721,
          40.3243948363167
        ],
        [
          -111.692034671536,
          40.3243815341015
        ],
        [
          -111.691994164703,
          40.324368770191
        ],
        [
          -111.691953371307,
          40.3243565486948
        ],
        [
          -111.691912304824,
          40.3243448744072
        ],
        [
          -111.691870980525,
          40.3243337507529
        ],
        [
          -111.691829407391,
          40.3243231804717
        ],
        [
          -111.691787599798,
          40.3243131663033
        ],
        [
          -111.691745569423,
          40.3243037137268
        ],
        [
          -111.691703330638,
          40.3242948241124
        ],
        [
          -111.691660896021,
          40.3242864995147
        ],
        [
          -111.691618278147,
          40.3242787419887
        ],
        [
          -111.691575488695,
          40.324271554274
        ],
        [
          -111.69153254114,
          40.3242649411648
        ],
        [
          -111.69148945165,
          40.3242589026614
        ],
        [
          -111.691446230109,
          40.3242534394488
        ],
        [
          -111.691402891786,
          40.3242485563212
        ],
        [
          -111.691359444767,
          40.3242442498544
        ],
        [
          -111.691315908816,
          40.3242405255274
        ],
        [
          -111.69127229471,
          40.3242373833404
        ],
        [
          -111.691228615926,
          40.324234825348
        ],
        [
          -111.691184884141,
          40.3242328501806
        ],
        [
          -111.691141114628,
          40.3242314598928
        ],
        [
          -111.691097319961,
          40.3242306537999
        ],
        [
          -111.691049493655,
          40.3242304414899
        ],
        [
          -111.688149214488,
          40.3242387517121
        ]
      ]
    ]
  }
}