{"type": "FeatureCollection", "crs_feet_frame": "EPSG:3566", "count": 500, "features": [{"type": "Feature", "geometry": {"type": "Polygon", "coordinates": [[[1515879.8450504786, 7460588.941731905], [1515877.3332335164, 7460259.256684405], [1515877.3449818585, 7459929.562520383], [1514880.830524768, 7459931.477082425], [1514884.2768696353, 7460590.847896401], [1515879.8450504786, 7460588.941731905]]]}, "properties": {"parcel_id": "08214000240000", "crs": "local-feet", "address": "1396 N 2200 W", "city": "Salt Lake City", "county": "SaltLake", "source_srid": "EPSG:4326", "district": "M-1", "zone_label": "Light Manufacturing", "district_provenance": "centroid-contains"}}, {"type": "Feature", "geometry": {"type": "Polygon", "coordinates": [[[1516296.4470310288, 7460447.777433724], [1516188.5501976453, 7460447.538466759], [1516188.7274154155, 7460521.838914966], [1516296.680631957, 7460522.077348398], [1516296.4470310288, 7460447.777433724]]]}, "properties": {"parcel_id": "08223510140000", "crs": "local-feet", "address": "1403 N GENERAL DR", "city": "Salt Lake City", "county": "SaltLake", "source_srid": "EPSG:4326", "district": "R-1-7000", "zone_label": "Single Family Residential", "district_provenance": "centroid-contains"}}, {"type": "Feature", "geometry": {"type": "Polygon", "coordinates": [[[1516296.2134298286, 7460373.477297888], [1516188.3724848833, 7460373.238295428], [1516188.5501976453, 7460447.538466759], [1516296.4470310288, 7460447.777433724], [1516296.2134298286, 7460373.477297888]]]}, "properties": {"parcel_id": "08223510150000", "crs": "local-feet", "address": "1397 N GENERAL DR", "city": "Salt Lake City", "county": "SaltLake", "source_srid": "EPSG:4326", "district": "R-1-7000", "zone_label": "Single Family Residential", "district_provenance": "centroid-contains"}}, {"type": "Feature", "geometry": {"type": "Polygon", "coordinates": [[[1516295.9795831623, 7460299.177685445], [1516188.1952697318, 7460298.93790044], [1516188.3724848833, 7460373.238295428], [1516296.2134298286, 7460373.477297888], [1516295.9795831623, 7460299.177685445]]]}, "properties": {"parcel_id": "08223510160000", "crs": "local-feet", "address": "1389 N GENERAL DR", "city": "Salt Lake City", "county": "SaltLake", "source_srid": "EPSG:4326", "district": "R-1-7000", "zone_label": "Single Family Residential", "district_provenance": "centroid-contains"}}, {"type": "Feature", "geometry": {"type": "Polygon", "coordinates": [[[1516295.7457352588, 7460224.877604074], [1516188.0175583316, 7460224.637534532], [1516188.1952697318, 7460298.93790044], [1516295.9795831623, 7460299.177685445], [1516295.7457352588, 7460224.877604074]]]}, "properties": {"parcel_id": "08223510170000", "crs": "local-feet", "address": "1383 N GENERAL DR", "city": "Salt Lake City", "county": "SaltLake", "source_srid": "EPSG:4326", "district": "R-1-7000", "zone_label": "Single Family Residential", "district_provenance": "centroid-contains"}}, {"type": "Feature", "geometry": {"type": "Polygon", "coordinates": [[[1516300.0612041217, 7460150.587702477], [1516187.840345788, 7460150.337192728], [1516188.0175583316, 7460224.637534532], [1516295.7457352588, 7460224.877604074], [1516295.7133131877, 7460214.537744404], [1516296.7368637302, 7460182.484514633], [1516300.0612041217, 7460150.587702477]]]}, "properties": {"parcel_id": "08223510180000", "crs": "local-feet", "address": "1375 N GENERAL DR", "city": "Salt Lake City", "county": "SaltLake", "source_srid": "EPSG:4326", "district": "R-1-7000", "zone_label": "Single Family Residential", "district_provenance": "centroid-contains"}}, {"type": "Feature", "geometry": {"type": "Polygon", "coordinates": [[[1516317.0837305917, 7460076.3258254845], [1516187.662636997, 7460076.036880034], [1516187.840345788, 7460150.337192728], [1516300.0612041217, 7460150.587702477], [1516304.3194520455, 7460125.523465496], [1516309.9998735914, 7460100.742219507], [1516317.0837305917, 7460076.3258254845]]]}, "properties": {"parcel_id": "08223510190000", "crs": "local-feet", "address": "1367 N GENERAL DR", "city": "Salt Lake City", "county": "SaltLake", "source_srid": "EPSG:4326", "district": "R-1-7000", "zone_label": "Single Family Residential", "district_provenance": "centroid-contains"}}, {"type": "Feature", "geometry": {"type": "Polygon", "coordinates": [[[1516329.82677498, 7460001.534132693], [1516187.4854245828, 7460001.736095956], [1516187.662636997, 7460076.036880034], [1516317.0837305917, 7460076.3258254845], [1516326.5929349533, 7460049.667789265], [1516337.7726894098, 7460023.665640552], [1516338.7653978574, 7460020.840503405], [1516339.176857768, 7460017.873578112], [1516338.9907531461, 7460014.884125648], [1516338.214150155, 7460011.991785506], [1516336.8784651998, 7460009.311119747], [1516334.7462073679, 7460006.65302797], [1516329.82677498, 7460001.534132693]]]}, "properties": {"parcel_id": "08223510200000", "crs": "local-feet", "address": "1359 N GENERAL DR", "city": "Salt Lake City", "county": "SaltLake", "source_srid": "EPSG:4326", "district": "R-1-7000", "zone_label": "Single Family Residential", "district_provenance": "centroid-contains"}}, {"type": "Feature", "geometry": {"type": "Polygon", "coordinates": [[[1516329.82677498, 7460001.534132693], [1516319.3344744307, 7459988.663049866], [1516310.3794661588, 7459974.678938976], [1516303.0783263037, 7459959.764317744], [1516297.526799941, 7459944.1139496565], [1516293.7970538822, 7459927.932628164], [1516289.634428187, 7459927.913104218], [1516187.3077184036, 7459927.435836467], [1516187.4854245828, 7460001.736095956], [1516329.82677498, 7460001.534132693]]]}, "properties": {"parcel_id": "08223510210000", "crs": "local-feet", "address": "1349 N SIR PHILIP DR", "city": "Salt Lake City", "county": "SaltLake", "source_srid": "EPSG:4326", "district": "R-1-7000", "zone_label": "Single Family Residential", "district_provenance": "centroid-contains"}}, {"type": "Feature", "geometry": {"type": "Polygon", "coordinates": [[[1516452.9298944368, 7460512.815568878], [1516452.642924, 7460442.815942152], [1516352.6429740973, 7460443.236929554], [1516352.9302284375, 7460513.236803102], [1516452.9298944368, 7460512.815568878]]]}, "properties": {"parcel_id": "08223520090000", "crs": "local-feet", "address": "1402 N GENERAL DR", "city": "Salt Lake City", "county": "SaltLake", "source_srid": "EPSG:4326", "district": "R-1-7000", "zone_label": "Single Family Residential", "district_provenance": "centroid-contains"}}, {"type": "Feature", "geometry": {"type": "Polygon", "coordinates": [[[1516452.642924, 7460442.815942152], [1516452.3564492369, 7460372.815868902], [1516352.3559705263, 7460373.237353976], [1516352.6429740973, 7460443.236929554], [1516452.642924, 7460442.815942152]]]}, "properties": {"parcel_id": "08223520100000", "crs": "local-feet", "address": "1394 N GENERAL DR", "city": "Salt Lake City", "county": "SaltLake", "source_srid": "EPSG:4326", "district": "R-1-7000", "zone_label": "Single Family Residential", "district_provenance": "centroid-contains"}}, {"type": "Feature", "geometry": {"type": "Polygon", "coordinates": [[[1516452.3564492369, 7460372.815868902], [1516452.0697301864, 7460302.816591609], [1516352.068966332, 7460303.237582117], [1516352.3559705263, 7460373.237353976], [1516452.3564492369, 7460372.815868902]]]}, "properties": {"parcel_id": "08223520110000", "crs": "local-feet", "address": "1390 N GENERAL DR", "city": "Salt Lake City", "county": "SaltLake", "source_srid": "EPSG:4326", "district": "R-1-7000", "zone_label": "Single Family Residential", "district_provenance": "centroid-contains"}}, {"type": "Feature", "geometry": {"type": "Polygon", "coordinates": [[[1516452.0697301864, 7460302.816591609], [1516451.7825104778, 7460232.816624979], [1516351.781712601, 7460233.237615195], [1516352.068966332, 7460303.237582117], [1516452.0697301864, 7460302.816591609]]]}, "properties": {"parcel_id": "08223520120000", "crs": "local-feet", "address": "1386 N GENERAL DR", "city": "Salt Lake City", "county": "SaltLake", "source_srid": "EPSG:4326", "district": "R-1-7000", "zone_label": "Single Family Residential", "district_provenance": "centroid-contains"}}, {"type": "Feature", "geometry": {"type": "Polygon", "coordinates": [[[1516451.7825104778, 7460232.816624979], [1516458.1148006255, 7460153.538435934], [1516359.9195918231, 7460133.08193956], [1516355.288245042, 7460159.943636124], [1516352.5455569862, 7460187.062941661], [1516351.7040442813, 7460214.308225088], [1516351.781712601, 7460233.237615195], [1516451.7825104778, 7460232.816624979]]]}, "properties": {"parcel_id": "08223520130000", "crs": "local-feet", "address": "1370 N GENERAL DR", "city": "Salt Lake City", "county": "SaltLake", "source_srid": "EPSG:4326", "district": "R-1-7000", "zone_label": "Single Family Residential", "district_provenance": "centroid-contains"}}, {"type": "Feature", "geometry": {"type": "Polygon", "coordinates": [[[1516482.4482489314, 7460092.650081592], [1516387.7545390471, 7460048.968929621], [1516376.3544301381, 7460076.274429949], [1516367.0583118729, 7460104.365957518], [1516359.9195918231, 7460133.08193956], [1516458.1148006255, 7460153.538435934], [1516482.4482489314, 7460092.650081592]]]}, "properties": {"parcel_id": "08223520140000", "crs": "local-feet", "address": "1364 N GENERAL DR", "city": "Salt Lake City", "county": "SaltLake", "source_srid": "EPSG:4326", "district": "R-1-7000", "zone_label": "Single Family Residential", "district_provenance": "centroid-contains"}}, {"type": "Feature", "geometry": {"type": "Polygon", "coordinates": [[[1516494.6906739692, 7460062.015313145], [1516514.898104103, 7460038.612576957], [1516433.8627922605, 7459973.3131439], [1516416.5917924144, 7459997.33932327], [1516401.1927723133, 7460022.606632852], [1516387.7545390471, 7460048.968929621], [1516482.4482489314, 7460092.650081592], [1516494.6906739692, 7460062.015313145]]]}, "properties": {"parcel_id": "08223520150000", "crs": "local-feet", "address": "1354 N GENERAL DR", "city": "Salt Lake City", "county": "SaltLake", "source_srid": "EPSG:4326", "district": "R-1-7000", "zone_label": "Single Family Residential", "district_provenance": "centroid-contains"}}, {"type": "Feature", "geometry": {"type": "Polygon", "coordinates": [[[1516557.75020254, 7459988.983405048], [1516494.999466207, 7459911.126145145], [1516494.8042453397, 7459910.884302437], [1516472.952325638, 7459930.154590659], [1516452.6004785064, 7459951.002637288], [1516433.8627922605, 7459973.3131439], [1516514.898104103, 7460038.612576957], [1516557.75020254, 7459988.983405048]]]}, "properties": {"parcel_id": "08223520160000", "crs": "local-feet", "address": "1346 N GENERAL DR", "city": "Salt Lake City", "county": "SaltLake", "source_srid": "EPSG:4326", "district": "R-1-7000", "zone_label": "Single Family Residential", "district_provenance": "centroid-contains"}}, {"type": "Feature", "geometry": {"type": "Polygon", "coordinates": [[[1516559.169679207, 7460372.366412389], [1516558.8563964027, 7460302.366525143], [1516452.0697301864, 7460302.816591609], [1516452.3564492369, 7460372.815868902], [1516559.169679207, 7460372.366412389]]]}, "properties": {"parcel_id": "08223520270000", "crs": "local-feet", "address": "1395 N MORTON DR", "city": "Salt Lake City", "county": "SaltLake", "source_srid": "EPSG:4326", "district": "R-1-7000", "zone_label": "Single Family Residential", "district_provenance": "centroid-contains"}}, {"type": "Feature", "geometry": {"type": "Polygon", "coordinates": [[[1516558.8563964027, 7460302.366525143], [1516558.543612576, 7460232.366934659], [1516451.7825104778, 7460232.816624979], [1516452.0697301864, 7460302.816591609], [1516558.8563964027, 7460302.366525143]]]}, "properties": {"parcel_id": "08223520280000", "crs": "local-feet", "address": "1393 N MORTON DR", "city": "Salt Lake City", "county": "SaltLake", "source_srid": "EPSG:4326", "district": "R-1-7000", "zone_label": "Single Family Residential", "district_provenance": "centroid-contains"}}, {"type": "Feature", "geometry": {"type": "Polygon", "coordinates": [[[1516558.543612576, 7460232.366934659], [1516558.4596861587, 7460213.596893553], [1516558.9627148786, 7460199.243911456], [1516560.5894246018, 7460184.974747075], [1516458.1148006255, 7460153.538435934], [1516451.7825104778, 7460232.816624979], [1516558.543612576, 7460232.366934659]]]}, "properties": {"parcel_id": "08223520290000", "crs": "local-feet", "address": "1391 N MORTON DR", "city": "Salt Lake City", "county": "SaltLake", "source_srid": "EPSG:4326", "district": "R-1-7000", "zone_label": "Single Family Residential", "district_provenance": "centroid-contains"}}, {"type": "Feature", "geometry": {"type": "Polygon", "coordinates": [[[1516581.5116133897, 7460123.907393613], [1516494.6906739692, 7460062.015313145], [1516482.4482489314, 7460092.650081592], [1516458.1148006255, 7460153.538435934], [1516560.5894246018, 7460184.974747075], [1516565.1357131724, 7460163.840311089], [1516572.1421304694, 7460143.389301326], [1516581.5116133897, 7460123.907393613]]]}, "properties": {"parcel_id": "08223520300000", "crs": "local-feet", "address": "1389 N MORTON DR", "city": "Salt Lake City", "county": "SaltLake", "source_srid": "EPSG:4326", "district": "R-1-7000", "zone_label": "Single Family Residential", "district_provenance": "centroid-contains"}}, {"type": "Feature", "geometry": {"type": "Polygon", "coordinates": [[[1516622.3351659472, 7460073.90335884], [1516557.75020254, 7459988.983405048], [1516514.898104103, 7460038.612576957], [1516494.6906739692, 7460062.015313145], [1516581.5116133897, 7460123.907393613], [1516593.1129506216, 7460105.666065], [1516606.784251966, 7460088.9200984435], [1516622.3351659472, 7460073.90335884]]]}, "properties": {"parcel_id": "08223520310000", "crs": "local-feet", "address": "1387 N MORTON DR", "city": "Salt Lake City", "county": "SaltLake", "source_srid": "EPSG:4326", "district": "R-1-7000", "zone_label": "Single Family Residential", "district_provenance": "centroid-contains"}}, {"type": "Feature", "geometry": {"type": "Polygon", "coordinates": [[[1516677.981061222, 7460041.184512058], [1516643.883430437, 7459941.075210797], [1516615.053256392, 7459957.110593302], [1516557.75020254, 7459988.983405048], [1516622.3351659472, 7460073.90335884], [1516639.5483504408, 7460060.824573444], [1516658.1837037043, 7460049.867805581], [1516677.981061222, 7460041.184512058]]]}, "properties": {"parcel_id": "08223520320000", "crs": "local-feet", "address": "1961 W MORTON DR", "city": "Salt Lake City", "county": "SaltLake", "source_srid": "EPSG:4326", "district": "R-1-7000", "zone_label": "Single Family Residential", "district_provenance": "centroid-contains"}}, {"type": "Feature", "geometry": {"type": "Polygon", "coordinates": [[[1516741.5252530128, 7460029.821834372], [1516741.0867481995, 7459924.781064027], [1516676.4193876237, 7459935.621144021], [1516643.883430437, 7459941.075210797], [1516677.981061222, 7460041.184512058], [1516698.6639396828, 7460034.896249443], [1516719.944494925, 7460031.091180381], [1516741.5252530128, 7460029.821834372]]]}, "properties": {"parcel_id": "08223520330000", "crs": "local-feet", "address": "1953 W MORTON DR", "city": "Salt Lake City", "county": "SaltLake", "source_srid": "EPSG:4326", "district": "R-1-7000", "zone_label": "Single Family Residential", "district_provenance": "centroid-contains"}}, {"type": "Feature", "geometry": {"type": "Polygon", "coordinates": [[[1516811.0855056364, 7459925.108267717], [1516741.0867481995, 7459924.781064027], [1516741.5252530128, 7460029.821834372], [1516811.514569769, 7460029.8619121965], [1516811.0855056364, 7459925.108267717]]]}, "properties": {"parcel_id": "08223520340000", "crs": "local-feet", "address": "1945 W MORTON DR", "city": "Salt Lake City", "county": "SaltLake", "source_srid": "EPSG:4326", "district": "R-1-7000", "zone_label": "Single Family Residential", "district_provenance": "centroid-contains"}}, {"type": "Feature", "geometry": {"type": "Polygon", "coordinates": [[[1516881.0847562717, 7459925.435419], [1516811.0855056364, 7459925.108267717], [1516811.514569769, 7460029.8619121965], [1516881.5140830402, 7460029.90213692], [1516881.0847562717, 7459925.435419]]]}, "properties": {"parcel_id": "08223520350000", "crs": "local-feet", "address": "1937 W MORTON DR", "city": "Salt Lake City", "county": "SaltLake", "source_srid": "EPSG:4326", "district": "R-1-7000", "zone_label": "Single Family Residential", "district_provenance": "centroid-contains"}}, {"type": "Feature", "geometry": {"type": "Polygon", "coordinates": [[[1516951.0840043486, 7459925.762768106], [1516881.0847562717, 7459925.435419], [1516881.5140830402, 7460029.90213692], [1516951.5133452213, 7460029.94231302], [1516951.0840043486, 7459925.762768106]]]}, "properties": {"parcel_id": "08223520360000", "crs": "local-feet", "address": "1927 W MORTON DR", "city": "Salt Lake City", "county": "SaltLake", "source_srid": "EPSG:4326", "district": "R-1-7000", "zone_label": "Single Family Residential", "district_provenance": "centroid-contains"}}, {"type": "Feature", "geometry": {"type": "Polygon", "coordinates": [[[1517032.2127630906, 7459926.141902171], [1516951.0840043486, 7459925.762768106], [1516951.5133452213, 7460029.94231302], [1517032.64259206, 7460029.988680811], [1517032.7107352323, 7459926.144128929], [1517032.2127630906, 7459926.141902171]]]}, "properties": {"parcel_id": "08223520370000", "crs": "local-feet", "address": "1915 W MORTON DR", "city": "Salt Lake City", "county": "SaltLake", "source_srid": "EPSG:4326", "district": "R-1-7000", "zone_label": "Single Family Residential", "district_provenance": "centroid-contains"}}, {"type": "Feature", "geometry": {"type": "Polygon", "coordinates": [[[1516559.795000299, 7460512.365851879], [1516559.482462733, 7460442.365858012], [1516559.169679207, 7460372.366412389], [1516452.3564492369, 7460372.815868902], [1516452.642924, 7460442.815942152], [1516452.9298944368, 7460512.815568878], [1516559.795000299, 7460512.365851879]]]}, "properties": {"parcel_id": "08223520380000", "crs": "local-feet", "address": "1397 N MORTON DR", "city": "Salt Lake City", "county": "SaltLake", "source_srid": "EPSG:4326", "district": "R-1-7000", "zone_label": "Single Family Residential", "district_provenance": "centroid-contains"}}, {"type": "Feature", "geometry": {"type": "Polygon", "coordinates": [[[1516922.938957315, 7460555.924474878], [1516922.7781035397, 7460520.924713131], [1516922.410610434, 7460440.99540373], [1516837.3800967236, 7460441.330127061], [1516837.5925655905, 7460487.297254625], [1516836.8640429408, 7460495.520635784], [1516834.7875020967, 7460503.510157282], [1516831.41905943, 7460511.047007357], [1516826.8516985239, 7460517.923588092], [1516923.0995632107, 7460590.924436601], [1516922.938957315, 7460555.924474878]]]}, "properties": {"parcel_id": "08223540050000", "crs": "local-feet", "address": "1932 W SPRINGFIELD RD", "city": "Salt Lake City", "county": "SaltLake", "source_srid": "EPSG:4326", "district": "R-1-7000", "zone_label": "Single Family Residential", "district_provenance": "centroid-contains"}}, {"type": "Feature", "geometry": {"type": "Polygon", "coordinates": [[[1516922.410610434, 7460440.99540373], [1516933.9704522842, 7460440.949901637], [1516933.9827679994, 7460346.697052346], [1516851.940830449, 7460347.01979541], [1516848.9621264501, 7460347.330496187], [1516846.1047441734, 7460348.227808446], [1516843.4826647171, 7460349.674741153], [1516841.2008181135, 7460351.614774264], [1516839.3500957887, 7460353.969406353], [1516838.0046505798, 7460356.645353165], [1516837.2179203935, 7460359.535310968], [1516837.012967335, 7460362.076973156], [1516837.3800967236, 7460441.330127061], [1516922.410610434, 7460440.99540373]]]}, "properties": {"parcel_id": "08223540060000", "crs": "local-feet", "address": "1928 W SPRINGFIELD RD", "city": "Salt Lake City", "county": "SaltLake", "source_srid": "EPSG:4326", "district": "R-1-7000", "zone_label": "Single Family Residential", "district_provenance": "centroid-contains"}}, {"type": "Feature", "geometry": {"type": "Polygon", "coordinates": [[[1517032.7788376145, 7460520.472550305], [1517032.4117955496, 7460440.562565136], [1516933.9704522842, 7460440.949901637], [1516922.410610434, 7460440.99540373], [1516922.7781035397, 7460520.924713131], [1517032.7788376145, 7460520.472550305]]]}, "properties": {"parcel_id": "08223540140000", "crs": "local-feet", "address": "1395 N MANDALAY RD", "city": "Salt Lake City", "county": "SaltLake", "source_srid": "EPSG:4326", "district": "R-1-7000", "zone_label": "Single Family Residential", "district_provenance": "centroid-contains"}}, {"type": "Feature", "geometry": {"type": "Polygon", "coordinates": [[[1517032.4117955496, 7460440.562565136], [1517032.4247333233, 7460346.309467292], [1516933.9827679994, 7460346.697052346], [1516933.9704522842, 7460440.949901637], [1517032.4117955496, 7460440.562565136]]]}, "properties": {"parcel_id": "08223540160000", "crs": "local-feet", "address": "1916 W SPRINGFIELD RD", "city": "Salt Lake City", "county": "SaltLake", "source_srid": "EPSG:4326", "district": "R-1-7000", "zone_label": "Single Family Residential", "district_provenance": "centroid-contains"}}, {"type": "Feature", "geometry": {"type": "Polygon", "coordinates": [[[1516710.016994289, 7460471.87775502], [1516709.5322959477, 7460362.647540555], [1516625.113527588, 7460363.012145379], [1516625.5988890203, 7460472.250781156], [1516710.016994289, 7460471.87775502]]]}, "properties": {"parcel_id": "08223550010000", "crs": "local-feet", "address": "1396 N MORTON DR", "city": "Salt Lake City", "county": "SaltLake", "source_srid": "EPSG:4326", "district": "R-1-7000", "zone_label": "Single Family Residential", "district_provenance": "centroid-contains"}}, {"type": "Feature", "geometry": {"type": "Polygon", "coordinates": [[[1516787.0214160127, 7460362.312613251], [1516709.5322959477, 7460362.647540555], [1516710.016994289, 7460471.87775502], [1516787.5355831701, 7460471.535494883], [1516787.0214160127, 7460362.312613251]]]}, "properties": {"parcel_id": "08223550020000", "crs": "local-feet", "address": "1941 W SPRINGFIELD RD", "city": "Salt Lake City", "county": "SaltLake", "source_srid": "EPSG:4326", "district": "R-1-7000", "zone_label": "Single Family Residential", "district_provenance": "centroid-contains"}}, {"type": "Feature", "geometry": {"type": "Polygon", "coordinates": [[[1516787.0214160127, 7460362.312613251], [1516787.7658488455, 7460352.196634968], [1516790.0749820506, 7460342.320612329], [1516793.8930518506, 7460332.923427731], [1516799.1269387777, 7460324.234983138], [1516805.6491089412, 7460316.467017651], [1516813.3003252738, 7460309.8086340055], [1516748.5931216925, 7460223.217395021], [1516709.0443517305, 7460252.518444286], [1516709.5322959477, 7460362.647540555], [1516787.0214160127, 7460362.312613251]]]}, "properties": {"parcel_id": "08223550030000", "crs": "local-feet", "address": "1937 W SPRINGFIELD RD", "city": "Salt Lake City", "county": "SaltLake", "source_srid": "EPSG:4326", "district": "R-1-7000", "zone_label": "Single Family Residential", "district_provenance": "centroid-contains"}}, {"type": "Feature", "geometry": {"type": "Polygon", "coordinates": [[[1516865.4447951596, 7460296.974046066], [1516865.520022364, 7460197.384563148], [1516783.520029741, 7460197.340122255], [1516748.5931216925, 7460223.217395021], [1516813.3003252738, 7460309.8086340055], [1516822.0250968847, 7460304.354511816], [1516831.5010314356, 7460300.345856589], [1516841.4908441114, 7460297.882962405], [1516851.7446215996, 7460297.0277812015], [1516865.4447951596, 7460296.974046066]]]}, "properties": {"parcel_id": "08223550040000", "crs": "local-feet", "address": "1935 W SPRINGFIELD RD", "city": "Salt Lake City", "county": "SaltLake", "source_srid": "EPSG:4326", "district": "R-1-7000", "zone_label": "Single Family Residential", "district_provenance": "centroid-contains"}}, {"type": "Feature", "geometry": {"type": "Polygon", "coordinates": [[[1516947.4458556445, 7460296.650809175], [1516947.5200234975, 7460197.431257642], [1516865.520022364, 7460197.384563148], [1516865.4447951596, 7460296.974046066], [1516947.4458556445, 7460296.650809175]]]}, "properties": {"parcel_id": "08223550050000", "crs": "local-feet", "address": "1923 W SPRINGFIELD RD", "city": "Salt Lake City", "county": "SaltLake", "source_srid": "EPSG:4326", "district": "R-1-7000", "zone_label": "Single Family Residential", "district_provenance": "centroid-contains"}}, {"type": "Feature", "geometry": {"type": "Polygon", "coordinates": [[[1517032.5206874178, 7460197.477644329], [1516947.5200234975, 7460197.431257642], [1516947.4458556445, 7460296.650809175], [1517032.4467704038, 7460296.3166142665], [1517032.5206874178, 7460197.477644329]]]}, "properties": {"parcel_id": "08223550060000", "crs": "local-feet", "address": "1915 W SPRINGFIELD RD", "city": "Salt Lake City", "county": "SaltLake", "source_srid": "EPSG:4326", "district": "R-1-7000", "zone_label": "Single Family Residential", "district_provenance": "centroid-contains"}}, {"type": "Feature", "geometry": {"type": "Polygon", "coordinates": [[[1516709.5322959477, 7460362.647540555], [1516709.0443517305, 7460252.518444286], [1516624.6244630173, 7460252.883302005], [1516625.113527588, 7460363.012145379], [1516709.5322959477, 7460362.647540555]]]}, "properties": {"parcel_id": "08223550070000", "crs": "local-feet", "address": "1394 N MORTON DR", "city": "Salt Lake City", "county": "SaltLake", "source_srid": "EPSG:4326", "district": "R-1-7000", "zone_label": "Single Family Residential", "district_provenance": "centroid-contains"}}, {"type": "Feature", "geometry": {"type": "Polygon", "coordinates": [[[1516709.0443517305, 7460252.518444286], [1516748.5931216925, 7460223.217395021], [1516670.8819736748, 7460119.22350115], [1516659.1195116194, 7460129.372335868], [1516648.8117908249, 7460140.9965740405], [1516640.1433264452, 7460153.8886472015], [1516633.267934305, 7460167.820327674], [1516628.3072411262, 7460182.542736342], [1516625.3502246216, 7460197.794273945], [1516624.4490020962, 7460213.303615602], [1516624.6244630173, 7460252.883302005], [1516709.0443517305, 7460252.518444286]]]}, "properties": {"parcel_id": "08223550080000", "crs": "local-feet", "address": "1390 N MORTON DR", "city": "Salt Lake City", "county": "SaltLake", "source_srid": "EPSG:4326", "district": "R-1-7000", "zone_label": "Single Family Residential", "district_provenance": "centroid-contains"}}, {"type": "Feature", "geometry": {"type": "Polygon", "coordinates": [[[1516783.520029741, 7460197.340122255], [1516783.5968321776, 7460095.839403532], [1516740.4870525154, 7460095.81530662], [1516725.5899414036, 7460096.828024127], [1516710.9440728312, 7460099.737685943], [1516696.7914778185, 7460104.497243854], [1516683.363834061, 7460111.028480961], [1516670.8819736748, 7460119.22350115], [1516748.5931216925, 7460223.217395021], [1516783.520029741, 7460197.340122255]]]}, "properties": {"parcel_id": "08223550090000", "crs": "local-feet", "address": "1950 W MORTON DR", "city": "Salt Lake City", "county": "SaltLake", "source_srid": "EPSG:4326", "district": "R-1-7000", "zone_label": "Single Family Residential", "district_provenance": "centroid-contains"}}, {"type": "Feature", "geometry": {"type": "Polygon", "coordinates": [[[1516865.5969196525, 7460095.885334363], [1516783.5968321776, 7460095.839403532], [1516783.520029741, 7460197.340122255], [1516865.520022364, 7460197.384563148], [1516865.5969196525, 7460095.885334363]]]}, "properties": {"parcel_id": "08223550100000", "crs": "local-feet", "address": "1938 W MORTON DR", "city": "Salt Lake City", "county": "SaltLake", "source_srid": "EPSG:4326", "district": "R-1-7000", "zone_label": "Single Family Residential", "district_provenance": "centroid-contains"}}, {"type": "Feature", "geometry": {"type": "Polygon", "coordinates": [[[1516947.5967553218, 7460095.931290194], [1516865.5969196525, 7460095.885334363], [1516865.520022364, 7460197.384563148], [1516947.5200234975, 7460197.431257642], [1516947.5967553218, 7460095.931290194]]]}, "properties": {"parcel_id": "08223550110000", "crs": "local-feet", "address": "1926 W MORTON DR", "city": "Salt Lake City", "county": "SaltLake", "source_srid": "EPSG:4326", "district": "R-1-7000", "zone_label": "Single Family Residential", "district_provenance": "centroid-contains"}}, {"type": "Feature", "geometry": {"type": "Polygon", "coordinates": [[[1516947.5967553218, 7460095.931290194], [1516947.5200234975, 7460197.431257642], [1517032.5206874178, 7460197.477644329], [1517032.596281687, 7460095.978925313], [1516947.5967553218, 7460095.931290194]]]}, "properties": {"parcel_id": "08223550120000", "crs": "local-feet", "address": "1914 W MORTON DR", "city": "Salt Lake City", "county": "SaltLake", "source_srid": "EPSG:4326", "district": "R-1-7000", "zone_label": "Single Family Residential", "district_provenance": "centroid-contains"}}, {"type": "Feature", "geometry": {"type": "Polygon", "coordinates": [[[1517180.8463136947, 7460544.961369719], [1517180.33350508, 7460440.061650899], [1517098.6436351144, 7460440.395206141], [1517098.9068232754, 7460545.295425003], [1517180.8463136947, 7460544.961369719]]]}, "properties": {"parcel_id": "08223580010000", "crs": "local-feet", "address": "1889 W NEW YORK DR", "city": "Salt Lake City", "county": "SaltLake", "source_srid": "EPSG:4326", "district": "R-1-7000", "zone_label": "Single Family Residential", "district_provenance": "centroid-contains"}}, {"type": "Feature", "geometry": {"type": "Polygon", "coordinates": [[[1517250.8457246174, 7460544.675816669], [1517250.3332137433, 7460439.776344399], [1517180.68320846, 7460440.060406195], [1517180.33350508, 7460440.061650899], [1517180.8463136947, 7460544.961369719], [1517250.8457246174, 7460544.675816669]]]}, "properties": {"parcel_id": "08223580020000", "crs": "local-feet", "address": "1879 W NEW YORK DR", "city": "Salt Lake City", "county": "SaltLake", "source_srid": "EPSG:4326", "district": "R-1-7000", "zone_label": "Single Family Residential", "district_provenance": "centroid-contains"}}, {"type": "Feature", "geometry": {"type": "Polygon", "coordinates": [[[1517320.845384808, 7460544.390460196], [1517320.3329218035, 7460439.490987998], [1517256.6830760238, 7460439.7504631], [1517250.3332137433, 7460439.776344399], [1517250.8457246174, 7460544.675816669], [1517320.845384808, 7460544.390460196]]]}, "properties": {"parcel_id": "08223580030000", "crs": "local-feet", "address": "1871 W NEW YORK DR", "city": "Salt Lake City", "county": "SaltLake", "source_srid": "EPSG:4326", "district": "R-1-7000", "zone_label": "Single Family Residential", "district_provenance": "centroid-contains"}}, {"type": "Feature", "geometry": {"type": "Polygon", "coordinates": [[[1517390.8445458962, 7460544.104808581], [1517390.332629262, 7460439.205581701], [1517332.682945554, 7460439.441001003], [1517320.3329218035, 7460439.490987998], [1517320.845384808, 7460544.390460196], [1517390.8445458962, 7460544.104808581]]]}, "properties": {"parcel_id": "08223580040000", "crs": "local-feet", "address": "1863 W NEW YORK DR", "city": "Salt Lake City", "county": "SaltLake", "source_srid": "EPSG:4326", "district": "R-1-7000", "zone_label": "Single Family Residential", "district_provenance": "centroid-contains"}}, {"type": "Feature", "geometry": {"type": "Polygon", "coordinates": [[[1517460.8442061085, 7460543.819600078], [1517460.332585983, 7460438.920372], [1517408.6825607624, 7460439.130534513], [1517390.332629262, 7460439.205581701], [1517390.8445458962, 7460544.104808581], [1517460.8442061085, 7460543.819600078]]]}, "properties": {"parcel_id": "08223580050000", "crs": "local-feet", "address": "1855 W NEW YORK DR", "city": "Salt Lake City", "county": "SaltLake", "source_srid": "EPSG:4326", "district": "R-1-7000", "zone_label": "Single Family Residential", "district_provenance": "centroid-contains"}}, {"type": "Feature", "geometry": {"type": "Polygon", "coordinates": [[[1517530.8433672288, 7460543.534096391], [1517530.3320423835, 7460438.634619395], [1517484.6821806857, 7460438.8210446015], [1517460.332585983, 7460438.920372], [1517460.8442061085, 7460543.819600078], [1517530.8433672288, 7460543.534096391]]]}, "properties": {"parcel_id": "08223580060000", "crs": "local-feet", "address": "1847 W NEW YORK DR", "city": "Salt Lake City", "county": "SaltLake", "source_srid": "EPSG:4326", "district": "R-1-7000", "zone_label": "Single Family Residential", "district_provenance": "centroid-contains"}}, {"type": "Feature", "geometry": {"type": "Polygon", "coordinates": [[[1517600.842777612, 7460543.248789332], [1517600.3319979073, 7460438.349309897], [1517560.682046295, 7460438.51104338], [1517530.3320423835, 7460438.634619395], [1517530.8433672288, 7460543.534096391], [1517600.842777612, 7460543.248789332]]]}, "properties": {"parcel_id": "08223580070000", "crs": "local-feet", "address": "1839 W NEW YORK DR", "city": "Salt Lake City", "county": "SaltLake", "source_srid": "EPSG:4326", "district": "R-1-7000", "zone_label": "Single Family Residential", "district_provenance": "centroid-contains"}}, {"type": "Feature", "geometry": {"type": "Polygon", "coordinates": [[[1517670.8424360333, 7460542.9634311395], [1517670.3319516063, 7460438.063702754], [1517636.6819114208, 7460438.201027606], [1517600.3319979073, 7460438.349309897], [1517600.842777612, 7460543.248789332], [1517670.8424360333, 7460542.9634311395]]]}, "properties": {"parcel_id": "08223580080000", "crs": "local-feet", "address": "1831 W NEW YORK DR", "city": "Salt Lake City", "county": "SaltLake", "source_srid": "EPSG:4326", "district": "R-1-7000", "zone_label": "Single Family Residential", "district_provenance": "centroid-contains"}}, {"type": "Feature", "geometry": {"type": "Polygon", "coordinates": [[[1517740.8415953652, 7460542.677777727], [1517740.3314099004, 7460437.778543692], [1517712.681529609, 7460437.891494088], [1517670.3319516063, 7460438.063702754], [1517670.8424360333, 7460542.9634311395], [1517740.8415953652, 7460542.677777727]]]}, "properties": {"parcel_id": "08223580090000", "crs": "local-feet", "address": "1823 W NEW YORK DR", "city": "Salt Lake City", "county": "SaltLake", "source_srid": "EPSG:4326", "district": "R-1-7000", "zone_label": "Single Family Residential", "district_provenance": "centroid-contains"}}, {"type": "Feature", "geometry": {"type": "Polygon", "coordinates": [[[1517810.8410039628, 7460542.392320974], [1517810.3313636384, 7460437.493084518], [1517789.681255, 7460437.577489337], [1517740.3314099004, 7460437.778543692], [1517740.8415953652, 7460542.677777727], [1517810.8410039628, 7460542.392320974]]]}, "properties": {"parcel_id": "08223580100000", "crs": "local-feet", "address": "1815 W NEW YORK DR", "city": "Salt Lake City", "county": "SaltLake", "source_srid": "EPSG:4326", "district": "R-1-7000", "zone_label": "Single Family Residential", "district_provenance": "centroid-contains"}}, {"type": "Feature", "geometry": {"type": "Polygon", "coordinates": [[[1517880.8404119683, 7460542.106814295], [1517880.3313167873, 7460437.207575446], [1517866.6809789764, 7460437.263228475], [1517810.3313636384, 7460437.493084518], [1517810.8410039628, 7460542.392320974], [1517880.8404119683, 7460542.106814295]]]}, "properties": {"parcel_id": "08223580110000", "crs": "local-feet", "address": "1807 W NEW YORK DR", "city": "Salt Lake City", "county": "SaltLake", "source_srid": "EPSG:4326", "district": "R-1-7000", "zone_label": "Single Family Residential", "district_provenance": "centroid-contains"}}, {"type": "Feature", "geometry": {"type": "Polygon", "coordinates": [[[1517950.8398203298, 7460541.8215054665], [1517950.3305243943, 7460436.9222679], [1517943.6807034432, 7460436.949207001], [1517880.3313167873, 7460437.207575446], [1517880.8404119683, 7460542.106814295], [1517950.8398203298, 7460541.8215054665]]]}, "properties": {"parcel_id": "08223580120000", "crs": "local-feet", "address": "1799 W NEW YORK DR", "city": "Salt Lake City", "county": "SaltLake", "source_srid": "EPSG:4326", "district": "R-1-7000", "zone_label": "Single Family Residential", "district_provenance": "centroid-contains"}}, {"type": "Feature", "geometry": {"type": "Polygon", "coordinates": [[[1518025.3305271855, 7460436.616407254], [1517950.3305243943, 7460436.9222679], [1517950.8398203298, 7460541.8215054665], [1518025.8392580296, 7460541.515895072], [1518025.3305271855, 7460436.616407254]]]}, "properties": {"parcel_id": "08223580130000", "crs": "local-feet", "address": "1789 W NEW YORK DR", "city": "Salt Lake City", "county": "SaltLake", "source_srid": "EPSG:4326", "district": "R-1-7000", "zone_label": "Single Family Residential", "district_provenance": "centroid-contains"}}, {"type": "Feature", "geometry": {"type": "Polygon", "coordinates": [[[1517180.33350508, 7460440.061650899], [1517180.68320846, 7460440.060406195], [1517180.2435531998, 7460348.711206687], [1517098.4140943796, 7460349.044712256], [1517098.6436351144, 7460440.395206141], [1517180.33350508, 7460440.061650899]]]}, "properties": {"parcel_id": "08223580140000", "crs": "local-feet", "address": "1894 W SPRINGFIELD RD", "city": "Salt Lake City", "county": "SaltLake", "source_srid": "EPSG:4326", "district": "R-1-7000", "zone_label": "Single Family Residential", "district_provenance": "centroid-contains"}}, {"type": "Feature", "geometry": {"type": "Polygon", "coordinates": [[[1517250.3332137433, 7460439.776344399], [1517256.6830760238, 7460439.7504631], [1517256.2432035543, 7460348.401264972], [1517180.2435531998, 7460348.711206687], [1517180.68320846, 7460440.060406195], [1517250.3332137433, 7460439.776344399]]]}, "properties": {"parcel_id": "08223580150000", "crs": "local-feet", "address": "1888 W SPRINGFIELD RD", "city": "Salt Lake City", "county": "SaltLake", "source_srid": "EPSG:4326", "district": "R-1-7000", "zone_label": "Single Family Residential", "district_provenance": "centroid-contains"}}, {"type": "Feature", "geometry": {"type": "Polygon", "coordinates": [[[1517320.3329218035, 7460439.490987998], [1517332.682945554, 7460439.441001003], [1517332.2426047856, 7460348.091309926], [1517256.2432035543, 7460348.401264972], [1517256.6830760238, 7460439.7504631], [1517320.3329218035, 7460439.490987998]]]}, "properties": {"parcel_id": "08223580160000", "crs": "local-feet", "address": "1876 W SPRINGFIELD RD", "city": "Salt Lake City", "county": "SaltLake", "source_srid": "EPSG:4326", "district": "R-1-7000", "zone_label": "Single Family Residential", "district_provenance": "centroid-contains"}}, {"type": "Feature", "geometry": {"type": "Polygon", "coordinates": [[[1517390.332629262, 7460439.205581701], [1517408.6825607624, 7460439.130534513], [1517408.2422553932, 7460347.781586909], [1517332.2426047856, 7460348.091309926], [1517332.682945554, 7460439.441001003], [1517390.332629262, 7460439.205581701]]]}, "properties": {"parcel_id": "08223580170000", "crs": "local-feet", "address": "1868 W SPRINGFIELD RD", "city": "Salt Lake City", "county": "SaltLake", "source_srid": "EPSG:4326", "district": "R-1-7000", "zone_label": "Single Family Residential", "district_provenance": "centroid-contains"}}, {"type": "Feature", "geometry": {"type": "Polygon", "coordinates": [[[1517460.332585983, 7460438.920372], [1517484.6821806857, 7460438.8210446015], [1517484.2414070154, 7460347.4716040045], [1517408.2422553932, 7460347.781586909], [1517408.6825607624, 7460439.130534513], [1517460.332585983, 7460438.920372]]]}, "properties": {"parcel_id": "08223580180000", "crs": "local-feet", "address": "1860 W SPRINGFIELD RD", "city": "Salt Lake City", "county": "SaltLake", "source_srid": "EPSG:4326", "district": "R-1-7000", "zone_label": "Single Family Residential", "district_provenance": "centroid-contains"}}, {"type": "Feature", "geometry": {"type": "Polygon", "coordinates": [[[1517530.3320423835, 7460438.634619395], [1517560.682046295, 7460438.51104338], [1517560.2408055537, 7460347.161357633], [1517484.2414070154, 7460347.4716040045], [1517484.6821806857, 7460438.8210446015], [1517530.3320423835, 7460438.634619395]]]}, "properties": {"parcel_id": "08223580190000", "crs": "local-feet", "address": "1854 W SPRINGFIELD RD", "city": "Salt Lake City", "county": "SaltLake", "source_srid": "EPSG:4326", "district": "R-1-7000", "zone_label": "Single Family Residential", "district_provenance": "centroid-contains"}}, {"type": "Feature", "geometry": {"type": "Polygon", "coordinates": [[[1517600.3319979073, 7460438.349309897], [1517636.6819114208, 7460438.201027606], [1517636.2404547038, 7460346.85159101], [1517560.2408055537, 7460347.161357633], [1517560.682046295, 7460438.51104338], [1517600.3319979073, 7460438.349309897]]]}, "properties": {"parcel_id": "08223580200000", "crs": "local-feet", "address": "1842 W SPRINGFIELD RD", "city": "Salt Lake City", "county": "SaltLake", "source_srid": "EPSG:4326", "district": "R-1-7000", "zone_label": "Single Family Residential", "district_provenance": "centroid-contains"}}, {"type": "Feature", "geometry": {"type": "Polygon", "coordinates": [[[1517670.3319516063, 7460438.063702754], [1517712.681529609, 7460437.891494088], [1517712.2398535092, 7460346.5415632995], [1517636.2404547038, 7460346.85159101], [1517636.6819114208, 7460438.201027606], [1517670.3319516063, 7460438.063702754]]]}, "properties": {"parcel_id": "08223580210000", "crs": "local-feet", "address": "1830 W SPRINGFIELD RD", "city": "Salt Lake City", "county": "SaltLake", "source_srid": "EPSG:4326", "district": "R-1-7000", "zone_label": "Single Family Residential", "district_provenance": "centroid-contains"}}, {"type": "Feature", "geometry": {"type": "Polygon", "coordinates": [[[1517740.3314099004, 7460437.778543692], [1517789.681255, 7460437.577489337], [1517789.2396142967, 7460346.227558645], [1517712.2398535092, 7460346.5415632995], [1517712.681529609, 7460437.891494088], [1517740.3314099004, 7460437.778543692]]]}, "properties": {"parcel_id": "08223580220000", "crs": "local-feet", "address": "1822 W SPRINGFIELD RD", "city": "Salt Lake City", "county": "SaltLake", "source_srid": "EPSG:4326", "district": "R-1-7000", "zone_label": "Single Family Residential", "district_provenance": "centroid-contains"}}, {"type": "Feature", "geometry": {"type": "Polygon", "coordinates": [[[1517810.3313636384, 7460437.493084518], [1517866.6809789764, 7460437.263228475], [1517866.2386284352, 7460345.913549345], [1517789.2396142967, 7460346.227558645], [1517789.681255, 7460437.577489337], [1517810.3313636384, 7460437.493084518]]]}, "properties": {"parcel_id": "08223580230000", "crs": "local-feet", "address": "1812 W SPRINGFIELD RD", "city": "Salt Lake City", "county": "SaltLake", "source_srid": "EPSG:4326", "district": "R-1-7000", "zone_label": "Single Family Residential", "district_provenance": "centroid-contains"}}, {"type": "Feature", "geometry": {"type": "Polygon", "coordinates": [[[1517880.3313167873, 7460437.207575446], [1517943.6807034432, 7460436.949207001], [1517943.2378919814, 7460345.599778187], [1517866.2386284352, 7460345.913549345], [1517866.6809789764, 7460437.263228475], [1517880.3313167873, 7460437.207575446]]]}, "properties": {"parcel_id": "08223580240000", "crs": "local-feet", "address": "1804 W SPRINGFIELD RD", "city": "Salt Lake City", "county": "SaltLake", "source_srid": "EPSG:4326", "district": "R-1-7000", "zone_label": "Single Family Residential", "district_provenance": "centroid-contains"}}, {"type": "Feature", "geometry": {"type": "Polygon", "coordinates": [[[1517950.3305243943, 7460436.9222679], [1518025.3305271855, 7460436.616407254], [1518024.8875196378, 7460345.266979728], [1517943.2378919814, 7460345.599778187], [1517943.6807034432, 7460436.949207001], [1517950.3305243943, 7460436.9222679]]]}, "properties": {"parcel_id": "08223580250000", "crs": "local-feet", "address": "1794 W SPRINGFIELD RD", "city": "Salt Lake City", "county": "SaltLake", "source_srid": "EPSG:4326", "district": "R-1-7000", "zone_label": "Single Family Residential", "district_provenance": "centroid-contains"}}, {"type": "Feature", "geometry": {"type": "Polygon", "coordinates": [[[1517180.0987396124, 7460292.719660431], [1517179.7297284324, 7460197.722612051], [1517098.5101392835, 7460198.053575046], [1517098.438974019, 7460293.052568143], [1517180.0987396124, 7460292.719660431]]]}, "properties": {"parcel_id": "08223590010000", "crs": "local-feet", "address": "1895 W SPRINGFIELD RD", "city": "Salt Lake City", "county": "SaltLake", "source_srid": "EPSG:4326", "district": "R-1-7000", "zone_label": "Single Family Residential", "district_provenance": "centroid-contains"}}, {"type": "Feature", "geometry": {"type": "Polygon", "coordinates": [[[1517256.0988116632, 7460292.409964922], [1517255.7295935145, 7460197.412670411], [1517179.7297284324, 7460197.722612051], [1517180.0987396124, 7460292.719660431], [1517256.0988116632, 7460292.409964922]]]}, "properties": {"parcel_id": "08223590020000", "crs": "local-feet", "address": "1889 W SPRINGFIELD RD", "city": "Salt Lake City", "county": "SaltLake", "source_srid": "EPSG:4326", "district": "R-1-7000", "zone_label": "Single Family Residential", "district_provenance": "centroid-contains"}}, {"type": "Feature", "geometry": {"type": "Polygon", "coordinates": [[[1517332.0983834916, 7460292.099761855], [1517331.729709204, 7460197.103208494], [1517255.7295935145, 7460197.412670411], [1517256.0988116632, 7460292.409964922], [1517332.0983834916, 7460292.099761855]]]}, "properties": {"parcel_id": "08223590030000", "crs": "local-feet", "address": "1877 W SPRINGFIELD RD", "city": "Salt Lake City", "county": "SaltLake", "source_srid": "EPSG:4326", "district": "R-1-7000", "zone_label": "Single Family Residential", "district_provenance": "centroid-contains"}}, {"type": "Feature", "geometry": {"type": "Polygon", "coordinates": [[[1517408.0979572986, 7460291.790039777], [1517407.7288271196, 7460196.79324148], [1517331.729709204, 7460197.103208494], [1517332.0983834916, 7460292.099761855], [1517408.0979572986, 7460291.790039777]]]}, "properties": {"parcel_id": "08223590040000", "crs": "local-feet", "address": "1869 W SPRINGFIELD RD", "city": "Salt Lake City", "county": "SaltLake", "source_srid": "EPSG:4326", "district": "R-1-7000", "zone_label": "Single Family Residential", "district_provenance": "centroid-contains"}}, {"type": "Feature", "geometry": {"type": "Polygon", "coordinates": [[[1517484.0980269264, 7460291.480052902], [1517483.7289406003, 7460196.483502749], [1517407.7288271196, 7460196.79324148], [1517408.0979572986, 7460291.790039777], [1517484.0980269264, 7460291.480052902]]]}, "properties": {"parcel_id": "08223590050000", "crs": "local-feet", "address": "1861 W SPRINGFIELD RD", "city": "Salt Lake City", "county": "SaltLake", "source_srid": "EPSG:4326", "district": "R-1-7000", "zone_label": "Single Family Residential", "district_provenance": "centroid-contains"}}, {"type": "Feature", "geometry": {"type": "Polygon", "coordinates": [[[1517560.0973496106, 7460291.170055218], [1517559.7285563245, 7460196.17375197], [1517483.7289406003, 7460196.483502749], [1517484.0980269264, 7460291.480052902], [1517560.0973496106, 7460291.170055218]]]}, "properties": {"parcel_id": "08223590060000", "crs": "local-feet", "address": "1855 W SPRINGFIELD RD", "city": "Salt Lake City", "county": "SaltLake", "source_srid": "EPSG:4326", "district": "R-1-7000", "zone_label": "Single Family Residential", "district_provenance": "centroid-contains"}}, {"type": "Feature", "geometry": {"type": "Polygon", "coordinates": [[[1517636.0971718181, 7460290.860536054], [1517635.728172792, 7460195.864234379], [1517559.7285563245, 7460196.17375197], [1517560.0973496106, 7460291.170055218], [1517636.0971718181, 7460290.860536054]]]}, "properties": {"parcel_id": "08223590070000", "crs": "local-feet", "address": "1841 W SPRINGFIELD RD", "city": "Salt Lake City", "county": "SaltLake", "source_srid": "EPSG:4326", "district": "R-1-7000", "zone_label": "Single Family Residential", "district_provenance": "centroid-contains"}}, {"type": "Feature", "geometry": {"type": "Polygon", "coordinates": [[[1517717.097318876, 7460290.529943884], [1517716.7281342365, 7460195.533891519], [1517635.728172792, 7460195.864234379], [1517636.0971718181, 7460290.860536054], [1517717.097318876, 7460290.529943884]]]}, "properties": {"parcel_id": "08223590080000", "crs": "local-feet", "address": "1829 W SPRINGFIELD RD", "city": "Salt Lake City", "county": "SaltLake", "source_srid": "EPSG:4326", "district": "R-1-7000", "zone_label": "Single Family Residential", "district_provenance": "centroid-contains"}}, {"type": "Feature", "geometry": {"type": "Polygon", "coordinates": [[[1517804.0966667023, 7460290.175116637], [1517803.7280668772, 7460195.179557558], [1517716.7281342365, 7460195.533891519], [1517717.097318876, 7460290.529943884], [1517804.0966667023, 7460290.175116637]]]}, "properties": {"parcel_id": "08223590090000", "crs": "local-feet", "address": "1821 W SPRINGFIELD RD", "city": "Salt Lake City", "county": "SaltLake", "source_srid": "EPSG:4326", "district": "R-1-7000", "zone_label": "Single Family Residential", "district_provenance": "centroid-contains"}}, {"type": "Feature", "geometry": {"type": "Polygon", "coordinates": [[[1517894.7462744156, 7460289.805508657], [1517894.7875621705, 7460234.804999317], [1517863.7275138304, 7460194.935096501], [1517803.7280668772, 7460195.179557558], [1517804.0966667023, 7460290.175116637], [1517894.7462744156, 7460289.805508657]]]}, "properties": {"parcel_id": "08223590100000", "crs": "local-feet", "address": "1811 W SPRINGFIELD RD", "city": "Salt Lake City", "county": "SaltLake", "source_srid": "EPSG:4326", "district": "R-1-7000", "zone_label": "Single Family Residential", "district_provenance": "centroid-contains"}}, {"type": "Feature", "geometry": {"type": "Polygon", "coordinates": [[[1517179.7297284324, 7460197.722612051], [1517179.286487199, 7460096.055766582], [1517098.5862976245, 7460096.014465167], [1517098.5101392835, 7460198.053575046], [1517179.7297284324, 7460197.722612051]]]}, "properties": {"parcel_id": "08223590110000", "crs": "local-feet", "address": "1362 N MANDALAY RD", "city": "Salt Lake City", "county": "SaltLake", "source_srid": "EPSG:4326", "district": "R-1-7000", "zone_label": "Single Family Residential", "district_provenance": "centroid-contains"}}, {"type": "Feature", "geometry": {"type": "Polygon", "coordinates": [[[1517255.7295935145, 7460197.412670411], [1517255.2869093053, 7460096.095182806], [1517179.286487199, 7460096.055766582], [1517179.7297284324, 7460197.722612051], [1517255.7295935145, 7460197.412670411]]]}, "properties": {"parcel_id": "08223590120000", "crs": "local-feet", "address": "1888 W MORTON DR", "city": "Salt Lake City", "county": "SaltLake", "source_srid": "EPSG:4326", "district": "R-1-7000", "zone_label": "Single Family Residential", "district_provenance": "centroid-contains"}}, {"type": "Feature", "geometry": {"type": "Polygon", "coordinates": [[[1517331.729709204, 7460197.103208494], [1517331.287077393, 7460096.134090152], [1517255.2869093053, 7460096.095182806], [1517255.7295935145, 7460197.412670411], [1517331.729709204, 7460197.103208494]]]}, "properties": {"parcel_id": "08223590130000", "crs": "local-feet", "address": "1876 W MORTON DR", "city": "Salt Lake City", "county": "SaltLake", "source_srid": "EPSG:4326", "district": "R-1-7000", "zone_label": "Single Family Residential", "district_provenance": "centroid-contains"}}, {"type": "Feature", "geometry": {"type": "Polygon", "coordinates": [[[1517407.7288271196, 7460196.79324148], [1517407.28774068, 7460096.172980513], [1517331.287077393, 7460096.134090152], [1517331.729709204, 7460197.103208494], [1517407.7288271196, 7460196.79324148]]]}, "properties": {"parcel_id": "08223590140000", "crs": "local-feet", "address": "1868 W MORTON DR", "city": "Salt Lake City", "county": "SaltLake", "source_srid": "EPSG:4326", "district": "R-1-7000", "zone_label": "Single Family Residential", "district_provenance": "centroid-contains"}}, {"type": "Feature", "geometry": {"type": "Polygon", "coordinates": [[[1517483.7289406003, 7460196.483502749], [1517483.2879035142, 7460096.21185879], [1517407.28774068, 7460096.172980513], [1517407.7288271196, 7460196.79324148], [1517483.7289406003, 7460196.483502749]]]}, "properties": {"parcel_id": "08223590150000", "crs": "local-feet", "address": "1860 W MORTON DR", "city": "Salt Lake City", "county": "SaltLake", "source_srid": "EPSG:4326", "district": "R-1-7000", "zone_label": "Single Family Residential", "district_provenance": "centroid-contains"}}, {"type": "Feature", "geometry": {"type": "Polygon", "coordinates": [[[1517559.7285563245, 7460196.17375197], [1517559.098248182, 7460096.243735449], [1517556.6783823976, 7460096.249546012], [1517483.2879035142, 7460096.21185879], [1517483.7289406003, 7460196.483502749], [1517559.7285563245, 7460196.17375197]]]}, "properties": {"parcel_id": "08223590160000", "crs": "local-feet", "address": "1854 W MORTON DR", "city": "Salt Lake City", "county": "SaltLake", "source_srid": "EPSG:4326", "district": "R-1-7000", "zone_label": "Single Family Residential", "district_provenance": "centroid-contains"}}, {"type": "Feature", "geometry": {"type": "Polygon", "coordinates": [[[1517635.728172792, 7460195.864234379], [1517619.6159471946, 7460091.46533362], [1517589.4449388413, 7460094.9663341], [1517559.098248182, 7460096.243735449], [1517559.7285563245, 7460196.17375197], [1517635.728172792, 7460195.864234379]]]}, "properties": {"parcel_id": "08223590170000", "crs": "local-feet", "address": "1842 W MORTON DR", "city": "Salt Lake City", "county": "SaltLake", "source_srid": "EPSG:4326", "district": "R-1-7000", "zone_label": "Single Family Residential", "district_provenance": "centroid-contains"}}, {"type": "Feature", "geometry": {"type": "Polygon", "coordinates": [[[1517716.7281342365, 7460195.533891519], [1517679.890327866, 7460077.5362842595], [1517650.0139215742, 7460085.629468501], [1517619.6159471946, 7460091.46533362], [1517635.728172792, 7460195.864234379], [1517716.7281342365, 7460195.533891519]]]}, "properties": {"parcel_id": "08223590180000", "crs": "local-feet", "address": "1836 W MORTON DR", "city": "Salt Lake City", "county": "SaltLake", "source_srid": "EPSG:4326", "district": "R-1-7000", "zone_label": "Single Family Residential", "district_provenance": "centroid-contains"}}, {"type": "Feature", "geometry": {"type": "Polygon", "coordinates": [[[1517803.7280668772, 7460195.179557558], [1517786.2742610245, 7460158.965106799], [1517736.3145846222, 7460055.303735818], [1517708.510519029, 7460067.455773281], [1517679.890327866, 7460077.5362842595], [1517716.7281342365, 7460195.533891519], [1517803.7280668772, 7460195.179557558]]]}, "properties": {"parcel_id": "08223590190000", "crs": "local-feet", "address": "1830 W MORTON DR", "city": "Salt Lake City", "county": "SaltLake", "source_srid": "EPSG:4326", "district": "R-1-7000", "zone_label": "Single Family Residential", "district_provenance": "centroid-contains"}}, {"type": "Feature", "geometry": {"type": "Polygon", "coordinates": [[[1518005.611560706, 7460201.03496013], [1517894.7875621705, 7460234.804999317], [1517894.7462744156, 7460289.805508657], [1518024.6157775472, 7460289.276066957], [1518023.3741732081, 7460266.587840974], [1518019.761702186, 7460244.154375902], [1518013.8191278356, 7460222.222996018], [1518005.611560706, 7460201.03496013]]]}, "properties": {"parcel_id": "08223590200000", "crs": "local-feet", "address": "1799 W SPRINGFIELD RD", "city": "Salt Lake City", "county": "SaltLake", "source_srid": "EPSG:4326", "district": "R-1-7000", "zone_label": "Single Family Residential", "district_provenance": "centroid-contains"}}, {"type": "Feature", "geometry": {"type": "Polygon", "coordinates": [[[1518005.611560706, 7460201.03496013], [1517996.9400864486, 7460183.819256498], [1517986.7729086094, 7460167.442214539], [1517975.1895185837, 7460152.034516263], [1517962.2822979442, 7460137.717860645], [1517941.877927235, 7460117.180280404], [1517863.7275138304, 7460194.935096501], [1517894.7875621705, 7460234.804999317], [1518005.611560706, 7460201.03496013]]]}, "properties": {"parcel_id": "08223590210000", "crs": "local-feet", "address": "1371 N MIAMI RD", "city": "Salt Lake City", "county": "SaltLake", "source_srid": "EPSG:4326", "district": "R-1-7000", "zone_label": "Single Family Residential", "district_provenance": "centroid-contains"}}, {"type": "Feature", "geometry": {"type": "Polygon", "coordinates": [[[1517863.7275138304, 7460194.935096501], [1517941.877927235, 7460117.180280404], [1517885.4933844616, 7460060.427509068], [1517786.2742610245, 7460158.965106799], [1517803.7280668772, 7460195.179557558], [1517863.7275138304, 7460194.935096501]]]}, "properties": {"parcel_id": "08223590220000", "crs": "local-feet", "address": "1355 N MIAMI RD", "city": "Salt Lake City", "county": "SaltLake", "source_srid": "EPSG:4326", "district": "R-1-7000", "zone_label": "Single Family Residential", "district_provenance": "centroid-contains"}}, {"type": "Feature", "geometry": {"type": "Polygon", "coordinates": [[[1517885.4933844616, 7460060.427509068], [1517823.9425715453, 7459998.475496908], [1517803.42989317, 7460014.736371678], [1517781.9296586416, 7460029.666642793], [1517759.5276355704, 7460043.207415848], [1517736.3145846222, 7460055.303735818], [1517786.2742610245, 7460158.965106799], [1517885.4933844616, 7460060.427509068]]]}, "properties": {"parcel_id": "08223590230000", "crs": "local-feet", "address": "1824 W MORTON DR", "city": "Salt Lake City", "county": "SaltLake", "source_srid": "EPSG:4326", "district": "R-1-7000", "zone_label": "Single Family Residential", "district_provenance": "centroid-contains"}}, {"type": "Feature", "geometry": {"type": "Polygon", "coordinates": [[[1517183.1921989073, 7459932.0847853115], [1517098.1926180355, 7459931.688504113], [1517097.7174912712, 7460033.428236163], [1517182.7172217672, 7460033.824757685], [1517183.1921989073, 7459932.0847853115]]]}, "properties": {"parcel_id": "08223600010000", "crs": "local-feet", "address": "1895 W MORTON DR", "city": "Salt Lake City", "county": "SaltLake", "source_srid": "EPSG:4326", "district": "R-1-7000", "zone_label": "Single Family Residential", "district_provenance": "centroid-contains"}}, {"type": "Feature", "geometry": {"type": "Polygon", "coordinates": [[[1517263.192152475, 7459932.458151756], [1517199.9324832545, 7459932.16303925], [1517185.2547312262, 7459932.094591859], [1517183.1921989073, 7459932.0847853115], [1517182.7172217672, 7460033.824757685], [1517262.716596839, 7460034.197872893], [1517263.192152475, 7459932.458151756]]]}, "properties": {"parcel_id": "08223600020000", "crs": "local-feet", "address": "1885 W MORTON DR", "city": "Salt Lake City", "county": "SaltLake", "source_srid": "EPSG:4326", "district": "R-1-7000", "zone_label": "Single Family Residential", "district_provenance": "centroid-contains"}}, {"type": "Feature", "geometry": {"type": "Polygon", "coordinates": [[[1517343.1916023216, 7459932.831283555], [1517264.7291017205, 7459932.465375276], [1517263.192152475, 7459932.458151756], [1517262.716596839, 7460034.197872893], [1517342.716215345, 7460034.570997542], [1517343.1916023216, 7459932.831283555]]]}, "properties": {"parcel_id": "08223600030000", "crs": "local-feet", "address": "1875 W MORTON DR", "city": "Salt Lake City", "county": "SaltLake", "source_srid": "EPSG:4326", "district": "R-1-7000", "zone_label": "Single Family Residential", "district_provenance": "centroid-contains"}}, {"type": "Feature", "geometry": {"type": "Polygon", "coordinates": [[[1517423.1912973956, 7459933.204672498], [1517344.2029697883, 7459932.836168455], [1517343.1916023216, 7459932.831283555], [1517342.716215345, 7460034.570997542], [1517422.7158316572, 7460034.944628362], [1517423.1912973956, 7459933.204672498]]]}, "properties": {"parcel_id": "08223600040000", "crs": "local-feet", "address": "1865 W MORTON DR", "city": "Salt Lake City", "county": "SaltLake", "source_srid": "EPSG:4326", "district": "R-1-7000", "zone_label": "Single Family Residential", "district_provenance": "centroid-contains"}}, {"type": "Feature", "geometry": {"type": "Polygon", "coordinates": [[[1517423.1912973956, 7459933.204672498], [1517422.7158316572, 7460034.944628362], [1517505.955480285, 7460035.332665246], [1517506.3708463039, 7459933.592766444], [1517423.6778265724, 7459933.206716149], [1517423.1912973956, 7459933.204672498]]]}, "properties": {"parcel_id": "08223600050000", "crs": "local-feet", "address": "1857 W MORTON DR", "city": "Salt Lake City", "county": "SaltLake", "source_srid": "EPSG:4326", "district": "R-1-7000", "zone_label": "Single Family Residential", "district_provenance": "centroid-contains"}}, {"type": "Feature", "geometry": {"type": "Polygon", "coordinates": [[[1518201.676398078, 7460508.731906491], [1518201.3559084842, 7460442.732207775], [1518091.3549391488, 7460443.200487342], [1518091.6762191704, 7460509.200182394], [1518201.676398078, 7460508.731906491]]]}, "properties": {"parcel_id": "08223810090000", "crs": "local-feet", "address": "1394 N MIAMI RD", "city": "Salt Lake City", "county": "SaltLake", "source_srid": "EPSG:4326", "district": "R-1-7000", "zone_label": "Single Family Residential", "district_provenance": "centroid-contains"}}, {"type": "Feature", "geometry": {"type": "Polygon", "coordinates": [[[1518321.2400979481, 7460522.745143487], [1518201.1854217655, 7460407.732592131], [1518201.3559084842, 7460442.732207775], [1518201.676398078, 7460508.731906491], [1518201.9630895935, 7460567.731893943], [1518303.2642867037, 7460567.90907649], [1518303.9828964453, 7460557.9806734985], [1518306.20865599, 7460548.278728527], [1518309.8897051993, 7460539.02971071], [1518314.9395699748, 7460530.451836415], [1518321.2400979481, 7460522.745143487]]]}, "properties": {"parcel_id": "08223810170000", "crs": "local-feet", "address": "1403 N BLOOMFIELD PL", "city": "Salt Lake City", "county": "SaltLake", "source_srid": "EPSG:4326", "district": "R-1-7000", "zone_label": "Single Family Residential", "district_provenance": "centroid-contains"}}, {"type": "Feature", "geometry": {"type": "Polygon", "coordinates": [[[1518767.4790510577, 7460564.309490468], [1518765.8587349763, 7460404.485533137], [1518747.3492540638, 7460404.591825208], [1518633.9963417698, 7460518.924443886], [1518640.6521885248, 7460526.652575572], [1518646.01732194, 7460535.327087511], [1518649.9593637725, 7460544.734061196], [1518652.3814160512, 7460554.64156475], [1518653.2240835417, 7460564.806580581], [1518767.4790510577, 7460564.309490468]]]}, "properties": {"parcel_id": "08223810250000", "crs": "local-feet", "address": "1402 N BARONESS PL", "city": "Salt Lake City", "county": "SaltLake", "source_srid": "EPSG:4326", "district": "R-1-7000", "zone_label": "Single Family Residential", "district_provenance": "centroid-contains"}}, {"type": "Feature", "geometry": {"type": "Polygon", "coordinates": [[[1518367.9436299475, 7460502.620323144], [1518367.5334581803, 7460406.776187136], [1518346.1838475561, 7460406.899006278], [1518241.1852869762, 7460407.50251694], [1518201.1854217655, 7460407.732592131], [1518321.2400979481, 7460522.745143487], [1518329.0300067442, 7460515.796713166], [1518337.8318569958, 7460510.184468202], [1518347.4190268165, 7460506.053481495], [1518357.5428171132, 7460503.510282229], [1518367.9436299475, 7460502.620323144]]]}, "properties": {"parcel_id": "08223810260000", "crs": "local-feet", "address": "1753 W BARONESS PL", "city": "Salt Lake City", "county": "SaltLake", "source_srid": "EPSG:4326", "district": "R-1-7000", "zone_label": "Single Family Residential", "district_provenance": "centroid-contains"}}, {"type": "Feature", "geometry": {"type": "Polygon", "coordinates": [[[1518440.980721314, 7460510.897457012], [1518440.5327219337, 7460406.3563210275], [1518428.7628040374, 7460406.42420616], [1518367.5334581803, 7460406.776187136], [1518367.9436299475, 7460502.620323144], [1518377.9671406006, 7460503.348424955], [1518387.7589454998, 7460505.61260145], [1518397.0849714354, 7460509.358257166], [1518399.7048569547, 7460510.429833294], [1518402.449722911, 7460511.12195522], [1518405.265025336, 7460511.419777841], [1518406.0552838088, 7460511.431246017], [1518440.980721314, 7460510.897457012]]]}, "properties": {"parcel_id": "08223810270000", "crs": "local-feet", "address": "1745 W BARONESS PL", "city": "Salt Lake City", "county": "SaltLake", "source_srid": "EPSG:4326", "district": "R-1-7000", "zone_label": "Single Family Residential", "district_provenance": "centroid-contains"}}, {"type": "Feature", "geometry": {"type": "Polygon", "coordinates": [[[1518515.001172007, 7460509.765646951], [1518514.5315899737, 7460405.93051078], [1518483.9221412926, 7460406.106722273], [1518440.5327219337, 7460406.3563210275], [1518440.980721314, 7460510.897457012], [1518515.001172007, 7460509.765646951]]]}, "properties": {"parcel_id": "08223810280000", "crs": "local-feet", "address": "1737 W BARONESS PL", "city": "Salt Lake City", "county": "SaltLake", "source_srid": "EPSG:4326", "district": "R-1-7000", "zone_label": "Single Family Residential", "district_provenance": "centroid-contains"}}, {"type": "Feature", "geometry": {"type": "Polygon", "coordinates": [[[1518587.9570135784, 7460500.075656377], [1518587.530855365, 7460405.51083023], [1518579.5106378144, 7460405.5572242355], [1518514.5315899737, 7460405.93051078], [1518515.001172007, 7460509.765646951], [1518549.9268587048, 7460509.231267034], [1518550.7167207208, 7460509.212761765], [1518553.5289625095, 7460508.888964035], [1518556.2673895487, 7460508.1723205475], [1518558.8780990867, 7460507.0772192925], [1518568.1695588992, 7460503.247077913], [1518577.940123085, 7460500.894258899], [1518587.9570135784, 7460500.075656377]]]}, "properties": {"parcel_id": "08223810290000", "crs": "local-feet", "address": "1729 W BARONESS PL", "city": "Salt Lake City", "county": "SaltLake", "source_srid": "EPSG:4326", "district": "R-1-7000", "zone_label": "Single Family Residential", "district_provenance": "centroid-contains"}}, {"type": "Feature", "geometry": {"type": "Polygon", "coordinates": [[[1518747.3492540638, 7460404.591825208], [1518630.930473993, 7460405.261438874], [1518587.530855365, 7460405.51083023], [1518587.9570135784, 7460500.075656377], [1518598.12841267, 7460500.834586435], [1518608.0558782984, 7460503.174743349], [1518617.4946301328, 7460507.039104529], [1518626.2133811833, 7460512.332424041], [1518633.9963417698, 7460518.924443886], [1518747.3492540638, 7460404.591825208]]]}, "properties": {"parcel_id": "08223810300000", "crs": "local-feet", "address": "1721 W BARONESS PL", "city": "Salt Lake City", "county": "SaltLake", "source_srid": "EPSG:4326", "district": "R-1-7000", "zone_label": "Single Family Residential", "district_provenance": "centroid-contains"}}, {"type": "Feature", "geometry": {"type": "Polygon", "coordinates": [[[1518747.3492540638, 7460404.591825208], [1518765.8587349763, 7460404.485533137], [1518765.0710453284, 7460326.768556796], [1518678.091959895, 7460327.268571721], [1518631.4824681543, 7460327.536885808], [1518630.930473993, 7460405.261438874], [1518747.3492540638, 7460404.591825208]]]}, "properties": {"parcel_id": "08223810320000", "crs": "local-feet", "address": "1389 N REDWOOD RD", "city": "Salt Lake City", "county": "SaltLake", "source_srid": "EPSG:4326", "district": "R-1-5000", "zone_label": "Single Family Residential", "district_provenance": "centroid-contains"}}, {"type": "Feature", "geometry": {"type": "Polygon", "coordinates": [[[1518201.3559084842, 7460442.732207775], [1518201.1854217655, 7460407.732592131], [1518171.0602375064, 7460382.310414904], [1518091.0605801605, 7460382.650934894], [1518091.321834202, 7460436.347341971], [1518091.3549391488, 7460443.200487342], [1518201.3559084842, 7460442.732207775]]]}, "properties": {"parcel_id": "08223810490000", "crs": "local-feet", "address": "1388 N MIAMI RD", "city": "Salt Lake City", "county": "SaltLake", "source_srid": "EPSG:4326", "district": "R-1-7000", "zone_label": "Single Family Residential", "district_provenance": "centroid-contains"}}, {"type": "Feature", "geometry": {"type": "Polygon", "coordinates": [[[1518171.0602375064, 7460382.310414904], [1518170.8948903347, 7460348.310195456], [1518170.753977599, 7460319.310320897], [1518090.7543678235, 7460319.651336059], [1518091.0605801605, 7460382.650934894], [1518171.0602375064, 7460382.310414904]]]}, "properties": {"parcel_id": "08223810500000", "crs": "local-feet", "address": "1382 N MIAMI RD", "city": "Salt Lake City", "county": "SaltLake", "source_srid": "EPSG:4326", "district": "R-1-7000", "zone_label": "Single Family Residential", "district_provenance": "centroid-contains"}}, {"type": "Feature", "geometry": {"type": "Polygon", "coordinates": [[[1518170.753977599, 7460319.310320897], [1518170.4477181574, 7460256.310315654], [1518088.6006354855, 7460256.6587219145], [1518090.0617615886, 7460272.7915814], [1518090.605112586, 7460288.981491372], [1518090.7543678235, 7460319.651336059], [1518170.753977599, 7460319.310320897]]]}, "properties": {"parcel_id": "08223810510000", "crs": "local-feet", "address": "1378 N MIAMI RD", "city": "Salt Lake City", "county": "SaltLake", "source_srid": "EPSG:4326", "district": "R-1-7000", "zone_label": "Single Family Residential", "district_provenance": "centroid-contains"}}, {"type": "Feature", "geometry": {"type": "Polygon", "coordinates": [[[1518170.4477181574, 7460256.310315654], [1518170.423534516, 7460251.310406135], [1518170.1122349617, 7460187.339730616], [1518124.9205040068, 7460187.310618519], [1518120.92124332, 7460187.371993308], [1518117.9239561937, 7460187.5025044875], [1518114.9307499628, 7460187.703858695], [1518111.943622863, 7460187.977780478], [1518108.9633149856, 7460188.323027346], [1518105.992563394, 7460188.739833478], [1518103.0323610518, 7460189.227698499], [1518100.0851936643, 7460189.786362334], [1518097.1518083878, 7460190.4160690205], [1518094.2349345565, 7460191.115318459], [1518091.3353236718, 7460191.885345782], [1518088.5022945923, 7460192.740278108], [1518085.8103170493, 7460194.052892413], [1518083.432511147, 7460195.874365508], [1518081.4650249232, 7460198.132120538], [1518079.984518252, 7460200.735837403], [1518079.0511678148, 7460203.5816498585], [1518078.7019725936, 7460206.556391019], [1518078.950769227, 7460209.540814149], [1518079.849214386, 7460212.921683785], [1518082.8758965186, 7460224.532931275], [1518085.9649787024, 7460239.210039866], [1518086.4897104574, 7460242.163611302], [1518088.6006354855, 7460256.6587219145], [1518170.4477181574, 7460256.310315654]]]}, "properties": {"parcel_id": "08223810520000", "crs": "local-feet", "address": "1770 W MIAMI CIR", "city": "Salt Lake City", "county": "SaltLake", "source_srid": "EPSG:4326", "district": "R-1-7000", "zone_label": "Single Family Residential", "district_provenance": "centroid-contains"}}, {"type": "Feature", "geometry": {"type": "Polygon", "coordinates": [[[1518241.1852869762, 7460407.50251694], [1518271.4054863504, 7460329.011680187], [1518265.132858187, 7460325.488842855], [1518259.4231183284, 7460321.112632803], [1518254.3913643677, 7460315.971183451], [1518250.139589429, 7460310.168302232], [1518246.7531870843, 7460303.821010568], [1518170.8948903347, 7460348.310195456], [1518171.0602375064, 7460382.310414904], [1518201.1854217655, 7460407.732592131], [1518241.1852869762, 7460407.50251694]]]}, "properties": {"parcel_id": "08223810530000", "crs": "local-feet", "address": "1379 N MIAMI CIR", "city": "Salt Lake City", "county": "SaltLake", "source_srid": "EPSG:4326", "district": "R-1-7000", "zone_label": "Single Family Residential", "district_provenance": "centroid-contains"}}, {"type": "Feature", "geometry": {"type": "Polygon", "coordinates": [[[1518246.7531870843, 7460303.821010568], [1518244.0377554137, 7460296.09304827], [1518242.6045946237, 7460288.028231189], [1518242.49106169, 7460279.837723352], [1518243.70020784, 7460271.736327311], [1518246.2000000025, 7460263.936293751], [1518170.423534516, 7460251.310406135], [1518170.4477181574, 7460256.310315654], [1518170.753977599, 7460319.310320897], [1518170.8948903347, 7460348.310195456], [1518246.7531870843, 7460303.821010568]]]}, "properties": {"parcel_id": "08223810540000", "crs": "local-feet", "address": "1377 N MIAMI CIR", "city": "Salt Lake City", "county": "SaltLake", "source_srid": "EPSG:4326", "district": "R-1-7000", "zone_label": "Single Family Residential", "district_provenance": "centroid-contains"}}, {"type": "Feature", "geometry": {"type": "Polygon", "coordinates": [[[1518170.1122349617, 7460187.339730616], [1518170.423534516, 7460251.310406135], [1518246.2000000025, 7460263.936293751], [1518250.178977411, 7460256.236246098], [1518255.4129701466, 7460249.3285735715], [1518261.7490104646, 7460243.414974983], [1518269.0009086826, 7460238.66857141], [1518271.584917342, 7460237.149127082], [1518273.8421207017, 7460235.180598072], [1518275.6635246864, 7460232.803165231], [1518276.9762197793, 7460230.111093437], [1518277.7272592792, 7460227.211928813], [1518277.903933745, 7460224.857225695], [1518277.8135122142, 7460202.337436833], [1518277.5020868278, 7460199.358523193], [1518276.6057517438, 7460196.50092899], [1518275.1588961896, 7460193.87870765], [1518273.2199873796, 7460191.595883023], [1518270.8660837822, 7460189.74375099], [1518268.1915705223, 7460188.396425592], [1518265.302172758, 7460187.607399906], [1518262.8255485564, 7460187.399841896], [1518170.1122349617, 7460187.339730616]]]}, "properties": {"parcel_id": "08223810550000", "crs": "local-feet", "address": "1373 N MIAMI CIR", "city": "Salt Lake City", "county": "SaltLake", "source_srid": "EPSG:4326", "district": "R-1-7000", "zone_label": "Single Family Residential", "district_provenance": "centroid-contains"}}, {"type": "Feature", "geometry": {"type": "Polygon", "coordinates": [[[1518346.1838475561, 7460406.899006278], [1518310.333104487, 7460330.777348074], [1518302.6328396394, 7460332.9149255445], [1518294.691421606, 7460333.8140976345], [1518286.7079662737, 7460333.451831213], [1518278.8807550494, 7460331.837554696], [1518271.4054863504, 7460329.011680187], [1518241.1852869762, 7460407.50251694], [1518346.1838475561, 7460406.899006278]]]}, "properties": {"parcel_id": "08223810560000", "crs": "local-feet", "address": "1381 N MIAMI CIR", "city": "Salt Lake City", "county": "SaltLake", "source_srid": "EPSG:4326", "district": "R-1-7000", "zone_label": "Single Family Residential", "district_provenance": "centroid-contains"}}, {"type": "Feature", "geometry": {"type": "Polygon", "coordinates": [[[1518367.5334581803, 7460406.776187136], [1518428.7628040374, 7460406.42420616], [1518428.377444008, 7460344.804895776], [1518338.1060459416, 7460306.157444934], [1518334.168353425, 7460312.649624013], [1518329.3038737918, 7460318.479867408], [1518323.622394222, 7460323.516811867], [1518317.2509512168, 7460327.646600933], [1518310.333104487, 7460330.777348074], [1518346.1838475561, 7460406.899006278], [1518367.5334581803, 7460406.776187136]]]}, "properties": {"parcel_id": "08223810570000", "crs": "local-feet", "address": "1380 N MIAMI CIR", "city": "Salt Lake City", "county": "SaltLake", "source_srid": "EPSG:4326", "district": "R-1-7000", "zone_label": "Single Family Residential", "district_provenance": "centroid-contains"}}, {"type": "Feature", "geometry": {"type": "Polygon", "coordinates": [[[1518428.1155828878, 7460303.005768494], [1518427.8756295105, 7460264.644291276], [1518339.9007280618, 7460264.249501707], [1518342.4456226088, 7460272.505829838], [1518343.5496808582, 7460281.074511929], [1518343.1798378103, 7460289.70620485], [1518341.3477866272, 7460298.148867869], [1518338.1060459416, 7460306.157444934], [1518428.377444008, 7460344.804895776], [1518428.1155828878, 7460303.005768494]]]}, "properties": {"parcel_id": "08223810580000", "crs": "local-feet", "address": "1378 N MIAMI CIR", "city": "Salt Lake City", "county": "SaltLake", "source_srid": "EPSG:4326", "district": "R-1-7000", "zone_label": "Single Family Residential", "district_provenance": "centroid-contains"}}, {"type": "Feature", "geometry": {"type": "Polygon", "coordinates": [[[1518427.697641596, 7460236.2366779], [1518427.5026386217, 7460205.081820645], [1518327.847458313, 7460204.635094084], [1518328.101406694, 7460242.776821714], [1518328.805730602, 7460245.687886549], [1518330.0741905668, 7460248.401173798], [1518331.4597758227, 7460250.352481524], [1518336.2418177787, 7460256.960015901], [1518339.9007280618, 7460264.249501707], [1518427.8756295105, 7460264.644291276], [1518427.697641596, 7460236.2366779]]]}, "properties": {"parcel_id": "08223810590000", "crs": "local-feet", "address": "1374 N MIAMI CIR", "city": "Salt Lake City", "county": "SaltLake", "source_srid": "EPSG:4326", "district": "R-1-7000", "zone_label": "Single Family Residential", "district_provenance": "centroid-contains"}}, {"type": "Feature", "geometry": {"type": "Polygon", "coordinates": [[[1518427.2120273437, 7460158.607631428], [1518426.8938939355, 7460107.808615168], [1518336.9016798541, 7460156.951792123], [1518337.391589853, 7460162.686299624], [1518336.9378352733, 7460168.423723278], [1518335.5523407045, 7460174.009642108], [1518333.2724260332, 7460179.294713625], [1518330.159566564, 7460184.135422828], [1518328.7957466654, 7460186.801732644], [1518327.9886639656, 7460189.686310333], [1518327.7656259467, 7460192.324448431], [1518327.847458313, 7460204.635094084], [1518427.5026386217, 7460205.081820645], [1518427.2120273437, 7460158.607631428]]]}, "properties": {"parcel_id": "08223810600000", "crs": "local-feet", "address": "1370 N MIAMI CIR", "city": "Salt Lake City", "county": "SaltLake", "source_srid": "EPSG:4326", "district": "R-1-7000", "zone_label": "Single Family Residential", "district_provenance": "centroid-contains"}}, {"type": "Feature", "geometry": {"type": "Polygon", "coordinates": [[[1518008.5069960968, 7459958.328489115], [1518003.5918572103, 7459950.7889721], [1517887.6647664574, 7459942.430735228], [1517886.9637868276, 7459943.324705374], [1517885.0964845002, 7459945.672440883], [1517883.700740151, 7459947.459607065], [1517882.2337070336, 7459950.07072849], [1517881.314818982, 7459952.921213272], [1517880.9805747143, 7459955.897399962], [1517881.2440687763, 7459958.8810353], [1517882.0955061829, 7459961.7524926765], [1517883.5007426087, 7459964.39746935], [1517885.3378027393, 7459966.645604705], [1517943.54088453, 7460025.230309092], [1518008.5069960968, 7459958.328489115]]]}, "properties": {"parcel_id": "08223810610000", "crs": "local-feet", "address": "1352 N MIAMI RD", "city": "Salt Lake City", "county": "SaltLake", "source_srid": "EPSG:4326", "district": "R-1-7000", "zone_label": "Single Family Residential", "district_provenance": "centroid-contains"}}, {"type": "Feature", "geometry": {"type": "Polygon", "coordinates": [[[1518039.0887709886, 7460005.240822992], [1518008.5069960968, 7459958.328489115], [1517943.54088453, 7460025.230309092], [1517982.2209620913, 7460064.163493125], [1518039.0887709886, 7460005.240822992]]]}, "properties": {"parcel_id": "08223810620000", "crs": "local-feet", "address": "1356 N MIAMI RD", "city": "Salt Lake City", "county": "SaltLake", "source_srid": "EPSG:4326", "district": "R-1-7000", "zone_label": "Single Family Residential", "district_provenance": "centroid-contains"}}, {"type": "Feature", "geometry": {"type": "Polygon", "coordinates": [[[1518069.1245589575, 7460051.315850468], [1518039.0887709886, 7460005.240822992], [1517982.2209620913, 7460064.163493125], [1518009.7086002224, 7460091.830995095], [1518026.1131220825, 7460110.055884604], [1518069.1245589575, 7460051.315850468]]]}, "properties": {"parcel_id": "08223810630000", "crs": "local-feet", "address": "1362 N MIAMI RD", "city": "Salt Lake City", "county": "SaltLake", "source_srid": "EPSG:4326", "district": "R-1-7000", "zone_label": "Single Family Residential", "district_provenance": "centroid-contains"}}, {"type": "Feature", "geometry": {"type": "Polygon", "coordinates": [[[1518093.9246067822, 7460140.071032507], [1518098.1241863456, 7460051.445646294], [1518069.1245589575, 7460051.315850468], [1518026.1131220825, 7460110.055884604], [1518037.7504209937, 7460125.251520339], [1518048.3043204257, 7460141.218618396], [1518050.1233457674, 7460143.597910589], [1518052.3788612778, 7460145.568451173], [1518054.9811808371, 7460147.050900718], [1518057.826297153, 7460147.987051175], [1518060.8003550204, 7460148.339308311], [1518063.785386134, 7460148.093388613], [1518066.1024620223, 7460147.47142948], [1518079.8607179476, 7460143.19826475], [1518093.9246067822, 7460140.071032507]]]}, "properties": {"parcel_id": "08223810640000", "crs": "local-feet", "address": "1366 N MIAMI RD", "city": "Salt Lake City", "county": "SaltLake", "source_srid": "EPSG:4326", "district": "R-1-7000", "zone_label": "Single Family Residential", "district_provenance": "centroid-contains"}}, {"type": "Feature", "geometry": {"type": "Polygon", "coordinates": [[[1518153.8725926294, 7460137.336918676], [1518153.2744641253, 7460051.701812946], [1518119.355807019, 7460051.544211238], [1518098.1241863456, 7460051.445646294], [1518093.9246067822, 7460140.071032507], [1518109.3774134994, 7460138.003114108], [1518124.953209504, 7460137.3184082275], [1518153.8725926294, 7460137.336918676]]]}, "properties": {"parcel_id": "08223810650000", "crs": "local-feet", "address": "1769 W MIAMI CIR", "city": "Salt Lake City", "county": "SaltLake", "source_srid": "EPSG:4326", "district": "R-1-7000", "zone_label": "Single Family Residential", "district_provenance": "centroid-contains"}}, {"type": "Feature", "geometry": {"type": "Polygon", "coordinates": [[[1518315.2339515095, 7460130.180491622], [1518347.559820324, 7460052.614835696], [1518263.574808026, 7460052.223187703], [1518264.1705859103, 7460137.40859484], [1518272.6701995546, 7460137.413996783], [1518275.6505039015, 7460137.116836936], [1518278.5122584521, 7460136.233536437], [1518281.6708875515, 7460134.42036798], [1518286.6963746774, 7460131.3749871235], [1518292.1599937915, 7460129.21100391], [1518297.9075829403, 7460127.989140068], [1518303.7788785787, 7460127.743387661], [1518309.6087579124, 7460128.480755303], [1518315.2339515095, 7460130.180491622]]]}, "properties": {"parcel_id": "08223810680000", "crs": "local-feet", "address": "1743 W MIAMI CIR", "city": "Salt Lake City", "county": "SaltLake", "source_srid": "EPSG:4326", "district": "R-1-7000", "zone_label": "Single Family Residential", "district_provenance": "centroid-contains"}}, {"type": "Feature", "geometry": {"type": "Polygon", "coordinates": [[[1518426.8938939355, 7460107.808615168], [1518426.706323043, 7460077.809175376], [1518423.9004713222, 7460077.823987937], [1518423.8045887838, 7460052.906142572], [1518347.559820324, 7460052.614835696], [1518315.2339515095, 7460130.180491622], [1518320.4533756138, 7460132.769999146], [1518325.1722102577, 7460136.187801692], [1518329.2606478531, 7460140.339146042], [1518332.6059479583, 7460145.109620892], [1518335.1156828043, 7460150.368113954], [1518336.7209835807, 7460155.96902623], [1518336.9016798541, 7460156.951792123], [1518426.8938939355, 7460107.808615168]]]}, "properties": {"parcel_id": "08223810690000", "crs": "local-feet", "address": "1735 W MIAMI CIR", "city": "Salt Lake City", "county": "SaltLake", "source_srid": "EPSG:4326", "district": "R-1-7000", "zone_label": "Single Family Residential", "district_provenance": "centroid-contains"}}, {"type": "Feature", "geometry": {"type": "Polygon", "coordinates": [[[1518208.4247166484, 7460051.953394796], [1518153.2744641253, 7460051.701812946], [1518153.8725926294, 7460137.336918676], [1518209.0213408761, 7460137.37269658], [1518208.4247166484, 7460051.953394796]]]}, "properties": {"parcel_id": "08223810700000", "crs": "local-feet", "address": "1761 W MIAMI CIR", "city": "Salt Lake City", "county": "SaltLake", "source_srid": "EPSG:4326", "district": "R-1-7000", "zone_label": "Single Family Residential", "district_provenance": "centroid-contains"}}, {"type": "Feature", "geometry": {"type": "Polygon", "coordinates": [[[1518263.574808026, 7460052.223187703], [1518208.4247166484, 7460051.953394796], [1518209.0213408761, 7460137.37269658], [1518264.1705859103, 7460137.40859484], [1518263.574808026, 7460052.223187703]]]}, "properties": {"parcel_id": "08223810710000", "crs": "local-feet", "address": "1751 W MIAMI CIR", "city": "Salt Lake City", "county": "SaltLake", "source_srid": "EPSG:4326", "district": "R-1-7000", "zone_label": "Single Family Residential", "district_provenance": "centroid-contains"}}, {"type": "Feature", "geometry": {"type": "Polygon", "coordinates": [[[1518426.706323043, 7460077.809175376], [1518484.1761250373, 7460077.496667082], [1518577.9155359368, 7460076.987491744], [1518629.9149122445, 7460076.704465514], [1518679.9145556528, 7460076.433112851], [1518762.504189459, 7460075.98440277], [1518770.3354970068, 7460075.941721867], [1518768.9036709145, 7459937.017471083], [1518768.2746137083, 7459937.014366678], [1518423.355621545, 7459935.40621717], [1518423.8045887838, 7460052.906142572], [1518423.9004713222, 7460077.823987937], [1518426.706323043, 7460077.809175376]]]}, "properties": {"parcel_id": "08223810760000", "crs": "local-feet", "address": "1357 N REDWOOD RD", "city": "Salt Lake City", "county": "SaltLake", "source_srid": "EPSG:4326", "district": "RMF-30", "zone_label": "Low Density Multifamily Residential", "district_provenance": "centroid-contains"}}, {"type": "Feature", "geometry": {"type": "Polygon", "coordinates": [[[1518440.5327219337, 7460406.3563210275], [1518483.9221412926, 7460406.106722273], [1518545.4529742082, 7460297.852469602], [1518540.073908638, 7460293.3895777175], [1518535.3696451876, 7460288.220190614], [1518531.4324624685, 7460282.4454395175], [1518528.3385308133, 7460276.178428038], [1518428.1155828878, 7460303.005768494], [1518428.377444008, 7460344.804895776], [1518428.7628040374, 7460406.42420616], [1518440.5327219337, 7460406.3563210275]]]}, "properties": {"parcel_id": "08223810770000", "crs": "local-feet", "address": "1726 W JOUST CT", "city": "Salt Lake City", "county": "SaltLake", "source_srid": "EPSG:4326", "district": "R-1-5000", "zone_label": "Single Family Residential", "district_provenance": "centroid-contains"}}, {"type": "Feature", "geometry": {"type": "Polygon", "coordinates": [[[1518514.5315899737, 7460405.93051078], [1518579.5106378144, 7460405.5572242355], [1518578.815614132, 7460307.057026146], [1518571.7544504988, 7460307.152222735], [1518564.749574006, 7460306.251600735], [1518557.9421033156, 7460304.373544016], [1518551.4667798742, 7460301.55480251], [1518545.4529742082, 7460297.852469602], [1518483.9221412926, 7460406.106722273], [1518514.5315899737, 7460405.93051078]]]}, "properties": {"parcel_id": "08223810780000", "crs": "local-feet", "address": "1722 W JOUST CT", "city": "Salt Lake City", "county": "SaltLake", "source_srid": "EPSG:4326", "district": "R-1-5000", "zone_label": "Single Family Residential", "district_provenance": "centroid-contains"}}, {"type": "Feature", "geometry": {"type": "Polygon", "coordinates": [[[1518587.530855365, 7460405.51083023], [1518630.930473993, 7460405.261438874], [1518631.4824681543, 7460327.536885808], [1518606.752509393, 7460295.53427347], [1518600.518212299, 7460299.998057822], [1518593.675060143, 7460303.456410191], [1518586.384077997, 7460305.828261564], [1518578.815614132, 7460307.057026146], [1518579.5106378144, 7460405.5572242355], [1518587.530855365, 7460405.51083023]]]}, "properties": {"parcel_id": "08223810790000", "crs": "local-feet", "address": "1718 W JOUST CT", "city": "Salt Lake City", "county": "SaltLake", "source_srid": "EPSG:4326", "district": "R-1-5000", "zone_label": "Single Family Residential", "district_provenance": "centroid-contains"}}, {"type": "Feature", "geometry": {"type": "Polygon", "coordinates": [[[1518678.091959895, 7460327.268571721], [1518677.2333053262, 7460236.638841377], [1518639.5239063168, 7460236.858682475], [1518637.0369707483, 7460237.081517515], [1518634.6214425468, 7460237.713568207], [1518632.343897958, 7460238.737906302], [1518630.2681191822, 7460240.125724353], [1518628.4513715277, 7460241.838336057], [1518626.9436645804, 7460243.828170974], [1518625.7862697057, 7460246.041011807], [1518625.0124602548, 7460248.414999686], [1518624.6425564745, 7460250.884127435], [1518624.6110109831, 7460251.8538123695], [1518624.611104641, 7460257.233921136], [1518623.851403286, 7460265.915602098], [1518621.5957967022, 7460274.333327445], [1518617.91267604, 7460282.232052763], [1518612.914278883, 7460289.371136967], [1518606.752509393, 7460295.53427347], [1518631.4824681543, 7460327.536885808], [1518678.091959895, 7460327.268571721]]]}, "properties": {"parcel_id": "08223810800000", "crs": "local-feet", "address": "1714 W JOUST CT", "city": "Salt Lake City", "county": "SaltLake", "source_srid": "EPSG:4326", "district": "R-1-5000", "zone_label": "Single Family Residential", "district_provenance": "centroid-contains"}}, {"type": "Feature", "geometry": {"type": "Polygon", "coordinates": [[[1518765.0710453284, 7460326.768556796], [1518764.4807224264, 7460268.520988323], [1518764.3613501182, 7460268.575093301], [1518763.9690447028, 7460264.410745722], [1518762.888370315, 7460260.37019586], [1518761.1484840715, 7460256.566284396], [1518758.7991602113, 7460253.1060520625], [1518755.905785816, 7460250.085065534], [1518752.5496193583, 7460247.589150417], [1518748.8240263874, 7460245.687719975], [1518744.83373361, 7460244.433778581], [1518744.0013877538, 7460244.261454682], [1518714.3117002028, 7460238.4476916045], [1518704.0942317022, 7460236.990215284], [1518693.7834789904, 7460236.542870954], [1518677.2333053262, 7460236.638841377], [1518678.091959895, 7460327.268571721], [1518765.0710453284, 7460326.768556796]]]}, "properties": {"parcel_id": "08223810810000", "crs": "local-feet", "address": "1710 W JOUST CT", "city": "Salt Lake City", "county": "SaltLake", "source_srid": "EPSG:4326", "district": "R-1-5000", "zone_label": "Single Family Residential", "district_provenance": "centroid-contains"}}, {"type": "Feature", "geometry": {"type": "Polygon", "coordinates": [[[1518528.3385308133, 7460276.178428038], [1518526.280466146, 7460270.045812143], [1518525.0307070662, 7460263.698858524], [1518524.6106692052, 7460257.243507726], [1518524.610732611, 7460232.393507009], [1518427.697641596, 7460236.2366779], [1518427.8756295105, 7460264.644291276], [1518428.1155828878, 7460303.005768494], [1518528.3385308133, 7460276.178428038]]]}, "properties": {"parcel_id": "08223810820000", "crs": "local-feet", "address": "1730 W JOUST CT", "city": "Salt Lake City", "county": "SaltLake", "source_srid": "EPSG:4326", "district": "R-1-5000", "zone_label": "Single Family Residential", "district_provenance": "centroid-contains"}}, {"type": "Feature", "geometry": {"type": "Polygon", "coordinates": [[[1518524.610732611, 7460232.393507009], [1518524.6108116922, 7460207.243429749], [1518525.2436141348, 7460199.316815342], [1518527.123785857, 7460191.590948778], [1518427.2120273437, 7460158.607631428], [1518427.5026386217, 7460205.081820645], [1518427.697641596, 7460236.2366779], [1518524.610732611, 7460232.393507009]]]}, "properties": {"parcel_id": "08223810830000", "crs": "local-feet", "address": "1729 W JOUST CT", "city": "Salt Lake City", "county": "SaltLake", "source_srid": "EPSG:4326", "district": "R-1-5000", "zone_label": "Single Family Residential", "district_provenance": "centroid-contains"}}, {"type": "Feature", "geometry": {"type": "Polygon", "coordinates": [[[1518546.6516368873, 7460165.790954081], [1518484.1761250373, 7460077.496667082], [1518426.706323043, 7460077.809175376], [1518426.8938939355, 7460107.808615168], [1518427.2120273437, 7460158.607631428], [1518527.123785857, 7460191.590948778], [1518530.334401824, 7460184.014876053], [1518534.7435086386, 7460177.0679432545], [1518540.2321412053, 7460170.937557281], [1518546.6516368873, 7460165.790954081]]]}, "properties": {"parcel_id": "08223810840000", "crs": "local-feet", "address": "1725 W JOUST CT", "city": "Salt Lake City", "county": "SaltLake", "source_srid": "EPSG:4326", "district": "R-1-5000", "zone_label": "Single Family Residential", "district_provenance": "centroid-contains"}}, {"type": "Feature", "geometry": {"type": "Polygon", "coordinates": [[[1518578.6765724903, 7460157.408326197], [1518577.9155359368, 7460076.987491744], [1518484.1761250373, 7460077.496667082], [1518546.6516368873, 7460165.790954081], [1518554.008494009, 7460161.685090637], [1518561.9505124802, 7460158.87294249], [1518570.251488096, 7460157.433671894], [1518578.6765724903, 7460157.408326197]]]}, "properties": {"parcel_id": "08223810850000", "crs": "local-feet", "address": "1721 W JOUST CT", "city": "Salt Lake City", "county": "SaltLake", "source_srid": "EPSG:4326", "district": "R-1-5000", "zone_label": "Single Family Residential", "district_provenance": "centroid-contains"}}, {"type": "Feature", "geometry": {"type": "Polygon", "coordinates": [[[1518629.9149122445, 7460076.704465514], [1518577.9155359368, 7460076.987491744], [1518578.6765724903, 7460157.408326197], [1518586.386822762, 7460158.649891465], [1518593.8096486814, 7460161.076233864], [1518600.7644323066, 7460164.628775841], [1518607.0811132055, 7460169.220889385], [1518612.6056747183, 7460174.740594571], [1518617.2031429154, 7460181.053765984], [1518620.7620714423, 7460188.005349769], [1518623.195070572, 7460195.426050843], [1518623.9930311746, 7460197.810896568], [1518625.1779404525, 7460200.0290707685], [1518626.7161636853, 7460202.018548154], [1518628.5651434062, 7460203.7237894535], [1518630.672655545, 7460205.095992738], [1518629.9149122445, 7460076.704465514]]]}, "properties": {"parcel_id": "08223810860000", "crs": "local-feet", "address": "1717 W JOUST CT", "city": "Salt Lake City", "county": "SaltLake", "source_srid": "EPSG:4326", "district": "R-1-5000", "zone_label": "Single Family Residential", "district_provenance": "centroid-contains"}}, {"type": "Feature", "geometry": {"type": "Polygon", "coordinates": [[[1518680.676445022, 7460206.631620734], [1518679.9145556528, 7460076.433112851], [1518629.9149122445, 7460076.704465514], [1518630.672655545, 7460205.095992738], [1518632.6491664976, 7460205.978499728], [1518634.7314437786, 7460206.569106932], [1518636.8773881218, 7460206.854641734], [1518637.8567621023, 7460206.880797236], [1518680.676445022, 7460206.631620734]]]}, "properties": {"parcel_id": "08223810870000", "crs": "local-feet", "address": "1713 W JOUST CT", "city": "Salt Lake City", "county": "SaltLake", "source_srid": "EPSG:4326", "district": "R-1-5000", "zone_label": "Single Family Residential", "district_provenance": "centroid-contains"}}, {"type": "Feature", "geometry": {"type": "Polygon", "coordinates": [[[1518762.504189459, 7460075.98440277], [1518679.9145556528, 7460076.433112851], [1518680.676445022, 7460206.631620734], [1518693.6164416051, 7460206.556370231], [1518706.873282749, 7460207.131704967], [1518720.0101468607, 7460209.004970023], [1518734.1060133064, 7460211.719670709], [1518738.3271532503, 7460212.167962629], [1518742.5629089088, 7460211.895415103], [1518746.6921926956, 7460210.910799496], [1518750.5947529785, 7460209.241218023], [1518754.1591546442, 7460206.936276828], [1518757.2822459547, 7460204.060902922], [1518759.8731554956, 7460200.699041554], [1518761.8589824545, 7460196.94718596], [1518763.1808108648, 7460192.91340614], [1518763.8014071076, 7460188.714337641], [1518763.8488253988, 7460187.025290076], [1518763.9108619662, 7460187.046293738], [1518762.504189459, 7460075.98440277]]]}, "properties": {"parcel_id": "08223810880000", "crs": "local-feet", "address": "1709 W JOUST CT", "city": "Salt Lake City", "county": "SaltLake", "source_srid": "EPSG:4326", "district": "R-1-5000", "zone_label": "Single Family Residential", "district_provenance": "centroid-contains"}}, {"type": "Feature", "geometry": {"type": "Polygon", "coordinates": [[[1519377.9837282859, 7459768.569478582], [1519377.9836144058, 7459770.07298506], [1519352.8509399714, 7459731.569476736], [1519334.241752108, 7459702.93966353], [1519333.9510482538, 7459667.290182211], [1519235.3337956062, 7459667.521041731], [1519236.7135599176, 7460488.566094397], [1519237.4496135695, 7460926.47883103], [1520095.9537316412, 7460927.92025461], [1520091.8877069892, 7460918.772469895], [1520082.4349568794, 7460899.866870751], [1520070.4038840446, 7460881.819660403], [1520057.5132550825, 7460867.210398877], [1520045.4823426518, 7460854.320164581], [1520017.9827366734, 7460826.820560841], [1519999.9361776137, 7460809.633336585], [1519981.8891477538, 7460795.883372884], [1519958.6866254257, 7460785.570973241], [1519944.9364157643, 7460779.985325133], [1519932.0460866003, 7460775.688343584], [1519915.718449775, 7460770.532487605], [1519894.2340730238, 7460764.5167162735], [1519854.7033727597, 7460757.641848626], [1519820.328640154, 7460751.626459195], [1519791.1104232916, 7460745.611270498], [1519765.3294222937, 7460742.1737315515], [1519745.5639943636, 7460734.439622348], [1519727.5175206668, 7460725.845822772], [1519706.8925564904, 7460716.3927102955], [1519694.0021389646, 7460706.939813707], [1519677.674043008, 7460693.190057382], [1519663.9243527027, 7460676.002598443], [1519651.8932539828, 7460660.5341880685], [1519642.4402415997, 7460643.346825963], [1519636.424721194, 7460611.550161567], [1519634.7060760646, 7460587.4881374575], [1519632.1282732366, 7460553.112959299], [1519630.4094451752, 7460527.332108959], [1519631.2687579049, 7460504.988839141], [1519632.9876782657, 7460476.629734755], [1519634.9161463843, 7460460.788866853], [1519640.4113310266, 7460431.4794342015], [1519644.990935648, 7460404.917989309], [1519646.8230179972, 7460364.617431435], [1519652.3185206165, 7460332.560359566], [1519652.318492629, 7460292.2599477], [1519655.0666313046, 7460254.7072337475], [1519652.3190022025, 7460227.22964281], [1519644.075652285, 7460204.331630726], [1519634.9163598341, 7460168.610903694], [1519626.673281472, 7460140.217248824], [1519612.018809253, 7460099.000879384], [1519590.0369710072, 7460055.036960818], [1519569.8866139066, 7460022.063712884], [1519545.1570771367, 7459988.175209716], [1519521.3430445064, 7459955.20220149], [1519489.2860393822, 7459911.23799469], [1519454.4811811077, 7459866.358015087], [1519415.0970304804, 7459821.4783241665], [1519378.4604940934, 7459769.270585038], [1519377.9837282859, 7459768.569478582]]]}, "properties": {"parcel_id": "08224510040000", "crs": "local-feet", "address": "1386 N REDWOOD RD", "city": "Salt Lake City", "county": "SaltLake", "source_srid": "EPSG:4326", "district": "OS", "zone_label": "Open Space", "district_provenance": "centroid-contains"}}, {"type": "Feature", "geometry": {"type": "Polygon", "coordinates": [[[1519236.7135599176, 7460488.566094397], [1519235.3337956062, 7459667.521041731], [1519120.7507223012, 7459667.788859378], [1518888.0951207916, 7459668.333792713], [1518898.649851872, 7460489.35693173], [1519236.7135599176, 7460488.566094397]]]}, "properties": {"parcel_id": "08224510050000", "crs": "local-feet", "address": "1386 N REDWOOD RD", "city": "Salt Lake City", "county": "SaltLake", "source_srid": "EPSG:4326", "district": "OS", "zone_label": "Open Space", "district_provenance": "centroid-contains"}}, {"type": "Feature", "geometry": {"type": "Polygon", "coordinates": [[[1519897.2552319667, 7460131.259407584], [1519897.5531519759, 7460011.648446623], [1519857.5528268977, 7460011.75988798], [1519835.0471984264, 7460012.3261048505], [1519812.598286204, 7460014.016958733], [1519824.401780959, 7460131.445324519], [1519897.2552319667, 7460131.259407584]]]}, "properties": {"parcel_id": "08224520020000", "crs": "local-feet", "address": "1534 W SUNSET DR", "city": "Salt Lake City", "county": "SaltLake", "source_srid": "EPSG:4326", "district": "R-1-7000", "zone_label": "Single Family Residential", "district_provenance": "centroid-contains"}}, {"type": "Feature", "geometry": {"type": "Polygon", "coordinates": [[[1519977.2565813446, 7460131.055294651], [1519977.5542935138, 7460011.424516529], [1519897.5531519759, 7460011.648446623], [1519897.2552319667, 7460131.259407584], [1519977.2565813446, 7460131.055294651]]]}, "properties": {"parcel_id": "08224520030000", "crs": "local-feet", "address": "1524 W SUNSET DR", "city": "Salt Lake City", "county": "SaltLake", "source_srid": "EPSG:4326", "district": "R-1-7000", "zone_label": "Single Family Residential", "district_provenance": "centroid-contains"}}, {"type": "Feature", "geometry": {"type": "Polygon", "coordinates": [[[1520057.2576791865, 7460130.850945777], [1520057.5551868821, 7460011.200846072], [1520032.6702698958, 7460011.270262952], [1519977.5542935138, 7460011.424516529], [1519977.2565813446, 7460131.055294651], [1520057.2576791865, 7460130.850945777]]]}, "properties": {"parcel_id": "08224520040000", "crs": "local-feet", "address": "1514 W SUNSET DR", "city": "Salt Lake City", "county": "SaltLake", "source_srid": "EPSG:4326", "district": "R-1-7000", "zone_label": "Single Family Residential", "district_provenance": "centroid-contains"}}, {"type": "Feature", "geometry": {"type": "Polygon", "coordinates": [[[1520132.2581332494, 7460130.659497877], [1520132.5559127633, 7460010.990817279], [1520057.5551868821, 7460011.200846072], [1520057.2576791865, 7460130.850945777], [1520132.2581332494, 7460130.659497877]]]}, "properties": {"parcel_id": "08224520050000", "crs": "local-feet", "address": "1385 N 1500 W", "city": "Salt Lake City", "county": "SaltLake", "source_srid": "EPSG:4326", "district": "R-1-7000", "zone_label": "Single Family Residential", "district_provenance": "centroid-contains"}}, {"type": "Feature", "geometry": {"type": "Polygon", "coordinates": [[[1519733.0465697728, 7460131.678993834], [1519698.731810811, 7460040.741835742], [1519669.3986325995, 7460053.004922269], [1519692.733244283, 7460131.781821572], [1519733.0465697728, 7460131.678993834]]]}, "properties": {"parcel_id": "08224520070000", "crs": "local-feet", "address": "1386 N REDWOOD RD", "city": "Salt Lake City", "county": "SaltLake", "source_srid": "EPSG:4326", "district": "OS", "zone_label": "Open Space", "district_provenance": "centroid-contains"}}, {"type": "Feature", "geometry": {"type": "Polygon", "coordinates": [[[1519824.401780959, 7460131.445324519], [1519812.598286204, 7460014.016958733], [1519783.5383399697, 7460017.898391557], [1519754.7930259297, 7460023.664377961], [1519726.4841043279, 7460031.289544836], [1519698.731810811, 7460040.741835742], [1519733.0465697728, 7460131.678993834], [1519824.401780959, 7460131.445324519]]]}, "properties": {"parcel_id": "08224520080000", "crs": "local-feet", "address": "1548 W SUNSET DR", "city": "Salt Lake City", "county": "SaltLake", "source_srid": "EPSG:4326", "district": "R-1-7000", "zone_label": "Single Family Residential", "district_provenance": "centroid-contains"}}, {"type": "Feature", "geometry": {"type": "Polygon", "coordinates": [[[1520591.6180462937, 7461131.5393041205], [1520591.5210614149, 7460844.971499925], [1521639.8692914576, 7460835.8188737035], [1521639.8704123162, 7460126.52214441], [1521585.4207708486, 7460126.7709645135], [1521572.5403557417, 7460126.830047146], [1521529.1308234495, 7460127.028738915], [1521497.5408997769, 7460127.173472814], [1521467.682796136, 7460127.249224634], [1521420.6824771683, 7460127.369217955], [1521414.6824530847, 7460127.384669109], [1521345.6812964736, 7460127.560979538], [1521289.6808143577, 7460127.703931133], [1521214.680128949, 7460127.895591514], [1521150.6796109832, 7460128.058782514], [1521149.9297008137, 7460128.06065962], [1521086.67859579, 7460128.222141346], [1521075.1787350818, 7460128.251787642], [1521022.678326555, 7460128.38566194], [1521000.3280277902, 7460128.442878925], [1520948.6772687207, 7460128.574795291], [1520935.5771013466, 7460128.608262123], [1520884.6764987272, 7460128.737931616], [1520871.0263987079, 7460128.773095841], [1520816.675465044, 7460128.911879849], [1520796.2754272406, 7460128.963826858], [1520742.6751487842, 7460129.100634101], [1520721.524457037, 7460129.155031305], [1520664.674068906, 7460129.299787378], [1520646.7637819657, 7460129.3455171725], [1520600.2631466757, 7460129.464155422], [1520572.0130569271, 7460129.536428393], [1520536.2628732894, 7460129.627941966], [1520497.2623310317, 7460129.727317451], [1520462.2618059956, 7460129.816546663], [1520422.511356276, 7460129.918433331], [1520398.2610327492, 7460129.980196753], [1520347.7603791824, 7460130.109279335], [1520337.2606437127, 7460130.135906026], [1520273.2596204407, 7460130.299632598], [1520273.009648383, 7460130.299854214], [1520198.2586704781, 7460130.49090368], [1520132.2581332494, 7460130.659497877], [1520057.2576791865, 7460130.850945777], [1519977.2565813446, 7460131.055294651], [1519897.2552319667, 7460131.259407584], [1519824.401780959, 7460131.445324519], [1519733.0465697728, 7460131.678993834], [1519692.733244283, 7460131.781821572], [1519705.1748765837, 7460199.48365732], [1519706.8933746067, 7460214.9518517], [1519707.7528849484, 7460227.842691173], [1519706.8934403723, 7460245.889106756], [1519706.0338254613, 7460278.545585442], [1519701.73713407, 7460314.639002684], [1519702.5969172332, 7460321.51367002], [1519701.7370752331, 7460342.997835519], [1519700.8778257344, 7460351.591481179], [1519701.7371882945, 7460373.075664804], [1519700.8776230419, 7460404.872215716], [1519699.1588562175, 7460411.747286673], [1519696.7036554732, 7460418.376441594], [1519693.0206798555, 7460427.952110229], [1519690.0739399968, 7460437.528398733], [1519690.0740773808, 7460448.577182223], [1519687.8644699622, 7460462.572551698], [1519684.9178594893, 7460478.041273041], [1519684.1815071395, 7460495.719467329], [1519684.1809679645, 7460515.60812356], [1519686.3908485458, 7460535.496146281], [1519688.6007568839, 7460553.910922531], [1519689.3374499572, 7460567.1698731305], [1519691.547059017, 7460581.901802958], [1519693.7566970165, 7460595.160495867], [1519700.3861538297, 7460615.048963362], [1519707.0156616939, 7460631.9904687805], [1519715.11800001, 7460648.195854092], [1519723.2205667028, 7460659.244697209], [1519730.5864740422, 7460667.347459199], [1519746.055165965, 7460676.186743397], [1519757.104197869, 7460682.815929407], [1519776.255690298, 7460687.97206594], [1519790.9877063578, 7460693.864798136], [1519810.1390776858, 7460698.284347926], [1519831.5007068152, 7460703.440661906], [1519852.1254379065, 7460705.650173173], [1519872.0133441475, 7460707.123456239], [1519888.9552187556, 7460709.333333509], [1519911.790010359, 7460714.489481857], [1519918.4190480518, 7460716.699019074], [1519930.941500535, 7460721.855314298], [1519938.3071084144, 7460724.801847071], [1519947.146343763, 7460725.538072039], [1519955.9858367802, 7460729.95784522], [1519964.8250297457, 7460735.85059432], [1519977.3470644634, 7460741.743272919], [1519986.186049006, 7460746.163056361], [1519995.0253765024, 7460751.318954449], [1520000.1817076933, 7460753.528734005], [1520009.0204844337, 7460758.316705196], [1520014.1766145583, 7460762.736563211], [1520026.699019112, 7460771.575693962], [1520034.801860734, 7460776.731712466], [1520043.6409646822, 7460784.097447999], [1520056.163189659, 7460797.356235663], [1520066.4753589104, 7460807.668677961], [1520080.4707864805, 7460823.137312944], [1520092.256492455, 7460840.079242306], [1520102.5686134323, 7460854.074466405], [1520109.934570271, 7460865.860058695], [1520117.3005767483, 7460876.172435873], [1520123.1934553673, 7460885.011818329], [1520128.3494621692, 7460894.58766698], [1520132.032591984, 7460902.690271963], [1520136.4522219454, 7460913.0025803605], [1520140.1348858369, 7460923.314748134], [1520143.24781122, 7460928.062408902], [1520146.3910188524, 7460935.921597143], [1520149.0110090165, 7460946.924234115], [1520152.154300779, 7460964.737347463], [1520153.726099763, 7460970.500390724], [1520155.2980144576, 7460977.31172224], [1520155.2979126845, 7460987.790160952], [1520159.4892952852, 7460994.077382508], [1520162.6329572091, 7461010.842668553], [1520167.8722592907, 7461029.180481621], [1520169.9676978437, 7461038.086821951], [1520171.5392967546, 7461044.373870029], [1520173.1112601336, 7461051.709449518], [1520174.6832103473, 7461065.855296262], [1520176.2543861542, 7461070.570282212], [1520177.3025402229, 7461077.905424456], [1520178.350387915, 7461084.716547139], [1520178.8741247628, 7461091.003468668], [1520179.9223000957, 7461096.243025959], [1520181.4936427544, 7461102.529813442], [1520182.5415104458, 7461107.245103776], [1520183.5893554944, 7461114.0562187135], [1520184.1136121035, 7461118.2478011], [1520184.6374835528, 7461123.487173052], [1520185.1615690684, 7461126.106700798], [1520185.6853264342, 7461130.298035866], [1520185.5312272063, 7461135.084318262], [1520591.6180462937, 7461131.5393041205]]]}, "properties": {"parcel_id": "08224760020000", "crs": "local-feet", "address": "1386 N REDWOOD RD", "city": "Salt Lake City", "county": "SaltLake", "source_srid": "EPSG:4326", "district": "OS", "zone_label": "Open Space", "district_provenance": "centroid-contains"}}, {"type": "Feature", "geometry": {"type": "Polygon", "coordinates": [[[1520273.009648383, 7460130.299854214], [1520273.3076947064, 7460010.597233891], [1520198.5566907376, 7460010.806119703], [1520198.2586704781, 7460130.49090368], [1520273.009648383, 7460130.299854214]]]}, "properties": {"parcel_id": "08224770010000", "crs": "local-feet", "address": "1384 N 1500 W", "city": "Salt Lake City", "county": "SaltLake", "source_srid": "EPSG:4326", "district": "R-1-7000", "zone_label": "Single Family Residential", "district_provenance": "nearest"}}, {"type": "Feature", "geometry": {"type": "Polygon", "coordinates": [[[1520347.7603791824, 7460130.109279335], [1520348.0581991712, 7460010.388080528], [1520337.5584261552, 7460010.417432446], [1520273.5574157329, 7460010.596270181], [1520273.3076947064, 7460010.597233891], [1520273.009648383, 7460130.299854214], [1520273.2596204407, 7460130.299632598], [1520337.2606437127, 7460130.135906026], [1520347.7603791824, 7460130.109279335]]]}, "properties": {"parcel_id": "08224770020000", "crs": "local-feet", "address": "1462 W SUNSET DR", "city": "Salt Lake City", "county": "SaltLake", "source_srid": "EPSG:4326", "district": "R-1-7000", "zone_label": "Single Family Residential", "district_provenance": "centroid-contains"}}, {"type": "Feature", "geometry": {"type": "Polygon", "coordinates": [[[1520422.511356276, 7460129.918433331], [1520422.8096965004, 7460010.178652452], [1520398.5592857397, 7460010.246609561], [1520348.0581991712, 7460010.388080528], [1520347.7603791824, 7460130.109279335], [1520398.2610327492, 7460129.980196753], [1520422.511356276, 7460129.918433331]]]}, "properties": {"parcel_id": "08224770030000", "crs": "local-feet", "address": "1452 W SUNSET DR", "city": "Salt Lake City", "county": "SaltLake", "source_srid": "EPSG:4326", "district": "R-1-7000", "zone_label": "Single Family Residential", "district_provenance": "centroid-contains"}}, {"type": "Feature", "geometry": {"type": "Polygon", "coordinates": [[[1520497.2623310317, 7460129.727317451], [1520497.5602000991, 7460009.96970262], [1520462.560044164, 7460010.067352769], [1520422.8096965004, 7460010.178652452], [1520422.511356276, 7460129.918433331], [1520462.2618059956, 7460129.816546663], [1520497.2623310317, 7460129.727317451]]]}, "properties": {"parcel_id": "08224770040000", "crs": "local-feet", "address": "1444 W SUNSET DR", "city": "Salt Lake City", "county": "SaltLake", "source_srid": "EPSG:4326", "district": "R-1-7000", "zone_label": "Single Family Residential", "district_provenance": "centroid-contains"}}, {"type": "Feature", "geometry": {"type": "Polygon", "coordinates": [[[1520572.0130569271, 7460129.536428393], [1520572.3111999445, 7460009.760728253], [1520536.5606352605, 7460009.86066632], [1520497.5602000991, 7460009.96970262], [1520497.2623310317, 7460129.727317451], [1520536.2628732894, 7460129.627941966], [1520572.0130569271, 7460129.536428393]]]}, "properties": {"parcel_id": "08224770050000", "crs": "local-feet", "address": "1436 W SUNSET DR", "city": "Salt Lake City", "county": "SaltLake", "source_srid": "EPSG:4326", "district": "R-1-7000", "zone_label": "Single Family Residential", "district_provenance": "centroid-contains"}}, {"type": "Feature", "geometry": {"type": "Polygon", "coordinates": [[[1520646.7637819657, 7460129.3455171725], [1520647.061948918, 7460009.551485141], [1520600.5616425932, 7460009.68176496], [1520572.3111999445, 7460009.760728253], [1520572.0130569271, 7460129.536428393], [1520600.2631466757, 7460129.464155422], [1520646.7637819657, 7460129.3455171725]]]}, "properties": {"parcel_id": "08224770060000", "crs": "local-feet", "address": "1428 W SUNSET DR", "city": "Salt Lake City", "county": "SaltLake", "source_srid": "EPSG:4326", "district": "R-1-7000", "zone_label": "Single Family Residential", "district_provenance": "centroid-contains"}}, {"type": "Feature", "geometry": {"type": "Polygon", "coordinates": [[[1520721.524457037, 7460129.155031305], [1520721.8228960792, 7460009.34241836], [1520664.9723021223, 7460009.501543688], [1520647.061948918, 7460009.551485141], [1520646.7637819657, 7460129.3455171725], [1520664.674068906, 7460129.299787378], [1520721.524457037, 7460129.155031305]]]}, "properties": {"parcel_id": "08224770070000", "crs": "local-feet", "address": "1420 W SUNSET DR", "city": "Salt Lake City", "county": "SaltLake", "source_srid": "EPSG:4326", "district": "R-1-7000", "zone_label": "Single Family Residential", "district_provenance": "centroid-contains"}}, {"type": "Feature", "geometry": {"type": "Polygon", "coordinates": [[[1520796.2754272406, 7460128.963826858], [1520796.5736430085, 7460009.133131008], [1520742.9729197347, 7460009.283069923], [1520721.8228960792, 7460009.34241836], [1520721.524457037, 7460129.155031305], [1520742.6751487842, 7460129.100634101], [1520796.2754272406, 7460128.963826858]]]}, "properties": {"parcel_id": "08224770080000", "crs": "local-feet", "address": "1412 W SUNSET DR", "city": "Salt Lake City", "county": "SaltLake", "source_srid": "EPSG:4326", "district": "R-1-7000", "zone_label": "Single Family Residential", "district_provenance": "centroid-contains"}}, {"type": "Feature", "geometry": {"type": "Polygon", "coordinates": [[[1520871.0263987079, 7460128.773095841], [1520871.3248888515, 7460008.924314637], [1520816.9740054188, 7460009.076475668], [1520796.5736430085, 7460009.133131008], [1520796.2754272406, 7460128.963826858], [1520816.675465044, 7460128.911879849], [1520871.0263987079, 7460128.773095841]]]}, "properties": {"parcel_id": "08224770090000", "crs": "local-feet", "address": "1404 W SUNSET DR", "city": "Salt Lake City", "county": "SaltLake", "source_srid": "EPSG:4326", "district": "R-1-7000", "zone_label": "Single Family Residential", "district_provenance": "centroid-contains"}}, {"type": "Feature", "geometry": {"type": "Polygon", "coordinates": [[[1520935.5771013466, 7460128.608262123], [1520935.8753298218, 7460008.74362764], [1520884.9745418371, 7460008.885932151], [1520871.3248888515, 7460008.924314637], [1520871.0263987079, 7460128.773095841], [1520884.6764987272, 7460128.737931616], [1520935.5771013466, 7460128.608262123]]]}, "properties": {"parcel_id": "08224770100000", "crs": "local-feet", "address": "1396 W SUNSET DR", "city": "Salt Lake City", "county": "SaltLake", "source_srid": "EPSG:4326", "district": "R-1-7000", "zone_label": "Single Family Residential", "district_provenance": "centroid-contains"}}, {"type": "Feature", "geometry": {"type": "Polygon", "coordinates": [[[1521000.3280277902, 7460128.442878925], [1521000.6259959238, 7460008.562391186], [1520948.9757937032, 7460008.706938941], [1520935.8753298218, 7460008.74362764], [1520935.5771013466, 7460128.608262123], [1520948.6772687207, 7460128.574795291], [1521000.3280277902, 7460128.442878925]]]}, "properties": {"parcel_id": "08224770110000", "crs": "local-feet", "address": "1388 W SUNSET DR", "city": "Salt Lake City", "county": "SaltLake", "source_srid": "EPSG:4326", "district": "R-1-7000", "zone_label": "Single Family Residential", "district_provenance": "centroid-contains"}}, {"type": "Feature", "geometry": {"type": "Polygon", "coordinates": [[[1521075.1787350818, 7460128.251787642], [1521075.4769771902, 7460008.352966793], [1521022.9763777938, 7460008.499971592], [1521000.6259959238, 7460008.562391186], [1521000.3280277902, 7460128.442878925], [1521022.678326555, 7460128.38566194], [1521075.1787350818, 7460128.251787642]]]}, "properties": {"parcel_id": "08224770120000", "crs": "local-feet", "address": "1380 W SUNSET DR", "city": "Salt Lake City", "county": "SaltLake", "source_srid": "EPSG:4326", "district": "R-1-7000", "zone_label": "Single Family Residential", "district_provenance": "centroid-contains"}}, {"type": "Feature", "geometry": {"type": "Polygon", "coordinates": [[[1521149.9297008137, 7460128.06065962], [1521150.227970264, 7460008.14400241], [1521086.9771299937, 7460008.320841875], [1521075.4769771902, 7460008.352966793], [1521075.1787350818, 7460128.251787642], [1521086.67859579, 7460128.222141346], [1521149.9297008137, 7460128.06065962]]]}, "properties": {"parcel_id": "08224770130000", "crs": "local-feet", "address": "1372 W SUNSET DR", "city": "Salt Lake City", "county": "SaltLake", "source_srid": "EPSG:4326", "district": "R-1-7000", "zone_label": "Single Family Residential", "district_provenance": "centroid-contains"}}, {"type": "Feature", "geometry": {"type": "Polygon", "coordinates": [[[1521214.680128949, 7460127.895591514], [1521214.978634135, 7460007.962830885], [1521190.0414901196, 7460008.032575053], [1521150.9778825967, 7460008.141877556], [1521150.227970264, 7460008.14400241], [1521149.9297008137, 7460128.06065962], [1521150.6796109832, 7460128.058782514], [1521214.680128949, 7460127.895591514]]]}, "properties": {"parcel_id": "08224770140000", "crs": "local-feet", "address": "1364 W SUNSET DR", "city": "Salt Lake City", "county": "SaltLake", "source_srid": "EPSG:4326", "district": "R-1-7000", "zone_label": "Single Family Residential", "district_provenance": "centroid-contains"}}, {"type": "Feature", "geometry": {"type": "Polygon", "coordinates": [[[1521289.6808143577, 7460127.703931133], [1521289.979345921, 7460007.752838561], [1521214.978634135, 7460007.962830885], [1521214.680128949, 7460127.895591514], [1521289.6808143577, 7460127.703931133]]]}, "properties": {"parcel_id": "08224770150000", "crs": "local-feet", "address": "1358 W SUNSET DR", "city": "Salt Lake City", "county": "SaltLake", "source_srid": "EPSG:4326", "district": "R-1-7000", "zone_label": "Single Family Residential", "district_provenance": "centroid-contains"}}, {"type": "Feature", "geometry": {"type": "Polygon", "coordinates": [[[1521345.6812964736, 7460127.560979538], [1521345.9802835837, 7460007.596507635], [1521289.979345921, 7460007.752838561], [1521289.6808143577, 7460127.703931133], [1521345.6812964736, 7460127.560979538]]]}, "properties": {"parcel_id": "08224770160000", "crs": "local-feet", "address": "1350 W SUNSET DR", "city": "Salt Lake City", "county": "SaltLake", "source_srid": "EPSG:4326", "district": "R-1-7000", "zone_label": "Single Family Residential", "district_provenance": "centroid-contains"}}, {"type": "Feature", "geometry": {"type": "Polygon", "coordinates": [[[1521420.6824771683, 7460127.369217955], [1521420.9812445918, 7460007.3869108455], [1521414.9809484843, 7460007.403601907], [1521345.9802835837, 7460007.596507635], [1521345.6812964736, 7460127.560979538], [1521414.6824530847, 7460127.384669109], [1521420.6824771683, 7460127.369217955]]]}, "properties": {"parcel_id": "08224770170000", "crs": "local-feet", "address": "1344 W SUNSET DR", "city": "Salt Lake City", "county": "SaltLake", "source_srid": "EPSG:4326", "district": "R-1-7000", "zone_label": "Single Family Residential", "district_provenance": "centroid-contains"}}, {"type": "Feature", "geometry": {"type": "Polygon", "coordinates": [[[1521497.5408997769, 7460127.173472814], [1521497.3059273935, 7460007.172919211], [1521467.9819827862, 7460007.255024518], [1521420.9812445918, 7460007.3869108455], [1521420.6824771683, 7460127.369217955], [1521467.682796136, 7460127.249224634], [1521497.5408997769, 7460127.173472814]]]}, "properties": {"parcel_id": "08224770180000", "crs": "local-feet", "address": "1336 W SUNSET DR", "city": "Salt Lake City", "county": "SaltLake", "source_srid": "EPSG:4326", "district": "R-1-7000", "zone_label": "Single Family Residential", "district_provenance": "centroid-contains"}}, {"type": "Feature", "geometry": {"type": "Polygon", "coordinates": [[[1522547.0338926967, 7461095.095982912], [1522545.765746192, 7460167.975256795], [1522495.1052766095, 7460382.063258135], [1522387.6473321267, 7460835.816626167], [1521639.8692914576, 7460835.8188737035], [1521639.8686025909, 7461123.9460609555], [1521462.4926639954, 7461123.946636316], [1521462.4921696673, 7461520.824393403], [1522171.7541727468, 7461520.822584427], [1522266.4370037485, 7461102.301144397], [1522547.0338926967, 7461095.095982912]]]}, "properties": {"parcel_id": "08233510010000", "crs": "local-feet", "address": "1589 N 1200 W", "city": "Salt Lake City", "county": "SaltLake", "source_srid": "EPSG:4326", "district": "OS", "zone_label": "Open Space", "district_provenance": "centroid-contains"}}, {"type": "Feature", "geometry": {"type": "Polygon", "coordinates": [[[1522495.1052766095, 7460382.063258135], [1522364.6091414837, 7460270.783952996], [1522169.2546469576, 7460059.047067558], [1522151.2639469907, 7460068.357564297], [1522132.9427349044, 7460076.998680481], [1522103.2045492625, 7460089.32719294], [1522072.7961052305, 7460099.894053684], [1522041.8206932982, 7460108.6625988865], [1522006.193782493, 7460116.384033985], [1521970.1341674728, 7460121.726494587], [1521966.6555498072, 7460122.113799971], [1521963.1743348422, 7460122.478075471], [1521960.1892538082, 7460122.773327551], [1521957.2018534217, 7460123.051742509], [1521954.2245716595, 7460123.313508698], [1521932.2066686214, 7460124.741697221], [1521910.1487195361, 7460125.285549372], [1521902.4188791302, 7460125.321053119], [1521875.419151884, 7460125.444082107], [1521837.4193658307, 7460125.618321717], [1521800.419446573, 7460125.787335011], [1521783.4194168989, 7460125.865048827], [1521725.4194927055, 7460126.130568531], [1521715.4200446282, 7460126.176017176], [1521650.4202833627, 7460126.473530011], [1521639.8704123162, 7460126.52214441], [1521639.8692914576, 7460835.8188737035], [1522387.6473321267, 7460835.816626167], [1522495.1052766095, 7460382.063258135]]]}, "properties": {"parcel_id": "08233510030000", "crs": "local-feet", "address": "1386 N REDWOOD RD", "city": "Salt Lake City", "county": "SaltLake", "source_srid": "EPSG:4326", "district": "OS", "zone_label": "Open Space", "district_provenance": "centroid-contains"}}, {"type": "Feature", "geometry": {"type": "Polygon", "coordinates": [[[1522545.765746192, 7460167.975256795], [1522545.1456086445, 7459705.625806315], [1522514.2777080694, 7459705.76704302], [1522431.1705575346, 7459805.734607329], [1522415.8278759194, 7459824.190167072], [1522376.831592914, 7459871.098217798], [1522354.0218557853, 7459898.535512152], [1522330.3678410847, 7459926.987990659], [1522312.2631703152, 7459947.690380292], [1522293.1447384788, 7459967.461511721], [1522291.358736741, 7459969.210642464], [1522289.204988328, 7459971.298995386], [1522287.0397420505, 7459973.375510022], [1522284.498749425, 7459975.7828607205], [1522281.9432535805, 7459978.173927545], [1522279.7036087778, 7459980.2443550145], [1522251.8156212058, 7460004.21422573], [1522222.3873472284, 7460026.265514147], [1522196.2865992868, 7460043.411130189], [1522169.2546469576, 7460059.047067558], [1522364.6091414837, 7460270.783952996], [1522495.1052766095, 7460382.063258135], [1522545.765746192, 7460167.975256795]]]}, "properties": {"parcel_id": "08233510040000", "crs": "local-feet", "address": "1385 N 1200 W", "city": "Salt Lake City", "county": "SaltLake", "source_srid": "EPSG:4326", "district": "OS", "zone_label": "Open Space", "district_provenance": "centroid-contains"}}, {"type": "Feature", "geometry": {"type": "Polygon", "coordinates": [[[1521572.5403557417, 7460126.830047146], [1521572.3055005108, 7460006.829989646], [1521528.8957564116, 7460007.028433996], [1521497.3059273935, 7460007.172919211], [1521497.5408997769, 7460127.173472814], [1521529.1308234495, 7460127.028738915], [1521572.5403557417, 7460126.830047146]]]}, "properties": {"parcel_id": "08233520010000", "crs": "local-feet", "address": "1328 W SUNSET DR", "city": "Salt Lake City", "county": "SaltLake", "source_srid": "EPSG:4326", "district": "R-1-7000", "zone_label": "Single Family Residential", "district_provenance": "centroid-contains"}}, {"type": "Feature", "geometry": {"type": "Polygon", "coordinates": [[[1521639.8704123162, 7460126.52214441], [1521650.4202833627, 7460126.473530011], [1521650.1848127786, 7460006.473972168], [1521585.185481389, 7460006.771157069], [1521572.3055005108, 7460006.829989646], [1521572.5403557417, 7460126.830047146], [1521585.4207708486, 7460126.7709645135], [1521639.8704123162, 7460126.52214441]]]}, "properties": {"parcel_id": "08233520020000", "crs": "local-feet", "address": "1320 W SUNSET DR", "city": "Salt Lake City", "county": "SaltLake", "source_srid": "EPSG:4326", "district": "R-1-7000", "zone_label": "Single Family Residential", "district_provenance": "centroid-contains"}}, {"type": "Feature", "geometry": {"type": "Polygon", "coordinates": [[[1521725.4194927055, 7460126.130568531], [1521725.184881896, 7460006.130759863], [1521715.1846412707, 7460006.176707731], [1521650.1848127786, 7460006.473972168], [1521650.4202833627, 7460126.473530011], [1521715.4200446282, 7460126.176017176], [1521725.4194927055, 7460126.130568531]]]}, "properties": {"parcel_id": "08233520030000", "crs": "local-feet", "address": "1312 W SUNSET DR", "city": "Salt Lake City", "county": "SaltLake", "source_srid": "EPSG:4326", "district": "R-1-7000", "zone_label": "Single Family Residential", "district_provenance": "centroid-contains"}}, {"type": "Feature", "geometry": {"type": "Polygon", "coordinates": [[[1521800.419446573, 7460125.787335011], [1521800.1842067193, 7460005.788026071], [1521783.1840943964, 7460005.865740008], [1521725.184881896, 7460006.130759863], [1521725.4194927055, 7460126.130568531], [1521783.4194168989, 7460125.865048827], [1521800.419446573, 7460125.787335011]]]}, "properties": {"parcel_id": "08233520040000", "crs": "local-feet", "address": "1304 W SUNSET DR", "city": "Salt Lake City", "county": "SaltLake", "source_srid": "EPSG:4326", "district": "R-1-7000", "zone_label": "Single Family Residential", "district_provenance": "centroid-contains"}}, {"type": "Feature", "geometry": {"type": "Polygon", "coordinates": [[[1521875.419151884, 7460125.444082107], [1521875.1837776154, 7460005.4447749], [1521837.1838050645, 7460005.61851928], [1521800.1842067193, 7460005.788026071], [1521800.419446573, 7460125.787335011], [1521837.4193658307, 7460125.618321717], [1521875.419151884, 7460125.444082107]]]}, "properties": {"parcel_id": "08233520050000", "crs": "local-feet", "address": "1296 W SUNSET DR", "city": "Salt Lake City", "county": "SaltLake", "source_srid": "EPSG:4326", "district": "R-1-7000", "zone_label": "Single Family Residential", "district_provenance": "centroid-contains"}}, {"type": "Feature", "geometry": {"type": "Polygon", "coordinates": [[[1521954.2245716595, 7460123.313508698], [1521947.0456130542, 7460004.321655221], [1521921.0837573716, 7460005.235022206], [1521902.1836333214, 7460005.321250135], [1521875.1837776154, 7460005.4447749], [1521875.419151884, 7460125.444082107], [1521902.4188791302, 7460125.321053119], [1521910.1487195361, 7460125.285549372], [1521932.2066686214, 7460124.741697221], [1521954.2245716595, 7460123.313508698]]]}, "properties": {"parcel_id": "08233520060000", "crs": "local-feet", "address": "1288 W SUNSET DR", "city": "Salt Lake City", "county": "SaltLake", "source_srid": "EPSG:4326", "district": "R-1-7000", "zone_label": "Single Family Residential", "district_provenance": "centroid-contains"}}, {"type": "Feature", "geometry": {"type": "Polygon", "coordinates": [[[1522041.8206932982, 7460108.6625988865], [1522014.5781000117, 7459994.312970339], [1521987.1173132323, 7459999.737216853], [1521959.356745765, 7460003.326428706], [1521956.8675578572, 7460003.556871499], [1521954.3765599641, 7460003.772952363], [1521951.8847424379, 7460003.973675409], [1521949.3916127444, 7460004.160034158], [1521947.0456130542, 7460004.321655221], [1521954.2245716595, 7460123.313508698], [1521957.2018534217, 7460123.051742509], [1521960.1892538082, 7460122.773327551], [1521963.1743348422, 7460122.478075471], [1521966.6555498072, 7460122.113799971], [1521970.1341674728, 7460121.726494587], [1522006.193782493, 7460116.384033985], [1522041.8206932982, 7460108.6625988865]]]}, "properties": {"parcel_id": "08233520070000", "crs": "local-feet", "address": "1280 W SUNSET DR", "city": "Salt Lake City", "county": "SaltLake", "source_srid": "EPSG:4326", "district": "R-1-7000", "zone_label": "Single Family Residential", "district_provenance": "centroid-contains"}}, {"type": "Feature", "geometry": {"type": "Polygon", "coordinates": [[[1522132.9427349044, 7460076.998680481], [1522085.7268017111, 7459970.949767821], [1522062.48702879, 7459980.14074297], [1522038.7426506954, 7459987.937695834], [1522014.5781000117, 7459994.312970339], [1522041.8206932982, 7460108.6625988865], [1522072.7961052305, 7460099.894053684], [1522103.2045492625, 7460089.32719294], [1522132.9427349044, 7460076.998680481]]]}, "properties": {"parcel_id": "08233520080000", "crs": "local-feet", "address": "1272 W SUNSET DR", "city": "Salt Lake City", "county": "SaltLake", "source_srid": "EPSG:4326", "district": "R-1-7000", "zone_label": "Single Family Residential", "district_provenance": "centroid-contains"}}, {"type": "Feature", "geometry": {"type": "Polygon", "coordinates": [[[1522169.2546469576, 7460059.047067558], [1522196.2865992868, 7460043.411130189], [1522222.3873472284, 7460026.265514147], [1522157.5074103333, 7459931.386729894], [1522134.454478956, 7459946.12045919], [1522110.49387206, 7459959.3267984735], [1522085.7268017111, 7459970.949767821], [1522132.9427349044, 7460076.998680481], [1522151.2639469907, 7460068.357564297], [1522169.2546469576, 7460059.047067558]]]}, "properties": {"parcel_id": "08233520090000", "crs": "local-feet", "address": "1262 W SUNSET DR", "city": "Salt Lake City", "county": "SaltLake", "source_srid": "EPSG:4326", "district": "R-1-7000", "zone_label": "Single Family Residential", "district_provenance": "centroid-contains"}}, {"type": "Feature", "geometry": {"type": "Polygon", "coordinates": [[[1522293.1447384788, 7459967.461511721], [1522213.466409806, 7459885.462410316], [1522211.3121583234, 7459887.549788317], [1522209.1426637487, 7459889.622372585], [1522207.324166144, 7459891.337724839], [1522205.127920384, 7459893.381447178], [1522203.1700294104, 7459895.17923048], [1522180.9656739216, 7459914.073480602], [1522157.5074103333, 7459931.386729894], [1522222.3873472284, 7460026.265514147], [1522251.8156212058, 7460004.21422573], [1522279.7036087778, 7459980.2443550145], [1522281.9432535805, 7459978.173927545], [1522284.498749425, 7459975.7828607205], [1522287.0397420505, 7459973.375510022], [1522289.204988328, 7459971.298995386], [1522291.358736741, 7459969.210642464], [1522293.1447384788, 7459967.461511721]]]}, "properties": {"parcel_id": "08233520100000", "crs": "local-feet", "address": "1252 W SUNSET DR", "city": "Salt Lake City", "county": "SaltLake", "source_srid": "EPSG:4326", "district": "R-1-7000", "zone_label": "Single Family Residential", "district_provenance": "centroid-contains"}}, {"type": "Feature", "geometry": {"type": "Polygon", "coordinates": [[[1522771.8719626074, 7460099.4919417165], [1522771.7908486119, 7460054.404612896], [1522771.7833400134, 7460050.258414211], [1522625.592273106, 7460050.258560912], [1522625.6600654917, 7460099.758049709], [1522771.8719626074, 7460099.4919417165]]]}, "properties": {"parcel_id": "08233530050000", "crs": "local-feet", "address": "1400 N 1200 W", "city": "Salt Lake City", "county": "SaltLake", "source_srid": "EPSG:4326", "district": "OS", "zone_label": "Open Space", "district_provenance": "centroid-contains"}}, {"type": "Feature", "geometry": {"type": "Polygon", "coordinates": [[[1522771.7833400134, 7460050.258414211], [1522771.602300078, 7459950.259098897], [1522625.455415587, 7459950.2595264865], [1522625.592273106, 7460050.258560912], [1522771.7833400134, 7460050.258414211]]]}, "properties": {"parcel_id": "08233530060000", "crs": "local-feet", "address": "1380 N 1200 W", "city": "Salt Lake City", "county": "SaltLake", "source_srid": "EPSG:4326", "district": "OS", "zone_label": "Open Space", "district_provenance": "centroid-contains"}}, {"type": "Feature", "geometry": {"type": "Polygon", "coordinates": [[[1522771.602300078, 7459950.259098897], [1522771.5587899424, 7459926.020299893], [1522771.551465914, 7459900.759483206], [1522625.3876261723, 7459900.760236734], [1522625.455415587, 7459950.2595264865], [1522771.602300078, 7459950.259098897]]]}, "properties": {"parcel_id": "08233530070000", "crs": "local-feet", "address": "1400 N 1200 W", "city": "Salt Lake City", "county": "SaltLake", "source_srid": "EPSG:4326", "district": "OS", "zone_label": "Open Space", "district_provenance": "centroid-contains"}}, {"type": "Feature", "geometry": {"type": "Polygon", "coordinates": [[[1522772.8178557612, 7460623.124792177], [1522772.0616745653, 7460204.405167165], [1522771.8719626074, 7460099.4919417165], [1522625.6600654917, 7460099.758049709], [1522626.3767458748, 7460623.39176078], [1522772.8178557612, 7460623.124792177]]]}, "properties": {"parcel_id": "08233530110000", "crs": "local-feet", "address": "1400 N 1200 W", "city": "Salt Lake City", "county": "SaltLake", "source_srid": "EPSG:4326", "district": "OS", "zone_label": "Open Space", "district_provenance": "centroid-contains"}}, {"type": "Feature", "geometry": {"type": "Polygon", "coordinates": [[[1522962.2461564369, 7460304.150747643], [1522962.155267806, 7460254.150538345], [1522822.1549771186, 7460254.405607633], [1522822.2458994985, 7460304.405818424], [1522822.3368246222, 7460354.40642461], [1522962.337294992, 7460354.151103421], [1522962.2461564369, 7460304.150747643]]]}, "properties": {"parcel_id": "08233780010000", "crs": "local-feet", "address": "1400 N 1200 W", "city": "Salt Lake City", "county": "SaltLake", "source_srid": "EPSG:4326", "district": "OS", "zone_label": "Open Space", "district_provenance": "centroid-contains"}}, {"type": "Feature", "geometry": {"type": "Polygon", "coordinates": [[[1523722.5547946948, 7460302.767042258], [1523722.4639487474, 7460252.7668416295], [1523622.4635099734, 7460252.948857497], [1523522.463318235, 7460253.131028202], [1523522.5538217924, 7460303.131232784], [1523522.64457383, 7460353.131336044], [1523522.735576334, 7460403.131585733], [1523522.826332104, 7460453.132231964], [1523522.9168372948, 7460503.132283702], [1523523.0078421992, 7460553.132728448], [1523623.0083148943, 7460552.950549375], [1523723.0087859875, 7460552.768526386], [1523722.917937145, 7460502.768330993], [1523722.8270875225, 7460452.76778769], [1523722.736238902, 7460402.767392002], [1523722.645393007, 7460352.767391666], [1523722.5547946948, 7460302.767042258]]]}, "properties": {"parcel_id": "08233780020000", "crs": "local-feet", "address": "1434 N 1200 W # NFF2", "city": "Salt Lake City", "county": "SaltLake", "source_srid": "EPSG:4326", "district": "OS", "zone_label": "Open Space", "district_provenance": "centroid-contains"}}, {"type": "Feature", "geometry": {"type": "Polygon", "coordinates": [[[1524027.3044575006, 7460252.21162291], [1524012.464733555, 7460252.238506329], [1523912.4645504963, 7460252.420588822], [1523912.645972279, 7460352.420886836], [1523912.8276480841, 7460452.421774072], [1523912.9186104666, 7460502.422066834], [1523932.9186169927, 7460502.422138105], [1523951.8063894259, 7460452.35116665], [1523989.5553928176, 7460352.281193648], [1524012.5359557846, 7460291.36216586], [1524027.3044575006, 7460252.21162291]]]}, "properties": {"parcel_id": "08233790010000", "crs": "local-feet", "address": "1434 N 1200 W # NFF3", "city": "Salt Lake City", "county": "SaltLake", "source_srid": "EPSG:4326", "district": "OS", "zone_label": "Open Space", "district_provenance": "centroid-contains"}}, {"type": "Feature", "geometry": {"type": "Polygon", "coordinates": [[[1523964.4373805784, 7460529.0356122255], [1523993.6683330121, 7460452.274746853], [1524012.7375572906, 7460402.408766173], [1524031.936346378, 7460352.204134174], [1524070.2044228977, 7460252.133429844], [1524027.3044575006, 7460252.21162291], [1524012.5359557846, 7460291.36216586], [1523989.5553928176, 7460352.281193648], [1523951.8063894259, 7460452.35116665], [1523932.9186169927, 7460502.422138105], [1523912.9186104666, 7460502.422066834], [1523913.0093243327, 7460552.422260661], [1523955.4001356107, 7460552.345516793], [1523964.4373805784, 7460529.0356122255]]]}, "properties": {"parcel_id": "08233790020000", "crs": "local-feet", "address": "1444 N 1200 W", "city": "Salt Lake City", "county": "SaltLake", "source_srid": "EPSG:4326", "district": "OS", "zone_label": "Open Space", "district_provenance": "centroid-contains"}}, {"type": "Feature", "geometry": {"type": "Polygon", "coordinates": [[[1522961.701827639, 7460004.1492235], [1522961.6109435032, 7459954.149156535], [1522821.6099493445, 7459954.403723728], [1522821.7008686746, 7460004.4040399585], [1522821.791789572, 7460054.404503789], [1522771.7908486119, 7460054.404612896], [1522771.8719626074, 7460099.4919417165], [1522772.0616745653, 7460204.405167165], [1522822.0643034931, 7460204.405295471], [1522962.0648780137, 7460204.150474232], [1522961.973989615, 7460154.150064627], [1522961.8831016065, 7460104.149554815], [1522961.7924647, 7460054.14943923], [1522961.701827639, 7460004.1492235]]]}, "properties": {"parcel_id": "08233800010000", "crs": "local-feet", "address": "1400 N 1200 W # NFF1", "city": "Salt Lake City", "county": "SaltLake", "source_srid": "EPSG:4326", "district": "OS", "zone_label": "Open Space", "district_provenance": "centroid-contains"}}, {"type": "Feature", "geometry": {"type": "Polygon", "coordinates": [[[1523471.7035199874, 7460003.2203202145], [1523471.6126695229, 7459953.220011306], [1523331.6119435835, 7459953.475163013], [1523331.7025782547, 7460003.475226819], [1523331.7934631307, 7460053.475437047], [1523331.8845990994, 7460103.476041462], [1523331.9754850923, 7460153.476299145], [1523332.0663714812, 7460203.476456674], [1523472.0666801317, 7460203.221546562], [1523471.9758265978, 7460153.221142713], [1523471.884974344, 7460103.220886499], [1523471.79437084, 7460053.2205289705], [1523471.7035199874, 7460003.2203202145]]]}, "properties": {"parcel_id": "08233810010000", "crs": "local-feet", "address": "1400 N 1200 W", "city": "Salt Lake City", "county": "SaltLake", "source_srid": "EPSG:4326", "district": "OS", "zone_label": "Open Space", "district_provenance": "centroid-contains"}}, {"type": "Feature", "geometry": {"type": "Polygon", "coordinates": [[[1523721.7042851057, 7460002.765279815], [1523721.6134403849, 7459952.76472603], [1523621.61303368, 7459952.9467359735], [1523521.6128742886, 7459953.128900781], [1523521.7038738858, 7460003.129456178], [1523521.7943751568, 7460053.129666013], [1523521.8851251716, 7460103.129774478], [1523521.9761251158, 7460153.130029414], [1523522.0668788697, 7460203.130680919], [1523622.0670224323, 7460202.9482626], [1523722.0674144751, 7460202.766246864], [1523721.9765684141, 7460152.765845937], [1523721.8857233583, 7460102.765592599], [1523721.7951284938, 7460052.765485697], [1523721.7042851057, 7460002.765279815]]]}, "properties": {"parcel_id": "08233820040000", "crs": "local-feet", "address": "1400 N 1200 W # NFF3", "city": "Salt Lake City", "county": "SaltLake", "source_srid": "EPSG:4326", "district": "OS", "zone_label": "Open Space", "district_provenance": "centroid-contains"}}, {"type": "Feature", "geometry": {"type": "Polygon", "coordinates": [[[1524046.2382988425, 7460202.175935517], [1524065.3351351458, 7460152.140388313], [1524103.5283006723, 7460052.0702806525], [1524111.7962596503, 7460052.05523643], [1524111.7700762923, 7460037.635218297], [1524111.7575077417, 7460030.510065958], [1524111.614655125, 7459952.054733197], [1524011.614506897, 7459952.236901565], [1523911.6138586344, 7459952.418980564], [1523911.7957731946, 7460052.419486965], [1523911.9771944229, 7460152.420338401], [1523912.068153259, 7460202.420488834], [1524012.0685382192, 7460202.238405305], [1524046.2382988425, 7460202.175935517]]]}, "properties": {"parcel_id": "08233830010000", "crs": "local-feet", "address": "1400 N 1200 W", "city": "Salt Lake City", "county": "SaltLake", "source_srid": "EPSG:4326", "district": "OS", "zone_label": "Open Space", "district_provenance": "centroid-contains"}}, {"type": "Feature", "geometry": {"type": "Polygon", "coordinates": [[[1524163.6874041432, 7459894.446792251], [1524111.6149806876, 7459894.447227482], [1524111.614655125, 7459952.054733197], [1524111.7575077417, 7460030.510065958], [1524163.6874041432, 7459894.446792251]]]}, "properties": {"parcel_id": "08234510010000", "crs": "local-feet", "address": "1398 N 1200 W", "city": "Salt Lake City", "county": "SaltLake", "source_srid": "EPSG:4326", "district": "OS", "zone_label": "Open Space", "district_provenance": "centroid-contains"}}, {"type": "Feature", "geometry": {"type": "Polygon", "coordinates": [[[1524163.6874041432, 7459894.446792251], [1524111.7575077417, 7460030.510065958], [1524111.7700762923, 7460037.635218297], [1524111.7962596503, 7460052.05523643], [1524111.96141937, 7460142.939637184], [1524165.1825627533, 7460003.767055891], [1524206.9875692995, 7459894.446993334], [1524163.6874041432, 7459894.446792251]]]}, "properties": {"parcel_id": "08234510020000", "crs": "local-feet", "address": "1398 N 1200 W", "city": "Salt Lake City", "county": "SaltLake", "source_srid": "EPSG:4326", "district": "OS", "zone_label": "Open Space", "district_provenance": "centroid-contains"}}, {"type": "Feature", "geometry": {"type": "Polygon", "coordinates": [[[1525005.107481352, 7460081.688125577], [1525005.000062885, 7460057.250559269], [1524980.000463484, 7460057.405729057], [1524955.0008619716, 7460057.560428528], [1524930.0012609288, 7460057.715153225], [1524905.0011622552, 7460057.869905531], [1524905.5490674886, 7460182.856769975], [1524880.5493440889, 7460183.011545573], [1524855.5496206162, 7460183.166346425], [1524830.549898766, 7460183.3214202635], [1524805.5501759546, 7460183.476271589], [1524780.5504521807, 7460183.630900347], [1524755.5509795547, 7460183.78604877], [1524743.0509929382, 7460183.8632619195], [1524725.909529535, 7460249.971642935], [1524706.2957749274, 7460330.17913023], [1524695.2980438452, 7460375.153429991], [1524691.8696988164, 7460389.173883747], [1524681.8053184864, 7460430.332785561], [1524661.2112167338, 7460514.549488004], [1524645.0454192378, 7460580.6497674845], [1524633.1748886076, 7460705.846437243], [1524654.559441198, 7460705.702610588], [1524669.4483270154, 7460656.917883869], [1524693.6220200846, 7460580.321635538], [1524707.544260994, 7460559.110596281], [1524737.1291944345, 7460514.036918099], [1524819.6041832666, 7460388.382567508], [1524828.8302499182, 7460374.326398562], [1524911.20564994, 7460248.824006792], [1524954.7041047702, 7460182.552222466], [1524955.5482650714, 7460182.547047863], [1524980.5482376837, 7460182.392346844], [1525005.548457102, 7460182.237174349], [1525005.2124530065, 7460105.60064981], [1525005.107481352, 7460081.688125577]]]}, "properties": {"parcel_id": "08234530130000", "crs": "local-feet", "address": "935 W EVERETT AVE", "city": "Salt Lake City", "county": "SaltLake", "source_srid": "EPSG:4326", "district": "M-2", "zone_label": "Heavy Manufacturing", "district_provenance": "centroid-contains"}}, {"type": "Feature", "geometry": {"type": "Polygon", "coordinates": [[[1524957.2077148561, 7460512.550759119], [1524956.5793363852, 7460387.534207441], [1524931.5798195296, 7460387.688931222], [1524906.5800553947, 7460387.843929146], [1524881.5802900176, 7460387.998704564], [1524856.5805251135, 7460388.153505208], [1524857.20892323, 7460513.226051487], [1524882.2082487878, 7460513.057378091], [1524907.2083181564, 7460512.8882309375], [1524932.2078925176, 7460512.71960689], [1524957.2077148561, 7460512.550759119]]]}, "properties": {"parcel_id": "08234540010000", "crs": "local-feet", "address": "915 W 1500 N", "city": "Salt Lake City", "county": "SaltLake", "source_srid": "EPSG:4326", "district": "M-2", "zone_label": "Heavy Manufacturing", "district_provenance": "centroid-contains"}}, {"type": "Feature", "geometry": {"type": "Polygon", "coordinates": [[[1524956.5793363852, 7460387.534207441], [1524957.2077148561, 7460512.550759119], [1524982.2072873495, 7460512.381690002], [1525007.2071112897, 7460512.213140498], [1525006.5788659155, 7460387.224337769], [1524981.579102347, 7460387.379507747], [1524956.5793363852, 7460387.534207441]]]}, "properties": {"parcel_id": "08234540020000", "crs": "local-feet", "address": "1487 N 900 W", "city": "Salt Lake City", "county": "SaltLake", "source_srid": "EPSG:4326", "district": "M-2", "zone_label": "Heavy Manufacturing", "district_provenance": "centroid-contains"}}, {"type": "Feature", "geometry": {"type": "Polygon", "coordinates": [[[1525006.3826977978, 7460348.226050823], [1524981.385628354, 7460348.38071276], [1524956.3885602637, 7460348.535647728], [1524956.508847713, 7460373.53555404], [1524981.508626373, 7460373.380606476], [1525006.508156595, 7460373.225685315], [1525006.3826977978, 7460348.226050823]]]}, "properties": {"parcel_id": "08234540030000", "crs": "local-feet", "address": "1461 N 900 W", "city": "Salt Lake City", "county": "SaltLake", "source_srid": "EPSG:4326", "district": "M-2", "zone_label": "Heavy Manufacturing", "district_provenance": "centroid-contains"}}, {"type": "Feature", "geometry": {"type": "Polygon", "coordinates": [[[1525006.3826977978, 7460348.226050823], [1525005.88016099, 7460248.237176528], [1524980.8931891394, 7460248.3920394145], [1524955.9059702826, 7460248.547176393], [1524956.3885602637, 7460348.535647728], [1524981.385628354, 7460348.38071276], [1525006.3826977978, 7460348.226050823]]]}, "properties": {"parcel_id": "08234540040000", "crs": "local-feet", "address": "1459 N 900 W", "city": "Salt Lake City", "county": "SaltLake", "source_srid": "EPSG:4326", "district": "M-2", "zone_label": "Heavy Manufacturing", "district_provenance": "centroid-contains"}}, {"type": "Feature", "geometry": {"type": "Polygon", "coordinates": [[[1524857.20892323, 7460513.226051487], [1524856.5805251135, 7460388.153505208], [1524831.5810101968, 7460388.308577689], [1524819.6041832666, 7460388.382567508], [1524737.1291944345, 7460514.036918099], [1524757.2096355935, 7460513.901254425], [1524782.209457527, 7460513.732477763], [1524807.209032208, 7460513.5639752755], [1524832.2091009058, 7460513.394752412], [1524857.20892323, 7460513.226051487]]]}, "properties": {"parcel_id": "08234540060000", "crs": "local-feet", "address": "929 W 1500 N", "city": "Salt Lake City", "county": "SaltLake", "source_srid": "EPSG:4326", "district": "M-2", "zone_label": "Heavy Manufacturing", "district_provenance": "centroid-contains"}}, {"type": "Feature", "geometry": {"type": "Polygon", "coordinates": [[[1524956.508847713, 7460373.53555404], [1524956.3885602637, 7460348.535647728], [1524955.9059702826, 7460248.547176393], [1524955.5482650714, 7460182.547047863], [1524954.7041047702, 7460182.552222466], [1524911.20564994, 7460248.824006792], [1524828.8302499182, 7460374.326398562], [1524831.5106980628, 7460374.309675835], [1524856.510478338, 7460374.155097602], [1524881.5100087402, 7460374.000298009], [1524906.5097856591, 7460373.845027008], [1524931.5093164514, 7460373.690277891], [1524956.508847713, 7460373.53555404]]]}, "properties": {"parcel_id": "08234540070000", "crs": "local-feet", "address": "912 W EVERETT AVE", "city": "Salt Lake City", "county": "SaltLake", "source_srid": "EPSG:4326", "district": "M-2", "zone_label": "Heavy Manufacturing", "district_provenance": "centroid-contains"}}, {"type": "Feature", "geometry": {"type": "Polygon", "coordinates": [[[1525148.0440015243, 7460511.412260671], [1525147.4682040447, 7460386.370437927], [1525122.4607287028, 7460386.525501575], [1525097.4532526808, 7460386.680342712], [1525072.4455293717, 7460386.835458061], [1525072.9940427197, 7460511.919032413], [1525098.010779263, 7460511.750248014], [1525123.0272648123, 7460511.580994527], [1525148.0440015243, 7460511.412260671]]]}, "properties": {"parcel_id": "08234560010000", "crs": "local-feet", "address": "885 W 1500 N", "city": "Salt Lake City", "county": "SaltLake", "source_srid": "EPSG:4326", "district": "M-2", "zone_label": "Heavy Manufacturing", "district_provenance": "centroid-contains"}}, {"type": "Feature", "geometry": {"type": "Polygon", "coordinates": [[[1525223.093959758, 7460510.905220864], [1525222.490631569, 7460385.9056462245], [1525197.4831559153, 7460386.060634151], [1525172.4756804607, 7460386.215647292], [1525147.4682040447, 7460386.370437927], [1525148.0440015243, 7460511.412260671], [1525173.0607373067, 7460511.243304327], [1525198.077722223, 7460511.074372107], [1525223.093959758, 7460510.905220864]]]}, "properties": {"parcel_id": "08234560020000", "crs": "local-feet", "address": "881 W 1500 N", "city": "Salt Lake City", "county": "SaltLake", "source_srid": "EPSG:4326", "district": "M-2", "zone_label": "Heavy Manufacturing", "district_provenance": "centroid-contains"}}, {"type": "Feature", "geometry": {"type": "Polygon", "coordinates": [[[1525273.1271842574, 7460510.567486244], [1525272.5055837343, 7460385.59574617], [1525247.4981088417, 7460385.75093135], [1525222.490631569, 7460385.9056462245], [1525223.093959758, 7460510.905220864], [1525248.110945122, 7460510.736339184], [1525273.1271842574, 7460510.567486244]]]}, "properties": {"parcel_id": "08234560030000", "crs": "local-feet", "address": "871 W 1500 N", "city": "Salt Lake City", "county": "SaltLake", "source_srid": "EPSG:4326", "district": "M-2", "zone_label": "Heavy Manufacturing", "district_provenance": "centroid-contains"}}, {"type": "Feature", "geometry": {"type": "Polygon", "coordinates": [[[1525373.194131179, 7460509.891822424], [1525372.5352403477, 7460384.976002524], [1525347.5277643974, 7460385.131086648], [1525322.5202877666, 7460385.2859483175], [1525323.1604084997, 7460510.229604943], [1525348.1773936069, 7460510.0605765935], [1525373.194131179, 7460509.891822424]]]}, "properties": {"parcel_id": "08234560050000", "crs": "local-feet", "address": "859 W 1500 N", "city": "Salt Lake City", "county": "SaltLake", "source_srid": "EPSG:4326", "district": "M-2", "zone_label": "Heavy Manufacturing", "district_provenance": "centroid-contains"}}, {"type": "Feature", "geometry": {"type": "Polygon", "coordinates": [[[1525372.5352403477, 7460384.976002524], [1525373.194131179, 7460509.891822424], [1525398.2106180415, 7460509.722599162], [1525423.2273537603, 7460509.553400028], [1525422.5504443673, 7460384.666652107], [1525397.5427173665, 7460384.8211913705], [1525372.5352403477, 7460384.976002524]]]}, "properties": {"parcel_id": "08234560060000", "crs": "local-feet", "address": "853 W 1500 N", "city": "Salt Lake City", "county": "SaltLake", "source_srid": "EPSG:4326", "district": "M-2", "zone_label": "Heavy Manufacturing", "district_provenance": "centroid-contains"}}, {"type": "Feature", "geometry": {"type": "Polygon", "coordinates": [[[1525122.3970525893, 7460372.527559606], [1525121.8304865253, 7460247.518942136], [1525096.8330677706, 7460247.673736628], [1525071.8356477823, 7460247.828308657], [1525072.3840644013, 7460372.837753587], [1525097.3905595476, 7460372.682891726], [1525122.3970525893, 7460372.527559606]]]}, "properties": {"parcel_id": "08234560070000", "crs": "local-feet", "address": "894 W EVERETT AVE", "city": "Salt Lake City", "county": "SaltLake", "source_srid": "EPSG:4326", "district": "M-2", "zone_label": "Heavy Manufacturing", "district_provenance": "centroid-contains"}}, {"type": "Feature", "geometry": {"type": "Polygon", "coordinates": [[[1525147.4035481266, 7460372.372748244], [1525146.8276545305, 7460247.36367851], [1525121.8304865253, 7460247.518942136], [1525122.3970525893, 7460372.527559606], [1525147.4035481266, 7460372.372748244]]]}, "properties": {"parcel_id": "08234560080000", "crs": "local-feet", "address": "888 W EVERETT AVE", "city": "Salt Lake City", "county": "SaltLake", "source_srid": "EPSG:4326", "district": "M-2", "zone_label": "Heavy Manufacturing", "district_provenance": "centroid-contains"}}, {"type": "Feature", "geometry": {"type": "Polygon", "coordinates": [[[1525172.4100427132, 7460372.217714383], [1525171.8250736722, 7460247.208934433], [1525146.8276545305, 7460247.36367851], [1525147.4035481266, 7460372.372748244], [1525172.4100427132, 7460372.217714383]]]}, "properties": {"parcel_id": "08234560090000", "crs": "local-feet", "address": "882 W EVERETT AVE", "city": "Salt Lake City", "county": "SaltLake", "source_srid": "EPSG:4326", "district": "M-2", "zone_label": "Heavy Manufacturing", "district_provenance": "centroid-contains"}}, {"type": "Feature", "geometry": {"type": "Polygon", "coordinates": [[[1525222.4227872896, 7460371.908466824], [1525221.8196641842, 7460246.899523205], [1525196.8222443743, 7460247.05421678], [1525171.8250736722, 7460247.208934433], [1525172.4100427132, 7460372.217714383], [1525197.4162900073, 7460372.062954685], [1525222.4227872896, 7460371.908466824]]]}, "properties": {"parcel_id": "08234560100000", "crs": "local-feet", "address": "878 W EVERETT AVE", "city": "Salt Lake City", "county": "SaltLake", "source_srid": "EPSG:4326", "district": "M-2", "zone_label": "Heavy Manufacturing", "district_provenance": "centroid-contains"}}, {"type": "Feature", "geometry": {"type": "Polygon", "coordinates": [[[1525272.4357766672, 7460371.59832813], [1525271.8140031104, 7460246.589470757], [1525246.8165840623, 7460246.744361628], [1525221.8196641842, 7460246.899523205], [1525222.4227872896, 7460371.908466824], [1525247.4292801504, 7460371.753013202], [1525272.4357766672, 7460371.59832813]]]}, "properties": {"parcel_id": "08234560110000", "crs": "local-feet", "address": "870 W EVERETT AVE", "city": "Salt Lake City", "county": "SaltLake", "source_srid": "EPSG:4326", "district": "M-2", "zone_label": "Heavy Manufacturing", "district_provenance": "centroid-contains"}}, {"type": "Feature", "geometry": {"type": "Polygon", "coordinates": [[[1525371.8029342426, 7460245.970162959], [1525372.4615091442, 7460370.978354802], [1525397.4680052113, 7460370.8235481875], [1525422.4745005984, 7460370.668519068], [1525421.7972766615, 7460245.660661045], [1525396.79985672, 7460245.815400565], [1525371.8029342426, 7460245.970162959]]]}, "properties": {"parcel_id": "08234560140000", "crs": "local-feet", "address": "854 W EVERETT AVE", "city": "Salt Lake City", "county": "SaltLake", "source_srid": "EPSG:4326", "district": "M-2", "zone_label": "Heavy Manufacturing", "district_provenance": "centroid-contains"}}, {"type": "Feature", "geometry": {"type": "Polygon", "coordinates": [[[1525286.1271406412, 7460510.479296091], [1525285.5053936653, 7460385.515485169], [1525272.5055837343, 7460385.59574617], [1525273.1271842574, 7460510.567486244], [1525286.1271406412, 7460510.479296091]]]}, "properties": {"parcel_id": "08234560150000", "crs": "local-feet", "address": "871 W 1500 N", "city": "Salt Lake City", "county": "SaltLake", "source_srid": "EPSG:4326", "district": "M-2", "zone_label": "Heavy Manufacturing", "district_provenance": "centroid-contains"}}, {"type": "Feature", "geometry": {"type": "Polygon", "coordinates": [[[1525323.1604084997, 7460510.229604943], [1525322.5202877666, 7460385.2859483175], [1525297.5130611192, 7460385.441081801], [1525285.5053936653, 7460385.515485169], [1525286.1271406412, 7460510.479296091], [1525298.1436713748, 7460510.398409656], [1525323.1604084997, 7460510.229604943]]]}, "properties": {"parcel_id": "08234560160000", "crs": "local-feet", "address": "865 W 1500 N", "city": "Salt Lake City", "county": "SaltLake", "source_srid": "EPSG:4326", "district": "M-2", "zone_label": "Heavy Manufacturing", "district_provenance": "centroid-contains"}}, {"type": "Feature", "geometry": {"type": "Polygon", "coordinates": [[[1525372.4615091442, 7460370.978354802], [1525371.8029342426, 7460245.970162959], [1525346.8057633261, 7460246.124951776], [1525321.8083451185, 7460246.28001474], [1525296.8114232272, 7460246.434852839], [1525271.8140031104, 7460246.589470757], [1525272.4357766672, 7460371.59832813], [1525297.4422710787, 7460371.443172724], [1525322.4487679824, 7460371.288538122], [1525347.4550153033, 7460371.133682168], [1525372.4615091442, 7460370.978354802]]]}, "properties": {"parcel_id": "08234560170000", "crs": "local-feet", "address": "862 W EVERETT AVE", "city": "Salt Lake City", "county": "SaltLake", "source_srid": "EPSG:4326", "district": "M-2", "zone_label": "Heavy Manufacturing", "district_provenance": "centroid-contains"}}, {"type": "Feature", "geometry": {"type": "Polygon", "coordinates": [[[1525121.5456040301, 7460181.518969127], [1525121.0591031024, 7460070.609272585], [1525096.1036326156, 7460080.718879743], [1525071.1476851366, 7460090.828510374], [1525071.546403858, 7460181.828356092], [1525096.5461275857, 7460181.673525536], [1525121.5456040301, 7460181.518969127]]]}, "properties": {"parcel_id": "08234570010000", "crs": "local-feet", "address": "895 W EVERETT AVE", "city": "Salt Lake City", "county": "SaltLake", "source_srid": "EPSG:4326", "district": "M-2", "zone_label": "Heavy Manufacturing", "district_provenance": "centroid-contains"}}, {"type": "Feature", "geometry": {"type": "Polygon", "coordinates": [[[1525271.543698708, 7460180.589677258], [1525270.9958397038, 7460055.589926068], [1525270.9956264505, 7460048.589601447], [1525170.9966938097, 7460049.208864706], [1525170.9969353299, 7460056.209189317], [1525171.5448015223, 7460181.208939841], [1525196.5445260338, 7460181.054210229], [1525221.5444996497, 7460180.899504665], [1525246.5442222466, 7460180.744330009], [1525271.543698708, 7460180.589677258]]]}, "properties": {"parcel_id": "08234570030000", "crs": "local-feet", "address": "875 W EVERETT AVE", "city": "Salt Lake City", "county": "SaltLake", "source_srid": "EPSG:4326", "district": "M-2", "zone_label": "Heavy Manufacturing", "district_provenance": "centroid-contains"}}, {"type": "Feature", "geometry": {"type": "Polygon", "coordinates": [[[1525121.0591031024, 7460070.609272585], [1525120.9977341094, 7460056.519218942], [1525118.716200808, 7460056.533061944], [1525096.0375213504, 7460065.720271377], [1525071.0815541395, 7460075.828916972], [1525071.1476851366, 7460090.828510374], [1525096.1036326156, 7460080.718879743], [1525121.0591031024, 7460070.609272585]]]}, "properties": {"parcel_id": "08234570070000", "crs": "local-feet", "city": "Salt Lake City", "county": "SaltLake", "source_srid": "EPSG:4326", "district": "M-2", "zone_label": "Heavy Manufacturing", "district_provenance": "centroid-contains"}}, {"type": "Feature", "geometry": {"type": "Polygon", "coordinates": [[[1525004.9383022464, 7460043.25068898], [1525004.3898474374, 7459918.250989577], [1524979.3898579276, 7459918.405913549], [1524954.3901160955, 7459918.560613846], [1524929.3906230996, 7459918.715338224], [1524904.3908839722, 7459918.870584574], [1524896.3911755043, 7459918.920039803], [1524879.5041454167, 7459944.740063611], [1524854.6706934148, 7459982.710803658], [1524829.837069083, 7460020.681512409], [1524814.3043008833, 7460044.431455193], [1524829.9409991899, 7460044.334682525], [1524854.9406150165, 7460044.1801045295], [1524879.940227295, 7460044.024808472], [1524904.939843515, 7460043.870280986], [1524929.93945877, 7460043.715530952], [1524954.9390719165, 7460043.560310632], [1524979.9386875613, 7460043.405611059], [1525004.9383022464, 7460043.25068898]]]}, "properties": {"parcel_id": "08234570140000", "crs": "local-feet", "address": "909 W EVERETT AVE", "city": "Salt Lake City", "county": "SaltLake", "source_srid": "EPSG:4326", "district": "M-2", "zone_label": "Heavy Manufacturing", "district_provenance": "centroid-contains"}}, {"type": "Feature", "geometry": {"type": "Polygon", "coordinates": [[[1526532.915207919, 7460172.6095947195], [1526615.942086417, 7460085.753539466], [1526629.1527739398, 7460071.933785955], [1526677.2456090592, 7460021.622874789], [1526696.38249172, 7460001.602884989], [1526696.5316394388, 7460001.745660819], [1526696.835666301, 7460002.033663806], [1526766.3727022344, 7459930.0675110975], [1526766.3621785885, 7459937.367720676], [1526822.7502094333, 7459879.077839198], [1526823.2262608788, 7459878.585310077], [1527184.0232946791, 7459505.619785534], [1527193.5035453152, 7459497.450558845], [1527241.9018927764, 7459455.748516776], [1527286.4518555934, 7459427.037536138], [1527352.9157691654, 7459394.500942287], [1527424.1504617769, 7459371.033746452], [1527505.4019072272, 7459356.731278976], [1527592.6102137526, 7459349.586550503], [1527671.785214569, 7459343.610059243], [1527683.629035241, 7459329.397515768], [1527694.5220103005, 7459316.346182131], [1527706.0667161285, 7459302.535903623], [1527720.8343387654, 7459284.902823187], [1527729.1577010835, 7459274.979260333], [1527693.38617742, 7459272.331974036], [1527657.8504769024, 7459267.450916283], [1527622.6899753886, 7459260.356511297], [1527588.0420899258, 7459251.075633054], [1527587.0829142234, 7459250.79307299], [1527586.6063824838, 7459250.640133366], [1527556.9982758716, 7459240.733236519], [1527527.973612877, 7459229.22825101], [1527499.6188575816, 7459216.159467684], [1527721.6161905145, 7458986.075033173], [1527687.0203659, 7458978.088342062], [1527726.628790465, 7458937.036450934], [1527726.6951416947, 7458936.968008515], [1527879.1688958716, 7458779.351574388], [1527899.4850286716, 7458758.350398091], [1527986.8758084087, 7458668.0119614685], [1527986.9245826032, 7458667.961687219], [1527997.3670821034, 7458657.166798798], [1528041.9299092595, 7458611.101482411], [1528249.6263588716, 7458396.399262601], [1528355.171421887, 7458287.294766985], [1528364.8244654662, 7458267.811954477], [1528376.2274053162, 7458244.797138396], [1528465.889298896, 7458042.463687462], [1528402.4236804687, 7458042.654746717], [1528372.9332510803, 7458107.721581426], [1528353.315212913, 7458148.359458956], [1528331.7320428134, 7458187.98899748], [1528308.2355521673, 7458226.514573127], [1528282.8822932926, 7458263.844258062], [1528255.7325610751, 7458299.888833699], [1528226.851386426, 7458334.561538396], [1528196.3085443613, 7458367.779801748], [1528130.1565680043, 7458436.282544888], [1528130.1814422351, 7458407.862302356], [1527593.9295577426, 7458962.201161919], [1527534.5681138174, 7458948.552664777], [1527274.720681505, 7459218.116796336], [1527257.3208674367, 7459218.149957661], [1526772.7502415034, 7459710.776708404], [1526746.037397572, 7459738.488162732], [1526740.3946849613, 7459744.240656502], [1526734.6525241036, 7459749.894000975], [1526728.8121487962, 7459755.445960558], [1526722.8757913676, 7459760.895286346], [1526716.84543522, 7459766.240482652], [1526710.7225624882, 7459771.479312839], [1526704.5094055017, 7459776.610527935], [1526698.207697858, 7459781.63238569], [1526691.8191737244, 7459786.543391595], [1526685.3455704108, 7459791.342794501], [1526678.7896117864, 7459796.02785646], [1526672.1527876463, 7459800.59807529], [1526665.4373282762, 7459805.051706354], [1526658.6449683867, 7459809.387255249], [1526651.7781905916, 7459813.603719494], [1526644.8384809743, 7459817.699853609], [1526637.8285704707, 7459821.674406217], [1526630.7506890723, 7459825.525632797], [1526623.6063268203, 7459829.253031116], [1526616.3979643057, 7459832.855103152], [1526609.1280841164, 7459836.3308465285], [1526601.7984200837, 7459839.67876674], [1526594.411459891, 7459842.898852498], [1526586.9694326455, 7459845.989111421], [1526579.4745742835, 7459848.949037783], [1526571.9296176918, 7459851.777875781], [1526564.3360514627, 7459854.47487533], [1526556.6966048023, 7459857.038537325], [1526549.0137633956, 7459859.468602688], [1526541.2890152456, 7459861.764073535], [1526533.5263387035, 7459863.924683869], [1526525.7264738695, 7459865.949191436], [1526517.8929006737, 7459867.837084824], [1526510.0271128044, 7459869.588604963], [1526502.1325847898, 7459871.202249289], [1526494.210560811, 7459872.678012121], [1526491.660051127, 7459873.106749318], [1526486.2640218148, 7459874.015136462], [1526478.29570212, 7459875.213362047], [1526470.3075906637, 7459876.272431944], [1526462.3016738414, 7459877.191593777], [1526454.2814355688, 7459877.971327023], [1526446.2486124574, 7459878.610632645], [1526438.2059427819, 7459879.1099936655], [1526430.155909934, 7459879.468655305], [1526414.509577717, 7459879.763920025], [1526115.620587889, 7459880.321221331], [1525452.8297808939, 7459884.4711528905], [1525298.8212550452, 7459885.435574768], [1525293.6490346072, 7459885.467794198], [1525295.9595576397, 7459881.520412503], [1525313.035418165, 7459852.342881219], [1525381.7275657807, 7459734.4074610695], [1525398.6818249398, 7459705.299513193], [1525467.3735503976, 7459587.364388736], [1525505.9580427958, 7459521.119853058], [1525574.6500487623, 7459403.184659727], [1525591.6040187106, 7459374.076958798], [1525660.2956010501, 7459256.141813377], [1525567.8053502212, 7459374.226212807], [1525544.9779217828, 7459403.370835867], [1525452.4875295495, 7459521.455228095], [1525400.5355889467, 7459587.783977212], [1525343.967694792, 7459660.004931254], [1525342.7416160465, 7459682.9009735305], [1525340.018806204, 7459705.667177167], [1525334.3117450252, 7459734.705058405], [1525327.2960558403, 7459759.715943602], [1525318.443987339, 7459784.137705993], [1525307.8054099155, 7459807.835327849], [1525295.4376756968, 7459830.678464984], [1525281.4096016742, 7459852.541676244], [1525270.3759807048, 7459867.546427447], [1525258.5562773794, 7459881.940349124], [1525255.2497500477, 7459885.708021599], [1525239.960176352, 7459901.794766296], [1525223.6819820004, 7459916.879650073], [1525204.504882846, 7459932.399732984], [1525184.2821469223, 7459946.530710885], [1525163.1144287465, 7459959.202000208], [1525141.1063971121, 7459970.350679391], [1525118.3679797407, 7459979.921483008], [1525079.3339362808, 7460042.777238093], [1525074.970361669, 7460049.80383506], [1525070.9951236951, 7460056.203986904], [1525054.0193124125, 7460083.540778108], [1525071.0815541395, 7460075.828916972], [1525070.9985304768, 7460056.828606241], [1525095.9981329136, 7460056.6740238685], [1525118.716200808, 7460056.533061944], [1525120.9977341094, 7460056.519218942], [1525145.9973346218, 7460056.364191521], [1525156.3829942106, 7460056.299995505], [1525170.9969353299, 7460056.209189317], [1525170.9966938097, 7460049.208864706], [1525270.9956264505, 7460048.589601447], [1525370.5428788143, 7460047.97284021], [1525420.9628809944, 7460047.648724042], [1525453.7181215987, 7460047.437678077], [1525486.7126353746, 7460047.225565063], [1525886.4211661224, 7460044.653793336], [1525886.4291290783, 7460046.106696396], [1526156.4229752168, 7460044.369690248], [1526156.4528277759, 7460049.869612964], [1526418.7352365449, 7460048.181948471], [1526468.7346400288, 7460047.859919435], [1526518.7342952602, 7460047.538485721], [1526565.6537720647, 7460047.236516363], [1526605.8072614523, 7460046.979356297], [1526519.2264709142, 7460138.97782877], [1526487.4539641247, 7460172.73841583], [1526514.7717290975, 7460172.667267453], [1526532.915207919, 7460172.6095947195]]]}, "properties": {"parcel_id": "08234570150000", "crs": "local-feet", "address": "474 W 900 N", "city": "Salt Lake City", "county": "SaltLake", "source_srid": "EPSG:4326", "district": "M-2", "zone_label": "Heavy Manufacturing", "district_provenance": "centroid-contains"}}, {"type": "Feature", "geometry": {"type": "Polygon", "coordinates": [[[1525171.5448015223, 7460181.208939841], [1525170.9969353299, 7460056.209189317], [1525156.3829942106, 7460056.299995505], [1525146.0155886824, 7460060.499681885], [1525121.0591031024, 7460070.609272585], [1525121.5456040301, 7460181.518969127], [1525146.5453281475, 7460181.36418905], [1525171.5448015223, 7460181.208939841]]]}, "properties": {"parcel_id": "08234570160000", "crs": "local-feet", "address": "887 W EVERETT AVE", "city": "Salt Lake City", "county": "SaltLake", "source_srid": "EPSG:4326", "district": "M-2", "zone_label": "Heavy Manufacturing", "district_provenance": "centroid-contains"}}, {"type": "Feature", "geometry": {"type": "Polygon", "coordinates": [[[1525156.3829942106, 7460056.299995505], [1525145.9973346218, 7460056.364191521], [1525120.9977341094, 7460056.519218942], [1525121.0591031024, 7460070.609272585], [1525146.0155886824, 7460060.499681885], [1525156.3829942106, 7460056.299995505]]]}, "properties": {"parcel_id": "08234570170000", "crs": "local-feet", "address": "889 W EVERETT AVE", "city": "Salt Lake City", "county": "SaltLake", "source_srid": "EPSG:4326", "district": "M-2", "zone_label": "Heavy Manufacturing", "district_provenance": "centroid-contains"}}, {"type": "Feature", "geometry": {"type": "Polygon", "coordinates": [[[1526487.4539641247, 7460172.73841583], [1526469.4119860497, 7460172.854376672], [1526445.7750293268, 7460173.006752874], [1526469.2793273053, 7460148.347398875], [1526518.995845031, 7460096.187415874], [1526565.6537720647, 7460047.236516363], [1526518.7342952602, 7460047.538485721], [1526468.7346400288, 7460047.859919435], [1526418.7352365449, 7460048.181948471], [1526156.4528277759, 7460049.869612964], [1526156.4229752168, 7460044.369690248], [1525886.4291290783, 7460046.106696396], [1525886.4211661224, 7460044.653793336], [1525486.7126353746, 7460047.225565063], [1525453.7181215987, 7460047.437678077], [1525420.9628809944, 7460047.648724042], [1525370.5428788143, 7460047.97284021], [1525270.9956264505, 7460048.589601447], [1525270.9958397038, 7460055.589926068], [1525271.543698708, 7460180.589677258], [1525296.5434228478, 7460180.434800808], [1525321.542899696, 7460180.280198535], [1525346.5426230712, 7460180.125124795], [1525371.2120457496, 7460179.972354023], [1525371.5420991653, 7460179.97032523], [1525454.4371552125, 7460179.451579931], [1525487.4275391267, 7460179.244937469], [1525488.538612917, 7460384.250812491], [1525489.1185686288, 7460491.3190065045], [1525490.3052261267, 7460494.961146271], [1525492.0524223757, 7460498.370011911], [1525494.3154892907, 7460501.4605786735], [1525497.0381008682, 7460504.154565545], [1525500.1520467775, 7460506.385639688], [1525503.5787148615, 7460508.09693172], [1525507.2330910508, 7460509.245476871], [1525539.2586788323, 7460509.028264995], [1525589.300855384, 7460508.689641046], [1525614.3001775956, 7460508.5197245795], [1525639.3427796133, 7460508.350128336], [1525689.3847073163, 7460508.01121222], [1526170.7305377421, 7460504.949489992], [1526487.4539641247, 7460172.73841583]]]}, "properties": {"parcel_id": "08234780240000", "crs": "local-feet", "address": "805 W EVERETT AVE", "city": "Salt Lake City", "county": "SaltLake", "source_srid": "EPSG:4326", "district": "M-2", "zone_label": "Heavy Manufacturing", "district_provenance": "nearest"}}, {"type": "Feature", "geometry": {"type": "Polygon", "coordinates": [[[1526874.5799156744, 7460170.421844656], [1526774.063579888, 7460075.196576116], [1526758.1103595013, 7460060.083313744], [1526740.7169270122, 7460043.6049930835], [1526717.242942613, 7460021.3668605015], [1526696.835666301, 7460002.033663806], [1526696.5316394388, 7460001.745660819], [1526696.38249172, 7460001.602884989], [1526677.2456090592, 7460021.622874789], [1526629.1527739398, 7460071.933785955], [1526615.942086417, 7460085.753539466], [1526532.915207919, 7460172.6095947195], [1526616.410386534, 7460172.075130807], [1526741.4084141073, 7460171.274838456], [1526758.613944539, 7460171.164401222], [1526774.6649147042, 7460171.061999509], [1526874.5799156744, 7460170.421844656]]]}, "properties": {"parcel_id": "08234810100000", "crs": "local-feet", "address": "1445 N BECK ST", "city": "Salt Lake City", "county": "SaltLake", "source_srid": "EPSG:4326", "district": "M-1", "zone_label": "Light Manufacturing", "district_provenance": "centroid-contains"}}, {"type": "Feature", "geometry": {"type": "Polygon", "coordinates": [[[1526487.4539641247, 7460172.73841583], [1526519.2264709142, 7460138.97782877], [1526605.8072614523, 7460046.979356297], [1526565.6537720647, 7460047.236516363], [1526518.995845031, 7460096.187415874], [1526469.2793273053, 7460148.347398875], [1526445.7750293268, 7460173.006752874], [1526469.4119860497, 7460172.854376672], [1526487.4539641247, 7460172.73841583]]]}, "properties": {"parcel_id": "08234810170000", "crs": "local-feet", "address": "699 W EVERETT AVE", "city": "Salt Lake City", "county": "SaltLake", "source_srid": "EPSG:4326", "district": "M-2", "zone_label": "Heavy Manufacturing", "district_provenance": "centroid-contains"}}, {"type": "Feature", "geometry": {"type": "Polygon", "coordinates": [[[1526390.7169363452, 7460399.01297461], [1526356.173691299, 7460435.21551517], [1526428.4679587544, 7460504.301705754], [1526433.5316110856, 7460509.134408007], [1526468.2144661546, 7460472.784265774], [1526463.0099639073, 7460468.098380948], [1526390.7169363452, 7460399.01297461]]]}, "properties": {"parcel_id": "08234830040000", "crs": "local-feet", "address": "1482 N HOT SPRINGS ST", "city": "Salt Lake City", "county": "SaltLake", "source_srid": "EPSG:4326", "district": "M-1", "zone_label": "Light Manufacturing", "district_provenance": "centroid-contains"}}, {"type": "Feature", "geometry": {"type": "Polygon", "coordinates": [[[1526686.5105357664, 7460405.241474528], [1526611.3102782678, 7460332.949331411], [1526606.2443886704, 7460328.117064508], [1526601.178996637, 7460323.285290905], [1526528.8896866562, 7460254.203522908], [1526494.346286184, 7460290.406077738], [1526459.80348313, 7460326.608378663], [1526425.260284685, 7460362.810925747], [1526390.7169363452, 7460399.01297461], [1526463.0099639073, 7460468.098380948], [1526468.2144661546, 7460472.784265774], [1526433.5316110856, 7460509.134408007], [1526438.5932889336, 7460513.9708359605], [1526500.701947115, 7460573.4565735785], [1526513.78627747, 7460585.9881804325], [1526548.3310258095, 7460549.838598411], [1526582.876125932, 7460513.6895071305], [1526617.420828249, 7460477.540166633], [1526651.96588148, 7460441.391069043], [1526686.5105357664, 7460405.241474528]]]}, "properties": {"parcel_id": "08234830050000", "crs": "local-feet", "address": "1483 N BECK ST", "city": "Salt Lake City", "county": "SaltLake", "source_srid": "EPSG:4326", "district": "M-1", "zone_label": "Light Manufacturing", "district_provenance": "centroid-contains"}}, {"type": "Feature", "geometry": {"type": "Polygon", "coordinates": [[[1526528.8896866562, 7460254.203522908], [1526601.178996637, 7460323.285290905], [1526606.2443886704, 7460328.117064508], [1526611.3102782678, 7460332.949331411], [1526686.5105357664, 7460405.241474528], [1526721.0557907447, 7460369.092369521], [1526742.7698456242, 7460347.252389006], [1526742.4346204808, 7460287.659282936], [1526742.1519949953, 7460237.412206901], [1526653.9558062684, 7460237.9405872915], [1526646.967245468, 7460237.982354756], [1526639.9674922184, 7460238.024175609], [1526543.777911437, 7460238.600327653], [1526528.8896866562, 7460254.203522908]]]}, "properties": {"parcel_id": "08234830070000", "crs": "local-feet", "address": "1461 N BECK ST", "city": "Salt Lake City", "county": "SaltLake", "source_srid": "EPSG:4326", "district": "M-1", "zone_label": "Light Manufacturing", "district_provenance": "centroid-contains"}}, {"type": "Feature", "geometry": {"type": "Polygon", "coordinates": [[[1523990.782207791, 7461223.0559546035], [1524037.9085688472, 7461223.055688834], [1524031.391789652, 7461260.181607898], [1524026.7972261866, 7461297.595008606], [1524024.137328848, 7461335.1949914945], [1524023.419577796, 7461372.881672772], [1524027.660855258, 7462001.627638021], [1524027.1719619313, 7462054.5584702175], [1524024.9921480927, 7462107.447091841], [1524021.1236539267, 7462160.238739999], [1524015.5704681885, 7462212.880130833], [1524008.3375675976, 7462265.31673793], [1523986.8049902895, 7462404.916492576], [1523985.738220764, 7462411.831243493], [1523985.6053465002, 7462412.822370859], [1523985.5127850238, 7462413.81826359], [1523985.45953085, 7462414.816696718], [1523985.4465745895, 7462415.816674554], [1523985.4736554306, 7462416.8157208515], [1523985.5402752457, 7462417.8135902425], [1523985.647417729, 7462418.8080482595], [1523985.7938307654, 7462419.7971189115], [1523985.9797556947, 7462420.779314497], [1523986.2046903495, 7462421.753646389], [1523986.4686256885, 7462422.718132623], [1523986.7407646338, 7462423.576048046], [1523986.7705608727, 7462423.671539219], [1523987.1107354737, 7462424.611883001], [1523987.488148649, 7462425.537929944], [1523987.6927072268, 7462425.987128789], [1523987.9025448007, 7462426.4481947655], [1523988.352672145, 7462427.340949103], [1523988.8382750805, 7462428.214707655], [1523989.3588528822, 7462429.068729557], [1523989.9126562737, 7462429.901288793], [1523990.498933588, 7462430.711150131], [1523991.117676117, 7462431.496579406], [1523991.767388957, 7462432.256840367], [1523992.4468209494, 7462432.990452375], [1523993.1552201582, 7462433.696180316], [1523993.8910914056, 7462434.373287899], [1523994.6534315287, 7462435.020045646], [1523995.441245525, 7462435.636458225], [1523996.2530306773, 7462436.220302947], [1523997.087541602, 7462436.771090193], [1523997.9435332285, 7462437.288578055], [1523998.8190079487, 7462437.771041682], [1523999.7132173271, 7462438.21798912], [1524000.6249165758, 7462438.629178481], [1524001.552359308, 7462439.003379178], [1524002.4940518464, 7462439.340350565], [1524003.4480009791, 7462439.639358676], [1524004.4134573617, 7462439.899663915], [1524005.38843272, 7462440.12152326], [1524006.3714298757, 7462440.303952789], [1524007.361206665, 7462440.447206173], [1524008.3557686948, 7462440.550301659], [1524009.3536275073, 7462440.613989578], [1524010.6079598384, 7462440.637079736], [1524013.8146571761, 7462440.612343507], [1524054.8496466682, 7462440.297094761], [1524056.8708647308, 7462311.7854370605], [1524045.6587833678, 7461919.331834696], [1524054.068789416, 7461742.727283637], [1524065.2820298835, 7461608.171875033], [1524070.8885207623, 7461493.2388130715], [1524093.3150297948, 7461327.847181538], [1524138.1666119562, 7461193.291641155], [1524239.0838207242, 7460882.131190719], [1524340.0008198027, 7460655.068701347], [1524491.376071128, 7460343.908479216], [1524653.9644416422, 7460049.5672534825], [1524738.020174794, 7459885.765241051], [1524653.6151377473, 7459885.765432135], [1524577.5975745597, 7459885.766073275], [1524541.802640253, 7459948.39146669], [1524468.994142683, 7460081.10064914], [1524398.5126715365, 7460215.059849361], [1524330.3796504172, 7460350.228787917], [1524264.6164972193, 7460486.566195489], [1524201.2421391127, 7460624.030567804], [1524140.2769920474, 7460762.579899364], [1524070.075757442, 7460931.302633071], [1524064.1005539538, 7460945.663614078], [1524061.8608589463, 7460951.229750248], [1524061.4826744806, 7460952.15519139], [1524052.2943975942, 7460975.120736292], [1524052.1063041398, 7460975.584195122], [1524019.93740317, 7461059.060174865], [1523983.7881106052, 7461152.298620389], [1523987.1492680383, 7461152.292480167], [1523978.1161330794, 7461187.4869074905], [1523970.6969766526, 7461223.055995083], [1523990.782207791, 7461223.0559546035]]]}, "properties": {"parcel_id": "08235010060000", "crs": "local-feet", "city": "Salt Lake City", "county": "SaltLake", "source_srid": "EPSG:4326", "district": "M-2", "zone_label": "Heavy Manufacturing", "district_provenance": "centroid-contains"}}, {"type": "Feature", "geometry": {"type": "Polygon", "coordinates": [[[1524177.2612509262, 7462439.356745644], [1524249.0416473662, 7462438.805352049], [1524229.7080374237, 7462313.930537611], [1524228.108404351, 7462298.940711577], [1524213.7749648967, 7462174.032828353], [1524206.830202868, 7462107.823915183], [1524199.4967878133, 7461982.869101738], [1524199.3967951532, 7461967.8693151055], [1524199.062835487, 7461842.867821048], [1524199.8647147631, 7461808.904731756], [1524200.624260589, 7461776.731830702], [1524207.2906405772, 7461651.683396385], [1524208.6906000832, 7461636.673646513], [1524222.8565893585, 7461511.575448775], [1524231.408875765, 7461445.516283073], [1524247.8245315254, 7461357.804248632], [1524248.7577836644, 7461347.797799114], [1524265.1733197682, 7461260.085682287], [1524271.243855025, 7461227.648573037], [1524450.091742133, 7461227.748674612], [1524463.4969424636, 7461195.462304398], [1524543.022192774, 7461007.993720714], [1524559.1433861782, 7460955.127041398], [1524558.9744393046, 7460929.807336586], [1524359.9735030588, 7460929.808051054], [1524607.8924415582, 7460548.045288033], [1524612.0072082654, 7460845.127798536], [1524633.5186819118, 7460774.644259899], [1524633.244883596, 7460719.859773338], [1524633.1748886076, 7460705.846437243], [1524645.0454192378, 7460580.6497674845], [1524661.2112167338, 7460514.549488004], [1524681.8053184864, 7460430.332785561], [1524691.8696988164, 7460389.173883747], [1524695.2980438452, 7460375.153429991], [1524706.2957749274, 7460330.17913023], [1524725.909529535, 7460249.971642935], [1524743.0509929382, 7460183.8632619195], [1524755.3351719787, 7460134.595680433], [1524780.1685673806, 7460096.625069217], [1524805.0025366482, 7460058.654423179], [1524814.3043008833, 7460044.431455193], [1524829.837069083, 7460020.681512409], [1524854.6706934148, 7459982.710803658], [1524879.5041454167, 7459944.740063611], [1524896.3911755043, 7459918.920039803], [1524918.0751412704, 7459885.764813227], [1524738.020174794, 7459885.765241051], [1524653.9644416422, 7460049.5672534825], [1524491.376071128, 7460343.908479216], [1524340.0008198027, 7460655.068701347], [1524239.0838207242, 7460882.131190719], [1524138.1666119562, 7461193.291641155], [1524093.3150297948, 7461327.847181538], [1524070.8885207623, 7461493.2388130715], [1524065.2820298835, 7461608.171875033], [1524054.068789416, 7461742.727283637], [1524045.6587833678, 7461919.331834696], [1524056.8708647308, 7462311.7854370605], [1524054.8496466682, 7462440.297094761], [1524177.2612509262, 7462439.356745644]]]}, "properties": {"parcel_id": "08235030120000", "crs": "local-feet", "city": "Salt Lake City", "county": "SaltLake", "source_srid": "EPSG:4326", "district": "M-2", "zone_label": "Heavy Manufacturing", "district_provenance": "centroid-contains"}}, {"type": "Feature", "geometry": {"type": "Polygon", "coordinates": [[[1527373.9156579296, 7459659.085339449], [1527193.5035453152, 7459497.450558845], [1527184.0232946791, 7459505.619785534], [1526823.2262608788, 7459878.585310077], [1526822.7502094333, 7459879.077839198], [1526766.3621785885, 7459937.367720676], [1526766.3727022344, 7459930.0675110975], [1526696.835666301, 7460002.033663806], [1526717.242942613, 7460021.3668605015], [1526740.7169270122, 7460043.6049930835], [1526758.1103595013, 7460060.083313744], [1526774.063579888, 7460075.196576116], [1526874.5799156744, 7460170.421844656], [1526883.553713762, 7460178.92361546], [1526889.7365487244, 7460178.91187217], [1527373.9156579296, 7459659.085339449]]]}, "properties": {"parcel_id": "08243000080000", "crs": "local-feet", "address": "1441 N BECK ST", "city": "Salt Lake City", "county": "SaltLake", "source_srid": "EPSG:4326", "district": "M-1", "zone_label": "Light Manufacturing", "district_provenance": "nearest"}}, {"type": "Feature", "geometry": {"type": "Polygon", "coordinates": [[[1528205.8234546224, 7459865.176772989], [1527927.6972901833, 7459867.813170228], [1527928.9554642632, 7460028.171246452], [1527928.208267084, 7460181.549012826], [1528205.8234546224, 7459865.176772989]]]}, "properties": {"parcel_id": "08243000111001", "crs": "local-feet", "address": "1328 N BECK ST", "city": "Salt Lake City", "county": "SaltLake", "source_srid": "EPSG:4326", "district": "M-1", "zone_label": "Light Manufacturing", "district_provenance": "centroid-contains"}}, {"type": "Feature", "geometry": {"type": "Polygon", "coordinates": [[[1527995.9860591295, 7459998.729514966], [1527996.8537819672, 7459998.653474], [1527997.696451258, 7459998.428139592], [1527998.4857410316, 7459998.05983469], [1527999.199566256, 7459997.560057044], [1527999.8163551963, 7459996.943771015], [1528000.3162956678, 7459996.229897208], [1528000.684310832, 7459995.43956479], [1528000.9100678964, 7459994.597845752], [1528000.986218532, 7459993.729798497], [1528000.9098954967, 7459992.86120449], [1528000.6847039692, 7459992.0193024], [1528000.3162320172, 7459991.229587454], [1527999.8162757575, 7459990.515296859], [1527999.200111385, 7459989.899404191], [1527998.48622487, 7459989.399417413], [1527997.69632603, 7459989.030847741], [1527996.8543475035, 7459988.805727388], [1527995.9856842489, 7459988.729392136], [1527995.1179610589, 7459988.805433168], [1527994.2760387775, 7459989.031012104], [1527993.485753951, 7459989.39932179], [1527992.7721783668, 7459989.899346381], [1527992.1553894281, 7459990.515632794], [1527991.655946628, 7459991.229504689], [1527991.287431886, 7459992.019344083], [1527991.0616762524, 7459992.861311037], [1527990.9857745918, 7459993.729357227], [1527991.0618482109, 7459994.597704543], [1527991.287288687, 7459995.439605349], [1527991.655514471, 7459996.229816661], [1527992.1554686024, 7459996.943611397], [1527992.7718827382, 7459997.559750334], [1527993.4860177757, 7459998.05973569], [1527994.2756677547, 7459998.428306245], [1527995.1178957364, 7459998.65367304], [1527995.9860591295, 7459998.729514966]]]}, "properties": {"parcel_id": "08243000111002", "crs": "local-feet", "address": "1328 N BECK ST", "city": "Salt Lake City", "county": "SaltLake", "source_srid": "EPSG:4326", "district": "M-1", "zone_label": "Light Manufacturing", "district_provenance": "centroid-contains"}}, {"type": "Feature", "geometry": {"type": "Polygon", "coordinates": [[[1527460.2497926492, 7460700.751835541], [1527343.706223388, 7460838.534387548], [1527185.6894139608, 7460684.600854005], [1526859.7303848064, 7460367.065369067], [1526857.8368272462, 7460365.2204878125], [1526760.064812999, 7460467.0253952965], [1526743.6133980663, 7460484.155552128], [1526744.0147901925, 7460513.839071877], [1526745.753809952, 7460642.357738285], [1527002.882165963, 7460887.360217759], [1526736.051016538, 7461163.511680617], [1526752.5424218427, 7461162.9976908425], [1526754.0531337098, 7461496.308489117], [1526755.0625689384, 7461719.105754812], [1528072.131449868, 7461719.098694845], [1527460.2497926492, 7460700.751835541]]]}, "properties": {"parcel_id": "08243000200000", "crs": "local-feet", "address": "1514 N BECK ST", "city": "Salt Lake City", "county": "SaltLake", "source_srid": "EPSG:4326", "district": "EI", "zone_label": "Extractive Industry", "district_provenance": "centroid-contains"}}, {"type": "Feature", "geometry": {"type": "Polygon", "coordinates": [[[1527460.2497926492, 7460700.751835541], [1527486.6311407762, 7460669.562610307], [1527632.126683268, 7460497.551840572], [1527496.4586398895, 7460365.390008385], [1527185.6894139608, 7460684.600854005], [1527343.706223388, 7460838.534387548], [1527460.2497926492, 7460700.751835541]]]}, "properties": {"parcel_id": "08243000210000", "crs": "local-feet", "address": "1450 N BECK ST", "city": "Salt Lake City", "county": "SaltLake", "source_srid": "EPSG:4326", "district": "EI", "zone_label": "Extractive Industry", "district_provenance": "centroid-contains"}}, {"type": "Feature", "geometry": {"type": "Polygon", "coordinates": [[[1528575.2161668593, 7460456.646143091], [1529400.1811950898, 7460448.599988963], [1529397.8959426675, 7459853.876209497], [1528316.0300980601, 7459864.1320752585], [1528205.8234546224, 7459865.176772989], [1527928.208267084, 7460181.549012826], [1527662.1100461981, 7460465.551554471], [1528575.2161668593, 7460456.646143091]]]}, "properties": {"parcel_id": "08243000220000", "crs": "local-feet", "address": "1328 N BECK ST", "city": "Salt Lake City", "county": "SaltLake", "source_srid": "EPSG:4326", "district": "OS", "zone_label": "Open Space", "district_provenance": "centroid-contains"}}, {"type": "Feature", "geometry": {"type": "Polygon", "coordinates": [[[1527496.4586398895, 7460365.390008385], [1527486.9384781958, 7460356.2463720245], [1527460.9339984895, 7460383.321295799], [1527304.0526786067, 7460232.644620906], [1527219.1755631615, 7460241.620670602], [1527094.8088661788, 7460122.173459118], [1526859.7303848064, 7460367.065369067], [1527185.6894139608, 7460684.600854005], [1527496.4586398895, 7460365.390008385]]]}, "properties": {"parcel_id": "08243000230000", "crs": "local-feet", "address": "1450 N BECK ST", "city": "Salt Lake City", "county": "SaltLake", "source_srid": "EPSG:4326", "district": "M-1", "zone_label": "Light Manufacturing", "district_provenance": "centroid-contains"}}, {"type": "Feature", "geometry": {"type": "Polygon", "coordinates": [[[1527662.1100461981, 7460465.551554471], [1527928.208267084, 7460181.549012826], [1527462.8597548679, 7459738.757287888], [1527094.8088661788, 7460122.173459118], [1527219.1755631615, 7460241.620670602], [1527304.0526786067, 7460232.644620906], [1527460.9339984895, 7460383.321295799], [1527486.9384781958, 7460356.2463720245], [1527496.4586398895, 7460365.390008385], [1527632.126683268, 7460497.551840572], [1527662.1100461981, 7460465.551554471]]]}, "properties": {"parcel_id": "08243000240000", "crs": "local-feet", "address": "1398 N BECK ST", "city": "Salt Lake City", "county": "SaltLake", "source_srid": "EPSG:4326", "district": "M-1", "zone_label": "Light Manufacturing", "district_provenance": "centroid-contains"}}, {"type": "Feature", "geometry": {"type": "Polygon", "coordinates": [[[1532059.7806974673, 7463211.953678917], [1532059.6092948678, 7463157.837363454], [1531850.8996490457, 7463158.499592061], [1531850.2382561106, 7462949.78865678], [1532058.9479202663, 7462949.1264323415], [1532057.4336942253, 7462470.8941651955], [1532057.4303741194, 7462469.79442545], [1532049.0734716197, 7459830.943331467], [1532048.9841777375, 7459830.943474428], [1531572.9581227, 7459833.387585311], [1531543.0110447027, 7459833.541768524], [1531411.0103274088, 7459834.792901844], [1530723.481653442, 7459841.310610254], [1530728.0856670926, 7461155.789361319], [1529402.9235065565, 7461162.309382275], [1529407.9481581377, 7462470.01769718], [1530732.6892011124, 7462469.906055738], [1530741.895661973, 7465098.139484629], [1532065.794100085, 7465110.84498026], [1532059.7806974673, 7463211.953678917]]]}, "properties": {"parcel_id": "08244000050000", "crs": "local-feet", "address": "1173 N SANDHURST DR", "city": "Salt Lake City", "county": "SaltLake", "source_srid": "EPSG:4326", "district": "OS", "zone_label": "Open Space", "district_provenance": "centroid-contains"}}, {"type": "Feature", "geometry": {"type": "Polygon", "coordinates": [[[1530723.481653442, 7459841.310610254], [1530091.0028081292, 7459847.306016036], [1529430.9989408508, 7459853.562570665], [1529397.8959426675, 7459853.876209497], [1529400.1811950898, 7460448.599988963], [1529401.4491232138, 7460778.599961972], [1529402.9235065565, 7461162.309382275], [1530728.0856670926, 7461155.789361319], [1530723.481653442, 7459841.310610254]]]}, "properties": {"parcel_id": "08244000060000", "crs": "local-feet", "address": "1173 N SANDHURST DR", "city": "Salt Lake City", "county": "SaltLake", "source_srid": "EPSG:4326", "district": "OS", "zone_label": "Open Space", "district_provenance": "centroid-contains"}}, {"type": "Feature", "geometry": {"type": "Polygon", "coordinates": [[[1527671.785214569, 7459343.610059243], [1527592.6102137526, 7459349.586550503], [1527505.4019072272, 7459356.731278976], [1527424.1504617769, 7459371.033746452], [1527352.9157691654, 7459394.500942287], [1527286.4518555934, 7459427.037536138], [1527241.9018927764, 7459455.748516776], [1527193.5035453152, 7459497.450558845], [1527373.9156579296, 7459659.085339449], [1527472.6901312445, 7459553.039035557], [1527671.785214569, 7459343.610059243]]]}, "properties": {"parcel_id": "08251010020000", "crs": "local-feet", "address": "1335 N BECK ST", "city": "Salt Lake City", "county": "SaltLake", "source_srid": "EPSG:4326", "district": "M-1", "zone_label": "Light Manufacturing", "district_provenance": "centroid-contains"}}, {"type": "Feature", "geometry": {"type": "Polygon", "coordinates": [[[1527989.9668540133, 7458997.748291474], [1527726.6951416947, 7458936.968008515], [1527726.628790465, 7458937.036450934], [1527687.0203659, 7458978.088342062], [1527721.6161905145, 7458986.075033173], [1527499.6188575816, 7459216.159467684], [1527527.973612877, 7459229.22825101], [1527556.9982758716, 7459240.733236519], [1527586.6063824838, 7459250.640133366], [1527587.0829142234, 7459250.79307299], [1527588.0420899258, 7459251.075633054], [1527622.6899753886, 7459260.356511297], [1527657.8504769024, 7459267.450916283], [1527693.38617742, 7459272.331974036], [1527729.1577010835, 7459274.979260333], [1527742.1565224337, 7459261.815756824], [1527754.1113290922, 7459249.728901332], [1527765.3308512943, 7459238.401617032], [1527995.2850185602, 7458998.976197747], [1527989.9668540133, 7458997.748291474]]]}, "properties": {"parcel_id": "08251010080000", "crs": "local-feet", "address": "1275 N BECK ST", "city": "Salt Lake City", "county": "SaltLake", "source_srid": "EPSG:4326", "district": "M-1", "zone_label": "Light Manufacturing", "district_provenance": "centroid-contains"}}, {"type": "Feature", "geometry": {"type": "Polygon", "coordinates": [[[1528045.5739171712, 7458940.234436885], [1527879.1688958716, 7458779.351574388], [1527726.6951416947, 7458936.968008515], [1527989.9668540133, 7458997.748291474], [1528045.5739171712, 7458940.234436885]]]}, "properties": {"parcel_id": "08251010130000", "crs": "local-feet", "address": "1217 N BECK ST", "city": "Salt Lake City", "county": "SaltLake", "source_srid": "EPSG:4326", "district": "M-1", "zone_label": "Light Manufacturing", "district_provenance": "centroid-contains"}}, {"type": "Feature", "geometry": {"type": "Polygon", "coordinates": [[[1528163.7391620837, 7458818.0174461575], [1527997.3670821034, 7458657.166798798], [1527986.9245826032, 7458667.961687219], [1527986.8758084087, 7458668.0119614685], [1527899.4850286716, 7458758.350398091], [1527879.1688958716, 7458779.351574388], [1528045.5739171712, 7458940.234436885], [1528163.7391620837, 7458818.0174461575]]]}, "properties": {"parcel_id": "08251010140000", "crs": "local-feet", "address": "1217 N BECK ST", "city": "Salt Lake City", "county": "SaltLake", "source_srid": "EPSG:4326", "district": "M-1", "zone_label": "Light Manufacturing", "district_provenance": "centroid-contains"}}, {"type": "Feature", "geometry": {"type": "Polygon", "coordinates": [[[1527927.6972901833, 7459867.813170228], [1528205.8234546224, 7459865.176772989], [1528316.0300980601, 7459864.1320752585], [1527799.3036618242, 7459375.582142522], [1527679.093888921, 7459502.735300067], [1527559.8598322761, 7459630.803705768], [1527535.9926767964, 7459656.63640636], [1527538.3171583568, 7459658.833995947], [1527761.067850449, 7459869.43879778], [1527927.957002516, 7460027.227059513], [1527927.6972901833, 7459867.813170228]]]}, "properties": {"parcel_id": "08251020050000", "crs": "local-feet", "address": "1340 N BECK ST", "city": "Salt Lake City", "county": "SaltLake", "source_srid": "EPSG:4326", "district": "M-1", "zone_label": "Light Manufacturing", "district_provenance": "centroid-contains"}}, {"type": "Feature", "geometry": {"type": "Polygon", "coordinates": [[[1527927.957002516, 7460027.227059513], [1527761.067850449, 7459869.43879778], [1527538.3171583568, 7459658.833995947], [1527536.1612477144, 7459660.71379179], [1527462.8597548679, 7459738.757287888], [1527928.208267084, 7460181.549012826], [1527927.957002516, 7460027.227059513]]]}, "properties": {"parcel_id": "08251020060000", "crs": "local-feet", "address": "1370 N BECK ST", "city": "Salt Lake City", "county": "SaltLake", "source_srid": "EPSG:4326", "district": "M-1", "zone_label": "Light Manufacturing", "district_provenance": "centroid-contains"}}, {"type": "Feature", "geometry": {"type": "Polygon", "coordinates": [[[1528273.0891991658, 7459183.6204328295], [1528120.894588631, 7459037.445014657], [1527917.4204832367, 7459251.590703139], [1528273.0891991658, 7459183.6204328295]]]}, "properties": {"parcel_id": "08251260020000", "crs": "local-feet", "address": "1234 N BECK ST", "city": "Salt Lake City", "county": "SaltLake", "source_srid": "EPSG:4326", "district": "M-1", "zone_label": "Light Manufacturing", "district_provenance": "centroid-contains"}}, {"type": "Feature", "geometry": {"type": "Polygon", "coordinates": [[[1528553.1231802406, 7459130.104316909], [1528520.3973617412, 7459098.666165736], [1528416.1031878171, 7458998.476952681], [1528335.0565402093, 7459082.8612270495], [1528200.518771845, 7458953.644652511], [1528120.894588631, 7459037.445014657], [1528273.0891991658, 7459183.6204328295], [1528553.1231802406, 7459130.104316909]]]}, "properties": {"parcel_id": "08251260030000", "crs": "local-feet", "address": "1212 N BECK ST", "city": "Salt Lake City", "county": "SaltLake", "source_srid": "EPSG:4326", "district": "M-1", "zone_label": "Light Manufacturing", "district_provenance": "centroid-contains"}}, {"type": "Feature", "geometry": {"type": "Polygon", "coordinates": [[[1528416.1031878171, 7458998.476952681], [1528286.412434215, 7458873.890448254], [1528281.1250737852, 7458868.810774975], [1528200.518771845, 7458953.644652511], [1528335.0565402093, 7459082.8612270495], [1528416.1031878171, 7458998.476952681]]]}, "properties": {"parcel_id": "08251260040000", "crs": "local-feet", "address": "1212 N BECK ST", "city": "Salt Lake City", "county": "SaltLake", "source_srid": "EPSG:4326", "district": "M-1", "zone_label": "Light Manufacturing", "district_provenance": "centroid-contains"}}, {"type": "Feature", "geometry": {"type": "Polygon", "coordinates": [[[1528946.0399115805, 7458664.584948473], [1528918.0288564684, 7458693.743146767], [1528832.2293570042, 7458783.0588033395], [1528841.1096253837, 7458805.789739309], [1528847.273406837, 7458824.498217296], [1528851.4293081486, 7458843.752428797], [1528853.5315909248, 7458863.337253005], [1528853.5566446115, 7458883.034992891], [1528851.5037288622, 7458902.625123791], [1528847.3962435538, 7458921.889739257], [1528841.2799871364, 7458940.613558694], [1528833.223172872, 7458958.587891705], [1528823.3154443218, 7458975.612624657], [1528879.14713509, 7458901.316453826], [1528882.9667802018, 7458897.27970089], [1528886.51547222, 7458893.391847329], [1528889.995732277, 7458889.442355854], [1528893.406325217, 7458885.432966438], [1528896.7465089858, 7458881.364673507], [1528900.0155429319, 7458877.238719245], [1528903.2114417583, 7458873.056103646], [1528906.3342140976, 7458868.818808952], [1528909.3826189183, 7458864.527336208], [1528912.3554188258, 7458860.183177674], [1528915.2523740714, 7458855.788316628], [1528918.0722430611, 7458851.343254176], [1528920.8135405728, 7458846.849483667], [1528923.4762738347, 7458842.308739531], [1528926.0592059828, 7458837.722513947], [1528928.5618416462, 7458833.091304683], [1528930.983444889, 7458828.417345009], [1528933.3230274867, 7458823.70212616], [1528935.5798470944, 7458818.946642474], [1528937.7531635733, 7458814.1521361945], [1528939.84248935, 7458809.320839467], [1528941.8475799225, 7458804.45374458], [1528943.7671975777, 7458799.5520959655], [1528945.6008541733, 7458794.618125818], [1528947.348304644, 7458789.652578591], [1528949.00881164, 7458784.657439814], [1528950.5818845038, 7458779.634198346], [1528952.0670309123, 7458774.584095344], [1528953.4637615953, 7458769.50886748], [1528954.7715861858, 7458764.410251436], [1528955.9907574514, 7458759.28898931], [1528957.1197946041, 7458754.147813465], [1528958.159198788, 7458748.987464932], [1528959.1084824046, 7458743.810176033], [1528959.9669014055, 7458738.616445549], [1528960.7347163768, 7458733.408998004], [1528961.4114349724, 7458728.188826723], [1528961.9970632736, 7458722.957418369], [1528962.4916104183, 7458717.716755147], [1528962.8940890061, 7458712.468576065], [1528963.205248545, 7458707.213621001], [1528963.424602831, 7458701.9543700535], [1528963.5519087277, 7458696.692063274], [1528963.5876710108, 7458691.428432803], [1528963.531148128, 7458686.164473191], [1528963.3833474368, 7458680.902905486], [1528963.1430284195, 7458675.6444787], [1528962.8119396605, 7458670.390919433], [1528962.3883491848, 7458665.144217796], [1528961.8735049313, 7458659.905359292], [1528961.2674182686, 7458654.676821775], [1528960.5700910843, 7458649.45910081], [1528946.0399115805, 7458664.584948473]]]}, "properties": {"parcel_id": "08251260070000", "crs": "local-feet", "address": "1206 N BECK ST", "city": "Salt Lake City", "county": "SaltLake", "source_srid": "EPSG:4326", "district": "M-1", "zone_label": "Light Manufacturing", "district_provenance": "centroid-contains"}}, {"type": "Feature", "geometry": {"type": "Polygon", "coordinates": [[[1529390.9095127522, 7458636.69941119], [1529133.100921748, 7458510.586564971], [1529069.3847237553, 7458640.838779185], [1529058.5256398604, 7458665.471479135], [1529049.6555689694, 7458690.887883112], [1529042.8300031987, 7458716.928162906], [1529042.0901841433, 7458742.5805213135], [1529039.395655994, 7458768.101397402], [1529034.7614302356, 7458793.342797211], [1529028.2149549644, 7458818.156919532], [1529019.7938908215, 7458842.3988916585], [1529009.5483528487, 7458865.9279980995], [1528997.53717645, 7458888.606953949], [1529018.6653457338, 7458900.684794102], [1528914.0273123663, 7459008.161673127], [1528921.679506586, 7459015.611750182], [1528913.1768331933, 7459025.445872462], [1528896.159999446, 7459043.939677046], [1528877.7899689528, 7459061.090151662], [1528858.1722599196, 7459076.798705019], [1528837.4203852762, 7459090.974638763], [1528815.6531206875, 7459103.536150592], [1528789.3723828404, 7459115.958694779], [1528762.1040222277, 7459126.029309622], [1528734.0576181374, 7459133.670491601], [1528705.449049548, 7459138.823043039], [1528585.8219324723, 7459161.571088032], [1528768.7006263311, 7459337.252148692], [1528825.5819780624, 7459326.435663341], [1528834.2280170026, 7459324.71329172], [1528842.8432797228, 7459322.839915994], [1528851.4242895364, 7459320.816790712], [1528859.969058285, 7459318.644172518], [1528868.4741053802, 7459316.3225725405], [1528876.9371987428, 7459313.853239699], [1528885.3565957788, 7459311.235933994], [1528893.7283258608, 7459308.4726553485], [1528902.050896965, 7459305.563410476], [1528910.3218283695, 7459302.509697112], [1528918.5381367488, 7459299.3117763745], [1528926.696596266, 7459295.971397049], [1528934.7959646555, 7459292.488812524], [1528942.8335091793, 7459288.864778243], [1528950.8065054475, 7459285.101784131], [1528958.7124679727, 7459281.200336881], [1528966.5491621213, 7459277.161189726], [1528974.3146032873, 7459272.985590388], [1528982.0050694295, 7459268.67553766], [1528989.6198191645, 7459264.232025909], [1528997.1561210996, 7459259.656058387], [1529004.6107493527, 7459254.949383938], [1529011.9824649433, 7459250.112999151], [1529019.2685403798, 7459245.148898281], [1529026.4667432099, 7459240.058330204], [1529033.5750924125, 7459234.8432859145], [1529040.5913549764, 7459229.505014158], [1529047.5135454005, 7459224.044514858], [1529054.338940057, 7459218.464525763], [1529061.0665485777, 7459212.766042131], [1529067.6936428586, 7459206.950810679], [1529074.217745103, 7459201.021072319], [1529080.6376176788, 7459194.978071394], [1529086.951032804, 7459188.824295569], [1529093.1592267638, 7459182.558004688], [1529260.9986016843, 7459010.16507832], [1529141.0264310732, 7458893.361544789], [1529390.9095127522, 7458636.69941119]]]}, "properties": {"parcel_id": "08251260110000", "crs": "local-feet", "address": "1206 N BECK ST", "city": "Salt Lake City", "county": "SaltLake", "source_srid": "EPSG:4326", "district": "M-1", "zone_label": "Light Manufacturing", "district_provenance": "centroid-contains"}}, {"type": "Feature", "geometry": {"type": "Polygon", "coordinates": [[[1529397.8959426675, 7459853.876209497], [1529430.9989408508, 7459853.562570665], [1529431.0008160437, 7458615.951943857], [1529390.9095127522, 7458636.69941119], [1529141.0264310732, 7458893.361544789], [1529260.9986016843, 7459010.16507832], [1529093.1592267638, 7459182.558004688], [1529086.951032804, 7459188.824295569], [1529080.6376176788, 7459194.978071394], [1529074.217745103, 7459201.021072319], [1529067.6936428586, 7459206.950810679], [1529061.0665485777, 7459212.766042131], [1529054.338940057, 7459218.464525763], [1529047.5135454005, 7459224.044514858], [1529040.5913549764, 7459229.505014158], [1529033.5750924125, 7459234.8432859145], [1529026.4667432099, 7459240.058330204], [1529019.2685403798, 7459245.148898281], [1529011.9824649433, 7459250.112999151], [1529004.6107493527, 7459254.949383938], [1528997.1561210996, 7459259.656058387], [1528989.6198191645, 7459264.232025909], [1528982.0050694295, 7459268.67553766], [1528974.3146032873, 7459272.985590388], [1528966.5491621213, 7459277.161189726], [1528958.7124679727, 7459281.200336881], [1528950.8065054475, 7459285.101784131], [1528942.8335091793, 7459288.864778243], [1528934.7959646555, 7459292.488812524], [1528926.696596266, 7459295.971397049], [1528918.5381367488, 7459299.3117763745], [1528910.3218283695, 7459302.509697112], [1528902.050896965, 7459305.563410476], [1528893.7283258608, 7459308.4726553485], [1528885.3565957788, 7459311.235933994], [1528876.9371987428, 7459313.853239699], [1528868.4741053802, 7459316.3225725405], [1528859.969058285, 7459318.644172518], [1528851.4242895364, 7459320.816790712], [1528842.8432797228, 7459322.839915994], [1528834.2280170026, 7459324.71329172], [1528825.5819780624, 7459326.435663341], [1528768.7006263311, 7459337.252148692], [1528585.8219324723, 7459161.571088032], [1528553.1231802406, 7459130.104316909], [1528273.0891991658, 7459183.6204328295], [1527917.4204832367, 7459251.590703139], [1527853.023184156, 7459319.365505186], [1527799.3036618242, 7459375.582142522], [1528316.0300980601, 7459864.1320752585], [1529397.8959426675, 7459853.876209497]]]}, "properties": {"parcel_id": "08251260200000", "crs": "local-feet", "address": "1264 N BECK ST", "city": "Salt Lake City", "county": "SaltLake", "source_srid": "EPSG:4326", "district": "OS", "zone_label": "Open Space", "district_provenance": "centroid-contains"}}, {"type": "Feature", "geometry": {"type": "Polygon", "coordinates": [[[1528999.6554198237, 7458550.599131021], [1529141.7793495413, 7458402.066344668], [1529040.36396351, 7458112.682145671], [1529030.7898912553, 7458120.873335933], [1528949.919480799, 7458181.629622662], [1528889.6273314836, 7458262.597297122], [1528757.9985222644, 7458413.135747985], [1528705.9279017204, 7458434.832030996], [1528917.0913260372, 7458636.885625081], [1528999.6554198237, 7458550.599131021]]]}, "properties": {"parcel_id": "08251260210000", "crs": "local-feet", "address": "1180 N BECK ST # G", "city": "Salt Lake City", "county": "SaltLake", "source_srid": "EPSG:4326", "district": "M-1", "zone_label": "Light Manufacturing", "district_provenance": "centroid-contains"}}, {"type": "Feature", "geometry": {"type": "Polygon", "coordinates": [[[1529042.8300031987, 7458716.928162906], [1529041.714129557, 7458687.996498482], [1529038.1127326528, 7458659.26900369], [1529032.0523777597, 7458630.957666191], [1529023.577782786, 7458603.272906772], [1529012.752048233, 7458576.419861623], [1528999.6554198237, 7458550.599131021], [1528917.0913260372, 7458636.885625081], [1528946.0399115805, 7458664.584948473], [1528960.5700910843, 7458649.45910081], [1528961.2674182686, 7458654.676821775], [1528961.8735049313, 7458659.905359292], [1528962.3883491848, 7458665.144217796], [1528962.8119396605, 7458670.390919433], [1528963.1430284195, 7458675.6444787], [1528963.3833474368, 7458680.902905486], [1528963.531148128, 7458686.164473191], [1528963.5876710108, 7458691.428432803], [1528963.5519087277, 7458696.692063274], [1528963.424602831, 7458701.9543700535], [1528963.205248545, 7458707.213621001], [1528962.8940890061, 7458712.468576065], [1528962.4916104183, 7458717.716755147], [1528961.9970632736, 7458722.957418369], [1528961.4114349724, 7458728.188826723], [1528960.7347163768, 7458733.408998004], [1528959.9669014055, 7458738.616445549], [1528959.1084824046, 7458743.810176033], [1528958.159198788, 7458748.987464932], [1528957.1197946041, 7458754.147813465], [1528955.9907574514, 7458759.28898931], [1528954.7715861858, 7458764.410251436], [1528953.4637615953, 7458769.50886748], [1528952.0670309123, 7458774.584095344], [1528950.5818845038, 7458779.634198346], [1528949.00881164, 7458784.657439814], [1528947.348304644, 7458789.652578591], [1528945.6008541733, 7458794.618125818], [1528943.7671975777, 7458799.5520959655], [1528941.8475799225, 7458804.45374458], [1528939.84248935, 7458809.320839467], [1528937.7531635733, 7458814.1521361945], [1528935.5798470944, 7458818.946642474], [1528933.3230274867, 7458823.70212616], [1528930.983444889, 7458828.417345009], [1528928.5618416462, 7458833.091304683], [1528926.0592059828, 7458837.722513947], [1528923.4762738347, 7458842.308739531], [1528920.8135405728, 7458846.849483667], [1528918.0722430611, 7458851.343254176], [1528915.2523740714, 7458855.788316628], [1528912.3554188258, 7458860.183177674], [1528909.3826189183, 7458864.527336208], [1528906.3342140976, 7458868.818808952], [1528903.2114417583, 7458873.056103646], [1528900.0155429319, 7458877.238719245], [1528896.7465089858, 7458881.364673507], [1528893.406325217, 7458885.432966438], [1528889.995732277, 7458889.442355854], [1528886.51547222, 7458893.391847329], [1528882.9667802018, 7458897.27970089], [1528879.14713509, 7458901.316453826], [1528823.3154443218, 7458975.612624657], [1528816.3973545835, 7458985.465425686], [1528808.8580495801, 7458994.850732177], [1528796.6616105887, 7459007.551547821], [1528783.3212604255, 7459019.045118309], [1528768.9569306532, 7459029.229811091], [1528753.696059517, 7459038.014118815], [1528751.9964493124, 7459039.068415511], [1528750.1598201687, 7459040.186019005], [1528815.6531206875, 7459103.536150592], [1528837.4203852762, 7459090.974638763], [1528858.1722599196, 7459076.798705019], [1528877.7899689528, 7459061.090151662], [1528896.159999446, 7459043.939677046], [1528913.1768331933, 7459025.445872462], [1528921.679506586, 7459015.611750182], [1528914.0273123663, 7459008.161673127], [1529018.6653457338, 7458900.684794102], [1528997.53717645, 7458888.606953949], [1529009.5483528487, 7458865.9279980995], [1529019.7938908215, 7458842.3988916585], [1529028.2149549644, 7458818.156919532], [1529034.7614302356, 7458793.342797211], [1529039.395655994, 7458768.101397402], [1529042.0901841433, 7458742.5805213135], [1529042.8300031987, 7458716.928162906]]]}, "properties": {"parcel_id": "08251260220000", "crs": "local-feet", "address": "1204 N BECK ST", "city": "Salt Lake City", "county": "SaltLake", "source_srid": "EPSG:4326", "district": "M-1", "zone_label": "Light Manufacturing", "district_provenance": "centroid-contains"}}, {"type": "Feature", "geometry": {"type": "Polygon", "coordinates": [[[1529390.9095127522, 7458636.69941119], [1529431.0008160437, 7458615.951943857], [1529431.0025991094, 7457703.10960689], [1529383.4418101085, 7457756.606739649], [1529334.5926513218, 7457808.930126382], [1529246.1866224834, 7457909.271615643], [1529107.9276766183, 7458053.743381044], [1529040.36396351, 7458112.682145671], [1529141.7793495413, 7458402.066344668], [1528999.6554198237, 7458550.599131021], [1529012.752048233, 7458576.419861623], [1529023.577782786, 7458603.272906772], [1529032.0523777597, 7458630.957666191], [1529038.1127326528, 7458659.26900369], [1529041.714129557, 7458687.996498482], [1529042.8300031987, 7458716.928162906], [1529049.6555689694, 7458690.887883112], [1529058.5256398604, 7458665.471479135], [1529069.3847237553, 7458640.838779185], [1529133.100921748, 7458510.586564971], [1529390.9095127522, 7458636.69941119]]]}, "properties": {"parcel_id": "08251260240000", "crs": "local-feet", "address": "1120 N VICTORY RD", "city": "Salt Lake City", "county": "SaltLake", "source_srid": "EPSG:4326", "district": "M-1", "zone_label": "Light Manufacturing", "district_provenance": "centroid-contains"}}, {"type": "Feature", "geometry": {"type": "Polygon", "coordinates": [[[1528815.6531206875, 7459103.536150592], [1528750.1598201687, 7459040.186019005], [1528426.9327283096, 7458727.536760524], [1528426.6664042408, 7458727.279276539], [1528352.6064033266, 7458804.664355696], [1528286.412434215, 7458873.890448254], [1528416.1031878171, 7458998.476952681], [1528520.3973617412, 7459098.666165736], [1528553.1231802406, 7459130.104316909], [1528585.8219324723, 7459161.571088032], [1528705.449049548, 7459138.823043039], [1528734.0576181374, 7459133.670491601], [1528762.1040222277, 7459126.029309622], [1528789.3723828404, 7459115.958694779], [1528815.6531206875, 7459103.536150592]]]}, "properties": {"parcel_id": "08251260250000", "crs": "local-feet", "address": "1208 N BECK ST", "city": "Salt Lake City", "county": "SaltLake", "source_srid": "EPSG:4326", "district": "M-1", "zone_label": "Light Manufacturing", "district_provenance": "centroid-contains"}}, {"type": "Feature", "geometry": {"type": "Polygon", "coordinates": [[[1528753.696059517, 7459038.014118815], [1528428.6539742951, 7458725.764495458], [1528426.9327283096, 7458727.536760524], [1528750.1598201687, 7459040.186019005], [1528751.9964493124, 7459039.068415511], [1528753.696059517, 7459038.014118815]]]}, "properties": {"parcel_id": "08251260260000", "crs": "local-feet", "city": "Salt Lake City", "county": "SaltLake", "source_srid": "EPSG:4326", "district": "M-1", "zone_label": "Light Manufacturing", "district_provenance": "centroid-contains"}}, {"type": "Feature", "geometry": {"type": "Polygon", "coordinates": [[[1528823.3154443218, 7458975.612624657], [1528833.223172872, 7458958.587891705], [1528841.2799871364, 7458940.613558694], [1528847.3962435538, 7458921.889739257], [1528851.5037288622, 7458902.625123791], [1528853.5566446115, 7458883.034992891], [1528853.5315909248, 7458863.337253005], [1528851.4293081486, 7458843.752428797], [1528847.273406837, 7458824.498217296], [1528841.1096253837, 7458805.789739309], [1528832.2293570042, 7458783.0588033395], [1528918.0288564684, 7458693.743146767], [1528946.0399115805, 7458664.584948473], [1528917.0913260372, 7458636.885625081], [1528705.9279017204, 7458434.832030996], [1528704.6065845047, 7458433.56807445], [1528657.5730474403, 7458482.5281624105], [1528629.2166772047, 7458519.029915526], [1528599.0490573498, 7458554.049384844], [1528567.1476448912, 7458587.49752569], [1528435.6072961143, 7458718.605250635], [1528428.6539742951, 7458725.764495458], [1528753.696059517, 7459038.014118815], [1528768.9569306532, 7459029.229811091], [1528783.3212604255, 7459019.045118309], [1528796.6616105887, 7459007.551547821], [1528808.8580495801, 7458994.850732177], [1528816.3973545835, 7458985.465425686], [1528823.3154443218, 7458975.612624657]]]}, "properties": {"parcel_id": "08251260270000", "crs": "local-feet", "address": "1200 N BECK ST", "city": "Salt Lake City", "county": "SaltLake", "source_srid": "EPSG:4326", "district": "M-1", "zone_label": "Light Manufacturing", "district_provenance": "centroid-contains"}}, {"type": "Feature", "geometry": {"type": "Polygon", "coordinates": [[[1528142.940197646, 7458044.075731183], [1528148.778905456, 7457233.324481582], [1528115.3670211153, 7457233.548311189], [1527958.369545847, 7457234.599153937], [1527942.369681509, 7457234.706250559], [1527785.372460106, 7457235.757197568], [1527719.3735500884, 7457236.198907727], [1527562.3765830805, 7457237.249780366], [1527546.3764709367, 7457237.356886098], [1527389.3795093743, 7457238.40786411], [1527323.3806038792, 7457238.849638257], [1527166.3829028625, 7457239.900794241], [1527150.383536984, 7457240.007656799], [1527106.255497082, 7457240.30267145], [1527085.4320356725, 7457254.4497202085], [1527063.8904842935, 7457269.640330667], [1527042.6175867245, 7457285.204642687], [1527025.4904335565, 7457298.199873642], [1527021.6192903498, 7457301.137671639], [1527000.9025408183, 7457317.434923966], [1526992.830908927, 7457324.015783066], [1526980.472785247, 7457334.090921676], [1526926.3925614427, 7457390.121031662], [1526926.340948988, 7457397.858050321], [1526919.509316375, 7457397.903727366], [1526890.149772615, 7457431.098367944], [1526860.7900586564, 7457464.293000685], [1526831.4306712442, 7457497.487375522], [1526802.070866111, 7457530.681991409], [1526772.7113883824, 7457563.876597223], [1526753.847697726, 7457585.204589459], [1526588.44470839, 7457772.214315852], [1526566.3026503446, 7457797.2480034325], [1526544.1613833397, 7457822.281682439], [1526499.8789811207, 7457872.348529535], [1526476.0959214296, 7457899.238042933], [1526476.1312677807, 7457922.385553804], [1526476.2065687908, 7457972.385744244], [1526476.2823709734, 7458022.386575609], [1526476.3576723142, 7458072.386565719], [1526476.4334722636, 7458122.386701246], [1526576.433612623, 7458122.235107202], [1526576.3582632104, 7458072.234970867], [1526576.2824175046, 7458022.234984484], [1526576.207066136, 7457972.234152262], [1526576.1314694118, 7457922.233964403], [1526576.0561229254, 7457872.233923066], [1526575.980524527, 7457822.233039362], [1526590.9804176157, 7457822.210683719], [1526591.433571818, 7458122.212502334], [1526751.4342885371, 7458121.970043814], [1526751.5100333411, 7458171.970571578], [1526621.5094965566, 7458172.167600202], [1526621.5470005167, 7458197.167333483], [1526621.5850066629, 7458222.168030545], [1526621.6227616395, 7458247.168208166], [1526621.6602668571, 7458272.168114071], [1526621.6982705693, 7458297.168240488], [1526621.7362757386, 7458322.168589633], [1526621.7740297355, 7458347.168419298], [1526621.8115373966, 7458372.16872063], [1526621.8492948941, 7458397.1692436095], [1526621.8872990832, 7458422.169244839], [1526621.9248068703, 7458447.169471072], [1526621.9625633478, 7458472.16967113], [1526622.000318731, 7458497.169598366], [1526622.0383242196, 7458522.169747222], [1526752.0385174865, 7458521.972956713], [1526750.6785171547, 7458556.310680555], [1526065.4154671975, 7458560.602762282], [1526046.1252853754, 7458593.7223906545], [1525977.4342299828, 7458711.655842321], [1525960.4803409877, 7458740.76305165], [1525901.1661135799, 7458842.598476921], [1525866.490261594, 7458902.132953723], [1525833.7843742005, 7458958.284650413], [1525784.5259270007, 7459042.854286985], [1525767.5724960808, 7459071.961987588], [1525698.8803857658, 7459189.897450805], [1525679.5877204742, 7459223.020019272], [1525660.2956010501, 7459256.141813377], [1525591.6040187106, 7459374.076958798], [1525597.0855152293, 7459374.042624685], [1525580.126066735, 7459403.150347244], [1525511.4114016057, 7459521.085878225], [1525472.814458083, 7459587.330463159], [1525404.100071223, 7459705.265429884], [1525387.1405825836, 7459734.373398353], [1525318.4265188663, 7459852.308409697], [1525313.035418165, 7459852.342881219], [1525295.9595576397, 7459881.520412503], [1525293.6490346072, 7459885.467794198], [1525298.8212550452, 7459885.435574768], [1525452.8297808939, 7459884.4711528905], [1526115.620587889, 7459880.321221331], [1526414.509577717, 7459879.763920025], [1526430.155909934, 7459879.468655305], [1526438.2059427819, 7459879.1099936655], [1526446.2486124574, 7459878.610632645], [1526454.2814355688, 7459877.971327023], [1526462.3016738414, 7459877.191593777], [1526470.3075906637, 7459876.272431944], [1526478.29570212, 7459875.213362047], [1526486.2640218148, 7459874.015136462], [1526491.660051127, 7459873.106749318], [1526494.210560811, 7459872.678012121], [1526502.1325847898, 7459871.202249289], [1526510.0271128044, 7459869.588604963], [1526517.8929006737, 7459867.837084824], [1526525.7264738695, 7459865.949191436], [1526533.5263387035, 7459863.924683869], [1526541.2890152456, 7459861.764073535], [1526549.0137633956, 7459859.468602688], [1526556.6966048023, 7459857.038537325], [1526564.3360514627, 7459854.47487533], [1526571.9296176918, 7459851.777875781], [1526579.4745742835, 7459848.949037783], [1526586.9694326455, 7459845.989111421], [1526594.411459891, 7459842.898852498], [1526601.7984200837, 7459839.67876674], [1526609.1280841164, 7459836.3308465285], [1526616.3979643057, 7459832.855103152], [1526623.6063268203, 7459829.253031116], [1526630.7506890723, 7459825.525632797], [1526637.8285704707, 7459821.674406217], [1526644.8384809743, 7459817.699853609], [1526651.7781905916, 7459813.603719494], [1526658.6449683867, 7459809.387255249], [1526665.4373282762, 7459805.051706354], [1526672.1527876463, 7459800.59807529], [1526678.7896117864, 7459796.02785646], [1526685.3455704108, 7459791.342794501], [1526691.8191737244, 7459786.543391595], [1526698.207697858, 7459781.63238569], [1526704.5094055017, 7459776.610527935], [1526710.7225624882, 7459771.479312839], [1526716.84543522, 7459766.240482652], [1526722.8757913676, 7459760.895286346], [1526728.8121487962, 7459755.445960558], [1526734.6525241036, 7459749.894000975], [1526740.3946849613, 7459744.240656502], [1526746.037397572, 7459738.488162732], [1526772.7502415034, 7459710.776708404], [1527257.3208674367, 7459218.149957661], [1527274.720681505, 7459218.116796336], [1527534.5681138174, 7458948.552664777], [1527593.9295577426, 7458962.201161919], [1528130.1814422351, 7458407.862302356], [1528130.1565680043, 7458436.282544888], [1528196.3085443613, 7458367.779801748], [1528226.851386426, 7458334.561538396], [1528255.7325610751, 7458299.888833699], [1528282.8822932926, 7458263.844258062], [1528308.2355521673, 7458226.514573127], [1528331.7320428134, 7458187.98899748], [1528353.315212913, 7458148.359458956], [1528372.9332510803, 7458107.721581426], [1528402.4236804687, 7458042.654746717], [1528417.56843977, 7458009.239808222], [1528450.2951555874, 7457937.031600614], [1528483.1203329633, 7457864.605964133], [1528497.3017998748, 7457833.316560801], [1528488.0403049586, 7457833.378237306], [1528483.3290889428, 7457833.409688266], [1528450.3299345039, 7457833.630459279], [1528417.3300339144, 7457833.851277613], [1528384.3308802473, 7457834.072136494], [1528351.3312291033, 7457834.29304167], [1528318.3320773372, 7457834.514236316], [1528317.158075777, 7458009.9116382785], [1528316.9372966734, 7458042.911185076], [1528300.9377064696, 7458043.018297854], [1528301.2280484005, 7457999.618569266], [1528301.4488091886, 7457966.619460574], [1528301.6695685259, 7457933.619812699], [1528301.8905775845, 7457900.62012006], [1528302.111588283, 7457867.620631607], [1528302.3323522308, 7457834.6213484425], [1528177.334408462, 7457835.458084738], [1528177.1135621257, 7457868.457369794], [1528176.892468199, 7457901.456612344], [1528176.6718754715, 7457934.456552376], [1528176.4510329044, 7457967.455954382], [1528176.230191971, 7458000.45556051], [1528175.9398193045, 7458043.855043448], [1528142.940197646, 7458044.075731183]]]}, "properties": {"parcel_id": "08251510020000", "crs": "local-feet", "address": "474 W 900 N", "city": "Salt Lake City", "county": "SaltLake", "source_srid": "EPSG:4326", "district": "M-2", "zone_label": "Heavy Manufacturing", "district_provenance": "centroid-contains"}}, {"type": "Feature", "geometry": {"type": "Polygon", "coordinates": [[[1528955.362353076, 7457227.925621217], [1528947.3622944092, 7457227.978970664], [1528822.3645321266, 7457228.816160458], [1528786.1352966975, 7457229.058469807], [1528745.940544255, 7457319.548171001], [1528782.0908510017, 7457319.484574038], [1528780.6726545468, 7457322.678164842], [1528886.2110572334, 7457321.756657054], [1528906.1929452096, 7457320.650955308], [1528914.930529042, 7457320.650770529], [1528915.8386733837, 7457318.6466915095], [1528955.362353076, 7457227.925621217]]]}, "properties": {"parcel_id": "08251760110000", "crs": "local-feet", "address": "474 W 900 N", "city": "Salt Lake City", "county": "SaltLake", "source_srid": "EPSG:4326", "district": "M-1", "zone_label": "Light Manufacturing", "district_provenance": "centroid-contains"}}, {"type": "Feature", "geometry": {"type": "Polygon", "coordinates": [[[1528961.4123349113, 7457516.359084648], [1528961.8447686604, 7457515.385771819], [1528976.1199916601, 7457483.2483212], [1528990.826940502, 7457450.137278353], [1529005.534427553, 7457417.02644604], [1529020.2417051431, 7457383.915579835], [1529030.657639422, 7457360.465846188], [1528920.9912099743, 7457360.264701337], [1528896.0178401615, 7457384.747184447], [1528895.2437332633, 7457384.752156805], [1528894.6509885292, 7457386.087240767], [1528863.6218293405, 7457416.506503014], [1528862.9665293798, 7457417.980635055], [1528862.1123278532, 7457417.986464762], [1528838.3422147075, 7457441.289214335], [1528838.3540862664, 7457451.157978513], [1528838.3813383784, 7457473.330839162], [1528838.4291641382, 7457512.660115202], [1528836.4145345038, 7457517.195959277], [1528961.4123349113, 7457516.359084648]]]}, "properties": {"parcel_id": "08251760130000", "crs": "local-feet", "address": "474 W 900 N", "city": "Salt Lake City", "county": "SaltLake", "source_srid": "EPSG:4326", "district": "M-1", "zone_label": "Light Manufacturing", "district_provenance": "centroid-contains"}}, {"type": "Feature", "geometry": {"type": "Polygon", "coordinates": [[[1528645.3785102728, 7458184.325819361], [1528615.784872913, 7458162.821027372], [1528595.6515168082, 7458146.808950959], [1528576.1066878545, 7458130.083804263], [1528573.4942550254, 7458127.753970669], [1528570.5227989377, 7458125.076372201], [1528567.59091928, 7458122.40454209], [1528565.0193549506, 7458120.036364138], [1528562.4559294565, 7458117.652786416], [1528560.2686132712, 7458115.600046583], [1528558.225863424, 7458113.6670806585], [1528541.0458569708, 7458151.573036705], [1528511.1071936386, 7458217.628891723], [1528607.0505618115, 7458260.236289572], [1528607.0712806913, 7458260.197292984], [1528608.7149832982, 7458257.107113167], [1528610.5002004795, 7458253.736291168], [1528628.2927311328, 7458219.208382922], [1528645.3785102728, 7458184.325819361]]]}, "properties": {"parcel_id": "08251760150000", "crs": "local-feet", "address": "1199 N BECK ST", "city": "Salt Lake City", "county": "SaltLake", "source_srid": "EPSG:4326", "district": "M-1", "zone_label": "Light Manufacturing", "district_provenance": "centroid-contains"}}, {"type": "Feature", "geometry": {"type": "Polygon", "coordinates": [[[1528832.6129600967, 7457806.32858856], [1528698.070251339, 7457807.162088264], [1528748.3722270408, 7457695.736089203], [1528739.5919928995, 7457695.7370218355], [1528615.0673960422, 7457695.508846408], [1528575.4409429296, 7457695.435745704], [1528535.5668641636, 7457808.169194907], [1528563.9076292275, 7457807.993611192], [1528563.9003259584, 7457832.870247163], [1528560.6614270255, 7457832.891812967], [1528549.1583919316, 7457858.3337746], [1528515.6645871263, 7457932.403745502], [1528482.1709199056, 7458006.459418893], [1528482.1710710884, 7458006.492870251], [1528481.116166177, 7458008.814253002], [1528473.3734182853, 7458025.950662833], [1528500.4234872605, 7458025.900027758], [1528500.418579449, 7458042.264270597], [1528495.4888589785, 7458042.26424593], [1528521.7762330717, 7458074.750972753], [1528549.913027617, 7458105.649658134], [1528552.81277438, 7458108.476007443], [1528555.2329513987, 7458110.810921527], [1528558.225863424, 7458113.6670806585], [1528560.2686132712, 7458115.600046583], [1528562.4559294565, 7458117.652786416], [1528565.0193549506, 7458120.036364138], [1528567.59091928, 7458122.40454209], [1528570.5227989377, 7458125.076372201], [1528573.4942550254, 7458127.753970669], [1528576.1066878545, 7458130.083804263], [1528595.6515168082, 7458146.808950959], [1528615.784872913, 7458162.821027372], [1528645.3785102728, 7458184.325819361], [1528648.620205482, 7458186.312102756], [1528651.6143622787, 7458188.125554196], [1528654.6164112918, 7458189.924102768], [1528657.6275983334, 7458191.708238438], [1528660.6476738974, 7458193.47771459], [1528674.4389765689, 7458162.428960929], [1528689.1421674252, 7458129.326826545], [1528703.8456489085, 7458096.225151681], [1528718.520603713, 7458063.187501007], [1528718.5489198065, 7458063.123195093], [1528733.2278525564, 7458030.076323424], [1528733.2519826258, 7458030.02145247], [1528747.9353909413, 7457996.965357515], [1528747.9553346892, 7457996.919921507], [1528762.6424734495, 7457963.854854405], [1528762.6587239746, 7457963.817859981], [1528777.349841869, 7457930.743819648], [1528777.3619063038, 7457930.71626017], [1528792.061189491, 7457897.623811464], [1528806.7659253764, 7457864.51817036], [1528821.471439169, 7457831.4107563505], [1528832.6129600967, 7457806.32858856]]]}, "properties": {"parcel_id": "08251760190000", "crs": "local-feet", "address": "474 W 900 N", "city": "Salt Lake City", "county": "SaltLake", "source_srid": "EPSG:4326", "district": "M-1", "zone_label": "Light Manufacturing", "district_provenance": "centroid-contains"}}, {"type": "Feature", "geometry": {"type": "Polygon", "coordinates": [[[1528832.6129600967, 7457806.32858856], [1528843.754006086, 7457781.246402952], [1528858.4610960614, 7457748.135425145], [1528873.1684752966, 7457715.02465896], [1528887.8761426804, 7457681.9138566805], [1528902.58310217, 7457648.802774943], [1528917.2905998586, 7457615.691903762], [1528931.9978883746, 7457582.580998685], [1528946.7052174895, 7457549.4703063825], [1528961.4123349113, 7457516.359084648], [1528836.4145345038, 7457517.195959277], [1528838.4291641382, 7457512.660115202], [1528838.3813383784, 7457473.330839162], [1528838.3540862664, 7457451.157978513], [1528838.3422147075, 7457441.289214335], [1528862.1123278532, 7457417.986464762], [1528862.9665293798, 7457417.980635055], [1528863.6218293405, 7457416.506503014], [1528894.6509885292, 7457386.087240767], [1528895.2437332633, 7457384.752156805], [1528896.0178401615, 7457384.747184447], [1528920.9912099743, 7457360.264701337], [1529030.657639422, 7457360.465846188], [1529034.9490224984, 7457350.8046786105], [1529049.6566279985, 7457317.693741303], [1529064.3637753718, 7457284.5827711765], [1529089.9300423493, 7457227.025022858], [1529117.6794184241, 7457163.906118471], [1528954.8783220286, 7457163.9267901825], [1528955.362353076, 7457227.925621217], [1528915.8386733837, 7457318.6466915095], [1528914.930529042, 7457320.650770529], [1528906.1929452096, 7457320.650955308], [1528886.2110572334, 7457321.756657054], [1528780.6726545468, 7457322.678164842], [1528782.0908510017, 7457319.484574038], [1528745.940544255, 7457319.548171001], [1528575.4409429296, 7457695.435745704], [1528615.0673960422, 7457695.508846408], [1528739.5919928995, 7457695.7370218355], [1528748.3722270408, 7457695.736089203], [1528698.070251339, 7457807.162088264], [1528832.6129600967, 7457806.32858856]]]}, "properties": {"parcel_id": "08251760200000", "crs": "local-feet", "address": "474 W 900 N", "city": "Salt Lake City", "county": "SaltLake", "source_srid": "EPSG:4326", "district": "M-1", "zone_label": "Light Manufacturing", "district_provenance": "centroid-contains"}}, {"type": "Feature", "geometry": {"type": "Polygon", "coordinates": [[[1528607.0505618115, 7458260.236289572], [1528511.1071936386, 7458217.628891723], [1528501.9717543633, 7458213.571959173], [1528534.013736624, 7458141.441388937], [1528549.913027617, 7458105.649658134], [1528521.7762330717, 7458074.750972753], [1528495.4888589785, 7458042.26424593], [1528475.8892281135, 7458042.39643486], [1528465.889298896, 7458042.463687462], [1528376.2274053162, 7458244.797138396], [1528522.2704766241, 7458309.680614766], [1528567.9644362938, 7458329.981044812], [1528587.872562431, 7458295.313568196], [1528607.0505618115, 7458260.236289572]]]}, "properties": {"parcel_id": "08251760220000", "crs": "local-feet", "address": "1207 N BECK ST", "city": "Salt Lake City", "county": "SaltLake", "source_srid": "EPSG:4326", "district": "M-1", "zone_label": "Light Manufacturing", "district_provenance": "centroid-contains"}}, {"type": "Feature", "geometry": {"type": "Polygon", "coordinates": [[[1528558.225863424, 7458113.6670806585], [1528555.2329513987, 7458110.810921527], [1528552.81277438, 7458108.476007443], [1528549.913027617, 7458105.649658134], [1528534.013736624, 7458141.441388937], [1528501.9717543633, 7458213.571959173], [1528511.1071936386, 7458217.628891723], [1528541.0458569708, 7458151.573036705], [1528558.225863424, 7458113.6670806585]]]}, "properties": {"parcel_id": "08251760230000", "crs": "local-feet", "address": "1203 N BECK ST", "city": "Salt Lake City", "county": "SaltLake", "source_srid": "EPSG:4326", "district": "M-1", "zone_label": "Light Manufacturing", "district_provenance": "centroid-contains"}}, {"type": "Feature", "geometry": {"type": "Polygon", "coordinates": [[[1528522.2704766241, 7458309.680614766], [1528376.2274053162, 7458244.797138396], [1528364.8244654662, 7458267.811954477], [1528511.2028688078, 7458334.154755071], [1528522.2704766241, 7458309.680614766]]]}, "properties": {"parcel_id": "08251760250000", "crs": "local-feet", "address": "1207 N BECK ST", "city": "Salt Lake City", "county": "SaltLake", "source_srid": "EPSG:4326", "district": "M-1", "zone_label": "Light Manufacturing", "district_provenance": "centroid-contains"}}, {"type": "Feature", "geometry": {"type": "Polygon", "coordinates": [[[1528567.9644362938, 7458329.981044812], [1528522.2704766241, 7458309.680614766], [1528511.2028688078, 7458334.154755071], [1528364.8244654662, 7458267.811954477], [1528355.171421887, 7458287.294766985], [1528249.6263588716, 7458396.399262601], [1528410.8893607135, 7458552.31097903], [1528435.3666819937, 7458521.803200673], [1528455.7297759294, 7458495.4126697825], [1528475.6289089795, 7458468.67112684], [1528495.0586431776, 7458441.586275656], [1528514.013046242, 7458414.166565667], [1528532.4856857043, 7458386.419952941], [1528550.471129768, 7458358.3556280155], [1528567.9644362938, 7458329.981044812]]]}, "properties": {"parcel_id": "08251760270000", "crs": "local-feet", "address": "1211 N BECK ST", "city": "Salt Lake City", "county": "SaltLake", "source_srid": "EPSG:4326", "district": "M-1", "zone_label": "Light Manufacturing", "district_provenance": "centroid-contains"}}, {"type": "Feature", "geometry": {"type": "Polygon", "coordinates": [[[1528495.4888589785, 7458042.26424593], [1528500.418579449, 7458042.264270597], [1528500.4234872605, 7458025.900027758], [1528473.3734182853, 7458025.950662833], [1528465.889298896, 7458042.463687462], [1528475.8892281135, 7458042.39643486], [1528495.4888589785, 7458042.26424593]]]}, "properties": {"parcel_id": "08251760280000", "crs": "local-feet", "address": "474 W 900 N", "city": "Salt Lake City", "county": "SaltLake", "source_srid": "EPSG:4326", "district": "M-1", "zone_label": "Light Manufacturing", "district_provenance": "centroid-contains"}}, {"type": "Feature", "geometry": {"type": "Polygon", "coordinates": [[[1528465.889298896, 7458042.463687462], [1528473.3734182853, 7458025.950662833], [1528481.116166177, 7458008.814253002], [1528482.1710710884, 7458006.492870251], [1528482.1709199056, 7458006.459418893], [1528515.6645871263, 7457932.403745502], [1528549.1583919316, 7457858.3337746], [1528560.6614270255, 7457832.891812967], [1528563.9003259584, 7457832.870247163], [1528563.9076292275, 7457807.993611192], [1528535.5668641636, 7457808.169194907], [1528508.623301821, 7457808.336515587], [1528497.3017998748, 7457833.316560801], [1528483.1203329633, 7457864.605964133], [1528450.2951555874, 7457937.031600614], [1528417.56843977, 7458009.239808222], [1528402.4236804687, 7458042.654746717], [1528465.889298896, 7458042.463687462]]]}, "properties": {"parcel_id": "08251760290000", "crs": "local-feet", "address": "474 W 900 N", "city": "Salt Lake City", "county": "SaltLake", "source_srid": "EPSG:4326", "district": "M-1", "zone_label": "Light Manufacturing", "district_provenance": "centroid-contains"}}, {"type": "Feature", "geometry": {"type": "Polygon", "coordinates": [[[1528256.4388922802, 7458722.139667722], [1528297.1926247773, 7458679.986392094], [1528336.3563587149, 7458638.565580377], [1528374.2668222096, 7458595.994506441], [1528410.8893607135, 7458552.31097903], [1528249.6263588716, 7458396.399262601], [1528041.9299092595, 7458611.101482411], [1528172.586298377, 7458737.421881366], [1528220.7349235325, 7458687.620277478], [1528256.4388922802, 7458722.139667722]]]}, "properties": {"parcel_id": "08251760310000", "crs": "local-feet", "address": "1217 N BECK ST", "city": "Salt Lake City", "county": "SaltLake", "source_srid": "EPSG:4326", "district": "M-1", "zone_label": "Light Manufacturing", "district_provenance": "centroid-contains"}}, {"type": "Feature", "geometry": {"type": "Polygon", "coordinates": [[[1528256.4388922802, 7458722.139667722], [1528220.7349235325, 7458687.620277478], [1528172.586298377, 7458737.421881366], [1528041.9299092595, 7458611.101482411], [1527997.3670821034, 7458657.166798798], [1528163.7391620837, 7458818.0174461575], [1528256.4388922802, 7458722.139667722]]]}, "properties": {"parcel_id": "08251760320000", "crs": "local-feet", "address": "1217 N BECK ST", "city": "Salt Lake City", "county": "SaltLake", "source_srid": "EPSG:4326", "district": "M-1", "zone_label": "Light Manufacturing", "district_provenance": "centroid-contains"}}, {"type": "Feature", "geometry": {"type": "Polygon", "coordinates": [[[1529021.1493974526, 7457961.872851115], [1528935.41114289, 7457904.241984566], [1528822.644182074, 7458154.568598003], [1528830.7488139514, 7458158.523504336], [1529021.1493974526, 7457961.872851115]]]}, "properties": {"parcel_id": "08251770010000", "crs": "local-feet", "address": "1150 N BECK ST", "city": "Salt Lake City", "county": "SaltLake", "source_srid": "EPSG:4326", "district": "MU-5", "zone_label": "Mixed Use 5", "district_provenance": "centroid-contains"}}, {"type": "Feature", "geometry": {"type": "Polygon", "coordinates": [[[1529396.1294254067, 7457474.195261723], [1529161.2386914028, 7457400.247873122], [1528935.41114289, 7457904.241984566], [1529021.1493974526, 7457961.872851115], [1529042.5146307005, 7457939.59381046], [1529059.8340635495, 7457904.776754914], [1529126.5860068637, 7457841.693870917], [1529179.070936131, 7457775.637859835], [1529209.7869746, 7457708.294838995], [1529247.4984786164, 7457656.158510555], [1529262.4736288518, 7457647.720988196], [1529396.1294254067, 7457474.195261723]]]}, "properties": {"parcel_id": "08251770050000", "crs": "local-feet", "address": "1060 N BECK ST", "city": "Salt Lake City", "county": "SaltLake", "source_srid": "EPSG:4326", "district": "MU-5", "zone_label": "Mixed Use 5", "district_provenance": "centroid-contains"}}, {"type": "Feature", "geometry": {"type": "Polygon", "coordinates": [[[1529329.121993328, 7457237.3221254395], [1529417.1241407692, 7457264.720112502], [1529417.1232053183, 7457237.313161255], [1529329.121993328, 7457237.3221254395]]]}, "properties": {"parcel_id": "08251770070000", "crs": "local-feet", "address": "840 N BECK ST", "city": "Salt Lake City", "county": "SaltLake", "source_srid": "EPSG:4326", "district": "MU-5", "zone_label": "Mixed Use 5", "district_provenance": "centroid-contains"}}, {"type": "Feature", "geometry": {"type": "Polygon", "coordinates": [[[1529417.1237975112, 7457446.259304327], [1529417.1238155337, 7457387.316193547], [1529417.1241407692, 7457264.720112502], [1529329.121993328, 7457237.3221254395], [1529234.2396238886, 7457237.32660744], [1529167.0325951457, 7457387.31697908], [1529161.2386914028, 7457400.247873122], [1529396.1294254067, 7457474.195261723], [1529417.1238377988, 7457480.737194126], [1529417.1237975112, 7457446.259304327]]]}, "properties": {"parcel_id": "08251770080000", "crs": "local-feet", "address": "1012 N BECK ST", "city": "Salt Lake City", "county": "SaltLake", "source_srid": "EPSG:4326", "district": "MU-5", "zone_label": "Mixed Use 5", "district_provenance": "centroid-contains"}}, {"type": "Feature", "geometry": {"type": "Polygon", "coordinates": [[[1530091.0028081292, 7459847.306016036], [1530091.0043395802, 7458615.950253184], [1529431.0008160437, 7458615.951943857], [1529430.9989408508, 7459853.562570665], [1530091.0028081292, 7459847.306016036]]]}, "properties": {"parcel_id": "08252000010000", "crs": "local-feet", "address": "1050 N VICTORY RD", "city": "Salt Lake City", "county": "SaltLake", "source_srid": "EPSG:4326", "district": "OS", "zone_label": "Open Space", "district_provenance": "centroid-contains"}}, {"type": "Feature", "geometry": {"type": "Polygon", "coordinates": [[[1530723.481653442, 7459841.310610254], [1531411.0103274088, 7459834.792901844], [1531411.011165689, 7459497.049043052], [1531411.012611036, 7459002.0440863855], [1531549.7335138724, 7459002.042958592], [1530813.6472303548, 7458336.4580907505], [1530751.008012828, 7458077.845447548], [1530751.0072113757, 7458615.949055863], [1530091.0043395802, 7458615.950253184], [1530091.0028081292, 7459847.306016036], [1530723.481653442, 7459841.310610254]]]}, "properties": {"parcel_id": "08252000020000", "crs": "local-feet", "address": "1173 N SANDHURST DR", "city": "Salt Lake City", "county": "SaltLake", "source_srid": "EPSG:4326", "district": "OS", "zone_label": "Open Space", "district_provenance": "centroid-contains"}}, {"type": "Feature", "geometry": {"type": "Polygon", "coordinates": [[[1531543.0110447027, 7459833.541768524], [1531543.011471061, 7459497.0486926185], [1531411.011165689, 7459497.049043052], [1531411.0103274088, 7459834.792901844], [1531543.0110447027, 7459833.541768524]]]}, "properties": {"parcel_id": "08252000031001", "crs": "local-feet", "address": "1173 N SANDHURST DR", "city": "Salt Lake City", "county": "SaltLake", "source_srid": "EPSG:4326", "district": "OS", "zone_label": "Open Space", "district_provenance": "centroid-contains"}}, {"type": "Feature", "geometry": {"type": "Polygon", "coordinates": [[[1531477.153431971, 7459670.351752994], [1531478.0216726484, 7459670.275583176], [1531478.8633883367, 7459670.050121054], [1531479.6537347042, 7459669.681918141], [1531480.3673881213, 7459669.181740206], [1531480.9835244971, 7459668.565288682], [1531481.4835727566, 7459667.851724014], [1531481.8519534366, 7459667.061680111], [1531482.0775819833, 7459666.2197355945], [1531482.1533583722, 7459665.3516904125], [1531482.077405975, 7459664.4833214795], [1531481.8520813538, 7459663.641378235], [1531481.4834671644, 7459662.851602711], [1531480.9836072214, 7459662.137728397], [1531480.3675205922, 7459661.5214936035], [1531479.6534478269, 7459661.021649029], [1531478.8633430148, 7459660.653212533], [1531478.0216333517, 7459660.427722102], [1531477.153469325, 7459660.351757053], [1531476.2849782975, 7459660.427680321], [1531475.443014758, 7459660.653391447], [1531474.6536629999, 7459661.021590267], [1531473.9395108125, 7459661.521522927], [1531473.3231249833, 7459662.137728151], [1531472.8230779318, 7459662.851540913], [1531472.4551958467, 7459663.64183062], [1531472.2293178728, 7459664.483528634], [1531472.1535418255, 7459665.351573918], [1531472.229246743, 7459666.220191679], [1531472.4550692274, 7459667.062132534], [1531472.8234336348, 7459667.851661121], [1531473.323046427, 7459668.565783942], [1531473.9398789755, 7459669.182015148], [1531474.6537029853, 7459669.681860461], [1531475.4435575644, 7459670.050050029], [1531476.2852682932, 7459670.275788045], [1531477.153431971, 7459670.351752994]]]}, "properties": {"parcel_id": "08252000031002", "crs": "local-feet", "address": "1173 N SANDHURST DR", "city": "Salt Lake City", "county": "SaltLake", "source_srid": "EPSG:4326", "district": "OS", "zone_label": "Open Space", "district_provenance": "centroid-contains"}}, {"type": "Feature", "geometry": {"type": "Polygon", "coordinates": [[[1532049.0734716197, 7459830.943331467], [1532049.066585605, 7459828.744363618], [1532048.9720716027, 7459828.745272713], [1532045.978190899, 7459284.2750585275], [1531896.6048536873, 7459315.691730448], [1531853.7058560702, 7459276.902010267], [1531549.7335138724, 7459002.042958592], [1531411.012611036, 7459002.0440863855], [1531411.011165689, 7459497.049043052], [1531543.011471061, 7459497.0486926185], [1531543.0110447027, 7459833.541768524], [1531572.9581227, 7459833.387585311], [1532048.9841777375, 7459830.943474428], [1532049.0734716197, 7459830.943331467]]]}, "properties": {"parcel_id": "08252000051001", "crs": "local-feet", "address": "1175 N SANDHURST DR", "city": "Salt Lake City", "county": "SaltLake", "source_srid": "EPSG:4326", "district": "OS", "zone_label": "Open Space", "district_provenance": "centroid-contains"}}, {"type": "Feature", "geometry": {"type": "Polygon", "coordinates": [[[1531671.8805143945, 7459647.007284139], [1531672.7487564627, 7459646.931121085], [1531673.5907236007, 7459646.705664271], [1531674.380574939, 7459646.337221686], [1531675.0942340265, 7459645.837296655], [1531675.7108752686, 7459645.221342808], [1531676.210678779, 7459644.5072869435], [1531676.5788173683, 7459643.717246369], [1531676.8047013872, 7459642.875301749], [1531676.88048467, 7459642.00725635], [1531676.8047868628, 7459641.138637192], [1531676.5789721925, 7459640.296941379], [1531676.2103627936, 7459639.50691446], [1531675.7107555652, 7459638.792786726], [1531675.0944256717, 7459638.176795405], [1531674.3803561903, 7459637.676944772], [1531673.5905013902, 7459637.3082528105], [1531672.7487924583, 7459637.082755562], [1531671.8803806917, 7459637.007032497], [1531671.0121371937, 7459637.082947907], [1531670.1704186632, 7459637.30840375], [1531669.3805668235, 7459637.676846608], [1531668.666658974, 7459638.176773074], [1531668.0500188186, 7459638.792975072], [1531667.5502154261, 7459639.507031198], [1531667.1820759736, 7459640.296824323], [1531666.9561922608, 7459641.138769067], [1531666.880659048, 7459642.007061232], [1531666.9563563876, 7459642.875432575], [1531667.181922447, 7459643.717129279], [1531667.5502831533, 7459644.50715702], [1531668.0501394223, 7459645.221283357], [1531668.6667179577, 7459645.83727326], [1531669.380539768, 7459646.337372406], [1531670.170393256, 7459646.705816296], [1531671.0125969902, 7459646.930815657], [1531671.8805143945, 7459647.007284139]]]}, "properties": {"parcel_id": "08252000051002", "crs": "local-feet", "address": "1175 N SANDHURST DR", "city": "Salt Lake City", "county": "SaltLake", "source_srid": "EPSG:4326", "district": "OS", "zone_label": "Open Space", "district_provenance": "centroid-contains"}}, {"type": "Feature", "geometry": {"type": "Polygon", "coordinates": [[[1531672.4498877488, 7459603.734337846], [1531673.3176337688, 7459603.658176849], [1531674.159602392, 7459603.432719672], [1531674.9497048506, 7459603.064523162], [1531675.6636130281, 7459602.564348423], [1531676.2802553661, 7459601.948393485], [1531676.7800594938, 7459601.2343364395], [1531677.148198754, 7459600.444294495], [1531677.3735859077, 7459599.602350619], [1531677.4498666353, 7459598.734301552], [1531677.373423609, 7459597.865931907], [1531677.1483539583, 7459597.023983577], [1531676.7797461154, 7459596.234450823], [1531676.2796404792, 7459595.520324026], [1531675.6635570813, 7459594.904082746], [1531674.9497350084, 7459594.404230121], [1531674.1598799278, 7459594.035785306], [1531673.317919803, 7459593.810040943], [1531672.4497551627, 7459593.734316665], [1531671.5815090572, 7459593.80998436], [1531670.739542584, 7459594.035937212], [1531669.9496885433, 7459594.404132936], [1531669.2360267027, 7459594.903811345], [1531668.6191378976, 7459595.520263265], [1531668.1198311704, 7459596.234318436], [1531667.7511945781, 7459597.024362883], [1531667.5255593641, 7459597.866307998], [1531667.4495273442, 7459598.734356041], [1531667.5257209872, 7459599.602478954], [1531667.7512884992, 7459600.444424905], [1531668.1198976564, 7459601.234205152], [1531668.619505857, 7459601.948333819], [1531669.2358379017, 7459602.564573695], [1531669.9499087716, 7459603.064424891], [1531670.7395147088, 7459603.432870518], [1531671.5814723547, 7459603.658119136], [1531672.4498877488, 7459603.734337846]]]}, "properties": {"parcel_id": "08252000051003", "crs": "local-feet", "address": "1175 N SANDHURST DR", "city": "Salt Lake City", "county": "SaltLake", "source_srid": "EPSG:4326", "district": "OS", "zone_label": "Open Space", "district_provenance": "centroid-contains"}}, {"type": "Feature", "geometry": {"type": "Polygon", "coordinates": [[[1530091.0043395802, 7458615.950253184], [1530751.0072113757, 7458615.949055863], [1530751.008012828, 7458077.845447548], [1530751.8776669935, 7457625.94507296], [1530673.0673415621, 7457625.9556623], [1529492.5470045607, 7457629.77963462], [1529488.1283330175, 7457635.209316797], [1529482.7454145355, 7457641.787393308], [1529477.9801157578, 7457647.579418683], [1529472.5614995714, 7457654.128166338], [1529467.4443288837, 7457660.277850236], [1529462.3106789186, 7457666.413235364], [1529456.8373919933, 7457672.916879808], [1529451.669041613, 7457679.023427432], [1529446.4839641307, 7457685.115925211], [1529440.9569972623, 7457691.573471078], [1529436.0646216858, 7457697.25827133], [1529431.0025991094, 7457703.10960689], [1529431.0008160437, 7458615.951943857], [1530091.0043395802, 7458615.950253184]]]}, "properties": {"parcel_id": "08252000080000", "crs": "local-feet", "address": "1020 N VICTORY RD", "city": "Salt Lake City", "county": "SaltLake", "source_srid": "EPSG:4326", "district": "EI", "zone_label": "Extractive Industry", "district_provenance": "centroid-contains"}}, {"type": "Feature", "geometry": {"type": "Polygon", "coordinates": [[[1530673.0673415621, 7457625.9556623], [1530729.0017607918, 7457464.11634441], [1531011.712111921, 7456646.126449017], [1531381.8110928775, 7456207.934349448], [1531540.1543727347, 7456020.458188582], [1531242.5770042725, 7455582.065850738], [1531164.1389277428, 7456109.670019806], [1530705.8311849567, 7457002.769446129], [1530461.1772841276, 7457021.701090461], [1530296.235936666, 7457034.464933217], [1530131.293751682, 7457047.228138489], [1529966.3519774585, 7457059.991691829], [1529872.4680351214, 7457067.256809676], [1529857.6737717327, 7457090.651659481], [1529694.786558517, 7457348.233462507], [1529667.0041070983, 7457391.329500857], [1529638.4742829928, 7457433.934234009], [1529609.2049890105, 7457476.034250591], [1529579.2056263757, 7457517.617619416], [1529548.485090474, 7457558.6706770435], [1529492.5470045607, 7457629.77963462], [1530673.0673415621, 7457625.9556623]]]}, "properties": {"parcel_id": "08252000100000", "crs": "local-feet", "address": "1000 N VICTORY RD", "city": "Salt Lake City", "county": "SaltLake", "source_srid": "EPSG:4326", "district": "OS", "zone_label": "Open Space", "district_provenance": "centroid-contains"}}, {"type": "Feature", "geometry": {"type": "Polygon", "coordinates": [[[1531662.5854498018, 7457301.0538497865], [1531662.0418004608, 7457300.291031898], [1531660.3240874624, 7457297.787621282], [1531658.6500251393, 7457295.254530704], [1531657.0206135963, 7457292.69299475], [1531655.436103967, 7457290.10350786], [1531653.8972446974, 7457287.486562415], [1531652.4040401601, 7457284.843149526], [1531650.9574888363, 7457282.174008217], [1531649.5573458713, 7457279.480130675], [1531648.2046100337, 7457276.762255985], [1531646.899782735, 7457274.021373091], [1531645.6421190926, 7457271.257733046], [1531644.433864731, 7457268.4728127755], [1531643.2740249883, 7457265.666864423], [1531642.1631045644, 7457262.841372625], [1531641.1018516468, 7457259.996829577], [1531640.0905203668, 7457257.134473203], [1531639.1291128984, 7457254.254799097], [1531638.2181315105, 7457251.358796192], [1531637.3580765277, 7457248.447205737], [1531636.5484549939, 7457245.521021061], [1531635.790515155, 7457242.58122786], [1531635.084012439, 7457239.628818423], [1531634.4286992974, 7457236.664041628], [1531633.8258291301, 7457233.689122152], [1531633.2744040424, 7457230.703320964], [1531632.7754274108, 7457227.7086160425], [1531632.3286530476, 7457224.705504087], [1531631.9345845568, 7457221.6954697035], [1531631.4146796025, 7457216.881009634], [1531631.3071141161, 7457216.00823347], [1531630.9176563208, 7457214.217851483], [1531630.3147817068, 7457212.48812665], [1531629.5065607731, 7457210.844051386], [1531451.0847332864, 7457250.626679602], [1531494.3771816217, 7457426.026023712], [1531662.5854498018, 7457301.0538497865]]]}, "properties": {"parcel_id": "08252760010000", "crs": "local-feet", "address": "977 N CHURCH HILL DR", "city": "Salt Lake City", "county": "SaltLake", "source_srid": "EPSG:4326", "district": "FR-3", "zone_label": "FR-3/12000 Foothills Estates Residential", "district_provenance": "centroid-contains"}}, {"type": "Feature", "geometry": {"type": "Polygon", "coordinates": [[[1531729.0630586175, 7457357.307603287], [1531713.6198207026, 7457348.873144545], [1531699.1074758486, 7457338.921544573], [1531685.674727582, 7457327.554488253], [1531673.4589044794, 7457314.888825877], [1531662.5854498018, 7457301.0538497865], [1531494.3771816217, 7457426.026023712], [1531497.512641679, 7457438.729737544], [1531664.1098870123, 7457524.107637078], [1531729.0630586175, 7457357.307603287]]]}, "properties": {"parcel_id": "08252760020000", "crs": "local-feet", "address": "7 E CHURCH HILL DR", "city": "Salt Lake City", "county": "SaltLake", "source_srid": "EPSG:4326", "district": "FR-3", "zone_label": "FR-3/12000 Foothills Estates Residential", "district_provenance": "centroid-contains"}}, {"type": "Feature", "geometry": {"type": "Polygon", "coordinates": [[[1531865.8501292479, 7457520.940420247], [1531823.1028138183, 7457373.579410522], [1531803.8024175926, 7457374.564045417], [1531784.5122576153, 7457373.401721488], [1531765.4697042801, 7457370.106512779], [1531746.910506078, 7457364.719757141], [1531729.0630586175, 7457357.307603287], [1531664.1098870123, 7457524.107637078], [1531834.9461840608, 7457529.8669897085], [1531865.8501292479, 7457520.940420247]]]}, "properties": {"parcel_id": "08252760030000", "crs": "local-feet", "address": "11 E CHURCH HILL DR", "city": "Salt Lake City", "county": "SaltLake", "source_srid": "EPSG:4326", "district": "FR-3", "zone_label": "FR-3/12000 Foothills Estates Residential", "district_provenance": "centroid-contains"}}, {"type": "Feature", "geometry": {"type": "Polygon", "coordinates": [[[1531981.1937904018, 7457487.6215694165], [1531939.8334095662, 7457345.652398725], [1531846.567935611, 7457369.428249817], [1531834.9064157724, 7457371.906065256], [1531823.1028138183, 7457373.579410522], [1531865.8501292479, 7457520.940420247], [1531981.1937904018, 7457487.6215694165]]]}, "properties": {"parcel_id": "08252760040000", "crs": "local-feet", "address": "15 E CHURCH HILL DR", "city": "Salt Lake City", "county": "SaltLake", "source_srid": "EPSG:4326", "district": "FR-3", "zone_label": "FR-3/12000 Foothills Estates Residential", "district_provenance": "centroid-contains"}}, {"type": "Feature", "geometry": {"type": "Polygon", "coordinates": [[[1532098.1233125795, 7457453.84528596], [1532062.2630898692, 7457314.441422072], [1531939.8334095662, 7457345.652398725], [1531981.1937904018, 7457487.6215694165], [1532098.1233125795, 7457453.84528596]]]}, "properties": {"parcel_id": "08252760050000", "crs": "local-feet", "address": "19 E CHURCH HILL DR", "city": "Salt Lake City", "county": "SaltLake", "source_srid": "EPSG:4326", "district": "FR-3", "zone_label": "FR-3/12000 Foothills Estates Residential", "district_provenance": "centroid-contains"}}, {"type": "Feature", "geometry": {"type": "Polygon", "coordinates": [[[1531296.5286688893, 7457050.545384719], [1531303.662335745, 7457006.951553708], [1531312.4162642832, 7456963.653822257], [1531322.7787906637, 7456920.7132047685], [1531334.0213855247, 7456880.577497873], [1531346.6691313793, 7456840.862015023], [1531360.7060842721, 7456801.616639406], [1531375.531119093, 7456764.283025132], [1531391.6137607056, 7456727.473140619], [1531407.8395875227, 7456691.985616765], [1531409.9236205034, 7456687.4403624395], [1531411.932713564, 7456683.106815565], [1531420.7498297114, 7456664.668928319], [1531429.888055731, 7456646.387717988], [1531439.3436868591, 7456628.269149024], [1531449.114009197, 7456610.318190127], [1531459.1960620421, 7456592.540306845], [1531469.5871325056, 7456574.940715817], [1531480.2837665726, 7456557.525875946], [1531491.2822516921, 7456540.300017076], [1531502.5801260257, 7456523.268850443], [1531514.1734312954, 7456506.437350388], [1531526.0587081546, 7456489.81073688], [1531545.5095040537, 7456463.859060206], [1531547.9578776879, 7456460.695686488], [1531550.7252161573, 7456457.1468083365], [1531553.505537971, 7456453.608528677], [1531556.3003387128, 7456450.081584394], [1531558.7953966956, 7456446.955176018], [1531561.6151633481, 7456443.448194129], [1531564.8019867088, 7456439.5173339145], [1531622.5497109203, 7456368.622343608], [1531628.130292904, 7456361.771441835], [1531630.951830596, 7456358.833169697], [1531634.2128864976, 7456356.392797888], [1531637.8269197608, 7456354.51365014], [1531641.6981288313, 7456353.246452798], [1531645.723674607, 7456352.625359654], [1531649.796900708, 7456352.6652120855], [1531653.809346924, 7456353.366486388], [1531657.6547037978, 7456354.709576802], [1531661.2308244258, 7456356.6597427], [1531664.4431936594, 7456359.164119957], [1531666.8389884634, 7456361.3571175635], [1531669.0623493541, 7456363.371458638], [1531671.296105851, 7456365.373859266], [1531673.539764681, 7456367.365312846], [1531673.2549282627, 7456375.638172693], [1531674.33876176, 7456383.845051138], [1531676.7616649938, 7456391.760324837], [1531680.457509923, 7456399.16745226], [1531685.32465314, 7456405.863182142], [1531691.2301955887, 7456411.664473056], [1531698.0117401888, 7456416.411954998], [1531705.483135596, 7456419.975107998], [1531713.4404649674, 7456422.256695964], [1531721.6652892707, 7456423.194487325], [1531729.9316162628, 7456422.7624629205], [1531738.013617113, 7456420.9717738805], [1531740.3529502018, 7456420.448050846], [1531742.7456868084, 7456420.302744791], [1531745.1311468277, 7456420.540086849], [1531747.4486042075, 7456421.1539004855], [1531749.6387828453, 7456422.128338156], [1531750.4817852157, 7456422.623973356], [1531752.5979147449, 7456423.957562449], [1531755.1435307187, 7456425.544757752], [1531781.4954647617, 7456383.05045096], [1531780.147704717, 7456382.212078182], [1531778.336324348, 7456380.88136057], [1531776.743484706, 7456379.2954327315], [1531775.4054116725, 7456377.489572356], [1531774.3516362214, 7456375.504042628], [1531773.6062356043, 7456373.383343411], [1531773.185837147, 7456371.175228842], [1531773.1150412213, 7456370.347858061], [1531771.9556229028, 7456362.142789526], [1531769.4574332763, 7456354.241704929], [1531765.6880935202, 7456346.861884636], [1531760.7519789406, 7456340.206075244], [1531754.7842247565, 7456334.457063986], [1531747.9492101953, 7456329.772233303], [1531740.4343260843, 7456326.280862147], [1531732.4452249429, 7456324.078447023], [1531724.2030778073, 7456323.225474908], [1531715.933126837, 7456323.746234226], [1531707.861930914, 7456325.625109862], [1531705.411281837, 7456323.403352249], [1531702.8034141136, 7456321.068788098], [1531699.9084450894, 7456317.935307884], [1531697.58815633, 7456314.355230828], [1531695.9104205435, 7456310.4325863095], [1531694.924251942, 7456306.2823903775], [1531694.6577890827, 7456302.024211221], [1531695.1192930392, 7456297.783156354], [1531696.294876943, 7456293.6824481115], [1531698.150483854, 7456289.840936917], [1531700.6326254776, 7456286.371115687], [1531703.6681078288, 7456283.373420981], [1531718.6134009012, 7456271.439230778], [1531744.368937392, 7456252.995473019], [1531771.275652618, 7456236.274411367], [1531799.2166879815, 7456221.347687049], [1531828.0741505397, 7456208.2782718325], [1531839.0827918216, 7456203.720357841], [1531908.7743151344, 7456174.865938032], [1531922.690318405, 7456167.974818934], [1531935.5558368312, 7456159.278791777], [1531947.1389647806, 7456148.93573297], [1531957.2298134319, 7456137.132168193], [1531963.0165738254, 7456128.589065623], [1531968.0183485334, 7456119.562944998], [1531973.7157036376, 7456105.99560723], [1531977.6421241965, 7456091.813513987], [1531979.733191371, 7456077.247410269], [1531979.9558563158, 7456062.533852002], [1531978.3054378692, 7456047.911254533], [1531975.7698059005, 7456033.665976939], [1531975.306429895, 7456028.45701213], [1531975.7540455817, 7456023.247527163], [1531977.0994085425, 7456018.194197496], [1531979.3018981249, 7456013.451092592], [1531982.294731465, 7456009.162979932], [1531985.9861827206, 7456005.459371708], [1531990.2647990342, 7456002.45301547], [1531995.0001262405, 7456000.235182126], [1532000.048920214, 7455998.873408551], [1532014.2940763505, 7455996.337644209], [1532011.666118538, 7455981.569853081], [1532009.0374102374, 7455966.801808941], [1531987.692643359, 7455970.600782215], [1531913.5338717208, 7455983.79989301], [1531890.908034492, 7455988.352209733], [1531868.5087793996, 7455993.913637175], [1531848.3366701445, 7455999.849430907], [1531828.424143643, 7456006.603865089], [1531755.0935971865, 7456033.158861911], [1531658.092388934, 7456068.286199168], [1531652.1337571212, 7456051.831387242], [1531639.3315516692, 7456056.467914782], [1531630.507806294, 7456059.663047341], [1531646.9193664866, 7456104.983376922], [1531652.639514355, 7456120.779773938], [1531674.2656673288, 7456112.948151034], [1531668.3068103858, 7456096.493861417], [1531801.887078402, 7456048.120465166], [1531838.637650715, 7456034.81191761], [1531871.5747375435, 7456024.197492514], [1531905.18523103, 7456015.958659285], [1531910.3646715833, 7456015.346671513], [1531915.5719645754, 7456015.641060129], [1531920.649597996, 7456016.832602694], [1531925.4441723665, 7456018.8855423685], [1531929.8108803288, 7456021.737816619], [1531933.6169979738, 7456025.303024118], [1531936.7486162994, 7456029.4738648655], [1531939.1108977888, 7456034.123873933], [1531940.6320796465, 7456039.1126078], [1531940.819389963, 7456040.075280738], [1531943.322148698, 7456054.137562224], [1531944.6427281306, 7456068.534850601], [1531943.5187257074, 7456082.948783879], [1531939.98217527, 7456096.967607171], [1531934.1343138956, 7456110.19016791], [1531926.1419038132, 7456122.238074285], [1531916.2342961433, 7456132.767107002], [1531904.694019447, 7456141.476676769], [1531891.8515867442, 7456148.117033026], [1531850.3941960086, 7456165.281440947], [1531811.1521026446, 7456181.529206388], [1531787.2070607822, 7456192.164922426], [1531763.8350150317, 7456204.005971759], [1531741.0955382562, 7456217.0218569], [1531716.1304408882, 7456233.173401015], [1531692.1400392547, 7456250.74013717], [1531669.2041781084, 7456269.662730363], [1531647.3999542342, 7456289.879379159], [1531627.6441697124, 7456310.392582927], [1531609.0535790054, 7456331.967733563], [1531567.339087618, 7456383.180327405], [1531536.097991018, 7456421.534416763], [1531513.024930554, 7456450.774871357], [1531490.869472889, 7456480.717530309], [1531467.5198400577, 7456514.526513428], [1531445.3404019275, 7456549.11413864], [1531424.3575985513, 7456584.440634077], [1531398.6120351804, 7456631.977155845], [1531375.0314696475, 7456680.624165283], [1531368.6659714966, 7456694.546405917], [1531358.8054346472, 7456716.111975864], [1531338.9712603618, 7456761.962238213], [1531321.0401248003, 7456808.588847388], [1531307.737220167, 7456847.469703136], [1531295.7569159863, 7456886.778583164], [1531285.1141824676, 7456926.47056507], [1531275.8200039929, 7456966.49925777], [1531267.8851206515, 7457006.819510619], [1531261.3190264998, 7457047.38568343], [1531127.2121335985, 7457028.001979933], [1531148.4639627382, 7457464.102139822], [1531321.2169645135, 7457464.096387009], [1531348.036998395, 7457464.095226529], [1531465.1422180089, 7457464.0912657045], [1531497.512641679, 7457438.729737544], [1531494.3771816217, 7457426.026023712], [1531451.0847332864, 7457250.626679602], [1531427.9611838984, 7457156.940873271], [1531458.84660246, 7457074.006354364], [1531296.5286688893, 7457050.545384719]]]}, "properties": {"parcel_id": "08252760060000", "crs": "local-feet", "address": "982 N SANDHURST DR", "city": "Salt Lake City", "county": "SaltLake", "source_srid": "EPSG:4326", "district": "FR-2", "zone_label": "FR-2/21780 Foothills Estates Residential", "district_provenance": "centroid-contains"}}, {"type": "Feature", "geometry": {"type": "Polygon", "coordinates": [[[1531896.6997422513, 7457309.188369664], [1531864.1439639279, 7457179.328162849], [1531677.283026413, 7457212.557430041], [1531677.2913693825, 7457213.437828342], [1531677.5023336343, 7457215.425004844], [1531680.8769432956, 7457233.265193326], [1531686.742209449, 7457250.448916339], [1531694.9809283533, 7457266.628284826], [1531705.4267499375, 7457281.479663283], [1531717.8698939423, 7457294.702405465], [1531732.0591930498, 7457306.030739057], [1531747.7090702034, 7457315.236708122], [1531764.5042849458, 7457322.134612239], [1531782.1071669988, 7457326.585682281], [1531800.1628511697, 7457328.500535304], [1531818.3074896592, 7457327.840129097], [1531836.1762245463, 7457324.618701081], [1531896.6997422513, 7457309.188369664]]]}, "properties": {"parcel_id": "08252770010000", "crs": "local-feet", "address": "976 N CHURCH HILL DR", "city": "Salt Lake City", "county": "SaltLake", "source_srid": "EPSG:4326", "district": "FR-3", "zone_label": "FR-3/12000 Foothills Estates Residential", "district_provenance": "centroid-contains"}}, {"type": "Feature", "geometry": {"type": "Polygon", "coordinates": [[[1532018.7960852385, 7457278.061111517], [1531986.5335987788, 7457149.371650258], [1531874.0142030842, 7457177.572850311], [1531864.1439639279, 7457179.328162849], [1531896.6997422513, 7457309.188369664], [1532018.7960852385, 7457278.061111517]]]}, "properties": {"parcel_id": "08252770020000", "crs": "local-feet", "address": "16 E CHURCH HILL DR", "city": "Salt Lake City", "county": "SaltLake", "source_srid": "EPSG:4326", "district": "FR-3", "zone_label": "FR-3/12000 Foothills Estates Residential", "district_provenance": "centroid-contains"}}, {"type": "Feature", "geometry": {"type": "Polygon", "coordinates": [[[1532102.5096897779, 7457120.304121804], [1531986.5335987788, 7457149.371650258], [1532018.7960852385, 7457278.061111517], [1532067.9071394252, 7457265.540484402], [1532092.9114408179, 7457258.426554045], [1532117.486400834, 7457249.947163835], [1532141.557504736, 7457240.12716915], [1532158.9616599018, 7457232.408686859], [1532182.301618926, 7457222.058159098], [1532196.1056472936, 7457215.163507083], [1532209.2217096998, 7457207.036829211], [1532210.025847806, 7457206.445533404], [1532211.8891321837, 7457204.700807539], [1532213.4290065481, 7457202.665585611], [1532214.601698085, 7457200.3987874035], [1532215.373661802, 7457197.965978721], [1532215.7220716262, 7457195.437634507], [1532215.6367986668, 7457192.886900171], [1532215.120153373, 7457190.3871146105], [1532214.187628839, 7457188.011311353], [1532212.8661417642, 7457185.828013641], [1532203.003330672, 7457175.737293622], [1532192.04179227, 7457166.852464975], [1532180.1278195751, 7457159.292579022], [1532167.4205631425, 7457153.15878899], [1532147.4626914787, 7457146.102911457], [1532131.4720516636, 7457139.34168456], [1532116.4144824515, 7457130.700035475], [1532102.5096897779, 7457120.304121804]]]}, "properties": {"parcel_id": "08252770030000", "crs": "local-feet", "address": "22 E CHURCH HILL DR", "city": "Salt Lake City", "county": "SaltLake", "source_srid": "EPSG:4326", "district": "FR-3", "zone_label": "FR-3/12000 Foothills Estates Residential", "district_provenance": "centroid-contains"}}, {"type": "Feature", "geometry": {"type": "Polygon", "coordinates": [[[1531641.249514417, 7458765.806617922], [1531556.486705145, 7458779.56736317], [1531455.0629719924, 7458796.033161291], [1531243.216753845, 7458553.159591491], [1531164.791292174, 7458463.24779267], [1531155.8893672125, 7458440.055434343], [1531111.1067066437, 7458323.380441269], [1531066.3246233137, 7458206.705473193], [1531027.5846155877, 7458105.773805226], [1531001.1094923213, 7458038.421462412], [1530926.648202269, 7457848.992199931], [1530910.945767374, 7457809.045802604], [1530847.7511334089, 7457720.374559019], [1530808.9697321842, 7457713.603668461], [1530808.6514955293, 7457661.422999514], [1531026.8967405835, 7457608.218943092], [1531091.728827101, 7457592.4141744645], [1531130.1636229677, 7457599.647229401], [1531288.1998754595, 7457629.388232991], [1531353.585705738, 7457658.247495449], [1531353.9308676443, 7457651.105236116], [1531353.255002896, 7457643.987046721], [1531350.928626852, 7457619.914960019], [1531349.7406746107, 7457595.759533313], [1531349.2048090345, 7457574.791100975], [1531347.8001918336, 7457554.364691959], [1531344.6414775364, 7457534.135308053], [1531339.7519587274, 7457514.2530130735], [1531333.16835237, 7457494.865582344], [1531321.2169645135, 7457464.096387009], [1531148.4639627382, 7457464.102139822], [1530729.0017607918, 7457464.11634441], [1530673.0673415621, 7457625.9556623], [1530751.8776669935, 7457625.94507296], [1530751.008012828, 7458077.845447548], [1530813.6472303548, 7458336.4580907505], [1531549.7335138724, 7459002.042958592], [1531853.7058560702, 7459276.902010267], [1531763.321301052, 7459059.468396351], [1531760.5554212402, 7459056.939773213], [1531757.4424994672, 7459054.853229406], [1531754.0521371064, 7459053.255042812], [1531750.4618491342, 7459052.181049711], [1531746.751091974, 7459051.655927644], [1531743.0037417535, 7459051.691202197], [1531735.9944237166, 7459053.539937821], [1531728.7738658693, 7459054.184390048], [1531721.5476979972, 7459053.607302954], [1531714.5211975044, 7459051.824129122], [1531707.8943252577, 7459048.88602468], [1531701.8547472327, 7459044.876411032], [1531696.5748421578, 7459039.90925373], [1531692.2044730755, 7459034.125625305], [1531688.8672401896, 7459027.690252947], [1531686.6589642311, 7459020.785578558], [1531685.6416978054, 7459013.608068351], [1531685.8446946237, 7459006.361766389], [1531687.2618937448, 7458999.252358951], [1531689.8536420108, 7458992.482706691], [1531693.5454118007, 7458986.243930246], [1531698.2327678981, 7458980.714149307], [1531703.7828261445, 7458976.050299239], [1531710.0369749907, 7458972.384897805], [1531712.7053485531, 7458969.753128407], [1531714.9497433382, 7458966.752536538], [1531716.7212007176, 7458963.449742716], [1531717.9795047105, 7458959.919505847], [1531718.6959004973, 7458956.2412426], [1531718.8543295998, 7458952.496544022], [1531641.249514417, 7458765.806617922]]]}, "properties": {"parcel_id": "08252780010000", "crs": "local-feet", "address": "943 N SANDHURST DR", "city": "Salt Lake City", "county": "SaltLake", "source_srid": "EPSG:4326", "district": "FR-2", "zone_label": "FR-2/21780 Foothills Estates Residential", "district_provenance": "centroid-contains"}}, {"type": "Feature", "geometry": {"type": "Polygon", "coordinates": [[[1531556.486705145, 7458779.56736317], [1531429.8037380928, 7458546.757633822], [1531400.7230380257, 7458521.101367225], [1531395.6064838986, 7458525.875709248], [1531389.7830470146, 7458529.756668551], [1531383.4079899222, 7458532.641721842], [1531376.648876961, 7458534.454309216], [1531369.685092891, 7458535.147057455], [1531362.701369239, 7458534.7008170765], [1531355.8828249893, 7458533.127905549], [1531349.4092337957, 7458530.469406913], [1531343.4527919241, 7458526.796668385], [1531338.1708822672, 7458522.206376349], [1531333.703336791, 7458516.820073285], [1531330.1689370926, 7458510.780208513], [1531243.216753845, 7458553.159591491], [1531455.0629719924, 7458796.033161291], [1531556.486705145, 7458779.56736317]]]}, "properties": {"parcel_id": "08252780020000", "crs": "local-feet", "address": "1159 N TWICKENHAM DR", "city": "Salt Lake City", "county": "SaltLake", "source_srid": "EPSG:4326", "district": "FR-2", "zone_label": "FR-2/21780 Foothills Estates Residential", "district_provenance": "centroid-contains"}}, {"type": "Feature", "geometry": {"type": "Polygon", "coordinates": [[[1531330.1689370926, 7458510.780208513], [1531327.6162117517, 7458504.092018721], [1531326.2084924157, 7458497.072943058], [1531325.9846939251, 7458489.9173230715], [1531326.9506698041, 7458482.824354273], [1531329.0801682153, 7458475.9894094085], [1531332.3145796633, 7458469.603048252], [1531336.563139399, 7458463.840857558], [1531341.7089021415, 7458458.864167744], [1531347.609192422, 7458454.809643868], [1531350.7370510704, 7458452.411651904], [1531353.4497096927, 7458449.551628994], [1531355.6788304497, 7458446.301238864], [1531357.3697936498, 7458442.740757244], [1531358.479956682, 7458438.958832114], [1531358.9826202013, 7458435.049492668], [1531358.8642820728, 7458431.10993127], [1531355.1739518035, 7458409.431805199], [1531348.9383144462, 7458388.344943264], [1531343.1280045144, 7458372.280856631], [1531155.8893672125, 7458440.055434343], [1531164.791292174, 7458463.24779267], [1531243.216753845, 7458553.159591491], [1531330.1689370926, 7458510.780208513]]]}, "properties": {"parcel_id": "08252780030000", "crs": "local-feet", "address": "1149 N TWICKENHAM DR", "city": "Salt Lake City", "county": "SaltLake", "source_srid": "EPSG:4326", "district": "FR-2", "zone_label": "FR-2/21780 Foothills Estates Residential", "district_provenance": "centroid-contains"}}, {"type": "Feature", "geometry": {"type": "Polygon", "coordinates": [[[1531343.1280045144, 7458372.280856631], [1531300.6373687284, 7458254.769975682], [1531111.1067066437, 7458323.380441269], [1531155.8893672125, 7458440.055434343], [1531343.1280045144, 7458372.280856631]]]}, "properties": {"parcel_id": "08252780040000", "crs": "local-feet", "address": "1135 N TWICKENHAM DR", "city": "Salt Lake City", "county": "SaltLake", "source_srid": "EPSG:4326", "district": "FR-2", "zone_label": "FR-2/21780 Foothills Estates Residential", "district_provenance": "centroid-contains"}}, {"type": "Feature", "geometry": {"type": "Polygon", "coordinates": [[[1531300.6373687284, 7458254.769975682], [1531258.1465824621, 7458137.259107205], [1531066.3246233137, 7458206.705473193], [1531111.1067066437, 7458323.380441269], [1531300.6373687284, 7458254.769975682]]]}, "properties": {"parcel_id": "08252780050000", "crs": "local-feet", "address": "1121 N TWICKENHAM DR", "city": "Salt Lake City", "county": "SaltLake", "source_srid": "EPSG:4326", "district": "FR-2", "zone_label": "FR-2/21780 Foothills Estates Residential", "district_provenance": "centroid-contains"}}, {"type": "Feature", "geometry": {"type": "Polygon", "coordinates": [[[1531258.1465824621, 7458137.259107205], [1531235.242177229, 7458073.91500866], [1531227.7733963998, 7458049.689093745], [1531222.6536206952, 7458024.860081532], [1531103.1726735292, 7458032.173926642], [1531001.1094923213, 7458038.421462412], [1531027.5846155877, 7458105.773805226], [1531066.3246233137, 7458206.705473193], [1531258.1465824621, 7458137.259107205]]]}, "properties": {"parcel_id": "08252780060000", "crs": "local-feet", "address": "1107 N TWICKENHAM DR", "city": "Salt Lake City", "county": "SaltLake", "source_srid": "EPSG:4326", "district": "FR-2", "zone_label": "FR-2/21780 Foothills Estates Residential", "district_provenance": "centroid-contains"}}, {"type": "Feature", "geometry": {"type": "Polygon", "coordinates": [[[1531103.1726735292, 7458032.173926642], [1531094.6857919842, 7457892.8540678425], [1531089.3426435648, 7457897.423428549], [1531083.3262466786, 7457901.061579493], [1531076.7976072538, 7457903.670427959], [1531069.9307922286, 7457905.180567347], [1531062.9096978898, 7457905.5515391305], [1531055.9223357139, 7457904.773592785], [1531049.155358465, 7457902.8672142], [1531042.7888381474, 7457899.883644349], [1531036.993769704, 7457895.902660374], [1531031.9250946802, 7457891.030128354], [1531027.7182145217, 7457885.397027824], [1531024.4854814585, 7457879.153520331], [1531022.3129563427, 7457872.466733497], [1531021.2596387325, 7457865.515809063], [1531021.3529630557, 7457858.48572765], [1530926.648202269, 7457848.992199931], [1531001.1094923213, 7458038.421462412], [1531103.1726735292, 7458032.173926642]]]}, "properties": {"parcel_id": "08252780070000", "crs": "local-feet", "address": "60 W CRAGS CT", "city": "Salt Lake City", "county": "SaltLake", "source_srid": "EPSG:4326", "district": "FR-2", "zone_label": "FR-2/21780 Foothills Estates Residential", "district_provenance": "centroid-contains"}}, {"type": "Feature", "geometry": {"type": "Polygon", "coordinates": [[[1531222.6536206952, 7458024.860081532], [1531220.1788486296, 7458003.372761604], [1531219.4644008486, 7457981.755500289], [1531220.5153920066, 7457960.151746748], [1531223.3247513399, 7457938.70574813], [1531223.4481169214, 7457937.912513599], [1531223.6844995338, 7457934.035240976], [1531223.3174568252, 7457930.167814124], [1531222.3556080533, 7457926.40336541], [1531220.821995026, 7457922.83397247], [1531218.7543086994, 7457919.545453701], [1531216.2018989655, 7457916.616389998], [1531213.2270185468, 7457914.117871743], [1531209.900581831, 7457912.111039363], [1531206.3036423717, 7457910.643359765], [1531149.8524361379, 7457892.608394962], [1531134.356669471, 7457888.137181692], [1531118.6327134448, 7457884.549873644], [1531117.7474534763, 7457884.390979771], [1531113.6814576548, 7457884.072667299], [1531109.6176514693, 7457884.419672259], [1531105.663952021, 7457885.422597697], [1531101.9262108274, 7457887.054957922], [1531098.503485916, 7457889.272951679], [1531095.4868106015, 7457892.0179452505], [1531095.1436464745, 7457892.381486602], [1531094.6857919842, 7457892.8540678425], [1531103.1726735292, 7458032.173926642], [1531222.6536206952, 7458024.860081532]]]}, "properties": {"parcel_id": "08252780080000", "crs": "local-feet", "address": "1093 N TWICKENHAM DR", "city": "Salt Lake City", "county": "SaltLake", "source_srid": "EPSG:4326", "district": "FR-2", "zone_label": "FR-2/21780 Foothills Estates Residential", "district_provenance": "centroid-contains"}}, {"type": "Feature", "geometry": {"type": "Polygon", "coordinates": [[[1531057.9969477758, 7457820.38833347], [1531026.8967405835, 7457608.218943092], [1530808.6514955293, 7457661.422999514], [1530808.9697321842, 7457713.603668461], [1530847.7511334089, 7457720.374559019], [1530910.945767374, 7457809.045802604], [1530926.648202269, 7457848.992199931], [1531021.3529630557, 7457858.48572765], [1531022.6728340439, 7457851.501520108], [1531025.1249127751, 7457844.830477747], [1531028.6428396145, 7457838.654279598], [1531033.1301007967, 7457833.142100734], [1531038.4637298193, 7457828.444152929], [1531044.4982763838, 7457824.688693682], [1531051.0692723542, 7457821.978789233], [1531057.9969477758, 7457820.38833347]]]}, "properties": {"parcel_id": "08252780090000", "crs": "local-feet", "address": "63 W CRAGS CT", "city": "Salt Lake City", "county": "SaltLake", "source_srid": "EPSG:4326", "district": "FR-2", "zone_label": "FR-2/21780 Foothills Estates Residential", "district_provenance": "centroid-contains"}}, {"type": "Feature", "geometry": {"type": "Polygon", "coordinates": [[[1531255.051591542, 7457851.501098859], [1531130.1636229677, 7457599.647229401], [1531091.728827101, 7457592.4141744645], [1531026.8967405835, 7457608.218943092], [1531057.9969477758, 7457820.38833347], [1531065.3874018448, 7457819.947337192], [1531072.7444295373, 7457820.780897553], [1531079.8492645647, 7457822.86371393], [1531086.4916929945, 7457826.135260752], [1531092.4740201575, 7457830.497292043], [1531097.6195599562, 7457835.820742406], [1531101.7761268255, 7457841.947941905], [1531103.801063639, 7457845.014130821], [1531106.25413847, 7457847.750598249], [1531109.081360409, 7457850.098359917], [1531112.2223057344, 7457852.006141483], [1531115.6083871056, 7457853.433112074], [1531119.167333282, 7457854.348864367], [1531139.354682803, 7457858.675972443], [1531159.2159831584, 7457864.31610823], [1531215.695696812, 7457882.372052128], [1531216.4820513905, 7457882.609688435], [1531220.290087389, 7457883.378405289], [1531224.171596447, 7457883.547385534], [1531228.0317943234, 7457883.114073594], [1531231.7786803332, 7457882.0870521935], [1531235.3213278854, 7457880.49249261], [1531238.5738370642, 7457878.368437949], [1531241.4583261213, 7457875.766276862], [1531243.904921169, 7457872.74801767], [1531245.8542484497, 7457869.387764467], [1531246.7278899734, 7457867.588150765], [1531247.8383939057, 7457865.348649767], [1531248.970087412, 7457863.11946258], [1531249.9974112955, 7457861.140016068], [1531255.051591542, 7457851.501098859]]]}, "properties": {"parcel_id": "08252780100000", "crs": "local-feet", "address": "53 W CRAGS CT", "city": "Salt Lake City", "county": "SaltLake", "source_srid": "EPSG:4326", "district": "FR-2", "zone_label": "FR-2/21780 Foothills Estates Residential", "district_provenance": "centroid-contains"}}, {"type": "Feature", "geometry": {"type": "Polygon", "coordinates": [[[1531353.585705738, 7457658.247495449], [1531288.1998754595, 7457629.388232991], [1531130.1636229677, 7457599.647229401], [1531255.051591542, 7457851.501098859], [1531348.5614160537, 7457673.166617991], [1531351.6642295676, 7457665.9059147695], [1531353.585705738, 7457658.247495449]]]}, "properties": {"parcel_id": "08252780110000", "crs": "local-feet", "address": "1063 N TWICKENHAM DR", "city": "Salt Lake City", "county": "SaltLake", "source_srid": "EPSG:4326", "district": "FR-2", "zone_label": "FR-2/21780 Foothills Estates Residential", "district_provenance": "centroid-contains"}}, {"type": "Feature", "geometry": {"type": "Polygon", "coordinates": [[[1531641.249514417, 7458765.806617922], [1531634.1364649714, 7458746.264322487], [1531557.5871946167, 7458440.935417961], [1531411.608998948, 7458486.943502036], [1531411.8708336658, 7458494.325929587], [1531410.865278595, 7458501.643809204], [1531408.622232739, 7458508.682177651], [1531405.2076895586, 7458515.232107936], [1531400.7230380257, 7458521.101367225], [1531429.8037380928, 7458546.757633822], [1531556.486705145, 7458779.56736317], [1531641.249514417, 7458765.806617922]]]}, "properties": {"parcel_id": "08252780130000", "crs": "local-feet", "address": "1160 N TWICKENHAM DR", "city": "Salt Lake City", "county": "SaltLake", "source_srid": "EPSG:4326", "district": "FR-2", "zone_label": "FR-2/21780 Foothills Estates Residential", "district_provenance": "centroid-contains"}}, {"type": "Feature", "geometry": {"type": "Polygon", "coordinates": [[[1531557.5871946167, 7458440.935417961], [1531543.4871019223, 7458378.700379908], [1531528.0372631354, 7458299.214319007], [1531370.528703319, 7458356.196637976], [1531381.2024522517, 7458385.701203825], [1531387.4042803617, 7458405.894698978], [1531391.5945058495, 7458426.599549335], [1531393.7329497957, 7458447.615468898], [1531394.283417446, 7458451.682718758], [1531395.4921743248, 7458455.605335457], [1531397.3254210788, 7458459.277166759], [1531399.7354629904, 7458462.599803265], [1531402.6557384953, 7458465.483591216], [1531405.9794369382, 7458470.336013516], [1531408.6101889347, 7458475.5973618375], [1531410.498553518, 7458481.167994852], [1531411.608998948, 7458486.943502036], [1531557.5871946167, 7458440.935417961]]]}, "properties": {"parcel_id": "08252780140000", "crs": "local-feet", "address": "1144 N TWICKENHAM DR", "city": "Salt Lake City", "county": "SaltLake", "source_srid": "EPSG:4326", "district": "FR-2", "zone_label": "FR-2/21780 Foothills Estates Residential", "district_provenance": "centroid-contains"}}, {"type": "Feature", "geometry": {"type": "Polygon", "coordinates": [[[1531528.0372631354, 7458299.214319007], [1531503.8967299392, 7458175.017960008], [1531328.0046859826, 7458238.651091626], [1531370.528703319, 7458356.196637976], [1531528.0372631354, 7458299.214319007]]]}, "properties": {"parcel_id": "08252780150000", "crs": "local-feet", "address": "1130 N TWICKENHAM DR", "city": "Salt Lake City", "county": "SaltLake", "source_srid": "EPSG:4326", "district": "FR-2", "zone_label": "FR-2/21780 Foothills Estates Residential", "district_provenance": "centroid-contains"}}, {"type": "Feature", "geometry": {"type": "Polygon", "coordinates": [[[1531503.8967299392, 7458175.017960008], [1531482.0429573287, 7458062.584291102], [1531481.4682783012, 7458059.68443078], [1531480.86333, 7458056.745799866], [1531480.2370099921, 7458053.811970685], [1531479.588821239, 7458050.88294543], [1531285.4802728991, 7458121.106301948], [1531328.0046859826, 7458238.651091626], [1531503.8967299392, 7458175.017960008]]]}, "properties": {"parcel_id": "08252780160000", "crs": "local-feet", "address": "1116 N TWICKENHAM DR", "city": "Salt Lake City", "county": "SaltLake", "source_srid": "EPSG:4326", "district": "FR-2", "zone_label": "FR-2/21780 Foothills Estates Residential", "district_provenance": "centroid-contains"}}, {"type": "Feature", "geometry": {"type": "Polygon", "coordinates": [[[1531479.588821239, 7458050.88294543], [1531471.997924443, 7458022.141209569], [1531462.3195557706, 7457994.03380672], [1531438.6701789969, 7457932.7565555945], [1531253.5564397082, 7457999.726049297], [1531255.6958822901, 7458023.981951423], [1531260.333452905, 7458047.886105794], [1531267.4197562854, 7458071.182019885], [1531285.4802728991, 7458121.106301948], [1531479.588821239, 7458050.88294543]]]}, "properties": {"parcel_id": "08252780170000", "crs": "local-feet", "address": "1102 N TWICKENHAM DR", "city": "Salt Lake City", "county": "SaltLake", "source_srid": "EPSG:4326", "district": "FR-2", "zone_label": "FR-2/21780 Foothills Estates Residential", "district_provenance": "centroid-contains"}}, {"type": "Feature", "geometry": {"type": "Polygon", "coordinates": [[[1531438.6701789969, 7457932.7565555945], [1531419.198346914, 7457882.305736552], [1531412.9061821688, 7457864.895676465], [1531407.369340982, 7457847.231018022], [1531385.9066015512, 7457773.213371149], [1531385.6343254303, 7457772.333658896], [1531383.998293089, 7457768.493597184], [1531381.7467903616, 7457764.979616919], [1531378.9421848392, 7457761.889075085], [1531375.6622178906, 7457759.308110276], [1531371.9984985176, 7457757.308675572], [1531368.0535103919, 7457755.94681741], [1531363.9363726065, 7457755.259968167], [1531359.7628409844, 7457755.267689719], [1531355.6488335642, 7457755.969719469], [1531351.7086891143, 7457757.346225778], [1531348.0521896866, 7457759.359307938], [1531344.7820693345, 7457761.952263846], [1531341.9883079524, 7457765.053084093], [1531339.7498792748, 7457768.575931328], [1531280.2353308941, 7457882.189666402], [1531270.0624752901, 7457904.331251392], [1531262.2377326877, 7457927.407308442], [1531256.8440817008, 7457951.169673895], [1531253.9398387077, 7457975.362364769], [1531253.5564397082, 7457999.726049297], [1531438.6701789969, 7457932.7565555945]]]}, "properties": {"parcel_id": "08252780180000", "crs": "local-feet", "address": "1076 N TWICKENHAM DR", "city": "Salt Lake City", "county": "SaltLake", "source_srid": "EPSG:4326", "district": "FR-2", "zone_label": "FR-2/21780 Foothills Estates Residential", "district_provenance": "centroid-contains"}}, {"type": "Feature", "geometry": {"type": "Polygon", "coordinates": [[[1531465.1422180089, 7457464.0912657045], [1531348.036998395, 7457464.095226529], [1531356.4723955675, 7457485.812998433], [1531363.7482904291, 7457507.238750273], [1531369.1517188146, 7457529.211688951], [1531372.6426628698, 7457551.568441999], [1531374.1955202785, 7457574.142600846], [1531374.2198645645, 7457575.095520404], [1531466.8645493172, 7457567.000162397], [1531475.5678455075, 7457666.62164142], [1531383.3360536287, 7457674.680924338], [1531388.092766691, 7457696.675398828], [1531393.8590844593, 7457718.427031397], [1531427.133235434, 7457833.17909919], [1531432.3488864463, 7457849.816839578], [1531438.2749013945, 7457866.214305449], [1531481.3788606992, 7457977.766623306], [1531489.7741271418, 7458001.567360313], [1531496.7592104876, 7458025.819314049], [1531502.309371681, 7458050.439332713], [1531563.6710370257, 7458365.895876166], [1531577.6876513993, 7458427.7108272705], [1531654.1574770028, 7458732.442396674], [1531465.1422180089, 7457464.0912657045]]]}, "properties": {"parcel_id": "08252780190000", "crs": "local-feet", "address": "982 N SANDHURST DR", "city": "Salt Lake City", "county": "SaltLake", "source_srid": "EPSG:4326", "district": "FR-2", "zone_label": "FR-2/21780 Foothills Estates Residential", "district_provenance": "centroid-contains"}}, {"type": "Feature", "geometry": {"type": "Polygon", "coordinates": [[[1531374.2198645645, 7457575.095520404], [1531374.7311160457, 7457595.111035279], [1531376.1445282004, 7457621.778374389], [1531379.0153641016, 7457648.328256105], [1531383.3360536287, 7457674.680924338], [1531475.5678455075, 7457666.62164142], [1531466.8645493172, 7457567.000162397], [1531374.2198645645, 7457575.095520404]]]}, "properties": {"parcel_id": "08252780200000", "crs": "local-feet", "address": "1058 N SANDHURST DR", "city": "Salt Lake City", "county": "SaltLake", "source_srid": "EPSG:4326", "district": "FR-2", "zone_label": "FR-2/21780 Foothills Estates Residential", "district_provenance": "centroid-contains"}}, {"type": "Feature", "geometry": {"type": "Polygon", "coordinates": [[[1528845.2512316224, 7457030.675045529], [1528867.0423239463, 7456997.5314193405], [1528751.8422579605, 7456998.3025355805], [1528751.6216244008, 7457031.301922959], [1528845.2512316224, 7457030.675045529]]]}, "properties": {"parcel_id": "08253260020000", "crs": "local-feet", "address": "474 W 900 N", "city": "Salt Lake City", "county": "SaltLake", "source_srid": "EPSG:4326", "district": "M-2", "zone_label": "Heavy Manufacturing", "district_provenance": "centroid-contains"}}, {"type": "Feature", "geometry": {"type": "Polygon", "coordinates": [[[1528955.362353076, 7457227.925621217], [1528954.8783220286, 7457163.9267901825], [1528953.988555602, 7457095.061802126], [1528953.9816249458, 7457045.541560193], [1528905.091686278, 7457045.548763391], [1528893.9818406259, 7457045.550463477], [1528879.063455314, 7457078.468279227], [1528879.0682905025, 7457096.445295651], [1528850.502411492, 7457163.129719276], [1528822.3645321266, 7457228.816160458], [1528947.3622944092, 7457227.978970664], [1528955.362353076, 7457227.925621217]]]}, "properties": {"parcel_id": "08253260030000", "crs": "local-feet", "address": "474 W 900 N", "city": "Salt Lake City", "county": "SaltLake", "source_srid": "EPSG:4326", "district": "M-1", "zone_label": "Light Manufacturing", "district_provenance": "centroid-contains"}}, {"type": "Feature", "geometry": {"type": "Polygon", "coordinates": [[[1529117.6794184241, 7457163.906118471], [1529153.4278002263, 7457094.976379346], [1529010.928410167, 7457095.037070215], [1528953.988555602, 7457095.061802126], [1528954.8783220286, 7457163.9267901825], [1529117.6794184241, 7457163.906118471]]]}, "properties": {"parcel_id": "08253260150000", "crs": "local-feet", "address": "1005 N BECK ST", "city": "Salt Lake City", "county": "SaltLake", "source_srid": "EPSG:4326", "district": "M-1", "zone_label": "Light Manufacturing", "district_provenance": "centroid-contains"}}, {"type": "Feature", "geometry": {"type": "Polygon", "coordinates": [[[1527423.466652364, 7457075.61211992], [1527429.0420705264, 7457073.152276564], [1527504.9773821144, 7457039.645821309], [1527547.8264174222, 7457020.738697136], [1527563.8727592847, 7457013.658460781], [1527580.9126507582, 7457006.139803765], [1527656.8481203346, 7456972.633231619], [1527691.7132755131, 7456957.24875383], [1527721.3327777036, 7456943.432742169], [1527754.8978796967, 7456925.891421394], [1527787.5743725598, 7456906.745680474], [1527789.1761007207, 7456905.751146503], [1527814.131077302, 7456889.5562003665], [1527838.4522087667, 7456872.423485618], [1527859.867000289, 7456856.146525316], [1527880.709598886, 7456839.1426365925], [1527899.425639248, 7456822.813274365], [1527917.6136541478, 7456805.897282095], [1527927.376040877, 7456796.359291153], [1527936.9704994254, 7456786.652316694], [1527945.4277372563, 7456777.792052259], [1527946.3943068096, 7456776.7793443035], [1527950.1713168516, 7456772.681586841], [1527955.6442432585, 7456766.743361868], [1527964.7173376668, 7456756.547604019], [1527973.6113660336, 7456746.195301869], [1527982.323600823, 7456735.688449897], [1527990.850830904, 7456725.032018394], [1527999.1905773953, 7456714.228000614], [1528007.340620445, 7456703.280619058], [1528015.2989790228, 7456692.191864726], [1528023.0616934076, 7456680.966215708], [1528030.6277834063, 7456669.607145367], [1528037.9947742636, 7456658.117390479], [1528045.1594510898, 7456646.50117792], [1528052.1205818926, 7456634.761238905], [1528058.87569805, 7456622.901796829], [1528065.4230741311, 7456610.926328648], [1528068.0538761278, 7456605.90770774], [1528071.7602381057, 7456598.838314401], [1528077.8854659318, 7456586.6417265525], [1528083.797031007, 7456574.339794098], [1528085.371585792, 7456570.911676009], [1528089.4929619804, 7456561.936738413], [1528094.9715330799, 7456549.436036285], [1528100.2310221582, 7456536.841907973], [1528105.2699504113, 7456524.157581411], [1528110.0870932834, 7456511.387274555], [1528114.679980361, 7456498.534963343], [1528119.0486290148, 7456485.604364527], [1528123.1903206971, 7456472.599702935], [1528127.1048252226, 7456459.524944267], [1528130.7899174243, 7456446.383319964], [1528132.318233571, 7456440.544469121], [1528134.2456183108, 7456433.179538023], [1528137.4704534747, 7456419.917569891], [1528140.4631960625, 7456406.6013859], [1528143.223117951, 7456393.234954103], [1528145.7492415064, 7456379.822243718], [1528148.0102641506, 7456366.09824066], [1528149.3483769635, 7456357.974937741], [1528155.3483534234, 7456310.05335972], [1528158.9877198935, 7456261.89482765], [1528160.2577873808, 7456213.616097233], [1528161.966015702, 7455227.729938323], [1528162.821596058, 7454915.59871996], [1528169.2942685669, 7454721.995402895], [1528108.961683222, 7454721.344485071], [1528081.195775925, 7454964.201378154], [1528073.8018698466, 7454988.084896507], [1528064.5803470593, 7455017.871639378], [1528013.4330356512, 7455183.081083369], [1527990.0863934031, 7455258.493749895], [1527974.7003873407, 7455303.847973246], [1527956.905226484, 7455348.312734792], [1527955.5117259033, 7455351.52311669], [1527954.1124109006, 7455354.712955663], [1527884.0416674053, 7455513.610204779], [1527823.9485345865, 7455649.8807783], [1527752.8354347225, 7455811.142204067], [1527678.1620353688, 7455980.474416701], [1527589.328512511, 7456181.920129441], [1527557.9078272, 7456253.170815061], [1527534.5489204903, 7456311.059869866], [1527518.5943563231, 7456350.598984196], [1527507.2345459915, 7456380.967496463], [1527497.4419674992, 7456411.876737418], [1527489.2421221605, 7456443.246544774], [1527488.4534095605, 7456446.656515364], [1527487.792099333, 7456449.582926115], [1527487.2519633158, 7456452.02382312], [1527486.6328592796, 7456454.877185153], [1527458.6135823154, 7456585.506671165], [1527425.394216073, 7456578.6643329235], [1527407.4376940508, 7456574.965957364], [1527381.92493247, 7456696.528643309], [1527433.1693059215, 7456707.08380686], [1527413.4629486, 7456803.409658588], [1527411.4662174776, 7456812.75134617], [1527409.3071312536, 7456822.057096095], [1527406.985674001, 7456831.323439228], [1527404.5030773508, 7456840.547644259], [1527401.859828916, 7456849.727478769], [1527399.056162819, 7456858.8597203465], [1527396.094305366, 7456867.941633074], [1527392.9742448274, 7456876.9704913], [1527389.6964656997, 7456885.9435670655], [1527386.2631939668, 7456894.857876712], [1527382.6749146618, 7456903.710692328], [1527378.9323662992, 7456912.50027599], [1527375.0372732822, 7456921.22290294], [1527370.9901209057, 7456929.875845306], [1527366.7931388193, 7456938.457110608], [1527362.4468134476, 7456946.964218688], [1527357.9526216248, 7456955.39369377], [1527353.3115493644, 7456963.743549083], [1527348.5263221904, 7456972.011294311], [1527343.596924932, 7456980.193708225], [1527338.5258386855, 7456988.289292879], [1527333.3140460341, 7456996.295318114], [1527327.9632747127, 7457004.208802587], [1527322.4755061846, 7457012.027755011], [1527316.8514760614, 7457019.749941956], [1527311.0941573498, 7457027.372624239], [1527301.8944052777, 7457039.004612913], [1527358.718113858, 7457104.182546254], [1527423.466652364, 7457075.61211992]]]}, "properties": {"parcel_id": "08253260180000", "crs": "local-feet", "address": "499 W 900 N", "city": "Salt Lake City", "county": "SaltLake", "source_srid": "EPSG:4326", "district": "M-2", "zone_label": "Heavy Manufacturing", "district_provenance": "centroid-contains"}}, {"type": "Feature", "geometry": {"type": "Polygon", "coordinates": [[[1528905.091686278, 7457045.548763391], [1528910.380760469, 7456649.351046237], [1528910.1463502764, 7456507.102473424], [1528909.975890378, 7456506.703279222], [1528905.6202652438, 7456495.9841400655], [1528901.4526132173, 7456485.189808344], [1528897.4739492864, 7456474.324739898], [1528893.6857776875, 7456463.391405781], [1528890.0886163535, 7456452.394264071], [1528885.5867669547, 7456437.491519339], [1528878.8835309704, 7456437.492710722], [1528709.0079116812, 7456438.272150234], [1528544.0087477162, 7456439.029489863], [1528379.009584401, 7456439.786937482], [1528214.010172771, 7456440.544494111], [1528148.0101291158, 7456440.544458737], [1528148.0093724674, 7456770.547252003], [1528215.5312119257, 7456770.547324144], [1528217.4567031644, 7456770.892219618], [1528357.9014807565, 7456769.9523544675], [1528373.895177143, 7456769.845307098], [1528380.5225053483, 7456769.800955756], [1528514.3924474432, 7456768.905348488], [1528545.5203933562, 7456768.697082695], [1528580.3911056824, 7456768.463778494], [1528710.5177865017, 7456767.592824218], [1528737.3885414337, 7456767.412920979], [1528753.3884567237, 7456767.305595042], [1528878.975862072, 7456766.465159418], [1528878.9849215944, 7456799.467037658], [1528878.9944621765, 7456832.465153019], [1528879.0035041946, 7456865.462979226], [1528879.0127964502, 7456898.461008466], [1528879.0220874934, 7456931.458746302], [1528879.031381215, 7456964.456936159], [1528879.0406737202, 7456997.454834543], [1528879.063455314, 7457078.468279227], [1528893.9818406259, 7457045.550463477], [1528905.091686278, 7457045.548763391]]]}, "properties": {"parcel_id": "08253260190000", "crs": "local-feet", "address": "474 W 900 N", "city": "Salt Lake City", "county": "SaltLake", "source_srid": "EPSG:4326", "district": "M-1", "zone_label": "Light Manufacturing", "district_provenance": "centroid-contains"}}, {"type": "Feature", "geometry": {"type": "Polygon", "coordinates": [[[1529153.4278002263, 7457094.976379346], [1529259.679072584, 7456860.79829856], [1529248.230413025, 7456855.6081277], [1529237.7344519712, 7456850.738555965], [1529227.3247330226, 7456845.686216522], [1529217.0049980008, 7456840.453570479], [1529206.7777392538, 7456835.041597575], [1529196.64694313, 7456829.451766595], [1529186.615105897, 7456823.686048415], [1529176.6854692928, 7456817.74616295], [1529166.8610269572, 7456811.634078872], [1529157.1447694714, 7456805.351021562], [1529147.539444321, 7456798.89945646], [1529138.0482938453, 7456792.281351192], [1529128.673813824, 7456785.498428872], [1529119.4194983463, 7456778.553399412], [1529110.2878409901, 7456771.447490368], [1529101.2813403471, 7456764.183168274], [1529092.4032432642, 7456756.763391954], [1529083.655545459, 7456749.189391156], [1529075.0419905756, 7456741.463874596], [1529066.5643309655, 7456733.5893122405], [1529058.2253131294, 7456725.567921696], [1529050.027683283, 7456717.401920552], [1529041.973197153, 7456709.094522127], [1529034.0655940014, 7456700.6474439325], [1529026.3066295781, 7456692.063899311], [1529018.6983063673, 7456683.346604795], [1529011.2433684247, 7456674.4972824715], [1529003.944318938, 7456665.519390015], [1528996.8029117547, 7456656.415645167], [1528989.8211480188, 7456647.18851673], [1528983.0020252306, 7456637.840716772], [1528976.3465526537, 7456628.375461988], [1528969.8574796973, 7456618.795465648], [1528963.5368103364, 7456609.103939887], [1528957.385800016, 7456599.303356931], [1528951.4071998661, 7456589.396925612], [1528945.602018919, 7456579.387862614], [1528939.9730066382, 7456569.278881255], [1528934.5206747397, 7456559.073200387], [1528929.2472745252, 7456548.773535584], [1528924.155062894, 7456538.383841357], [1528919.2445499084, 7456527.906841102], [1528914.5174906733, 7456517.345500367], [1528910.1463502764, 7456507.102473424], [1528910.380760469, 7456649.351046237], [1528905.091686278, 7457045.548763391], [1528953.9816249458, 7457045.541560193], [1528953.988555602, 7457095.061802126], [1529010.928410167, 7457095.037070215], [1529153.4278002263, 7457094.976379346]]]}, "properties": {"parcel_id": "08253260200000", "crs": "local-feet", "address": "965 N BECK ST", "city": "Salt Lake City", "county": "SaltLake", "source_srid": "EPSG:4326", "district": "M-1", "zone_label": "Light Manufacturing", "district_provenance": "centroid-contains"}}, {"type": "Feature", "geometry": {"type": "Polygon", "coordinates": [[[1528879.0682905025, 7457096.445295651], [1528879.063455314, 7457078.468279227], [1528879.0406737202, 7456997.454834543], [1528867.0423239463, 7456997.5314193405], [1528845.2512316224, 7457030.675045529], [1528832.1615449481, 7457063.761355017], [1528817.820914717, 7457096.85450331], [1528879.0682905025, 7457096.445295651]]]}, "properties": {"parcel_id": "08253260210000", "crs": "local-feet", "address": "474 W 900 N", "city": "Salt Lake City", "county": "SaltLake", "source_srid": "EPSG:4326", "district": "M-2", "zone_label": "Heavy Manufacturing", "district_provenance": "centroid-contains"}}, {"type": "Feature", "geometry": {"type": "Polygon", "coordinates": [[[1527106.255497082, 7457240.30267145], [1527107.235296518, 7457239.637552684], [1527129.2938157716, 7457225.207575954], [1527151.6009027339, 7457211.165521424], [1527174.1493577007, 7457197.514644661], [1527196.9329792557, 7457184.258940188], [1527219.9440776445, 7457171.403400451], [1527243.1761995608, 7457158.95127753], [1527266.6223960244, 7457146.906321523], [1527290.2747253387, 7457135.272782402], [1527335.2874261218, 7457114.52124885], [1527358.718113858, 7457104.182546254], [1527301.8944052777, 7457039.004612913], [1527300.0271964397, 7457041.288463317], [1527298.1153421954, 7457043.601014795], [1527296.1914963422, 7457045.902222128], [1527293.961214747, 7457048.538123227], [1527268.5584026945, 7457076.371342457], [1527241.3005701157, 7457102.3904504515], [1527238.9297872768, 7457104.490005964], [1527236.2957611298, 7457106.794953204], [1527234.026091048, 7457108.756516756], [1527177.5361312637, 7457155.821973511], [1527119.6226350302, 7457201.123694129], [1527067.570612706, 7457240.561950579], [1527106.255497082, 7457240.30267145]]]}, "properties": {"parcel_id": "08253260220000", "crs": "local-feet", "address": "499 W 900 N", "city": "Salt Lake City", "county": "SaltLake", "source_srid": "EPSG:4326", "district": "M-2", "zone_label": "Heavy Manufacturing", "district_provenance": "centroid-contains"}}, {"type": "Feature", "geometry": {"type": "Polygon", "coordinates": [[[1529185.6110796374, 7456582.276251867], [1529185.6111288988, 7456433.775042041], [1529107.6108823265, 7456433.77554222], [1529107.6105533089, 7456582.276509683], [1529185.6110796374, 7456582.276251867]]]}, "properties": {"parcel_id": "08253270110000", "crs": "local-feet", "address": "364 W 900 N", "city": "Salt Lake City", "county": "SaltLake", "source_srid": "EPSG:4326", "district": "BP", "zone_label": "Business Park", "district_provenance": "centroid-contains"}}, {"type": "Feature", "geometry": {"type": "Polygon", "coordinates": [[[1529252.6125370795, 7456434.182975305], [1529252.443379624, 7456434.183734496], [1529185.6111288988, 7456433.775042041], [1529185.6110796374, 7456582.276251867], [1529252.61233397, 7456582.683932017], [1529252.6125370795, 7456434.182975305]]]}, "properties": {"parcel_id": "08253270120000", "crs": "local-feet", "address": "364 W 900 N", "city": "Salt Lake City", "county": "SaltLake", "source_srid": "EPSG:4326", "district": "BP", "zone_label": "Business Park", "district_provenance": "centroid-contains"}}, {"type": "Feature", "geometry": {"type": "Polygon", "coordinates": [[[1529405.739170757, 7456532.900613967], [1529338.6117517506, 7456532.900726601], [1529285.7415375852, 7456532.901230417], [1529277.6123922644, 7456582.683750239], [1529274.985735943, 7456598.771012478], [1529376.073836961, 7456599.012217227], [1529390.7811068613, 7456565.900990574], [1529405.739170757, 7456532.900613967]]]}, "properties": {"parcel_id": "08253270200000", "crs": "local-feet", "address": "925 N BECK ST", "city": "Salt Lake City", "county": "SaltLake", "source_srid": "EPSG:4326", "district": "BP", "zone_label": "Business Park", "district_provenance": "centroid-contains"}}, {"type": "Feature", "geometry": {"type": "Polygon", "coordinates": [[[1529342.1934146143, 7456674.4536482245], [1529371.3539941607, 7456609.8226320315], [1529256.3514140265, 7456609.82305505], [1529220.167545386, 7456689.635601344], [1529242.749371536, 7456704.123300742], [1529266.0344426702, 7456717.451099839], [1529289.9631600261, 7456729.586311782], [1529322.9449073218, 7456717.115237247], [1529342.1934146143, 7456674.4536482245]]]}, "properties": {"parcel_id": "08253270220000", "crs": "local-feet", "address": "935 N BECK ST", "city": "Salt Lake City", "county": "SaltLake", "source_srid": "EPSG:4326", "district": "BP", "zone_label": "Business Park", "district_provenance": "centroid-contains"}}, {"type": "Feature", "geometry": {"type": "Polygon", "coordinates": [[[1529338.6119009857, 7456491.774826284], [1529338.612001886, 7456433.774848863], [1529252.6125370795, 7456434.182975305], [1529252.61233397, 7456582.683932017], [1529277.6123922644, 7456582.683750239], [1529285.7415375852, 7456532.901230417], [1529338.6117517506, 7456532.900726601], [1529338.6119009857, 7456491.774826284]]]}, "properties": {"parcel_id": "08253270230000", "crs": "local-feet", "address": "925 N BECK ST", "city": "Salt Lake City", "county": "SaltLake", "source_srid": "EPSG:4326", "district": "BP", "zone_label": "Business Park", "district_provenance": "centroid-contains"}}, {"type": "Feature", "geometry": {"type": "Polygon", "coordinates": [[[1529405.739170757, 7456532.900613967], [1529424.0065033394, 7456491.774625995], [1529338.6119009857, 7456491.774826284], [1529338.6117517506, 7456532.900726601], [1529405.739170757, 7456532.900613967]]]}, "properties": {"parcel_id": "08253270240000", "crs": "local-feet", "address": "925 N BECK ST", "city": "Salt Lake City", "county": "SaltLake", "source_srid": "EPSG:4326", "district": "BP", "zone_label": "Business Park", "district_provenance": "centroid-contains"}}, {"type": "Feature", "geometry": {"type": "Polygon", "coordinates": [[[1529424.0065033394, 7456491.774625995], [1529450.2614020738, 7456433.244659084], [1529338.612001886, 7456433.774848863], [1529338.6119009857, 7456491.774826284], [1529424.0065033394, 7456491.774625995]]]}, "properties": {"parcel_id": "08253270250000", "crs": "local-feet", "address": "925 N BECK ST", "city": "Salt Lake City", "county": "SaltLake", "source_srid": "EPSG:4326", "district": "BP", "zone_label": "Business Park", "district_provenance": "centroid-contains"}}, {"type": "Feature", "geometry": {"type": "Polygon", "coordinates": [[[1529252.6125370795, 7456434.182975305], [1529338.612001886, 7456433.774848863], [1529450.2614020738, 7456433.244659084], [1529509.247253523, 7456300.912881246], [1529509.5425699207, 7456300.252880807], [1529503.1361286065, 7456300.265460019], [1529337.9819848617, 7456300.8348213015], [1529258.0943988722, 7456301.1064818185], [1529252.443379624, 7456434.183734496], [1529252.6125370795, 7456434.182975305]]]}, "properties": {"parcel_id": "08253270260000", "crs": "local-feet", "address": "899 N BECK ST", "city": "Salt Lake City", "county": "SaltLake", "source_srid": "EPSG:4326", "district": "BP", "zone_label": "Business Park", "district_provenance": "centroid-contains"}}, {"type": "Feature", "geometry": {"type": "Polygon", "coordinates": [[[1528545.5217100764, 7456308.598035271], [1528875.5242451418, 7456307.0239985455], [1528874.855548453, 7456141.46358246], [1528874.186605029, 7455975.903308614], [1528873.5179116689, 7455810.343174811], [1528872.849218859, 7455644.782934318], [1528707.3135389118, 7455645.572555757], [1528542.8488064075, 7455646.356959602], [1528543.3508069988, 7455770.666698952], [1528543.5177124538, 7455811.91670394], [1528543.9141376212, 7455909.932091233], [1528252.8475131674, 7455909.932791127], [1528252.8474284944, 7455927.933226263], [1528213.977223059, 7455927.93307958], [1528214.1831616685, 7455979.051308985], [1528214.851041858, 7456144.611093019], [1528215.518428403, 7456310.1715160245], [1528545.5217100764, 7456308.598035271]]]}, "properties": {"parcel_id": "08253280010000", "crs": "local-feet", "address": "425 W 900 N", "city": "Salt Lake City", "county": "SaltLake", "source_srid": "EPSG:4326", "district": "M-1", "zone_label": "Light Manufacturing", "district_provenance": "centroid-contains"}}, {"type": "Feature", "geometry": {"type": "Polygon", "coordinates": [[[1528676.1860677372, 7455976.847544993], [1528676.146679937, 7455935.746917623], [1528544.0199632633, 7455936.226609105], [1528544.186869141, 7455977.476588333], [1528676.1860677372, 7455976.847544993]]]}, "properties": {"parcel_id": "08253280020000", "crs": "local-feet", "address": "851 N 400 W", "city": "Salt Lake City", "county": "SaltLake", "source_srid": "EPSG:4326", "district": "M-1", "zone_label": "Light Manufacturing", "district_provenance": "centroid-contains"}}, {"type": "Feature", "geometry": {"type": "Polygon", "coordinates": [[[1528542.8488064075, 7455646.356959602], [1528377.8818112228, 7455647.143736044], [1528212.8481460917, 7455647.930674127], [1528213.5155307758, 7455813.491417187], [1528213.977223059, 7455927.93307958], [1528252.8474284944, 7455927.933226263], [1528252.8475131674, 7455909.932791127], [1528543.9141376212, 7455909.932091233], [1528543.5177124538, 7455811.91670394], [1528543.3508069988, 7455770.666698952], [1528542.8488064075, 7455646.356959602]]]}, "properties": {"parcel_id": "08253280030000", "crs": "local-feet", "address": "480 W 800 N", "city": "Salt Lake City", "county": "SaltLake", "source_srid": "EPSG:4326", "district": "M-1", "zone_label": "Light Manufacturing", "district_provenance": "centroid-contains"}}, {"type": "Feature", "geometry": {"type": "Polygon", "coordinates": [[[1528709.007780838, 7456319.81772927], [1528875.5208037042, 7456319.075738725], [1528875.5242451418, 7456307.0239985455], [1528545.5217100764, 7456308.598035271], [1528545.517711574, 7456320.54594649], [1528709.007780838, 7456319.81772927]]]}, "properties": {"parcel_id": "08253280050000", "crs": "local-feet", "address": "899 N 400 W", "city": "Salt Lake City", "county": "SaltLake", "source_srid": "EPSG:4326", "district": "M-1", "zone_label": "Light Manufacturing", "district_provenance": "centroid-contains"}}, {"type": "Feature", "geometry": {"type": "Polygon", "coordinates": [[[1529336.4669578678, 7455971.438910011], [1529436.6003723377, 7455970.908274149], [1529501.619689699, 7455970.563755838], [1529657.5984893492, 7455969.737662618], [1529666.5590663387, 7455949.734520209], [1529665.2561097739, 7455639.9130142685], [1529500.1025366774, 7455640.702815488], [1529395.823821636, 7455641.201462615], [1529393.914115073, 7455747.738310203], [1529335.4333008323, 7455746.71855736], [1529320.9252377758, 7455746.465182214], [1529278.5729213124, 7455786.879268011], [1529279.3586678426, 7455938.878679565], [1529213.3584521727, 7455938.910735991], [1529212.9879040094, 7455867.291529583], [1529172.7778853728, 7455867.269624414], [1529172.8041966096, 7455781.179019736], [1529170.4428214186, 7455782.945145672], [1529133.936042865, 7455810.255749575], [1529005.315356117, 7455810.236712788], [1529005.971191443, 7455973.189412897], [1529171.3139763076, 7455972.313431792], [1529336.4669578678, 7455971.438910011]]]}, "properties": {"parcel_id": "08253290060000", "crs": "local-feet", "address": "825 N 300 W", "city": "Salt Lake City", "county": "SaltLake", "source_srid": "EPSG:4326", "district": "BP", "zone_label": "Business Park", "district_provenance": "centroid-contains"}}, {"type": "Feature", "geometry": {"type": "Polygon", "coordinates": [[[1529395.823821636, 7455641.201462615], [1529334.9494621018, 7455641.492724459], [1529172.8460395914, 7455642.2680554], [1529172.8041966096, 7455781.179019736], [1529172.7778853728, 7455867.269624414], [1529212.9879040094, 7455867.291529583], [1529213.3584521727, 7455938.910735991], [1529279.3586678426, 7455938.878679565], [1529278.5729213124, 7455786.879268011], [1529320.9252377758, 7455746.465182214], [1529335.4333008323, 7455746.71855736], [1529393.914115073, 7455747.738310203], [1529395.823821636, 7455641.201462615]]]}, "properties": {"parcel_id": "08253290070000", "crs": "local-feet", "address": "350 W 800 N # 320", "city": "Salt Lake City", "county": "SaltLake", "source_srid": "EPSG:4326", "district": "BP", "zone_label": "Business Park", "district_provenance": "centroid-contains"}}, {"type": "Feature", "geometry": {"type": "Polygon", "coordinates": [[[1529258.0943988722, 7456301.1064818185], [1529257.7610026763, 7456201.263766331], [1529337.524607276, 7456201.398328597], [1529336.4669578678, 7455971.438910011], [1529171.3139763076, 7455972.313431792], [1529005.971191443, 7455973.189412897], [1529007.2995706797, 7456303.306542504], [1529172.8292751918, 7456301.834731568], [1529258.0943988722, 7456301.1064818185]]]}, "properties": {"parcel_id": "08253290080000", "crs": "local-feet", "address": "367 W 900 N", "city": "Salt Lake City", "county": "SaltLake", "source_srid": "EPSG:4326", "district": "MU-11", "zone_label": "Mixed Use 11", "district_provenance": "centroid-contains"}}, {"type": "Feature", "geometry": {"type": "Polygon", "coordinates": [[[1529056.7005443838, 7455684.150453036], [1529056.63436466, 7455667.8256293265], [1529029.7347508122, 7455667.938402904], [1529029.8004506258, 7455684.263228784], [1529056.7005443838, 7455684.150453036]]]}, "properties": {"parcel_id": "08253300010000", "crs": "local-feet", "address": "370 W 800 N # 1", "city": "Salt Lake City", "county": "SaltLake", "source_srid": "EPSG:4326", "district": "MU-5", "zone_label": "Mixed Use 5", "district_provenance": "centroid-contains"}}, {"type": "Feature", "geometry": {"type": "Polygon", "coordinates": [[[1529056.7654812224, 7455700.475519514], [1529056.7005443838, 7455684.150453036], [1529029.8004506258, 7455684.263228784], [1529029.8661503978, 7455700.588044001], [1529056.7654812224, 7455700.475519514]]]}, "properties": {"parcel_id": "08253300020000", "crs": "local-feet", "address": "370 W 800 N # 2", "city": "Salt Lake City", "county": "SaltLake", "source_srid": "EPSG:4326", "district": "MU-5", "zone_label": "Mixed Use 5", "district_provenance": "centroid-contains"}}, {"type": "Feature", "geometry": {"type": "Polygon", "coordinates": [[[1529072.9702247987, 7455757.457950887], [1529072.8619906856, 7455730.557845448], [1529056.8868499056, 7455730.625201631], [1529056.8970952719, 7455733.125364727], [1529056.9953480975, 7455757.524810262], [1529072.9702247987, 7455757.457950887]]]}, "properties": {"parcel_id": "08253300030000", "crs": "local-feet", "address": "370 W 800 N # 3", "city": "Salt Lake City", "county": "SaltLake", "source_srid": "EPSG:4326", "district": "MU-5", "zone_label": "Mixed Use 5", "district_provenance": "centroid-contains"}}, {"type": "Feature", "geometry": {"type": "Polygon", "coordinates": [[[1529088.9451007042, 7455757.3908540215], [1529088.836885893, 7455730.491244125], [1529072.8619906856, 7455730.557845448], [1529072.9702247987, 7455757.457950887], [1529088.9451007042, 7455757.3908540215]]]}, "properties": {"parcel_id": "08253300040000", "crs": "local-feet", "address": "370 W 800 N # 4", "city": "Salt Lake City", "county": "SaltLake", "source_srid": "EPSG:4326", "district": "MU-5", "zone_label": "Mixed Use 5", "district_provenance": "centroid-contains"}}, {"type": "Feature", "geometry": {"type": "Polygon", "coordinates": [[[1529147.4990922913, 7455683.770652982], [1529147.4334689362, 7455667.445578997], [1529120.5333559562, 7455667.558008377], [1529120.5992457208, 7455683.883081168], [1529147.4990922913, 7455683.770652982]]]}, "properties": {"parcel_id": "08253300050000", "crs": "local-feet", "address": "370 W 800 N # 5", "city": "Salt Lake City", "county": "SaltLake", "source_srid": "EPSG:4326", "district": "MU-5", "zone_label": "Mixed Use 5", "district_provenance": "centroid-contains"}}, {"type": "Feature", "geometry": {"type": "Polygon", "coordinates": [[[1529147.564714495, 7455700.095468474], [1529147.4990922913, 7455683.770652982], [1529120.5992457208, 7455683.883081168], [1529120.664885932, 7455700.207896588], [1529147.564714495, 7455700.095468474]]]}, "properties": {"parcel_id": "08253300060000", "crs": "local-feet", "address": "370 W 800 N # 6", "city": "Salt Lake City", "county": "SaltLake", "source_srid": "EPSG:4326", "district": "MU-5", "zone_label": "Mixed Use 5", "district_provenance": "centroid-contains"}}, {"type": "Feature", "geometry": {"type": "Polygon", "coordinates": [[[1529056.8314130257, 7455716.800570805], [1529056.7654812224, 7455700.475519514], [1529029.8661503978, 7455700.588044001], [1529029.9320990944, 7455716.912847434], [1529056.8314130257, 7455716.800570805]]]}, "properties": {"parcel_id": "08253300070000", "crs": "local-feet", "address": "370 W 800 N # 7", "city": "Salt Lake City", "county": "SaltLake", "source_srid": "EPSG:4326", "district": "MU-5", "zone_label": "Mixed Use 5", "district_provenance": "centroid-contains"}}, {"type": "Feature", "geometry": {"type": "Polygon", "coordinates": [[[1529056.8970952719, 7455733.125364727], [1529056.8868499056, 7455730.625201631], [1529056.8314130257, 7455716.800570805], [1529029.9320990944, 7455716.912847434], [1529029.9973033848, 7455733.238139136], [1529056.8970952719, 7455733.125364727]]]}, "properties": {"parcel_id": "08253300080000", "crs": "local-feet", "address": "370 W 800 N # 8", "city": "Salt Lake City", "county": "SaltLake", "source_srid": "EPSG:4326", "district": "MU-5", "zone_label": "Mixed Use 5", "district_provenance": "centroid-contains"}}, {"type": "Feature", "geometry": {"type": "Polygon", "coordinates": [[[1529104.9199752614, 7455757.323519633], [1529104.8117811363, 7455730.424653077], [1529088.836885893, 7455730.491244125], [1529088.9451007042, 7455757.3908540215], [1529104.9199752614, 7455757.323519633]]]}, "properties": {"parcel_id": "08253300090000", "crs": "local-feet", "address": "370 W 800 N # 9", "city": "Salt Lake City", "county": "SaltLake", "source_srid": "EPSG:4326", "district": "MU-5", "zone_label": "Mixed Use 5", "district_provenance": "centroid-contains"}}, {"type": "Feature", "geometry": {"type": "Polygon", "coordinates": [[[1529120.7961656775, 7455732.857495441], [1529120.786425516, 7455730.357577866], [1529104.8117811363, 7455730.424653077], [1529104.9199752614, 7455757.323519633], [1529120.8946022897, 7455757.256444493], [1529120.7961656775, 7455732.857495441]]]}, "properties": {"parcel_id": "08253300100000", "crs": "local-feet", "address": "370 W 800 N # 10", "city": "Salt Lake City", "county": "SaltLake", "source_srid": "EPSG:4326", "district": "MU-5", "zone_label": "Mixed Use 5", "district_provenance": "centroid-contains"}}, {"type": "Feature", "geometry": {"type": "Polygon", "coordinates": [[[1529147.6305845028, 7455716.42002435], [1529147.564714495, 7455700.095468474], [1529120.664885932, 7455700.207896588], [1529120.730525824, 7455716.532701375], [1529147.6305845028, 7455716.42002435]]]}, "properties": {"parcel_id": "08253300110000", "crs": "local-feet", "address": "370 W 800 N # 11", "city": "Salt Lake City", "county": "SaltLake", "source_srid": "EPSG:4326", "district": "MU-5", "zone_label": "Mixed Use 5", "district_provenance": "centroid-contains"}}, {"type": "Feature", "geometry": {"type": "Polygon", "coordinates": [[[1529147.6305845028, 7455716.42002435], [1529120.730525824, 7455716.532701375], [1529120.786425516, 7455730.357577866], [1529120.7961656775, 7455732.857495441], [1529147.6962066311, 7455732.744818514], [1529147.6305845028, 7455716.42002435]]]}, "properties": {"parcel_id": "08253300120000", "crs": "local-feet", "address": "370 W 800 N # 12", "city": "Salt Lake City", "county": "SaltLake", "source_srid": "EPSG:4326", "district": "MU-5", "zone_label": "Mixed Use 5", "district_provenance": "centroid-contains"}}, {"type": "Feature", "geometry": {"type": "Polygon", "coordinates": [[[1529172.8041966096, 7455781.179019736], [1529172.8460395914, 7455642.2680554], [1529004.6428156884, 7455643.07213093], [1529005.315356117, 7455810.236712788], [1529133.936042865, 7455810.255749575], [1529170.4428214186, 7455782.945145672], [1529172.8041966096, 7455781.179019736]]]}, "properties": {"parcel_id": "08253300130000", "crs": "local-feet", "address": "370 W 800 N", "city": "Salt Lake City", "county": "SaltLake", "source_srid": "EPSG:4326", "district": "MU-5", "zone_label": "Mixed Use 5", "district_provenance": "centroid-contains"}}, {"type": "Feature", "geometry": {"type": "Polygon", "coordinates": [[[1526755.3116588513, 7456147.3371546], [1526780.3836080173, 7456147.235497474], [1526873.125273327, 7455981.858665268], [1526896.9846454572, 7455939.312765258], [1526630.9131852416, 7455930.374757228], [1526630.8984519287, 7455982.836911101], [1526630.8501901922, 7456147.839711697], [1526631.455942139, 7456147.839654856], [1526737.7110925855, 7456147.408262686], [1526755.3116588513, 7456147.3371546]]]}, "properties": {"parcel_id": "08253510410000", "crs": "local-feet", "address": "820 N WARM SPRINGS RD", "city": "Salt Lake City", "county": "SaltLake", "source_srid": "EPSG:4326", "district": "M-1", "zone_label": "Light Manufacturing", "district_provenance": "centroid-contains"}}, {"type": "Feature", "geometry": {"type": "Polygon", "coordinates": [[[1526959.5484206935, 7455823.932087108], [1526959.5186410525, 7455816.507448079], [1526963.5835005187, 7455816.490563825], [1527053.2508633393, 7455651.126071435], [1527090.2085703681, 7455582.967703938], [1527120.6919944368, 7455526.749926403], [1527127.2281720391, 7455514.807933006], [1527241.584772557, 7455305.868131849], [1527119.3814022013, 7455306.35616045], [1526954.3816668119, 7455307.016008813], [1526789.3821796014, 7455307.6759638805], [1526624.383187828, 7455308.335776713], [1526626.5722108902, 7455516.833230089], [1526627.9998259386, 7455652.843284644], [1526628.407206534, 7455691.646947636], [1526629.7322416974, 7455817.839094768], [1526630.9131852416, 7455930.374757228], [1526896.9846454572, 7455939.312765258], [1526959.5484206935, 7455823.932087108]]]}, "properties": {"parcel_id": "08253510430000", "crs": "local-feet", "address": "780 N WARM SPRINGS RD", "city": "Salt Lake City", "county": "SaltLake", "source_srid": "EPSG:4326", "district": "M-1", "zone_label": "Light Manufacturing", "district_provenance": "centroid-contains"}}, {"type": "Feature", "geometry": {"type": "Polygon", "coordinates": [[[1527241.584772557, 7455305.868131849], [1527282.674855197, 7455232.672617021], [1527284.0756443087, 7455230.149602044], [1527413.6485037552, 7454996.770092103], [1527413.8269131777, 7454996.450330225], [1527492.4467981178, 7454855.183554855], [1527529.0466465065, 7454789.420054152], [1527566.121215602, 7454722.803983962], [1527567.0428728429, 7454721.1472844975], [1527580.6694247471, 7454695.359666027], [1527740.8711143476, 7454392.1760672275], [1527744.5618502933, 7454383.860235643], [1527834.673113404, 7454170.062024825], [1527743.8131511044, 7454173.643909204], [1527578.8344986185, 7454180.14678618], [1527413.8556765297, 7454186.650266107], [1527411.3468485032, 7454186.749443413], [1527283.2303511165, 7454240.810879542], [1527279.769416332, 7454242.271537277], [1527158.033240206, 7454392.609345964], [1527102.6752843289, 7454460.97347132], [1526954.2715378208, 7454534.337463485], [1526905.3681899898, 7454558.512786272], [1526823.3012627033, 7454599.083065173], [1526732.6298080217, 7454664.457826826], [1526698.6052541344, 7454724.253054007], [1526645.281353565, 7454817.964661384], [1526628.1555334567, 7454856.816207136], [1526622.609527115, 7454869.3986893315], [1526623.8919551682, 7455186.839131779], [1526624.383187828, 7455308.335776713], [1526789.3821796014, 7455307.6759638805], [1526954.3816668119, 7455307.016008813], [1527119.3814022013, 7455306.35616045], [1527241.584772557, 7455305.868131849]]]}, "properties": {"parcel_id": "08253510440000", "crs": "local-feet", "address": "750 N WARM SPRINGS RD", "city": "Salt Lake City", "county": "SaltLake", "source_srid": "EPSG:4326", "district": "M-1", "zone_label": "Light Manufacturing", "district_provenance": "centroid-contains"}}, {"type": "Feature", "geometry": {"type": "Polygon", "coordinates": [[[1528870.574888606, 7455081.682157903], [1528869.9185868308, 7454919.25918313], [1528704.9165921207, 7454919.25955721], [1528560.6405350687, 7454919.260362443], [1528560.6407855854, 7454985.260620904], [1528540.1800959723, 7454985.260834811], [1528540.5844871954, 7455085.261014997], [1528705.5800540007, 7455083.471530884], [1528706.0084307664, 7455083.466872929], [1528870.574888606, 7455081.682157903]]]}, "properties": {"parcel_id": "08253760140000", "crs": "local-feet", "address": "741 N 400 W", "city": "Salt Lake City", "county": "SaltLake", "source_srid": "EPSG:4326", "district": "M-1", "zone_label": "Light Manufacturing", "district_provenance": "centroid-contains"}}, {"type": "Feature", "geometry": {"type": "Polygon", "coordinates": [[[1528869.9185868308, 7454919.25918313], [1528869.9127297765, 7454917.6823088685], [1528869.6447988348, 7454851.390156526], [1528869.644935667, 7454817.389655203], [1528704.6442535687, 7454817.39026696], [1528559.5747946189, 7454819.442672704], [1528560.6405053062, 7454852.8678707825], [1528560.6405350687, 7454919.260362443], [1528704.9165921207, 7454919.25955721], [1528869.9185868308, 7454919.25918313]]]}, "properties": {"parcel_id": "08253760190000", "crs": "local-feet", "address": "727 N 400 W", "city": "Salt Lake City", "county": "SaltLake", "source_srid": "EPSG:4326", "district": "M-1", "zone_label": "Light Manufacturing", "district_provenance": "centroid-contains"}}, {"type": "Feature", "geometry": {"type": "Polygon", "coordinates": [[[1528512.2650248625, 7455513.696223131], [1528376.863568745, 7455402.341350766], [1528377.3455433242, 7455514.341073254], [1528512.2650248625, 7455513.696223131]]]}, "properties": {"parcel_id": "08253760220000", "crs": "local-feet", "address": "457 W 800 N", "city": "Salt Lake City", "county": "SaltLake", "source_srid": "EPSG:4326", "district": "M-1", "zone_label": "Light Manufacturing", "district_provenance": "centroid-contains"}}, {"type": "Feature", "geometry": {"type": "Polygon", "coordinates": [[[1528542.314659122, 7455513.552552717], [1528540.9805907195, 7455183.260917879], [1528540.9772503502, 7455182.411155255], [1528540.9768606352, 7455182.379931574], [1528540.9700446164, 7455180.760700788], [1528540.5844871954, 7455085.261014997], [1528540.1800959723, 7454985.260834811], [1528375.1810938593, 7454986.049985415], [1528375.9809174892, 7455184.050071765], [1528376.863568745, 7455402.341350766], [1528512.2650248625, 7455513.696223131], [1528542.314659122, 7455513.552552717]]]}, "properties": {"parcel_id": "08253760230000", "crs": "local-feet", "address": "461 W 800 N", "city": "Salt Lake City", "county": "SaltLake", "source_srid": "EPSG:4326", "district": "M-1", "zone_label": "Light Manufacturing", "district_provenance": "centroid-contains"}}, {"type": "Feature", "geometry": {"type": "Polygon", "coordinates": [[[1528870.9789412082, 7455181.681946822], [1528870.574888606, 7455081.682157903], [1528706.0084307664, 7455083.466872929], [1528705.5800540007, 7455083.471530884], [1528540.5844871954, 7455085.261014997], [1528540.9700446164, 7455180.760700788], [1528705.980432952, 7455179.971606427], [1528705.9800143822, 7455182.471377306], [1528870.9789412082, 7455181.681946822]]]}, "properties": {"parcel_id": "08253760250000", "crs": "local-feet", "address": "755 N 400 W", "city": "Salt Lake City", "county": "SaltLake", "source_srid": "EPSG:4326", "district": "M-1", "zone_label": "Light Manufacturing", "district_provenance": "centroid-contains"}}, {"type": "Feature", "geometry": {"type": "Polygon", "coordinates": [[[1528707.2640359781, 7455512.634620089], [1528706.8485477404, 7455404.455217371], [1528706.4190668685, 7455292.56629109], [1528705.9799062402, 7455182.50260322], [1528705.9800143822, 7455182.471377306], [1528705.980432952, 7455179.971606427], [1528540.9700446164, 7455180.760700788], [1528540.9768606352, 7455182.379931574], [1528540.9772503502, 7455182.411155255], [1528540.9805907195, 7455183.260917879], [1528542.314659122, 7455513.552552717], [1528605.3143310817, 7455513.250989413], [1528627.3140281902, 7455513.145991616], [1528707.2640359781, 7455512.634620089]]]}, "properties": {"parcel_id": "08253760260000", "crs": "local-feet", "address": "425 W 800 N", "city": "Salt Lake City", "county": "SaltLake", "source_srid": "EPSG:4326", "district": "M-1", "zone_label": "Light Manufacturing", "district_provenance": "centroid-contains"}}, {"type": "Feature", "geometry": {"type": "Polygon", "coordinates": [[[1528869.644935667, 7454817.389655203], [1528869.114779236, 7454719.661038614], [1528868.5999739945, 7454591.255009129], [1528868.452558904, 7454554.597368546], [1528868.192189546, 7454489.5973830735], [1528560.641587837, 7454491.2568809735], [1528560.6413572526, 7454555.885806656], [1528560.6413579416, 7454591.255909954], [1528560.6409009742, 7454720.9539577905], [1528559.5748853409, 7454720.958275994], [1528559.5747946189, 7454819.442672704], [1528704.6442535687, 7454817.39026696], [1528869.644935667, 7454817.389655203]]]}, "properties": {"parcel_id": "08253760270000", "crs": "local-feet", "address": "691 N 400 W # B", "city": "Salt Lake City", "county": "SaltLake", "source_srid": "EPSG:4326", "district": "M-1", "zone_label": "Light Manufacturing", "district_provenance": "centroid-contains"}}, {"type": "Feature", "geometry": {"type": "Polygon", "coordinates": [[[1528871.897665862, 7455403.814747231], [1528706.8485477404, 7455404.455217371], [1528707.2640359781, 7455512.634620089], [1528872.3125915527, 7455511.974078316], [1528871.897665862, 7455403.814747231]]]}, "properties": {"parcel_id": "08253760280000", "crs": "local-feet", "address": "795 N 400 W", "city": "Salt Lake City", "county": "SaltLake", "source_srid": "EPSG:4326", "district": "MU-5", "zone_label": "Mixed Use 5", "district_provenance": "centroid-contains"}}, {"type": "Feature", "geometry": {"type": "Polygon", "coordinates": [[[1528871.897665862, 7455403.814747231], [1528870.9789412082, 7455181.681946822], [1528705.9800143822, 7455182.471377306], [1528705.9799062402, 7455182.50260322], [1528706.4190668685, 7455292.56629109], [1528706.8485477404, 7455404.455217371], [1528871.897665862, 7455403.814747231]]]}, "properties": {"parcel_id": "08253760300000", "crs": "local-feet", "address": "765 N 400 W # COM", "city": "Salt Lake City", "county": "SaltLake", "source_srid": "EPSG:4326", "district": "MU-5", "zone_label": "Mixed Use 5", "district_provenance": "centroid-contains"}}, {"type": "Feature", "geometry": {"type": "Polygon", "coordinates": [[[1528742.8305936004, 7455392.716116429], [1528742.6940244017, 7455359.886177496], [1528723.0243764834, 7455359.967926553], [1528723.1609731482, 7455392.798113205], [1528723.1652320146, 7455393.797794831], [1528734.834361118, 7455393.749639071], [1528734.8303491676, 7455392.749460664], [1528742.8305936004, 7455392.716116429]]]}, "properties": {"parcel_id": "08253760310000", "crs": "local-feet", "address": "765 N 400 W", "city": "Salt Lake City", "county": "SaltLake", "source_srid": "EPSG:4326", "district": "MU-5", "zone_label": "Mixed Use 5", "district_provenance": "centroid-contains"}}, {"type": "Feature", "geometry": {"type": "Polygon", "coordinates": [[[1528762.5002155115, 7455392.634383133], [1528762.3636709875, 7455359.804196263], [1528742.6940244017, 7455359.886177496], [1528742.8305936004, 7455392.716116429], [1528742.834853072, 7455393.716045881], [1528754.5039810934, 7455393.667651564], [1528754.4997220929, 7455392.667722109], [1528762.5002155115, 7455392.634383133]]]}, "properties": {"parcel_id": "08253760320000", "crs": "local-feet", "address": "765 N 400 W # 102", "city": "Salt Lake City", "county": "SaltLake", "source_srid": "EPSG:4326", "district": "MU-5", "zone_label": "Mixed Use 5", "district_provenance": "centroid-contains"}}, {"type": "Feature", "geometry": {"type": "Polygon", "coordinates": [[[1528782.1703348486, 7455392.55266318], [1528782.0340653579, 7455359.722475126], [1528762.3636709875, 7455359.804196263], [1528762.5002155115, 7455392.634383133], [1528762.5049726726, 7455393.634558148], [1528774.174099612, 7455393.5859252615], [1528774.1695916052, 7455392.58574909], [1528782.1703348486, 7455392.55266318]]]}, "properties": {"parcel_id": "08253760330000", "crs": "local-feet", "address": "765 N 400 W # 103", "city": "Salt Lake City", "county": "SaltLake", "source_srid": "EPSG:4326", "district": "MU-5", "zone_label": "Mixed Use 5", "district_provenance": "centroid-contains"}}, {"type": "Feature", "geometry": {"type": "Polygon", "coordinates": [[[1528801.8399554798, 7455392.470713269], [1528801.7037131793, 7455359.640772924], [1528782.0340653579, 7455359.722475126], [1528782.1703348486, 7455392.55266318], [1528782.1745938489, 7455393.55284044], [1528793.84372082, 7455393.504216823], [1528793.8397109776, 7455392.504038445], [1528801.8399554798, 7455392.470713269]]]}, "properties": {"parcel_id": "08253760340000", "crs": "local-feet", "address": "765 N 400 W # 104", "city": "Salt Lake City", "county": "SaltLake", "source_srid": "EPSG:4326", "district": "MU-5", "zone_label": "Mixed Use 5", "district_provenance": "centroid-contains"}}, {"type": "Feature", "geometry": {"type": "Polygon", "coordinates": [[[1528821.509576453, 7455392.388779001], [1528821.3736077861, 7455359.558589603], [1528801.7037131793, 7455359.640772924], [1528801.8399554798, 7455392.470713269], [1528801.8439638861, 7455393.470643858], [1528813.5133406962, 7455393.422276207], [1528813.5090840776, 7455392.422346706], [1528821.509576453, 7455392.388779001]]]}, "properties": {"parcel_id": "08253760350000", "crs": "local-feet", "address": "765 N 400 W # 105", "city": "Salt Lake City", "county": "SaltLake", "source_srid": "EPSG:4326", "district": "MU-5", "zone_label": "Mixed Use 5", "district_provenance": "centroid-contains"}}, {"type": "Feature", "geometry": {"type": "Polygon", "coordinates": [[[1528841.1796970845, 7455392.307353702], [1528841.0435058055, 7455359.477165359], [1528821.3736077861, 7455359.558589603], [1528821.509576453, 7455392.388779001], [1528821.514082548, 7455393.388955144], [1528833.1834582768, 7455393.340348942], [1528833.1792038472, 7455392.340667304], [1528841.1796970845, 7455392.307353702]]]}, "properties": {"parcel_id": "08253760360000", "crs": "local-feet", "address": "765 N 400 W # 106", "city": "Salt Lake City", "county": "SaltLake", "source_srid": "EPSG:4326", "district": "MU-5", "zone_label": "Mixed Use 5", "district_provenance": "centroid-contains"}}, {"type": "Feature", "geometry": {"type": "Polygon", "coordinates": [[[1528841.0435058055, 7455359.477165359], [1528841.1796970845, 7455392.307353702], [1528841.1839537022, 7455393.307531008], [1528852.8530807828, 7455393.2589351935], [1528852.8490758268, 7455392.259252383], [1528860.849815543, 7455392.225448443], [1528860.7131540838, 7455359.395510053], [1528841.0435058055, 7455359.477165359]]]}, "properties": {"parcel_id": "08253760370000", "crs": "local-feet", "address": "765 N 400 W # 107", "city": "Salt Lake City", "county": "SaltLake", "source_srid": "EPSG:4326", "district": "MU-5", "zone_label": "Mixed Use 5", "district_provenance": "centroid-contains"}}, {"type": "Feature", "geometry": {"type": "Polygon", "coordinates": [[[1528742.5900206328, 7455334.8863971345], [1528742.4611606314, 7455302.055851798], [1528742.4571512218, 7455301.056165339], [1528730.7795201282, 7455301.104355679], [1528730.783531119, 7455302.10428993], [1528722.7790283961, 7455302.13765709], [1528722.9203506273, 7455334.967650657], [1528742.5900206328, 7455334.8863971345]]]}, "properties": {"parcel_id": "08253760380000", "crs": "local-feet", "address": "765 N 400 W # 201", "city": "Salt Lake City", "county": "SaltLake", "source_srid": "EPSG:4326", "district": "MU-5", "zone_label": "Mixed Use 5", "district_provenance": "centroid-contains"}}, {"type": "Feature", "geometry": {"type": "Polygon", "coordinates": [[[1528762.259688188, 7455334.804663657], [1528762.1435418883, 7455301.974060983], [1528762.1405268966, 7455300.97412228], [1528750.4492145095, 7455301.022612819], [1528750.4534736725, 7455302.022545947], [1528742.4611606314, 7455302.055851798], [1528742.5900206328, 7455334.8863971345], [1528762.259688188, 7455334.804663657]]]}, "properties": {"parcel_id": "08253760390000", "crs": "local-feet", "address": "765 N 400 W # 202", "city": "Salt Lake City", "county": "SaltLake", "source_srid": "EPSG:4326", "district": "MU-5", "zone_label": "Mixed Use 5", "district_provenance": "centroid-contains"}}, {"type": "Feature", "geometry": {"type": "Polygon", "coordinates": [[[1528781.9298534489, 7455334.722943551], [1528781.7759209557, 7455301.892759033], [1528781.771911745, 7455300.892824782], [1528770.1191579162, 7455300.940884459], [1528770.1236649693, 7455301.940816464], [1528762.1435418883, 7455301.974060983], [1528762.259688188, 7455334.804663657], [1528781.9298534489, 7455334.722943551]]]}, "properties": {"parcel_id": "08253760400000", "crs": "local-feet", "address": "765 N 400 W # 203", "city": "Salt Lake City", "county": "SaltLake", "source_srid": "EPSG:4326", "district": "MU-5", "zone_label": "Mixed Use 5", "district_provenance": "centroid-contains"}}, {"type": "Feature", "geometry": {"type": "Polygon", "coordinates": [[[1528801.5997678516, 7455334.640744527], [1528801.4722322705, 7455301.810688894], [1528801.468226363, 7455300.811250291], [1528789.7888526977, 7455300.859172792], [1528789.7928613068, 7455301.859107046], [1528781.7759209557, 7455301.892759033], [1528781.9298534489, 7455334.722943551], [1528801.5997678516, 7455334.640744527]]]}, "properties": {"parcel_id": "08253760410000", "crs": "local-feet", "address": "765 N 400 W # 204", "city": "Salt Lake City", "county": "SaltLake", "source_srid": "EPSG:4326", "district": "MU-5", "zone_label": "Mixed Use 5", "district_provenance": "centroid-contains"}}, {"type": "Feature", "geometry": {"type": "Polygon", "coordinates": [[[1528821.26943586, 7455334.559057903], [1528821.1289900374, 7455301.729060444], [1528821.1249826897, 7455300.72912619], [1528809.458548374, 7455300.7777246125], [1528809.4630527224, 7455301.777408813], [1528801.4722322705, 7455301.810688894], [1528801.5997678516, 7455334.640744527], [1528821.26943586, 7455334.559057903]]]}, "properties": {"parcel_id": "08253760420000", "crs": "local-feet", "address": "765 N 400 W # 205", "city": "Salt Lake City", "county": "SaltLake", "source_srid": "EPSG:4326", "district": "MU-5", "zone_label": "Mixed Use 5", "district_provenance": "centroid-contains"}}, {"type": "Feature", "geometry": {"type": "Polygon", "coordinates": [[[1528840.9570175344, 7455334.477801799], [1528840.7949525213, 7455301.647406137], [1528840.7901985205, 7455300.647227443], [1528829.1284919586, 7455300.6960431095], [1528829.1329955133, 7455301.69572731], [1528821.1289900374, 7455301.729060444], [1528821.26943586, 7455334.559057903], [1528840.9396024155, 7455334.477632446], [1528840.9570175344, 7455334.477801799]]]}, "properties": {"parcel_id": "08253760430000", "crs": "local-feet", "address": "765 N 400 W # 206", "city": "Salt Lake City", "county": "SaltLake", "source_srid": "EPSG:4326", "district": "MU-5", "zone_label": "Mixed Use 5", "district_provenance": "centroid-contains"}}, {"type": "Feature", "geometry": {"type": "Polygon", "coordinates": [[[1528840.7901985205, 7455300.647227443], [1528840.7949525213, 7455301.647406137], [1528840.9570175344, 7455334.477801799], [1528860.6092694267, 7455334.395729234], [1528860.4800704364, 7455301.565681181], [1528852.4728297913, 7455301.598770917], [1528852.4683260622, 7455300.598838898], [1528840.7901985205, 7455300.647227443]]]}, "properties": {"parcel_id": "08253760440000", "crs": "local-feet", "address": "765 N 400 W # 207", "city": "Salt Lake City", "county": "SaltLake", "source_srid": "EPSG:4326", "district": "MU-5", "zone_label": "Mixed Use 5", "district_provenance": "centroid-contains"}}, {"type": "Feature", "geometry": {"type": "Polygon", "coordinates": [[[1528742.3861623358, 7455285.807145468], [1528742.249591207, 7455252.976818141], [1528722.5803560396, 7455253.058565275], [1528722.7167042757, 7455285.8888936145], [1528722.720964558, 7455286.888827341], [1528734.390390473, 7455286.8401746275], [1528734.3858830947, 7455285.840489814], [1528742.3861623358, 7455285.807145468]]]}, "properties": {"parcel_id": "08253760450000", "crs": "local-feet", "address": "765 N 400 W # 301", "city": "Salt Lake City", "county": "SaltLake", "source_srid": "EPSG:4326", "district": "MU-5", "zone_label": "Mixed Use 5", "district_provenance": "centroid-contains"}}, {"type": "Feature", "geometry": {"type": "Polygon", "coordinates": [[[1528762.0561178273, 7455285.725410703], [1528761.919821454, 7455252.895082146], [1528742.249591207, 7455252.976818141], [1528742.3861623358, 7455285.807145468], [1528742.3906705086, 7455286.807078074], [1528754.060096462, 7455286.758434604], [1528754.055837445, 7455285.758500868], [1528762.0561178273, 7455285.725410703]]]}, "properties": {"parcel_id": "08253760460000", "crs": "local-feet", "address": "765 N 400 W # 302", "city": "Salt Lake City", "county": "SaltLake", "source_srid": "EPSG:4326", "district": "MU-5", "zone_label": "Mixed Use 5", "district_provenance": "centroid-contains"}}, {"type": "Feature", "geometry": {"type": "Polygon", "coordinates": [[[1528781.726319829, 7455285.643194774], [1528781.5898030759, 7455252.813362891], [1528761.919821454, 7455252.895082146], [1528762.0561178273, 7455285.725410703], [1528762.0606252062, 7455286.725343309], [1528773.7300511952, 7455286.676709137], [1528773.7255454045, 7455285.677024319], [1528781.726319829, 7455285.643194774]]]}, "properties": {"parcel_id": "08253760470000", "crs": "local-feet", "address": "765 N 400 W # 303", "city": "Salt Lake City", "county": "SaltLake", "source_srid": "EPSG:4326", "district": "MU-5", "zone_label": "Mixed Use 5", "district_provenance": "centroid-contains"}}, {"type": "Feature", "geometry": {"type": "Polygon", "coordinates": [[[1528801.3955313384, 7455285.5619902685], [1528801.259534956, 7455252.731412583], [1528781.5898030759, 7455252.813362891], [1528781.726319829, 7455285.643194774], [1528781.7303298838, 7455286.643377464], [1528793.3997573033, 7455286.595000382], [1528793.3952523065, 7455285.59531556], [1528801.3955313384, 7455285.5619902685]]]}, "properties": {"parcel_id": "08253760480000", "crs": "local-feet", "address": "765 N 400 W # 304", "city": "Salt Lake City", "county": "SaltLake", "source_srid": "EPSG:4326", "district": "MU-5", "zone_label": "Mixed Use 5", "district_provenance": "centroid-contains"}}, {"type": "Feature", "geometry": {"type": "Polygon", "coordinates": [[[1528821.0657345762, 7455285.480053445], [1528820.9295166968, 7455252.649724566], [1528801.259534956, 7455252.731412583], [1528801.3955313384, 7455285.5619902685], [1528801.4002846968, 7455286.561673976], [1528813.069462072, 7455286.513059418], [1528813.0654555198, 7455285.513372349], [1528821.0657345762, 7455285.480053445]]]}, "properties": {"parcel_id": "08253760490000", "crs": "local-feet", "address": "765 N 400 W # 305", "city": "Salt Lake City", "county": "SaltLake", "source_srid": "EPSG:4326", "district": "MU-5", "zone_label": "Mixed Use 5", "district_provenance": "centroid-contains"}}, {"type": "Feature", "geometry": {"type": "Polygon", "coordinates": [[[1528840.7356903057, 7455285.398381134], [1528840.5994996133, 7455252.568299992], [1528820.9295166968, 7455252.649724566], [1528821.0657345762, 7455285.480053445], [1528821.0702395728, 7455286.47998607], [1528832.7394180999, 7455286.431628604], [1528832.734912458, 7455285.431448154], [1528840.7356903057, 7455285.398381134]]]}, "properties": {"parcel_id": "08253760500000", "crs": "local-feet", "address": "765 N 400 W # 306", "city": "Salt Lake City", "county": "SaltLake", "source_srid": "EPSG:4326", "district": "MU-5", "zone_label": "Mixed Use 5", "district_provenance": "centroid-contains"}}, {"type": "Feature", "geometry": {"type": "Polygon", "coordinates": [[[1528840.5994996133, 7455252.568299992], [1528840.7356903057, 7455285.398381134], [1528840.7399458236, 7455286.398314869], [1528852.409125502, 7455286.350214502], [1528852.4046217708, 7455285.350281882], [1528860.4053971318, 7455285.316725618], [1528860.2687329045, 7455252.486150966], [1528840.5994996133, 7455252.568299992]]]}, "properties": {"parcel_id": "08253760510000", "crs": "local-feet", "address": "765 N 400 W # 307", "city": "Salt Lake City", "county": "SaltLake", "source_srid": "EPSG:4326", "district": "MU-5", "zone_label": "Mixed Use 5", "district_provenance": "centroid-contains"}}, {"type": "Feature", "geometry": {"type": "Polygon", "coordinates": [[[1528742.1460857997, 7455227.977176307], [1528742.0095199684, 7455195.14801202], [1528734.0089641525, 7455195.181605401], [1528734.0049507807, 7455194.1811712235], [1528722.335729895, 7455194.229823026], [1528722.3402388769, 7455195.229759304], [1528722.4763331292, 7455228.058925767], [1528742.1460857997, 7455227.977176307]]]}, "properties": {"parcel_id": "08253760520000", "crs": "local-feet", "address": "765 N 400 W # 401", "city": "Salt Lake City", "county": "SaltLake", "source_srid": "EPSG:4326", "district": "MU-5", "zone_label": "Mixed Use 5", "district_provenance": "centroid-contains"}}, {"type": "Feature", "geometry": {"type": "Polygon", "coordinates": [[[1528761.8160872112, 7455227.895441385], [1528761.6795474533, 7455195.066276992], [1528753.678991613, 7455195.099864016], [1528753.6744816618, 7455194.099432083], [1528742.0052607406, 7455194.148074615], [1528742.0095199684, 7455195.14801202], [1528742.1460857997, 7455227.977176307], [1528761.8160872112, 7455227.895441385]]]}, "properties": {"parcel_id": "08253760530000", "crs": "local-feet", "address": "765 N 400 W # 402", "city": "Salt Lake City", "county": "SaltLake", "source_srid": "EPSG:4326", "district": "MU-5", "zone_label": "Mixed Use 5", "district_provenance": "centroid-contains"}}, {"type": "Feature", "geometry": {"type": "Polygon", "coordinates": [[[1528781.4858386053, 7455227.813475344], [1528781.3495749976, 7455194.984557546], [1528773.3490191328, 7455195.018138251], [1528773.3445099762, 7455194.017706313], [1528761.674791374, 7455194.066341788], [1528761.6795474533, 7455195.066276992], [1528761.8160872112, 7455227.895441385], [1528781.4858386053, 7455227.813475344]]]}, "properties": {"parcel_id": "08253760540000", "crs": "local-feet", "address": "765 N 400 W # 403", "city": "Salt Lake City", "county": "SaltLake", "source_srid": "EPSG:4326", "district": "MU-5", "zone_label": "Mixed Use 5", "district_provenance": "centroid-contains"}}, {"type": "Feature", "geometry": {"type": "Polygon", "coordinates": [[[1528801.155342766, 7455227.7317739045], [1528801.019353909, 7455194.902854875], [1528793.018298141, 7455194.935935815], [1528793.0142893828, 7455193.93599728], [1528781.3445687864, 7455193.98412787], [1528781.3495749976, 7455194.984557546], [1528781.4858386053, 7455227.813475344], [1528801.155342766, 7455227.7317739045]]]}, "properties": {"parcel_id": "08253760550000", "crs": "local-feet", "address": "765 N 400 W # 404", "city": "Salt Lake City", "county": "SaltLake", "source_srid": "EPSG:4326", "district": "MU-5", "zone_label": "Mixed Use 5", "district_provenance": "centroid-contains"}}, {"type": "Feature", "geometry": {"type": "Polygon", "coordinates": [[[1528820.825344081, 7455227.650085837], [1528820.6893804553, 7455194.820918873], [1528812.6883255052, 7455194.854241293], [1528812.6840668973, 7455193.853808227], [1528801.0145969098, 7455193.902424083], [1528801.019353909, 7455194.902854875], [1528801.155342766, 7455227.7317739045], [1528820.825344081, 7455227.650085837]]]}, "properties": {"parcel_id": "08253760560000", "crs": "local-feet", "address": "765 N 400 W # 405", "city": "Salt Lake City", "county": "SaltLake", "source_srid": "EPSG:4326", "district": "MU-5", "zone_label": "Mixed Use 5", "district_provenance": "centroid-contains"}}, {"type": "Feature", "geometry": {"type": "Polygon", "coordinates": [[[1528840.4953457336, 7455227.568413357], [1528840.3589116454, 7455194.739496357], [1528832.3586021636, 7455194.772561264], [1528832.35409539, 7455193.772129317], [1528820.6841279932, 7455193.820738112], [1528820.6893804553, 7455194.820918873], [1528820.825344081, 7455227.650085837], [1528840.4953457336, 7455227.568413357]]]}, "properties": {"parcel_id": "08253760570000", "crs": "local-feet", "address": "765 N 400 W # 406", "city": "Salt Lake City", "county": "SaltLake", "source_srid": "EPSG:4326", "district": "MU-5", "zone_label": "Mixed Use 5", "district_provenance": "centroid-contains"}}, {"type": "Feature", "geometry": {"type": "Polygon", "coordinates": [[[1528840.3589116454, 7455194.739496357], [1528840.4953457336, 7455227.568413357], [1528860.1650976448, 7455227.486509825], [1528860.0286904636, 7455194.657840541], [1528852.028132269, 7455194.690900192], [1528852.0238760915, 7455193.690714978], [1528840.3541565065, 7455193.739065557], [1528840.3589116454, 7455194.739496357]]]}, "properties": {"parcel_id": "08253760580000", "crs": "local-feet", "address": "765 N 400 W # 407", "city": "Salt Lake City", "county": "SaltLake", "source_srid": "EPSG:4326", "district": "MU-5", "zone_label": "Mixed Use 5", "district_provenance": "centroid-contains"}}, {"type": "Feature", "geometry": {"type": "Polygon", "coordinates": [[[1528236.5449230985, 7454062.033602996], [1528206.5942007857, 7454062.158353546], [1528191.958228283, 7454404.398269883], [1528186.1044565828, 7454557.359609038], [1528181.3374487886, 7454722.125461964], [1528180.70322204, 7454749.341539173], [1528177.093539786, 7454893.718626066], [1528174.9518419432, 7455038.125152502], [1528174.2762913164, 7455182.545760875], [1528175.226739923, 7455514.336729615], [1528189.02604554, 7455514.3371487735], [1528187.5998216474, 7455462.5613265475], [1528188.048226025, 7455120.842544288], [1528185.0262265704, 7455062.239195293], [1528184.6504048803, 7455039.855862534], [1528186.6878527114, 7454909.271441627], [1528188.313213373, 7454829.229811959], [1528189.9725630914, 7454743.618643526], [1528192.4610005387, 7454659.298316835], [1528194.5670077666, 7454597.312847054], [1528200.0231573111, 7454535.161119674], [1528205.0397166305, 7454389.089116596], [1528207.8287330077, 7454370.168131842], [1528214.0610978466, 7454327.879328454], [1528217.4703974654, 7454227.182504797], [1528221.1120554088, 7454119.610371517], [1528221.1339209876, 7454109.991684644], [1528226.3878986808, 7454096.104684131], [1528228.0252958501, 7454079.155985129], [1528237.4925345357, 7454066.0377461845], [1528236.5449230985, 7454062.033602996]]]}, "properties": {"parcel_id": "08253760600000", "crs": "local-feet", "address": "617 N 500 W", "city": "Salt Lake City", "county": "SaltLake", "source_srid": "EPSG:4326", "district": "M-2", "zone_label": "Heavy Manufacturing", "district_provenance": "centroid-contains"}}, {"type": "Feature", "geometry": {"type": "Polygon", "coordinates": [[[1528376.863568745, 7455402.341350766], [1528375.9809174892, 7455184.050071765], [1528375.1810938593, 7454986.049985415], [1528540.1800959723, 7454985.260834811], [1528560.6407855854, 7454985.260620904], [1528560.6405350687, 7454919.260362443], [1528560.6405053062, 7454852.8678707825], [1528559.5747946189, 7454819.442672704], [1528559.5748853409, 7454720.958275994], [1528560.6409009742, 7454720.9539577905], [1528560.6413579416, 7454591.255909954], [1528560.6413572526, 7454555.885806656], [1528560.641587837, 7454491.2568809735], [1528558.7518140236, 7454491.256740647], [1528538.256382587, 7454491.2566137165], [1528362.18010362, 7454491.648789481], [1528360.0993035897, 7454491.65770677], [1528360.1304530327, 7454504.427877872], [1528360.2573159083, 7454556.724326414], [1528360.4990868308, 7454656.089553546], [1528360.5029503407, 7454657.658523054], [1528270.1972883807, 7454595.194643724], [1528268.7268474444, 7454594.177776701], [1528268.5784215091, 7454557.108251968], [1528267.917166504, 7454392.041500241], [1528267.2561620078, 7454226.974895269], [1528266.5944121152, 7454061.908193635], [1528236.5449230985, 7454062.033602996], [1528237.4925345357, 7454066.0377461845], [1528228.0252958501, 7454079.155985129], [1528226.3878986808, 7454096.104684131], [1528221.1339209876, 7454109.991684644], [1528221.1120554088, 7454119.610371517], [1528217.4703974654, 7454227.182504797], [1528214.0610978466, 7454327.879328454], [1528207.8287330077, 7454370.168131842], [1528205.0397166305, 7454389.089116596], [1528200.0231573111, 7454535.161119674], [1528194.5670077666, 7454597.312847054], [1528192.4610005387, 7454659.298316835], [1528189.9725630914, 7454743.618643526], [1528188.313213373, 7454829.229811959], [1528186.6878527114, 7454909.271441627], [1528184.6504048803, 7455039.855862534], [1528185.0262265704, 7455062.239195293], [1528188.048226025, 7455120.842544288], [1528187.5998216474, 7455462.5613265475], [1528189.02604554, 7455514.3371487735], [1528212.3133826824, 7455514.337466185], [1528377.3455433242, 7455514.341073254], [1528376.863568745, 7455402.341350766]]]}, "properties": {"parcel_id": "08253760610000", "crs": "local-feet", "address": "798 N 500 W", "city": "Salt Lake City", "county": "SaltLake", "source_srid": "EPSG:4326", "district": "M-1", "zone_label": "Light Manufacturing", "district_provenance": "centroid-contains"}}, {"type": "Feature", "geometry": {"type": "Polygon", "coordinates": [[[1529053.4942916203, 7455515.427239574], [1529052.8316888402, 7455350.28780141], [1529003.3316590514, 7455350.520561376], [1529003.9948583562, 7455515.663962014], [1529053.4942916203, 7455515.427239574]]]}, "properties": {"parcel_id": "08253770010000", "crs": "local-feet", "address": "377 W 800 N", "city": "Salt Lake City", "county": "SaltLake", "source_srid": "EPSG:4326", "district": "MU-5", "zone_label": "Mixed Use 5", "district_provenance": "centroid-contains"}}, {"type": "Feature", "geometry": {"type": "Polygon", "coordinates": [[[1529102.9942213544, 7455515.190366023], [1529102.331718843, 7455350.055140395], [1529052.8316888402, 7455350.28780141], [1529053.4942916203, 7455515.427239574], [1529102.9942213544, 7455515.190366023]]]}, "properties": {"parcel_id": "08253770020000", "crs": "local-feet", "address": "367 W 800 N", "city": "Salt Lake City", "county": "SaltLake", "source_srid": "EPSG:4326", "district": "MU-5", "zone_label": "Mixed Use 5", "district_provenance": "centroid-contains"}}, {"type": "Feature", "geometry": {"type": "Polygon", "coordinates": [[[1529400.327905463, 7455513.768713263], [1529399.9867740995, 7455430.773794845], [1529333.7148107074, 7455431.0882586995], [1529334.2723563402, 7455514.084684763], [1529400.327905463, 7455513.768713263]]]}, "properties": {"parcel_id": "08253770070000", "crs": "local-feet", "address": "335 W 800 N", "city": "Salt Lake City", "county": "SaltLake", "source_srid": "EPSG:4326", "district": "MU-5", "zone_label": "Mixed Use 5", "district_provenance": "centroid-contains"}}, {"type": "Feature", "geometry": {"type": "Polygon", "coordinates": [[[1529259.0817477603, 7455349.525177611], [1529258.4210664185, 7455208.899307231], [1529217.171313553, 7455209.095111477], [1529217.5264070628, 7455349.815037951], [1529259.0817477603, 7455349.525177611]]]}, "properties": {"parcel_id": "08253770110000", "crs": "local-feet", "address": "352 W REED AVE", "city": "Salt Lake City", "county": "SaltLake", "source_srid": "EPSG:4326", "district": "MU-5", "zone_label": "Mixed Use 5", "district_provenance": "centroid-contains"}}, {"type": "Feature", "geometry": {"type": "Polygon", "coordinates": [[[1529300.4918073625, 7455349.236286477], [1529299.9487893714, 7455208.999709382], [1529258.4210664185, 7455208.899307231], [1529259.0817477603, 7455349.525177611], [1529300.4918073625, 7455349.236286477]]]}, "properties": {"parcel_id": "08253770120000", "crs": "local-feet", "address": "348 W REED AVE", "city": "Salt Lake City", "county": "SaltLake", "source_srid": "EPSG:4326", "district": "MU-5", "zone_label": "Mixed Use 5", "district_provenance": "centroid-contains"}}, {"type": "Feature", "geometry": {"type": "Polygon", "coordinates": [[[1529217.5264070628, 7455349.815037951], [1529217.171313553, 7455209.095111477], [1529151.1816064038, 7455209.407554953], [1529118.1819028172, 7455209.563988333], [1529002.7588124366, 7455210.110394903], [1529003.2644086268, 7455334.020563713], [1529151.7636042053, 7455333.322832465], [1529151.84120182, 7455349.822288012], [1529168.3310122462, 7455349.744752494], [1529217.5264070628, 7455349.815037951]]]}, "properties": {"parcel_id": "08253770150000", "crs": "local-feet", "address": "356 W REED AVE", "city": "Salt Lake City", "county": "SaltLake", "source_srid": "EPSG:4326", "district": "MU-5", "zone_label": "Mixed Use 5", "district_provenance": "centroid-contains"}}, {"type": "Feature", "geometry": {"type": "Polygon", "coordinates": [[[1529404.1942258207, 7455390.731503653], [1529350.1952388368, 7455390.981256312], [1529350.2876545435, 7455410.981291378], [1529404.2868457807, 7455410.731289964], [1529404.1942258207, 7455390.731503653]]]}, "properties": {"parcel_id": "08253770160000", "crs": "local-feet", "address": "777 N MARMALADE LN", "city": "Salt Lake City", "county": "SaltLake", "source_srid": "EPSG:4326", "district": "MU-5", "zone_label": "Mixed Use 5", "district_provenance": "centroid-contains"}}, {"type": "Feature", "geometry": {"type": "Polygon", "coordinates": [[[1529404.1942258207, 7455390.731503653], [1529404.1026177634, 7455370.901948316], [1529350.1033385887, 7455371.151702312], [1529350.1952388368, 7455390.981256312], [1529404.1942258207, 7455390.731503653]]]}, "properties": {"parcel_id": "08253770170000", "crs": "local-feet", "address": "775 N MARMALADE LN", "city": "Salt Lake City", "county": "SaltLake", "source_srid": "EPSG:4326", "district": "MU-5", "zone_label": "Mixed Use 5", "district_provenance": "centroid-contains"}}, {"type": "Feature", "geometry": {"type": "Polygon", "coordinates": [[[1529404.1026177634, 7455370.901948316], [1529404.0099976545, 7455350.902130074], [1529350.010675983, 7455351.152132097], [1529350.1033385887, 7455371.151702312], [1529404.1026177634, 7455370.901948316]]]}, "properties": {"parcel_id": "08253770180000", "crs": "local-feet", "address": "773 N MARMALADE LN", "city": "Salt Lake City", "county": "SaltLake", "source_srid": "EPSG:4326", "district": "MU-5", "zone_label": "Mixed Use 5", "district_provenance": "centroid-contains"}}, {"type": "Feature", "geometry": {"type": "Polygon", "coordinates": [[[1529324.4829244015, 7455343.100473805], [1529324.2282896861, 7455288.10056297], [1529304.2282609022, 7455288.193492559], [1529304.4834343372, 7455343.192657513], [1529324.4829244015, 7455343.100473805]]]}, "properties": {"parcel_id": "08253770190000", "crs": "local-feet", "address": "763 N MARMALADE LN", "city": "Salt Lake City", "county": "SaltLake", "source_srid": "EPSG:4326", "district": "MU-5", "zone_label": "Mixed Use 5", "district_provenance": "centroid-contains"}}, {"type": "Feature", "geometry": {"type": "Polygon", "coordinates": [[[1529344.3125010824, 7455343.008572508], [1529344.0579137348, 7455288.009404917], [1529324.2282896861, 7455288.10056297], [1529324.4829244015, 7455343.100473805], [1529333.493428688, 7455343.058824364], [1529344.3125010824, 7455343.008572508]]]}, "properties": {"parcel_id": "08253770200000", "crs": "local-feet", "address": "765 N MARMALADE LN", "city": "Salt Lake City", "county": "SaltLake", "source_srid": "EPSG:4326", "district": "MU-5", "zone_label": "Mixed Use 5", "district_provenance": "centroid-contains"}}, {"type": "Feature", "geometry": {"type": "Polygon", "coordinates": [[[1529364.142574374, 7455342.916437062], [1529363.8882808527, 7455287.917515947], [1529344.0579137348, 7455288.009404917], [1529344.3125010824, 7455343.008572508], [1529360.4930973006, 7455342.933542803], [1529364.142574374, 7455342.916437062]]]}, "properties": {"parcel_id": "08253770210000", "crs": "local-feet", "address": "767 N MARMALADE LN", "city": "Salt Lake City", "county": "SaltLake", "source_srid": "EPSG:4326", "district": "MU-5", "zone_label": "Mixed Use 5", "district_provenance": "centroid-contains"}}, {"type": "Feature", "geometry": {"type": "Polygon", "coordinates": [[[1529383.9724010052, 7455342.824814227], [1529383.7176519204, 7455287.825399514], [1529363.8882808527, 7455287.917515947], [1529364.142574374, 7455342.916437062], [1529383.9724010052, 7455342.824814227]]]}, "properties": {"parcel_id": "08253770220000", "crs": "local-feet", "address": "769 N MARMALADE LN", "city": "Salt Lake City", "county": "SaltLake", "source_srid": "EPSG:4326", "district": "MU-5", "zone_label": "Mixed Use 5", "district_provenance": "centroid-contains"}}, {"type": "Feature", "geometry": {"type": "Polygon", "coordinates": [[[1529383.7176519204, 7455287.825399514], [1529383.9724010052, 7455342.824814227], [1529403.9723867953, 7455342.732196852], [1529403.7174342666, 7455287.733030846], [1529383.7176519204, 7455287.825399514]]]}, "properties": {"parcel_id": "08253770230000", "crs": "local-feet", "address": "771 N MARMALADE LN", "city": "Salt Lake City", "county": "SaltLake", "source_srid": "EPSG:4326", "district": "MU-5", "zone_label": "Mixed Use 5", "district_provenance": "centroid-contains"}}, {"type": "Feature", "geometry": {"type": "Polygon", "coordinates": [[[1529324.1124353015, 7455263.101014516], [1529323.8615461648, 7455208.880801873], [1529303.861482594, 7455208.980174983], [1529304.1128828682, 7455263.193694168], [1529324.1124353015, 7455263.101014516]]]}, "properties": {"parcel_id": "08253770240000", "crs": "local-feet", "address": "344 W REED AVE", "city": "Salt Lake City", "county": "SaltLake", "source_srid": "EPSG:4326", "district": "MU-5", "zone_label": "Mixed Use 5", "district_provenance": "centroid-contains"}}, {"type": "Feature", "geometry": {"type": "Polygon", "coordinates": [[[1529343.942325822, 7455263.009359626], [1529343.6877376332, 7455208.010015808], [1529332.8541764054, 7455208.060084809], [1529332.8583979604, 7455208.835000668], [1529323.8615461648, 7455208.880801873], [1529324.1124353015, 7455263.101014516], [1529343.942325822, 7455263.009359626]]]}, "properties": {"parcel_id": "08253770250000", "crs": "local-feet", "address": "342 W REED AVE", "city": "Salt Lake City", "county": "SaltLake", "source_srid": "EPSG:4326", "district": "MU-5", "zone_label": "Mixed Use 5", "district_provenance": "centroid-contains"}}, {"type": "Feature", "geometry": {"type": "Polygon", "coordinates": [[[1529363.7722155857, 7455262.917472797], [1529363.5174216311, 7455207.9178820485], [1529359.8539921665, 7455207.934802522], [1529343.6877376332, 7455208.010015808], [1529343.942325822, 7455263.009359626], [1529363.7722155857, 7455262.917472797]]]}, "properties": {"parcel_id": "08253770260000", "crs": "local-feet", "address": "340 W REED AVE", "city": "Salt Lake City", "county": "SaltLake", "source_srid": "EPSG:4326", "district": "MU-5", "zone_label": "Mixed Use 5", "district_provenance": "centroid-contains"}}, {"type": "Feature", "geometry": {"type": "Polygon", "coordinates": [[[1529383.6018575733, 7455262.825850781], [1529383.3473563304, 7455207.826258723], [1529363.5174216311, 7455207.9178820485], [1529363.7722155857, 7455262.917472797], [1529383.6018575733, 7455262.825850781]]]}, "properties": {"parcel_id": "08253770270000", "crs": "local-feet", "address": "338 W REED AVE", "city": "Salt Lake City", "county": "SaltLake", "source_srid": "EPSG:4326", "district": "MU-5", "zone_label": "Mixed Use 5", "district_provenance": "centroid-contains"}}, {"type": "Feature", "geometry": {"type": "Polygon", "coordinates": [[[1529383.3473563304, 7455207.826258723], [1529383.6018575733, 7455262.825850781], [1529403.7616197777, 7455262.73251728], [1529403.507163298, 7455207.732925014], [1529383.3473563304, 7455207.826258723]]]}, "properties": {"parcel_id": "08253770280000", "crs": "local-feet", "address": "336 W REED AVE", "city": "Salt Lake City", "county": "SaltLake", "source_srid": "EPSG:4326", "district": "MU-5", "zone_label": "Mixed Use 5", "district_provenance": "centroid-contains"}}, {"type": "Feature", "geometry": {"type": "Polygon", "coordinates": [[[1529150.993822678, 7455514.960826449], [1529150.854878977, 7455484.472692109], [1529112.3552048441, 7455484.647893796], [1529112.4942460433, 7455515.147179487], [1529150.993822678, 7455514.960826449]]]}, "properties": {"parcel_id": "08253770290000", "crs": "local-feet", "address": "365 W 800 N", "city": "Salt Lake City", "county": "SaltLake", "source_srid": "EPSG:4326", "district": "MU-5", "zone_label": "Mixed Use 5", "district_provenance": "centroid-contains"}}, {"type": "Feature", "geometry": {"type": "Polygon", "coordinates": [[[1529150.854878977, 7455484.472692109], [1529150.7653059799, 7455464.642953423], [1529112.2651033818, 7455464.8181574475], [1529112.3552048441, 7455484.647893796], [1529150.854878977, 7455484.472692109]]]}, "properties": {"parcel_id": "08253770300000", "crs": "local-feet", "address": "365 W 800 N # 2", "city": "Salt Lake City", "county": "SaltLake", "source_srid": "EPSG:4326", "district": "MU-5", "zone_label": "Mixed Use 5", "district_provenance": "centroid-contains"}}, {"type": "Feature", "geometry": {"type": "Polygon", "coordinates": [[[1529150.7653059799, 7455464.642953423], [1529150.6744878243, 7455444.812956787], [1529112.1752482997, 7455444.9879086595], [1529112.2651033818, 7455464.8181574475], [1529150.7653059799, 7455464.642953423]]]}, "properties": {"parcel_id": "08253770310000", "crs": "local-feet", "address": "365 W 800 N # 3", "city": "Salt Lake City", "county": "SaltLake", "source_srid": "EPSG:4326", "district": "MU-5", "zone_label": "Mixed Use 5", "district_provenance": "centroid-contains"}}, {"type": "Feature", "geometry": {"type": "Polygon", "coordinates": [[[1529150.6744878243, 7455444.812956787], [1529150.5846668314, 7455424.983435512], [1529112.0846490453, 7455425.158143085], [1529112.1752482997, 7455444.9879086595], [1529150.6744878243, 7455444.812956787]]]}, "properties": {"parcel_id": "08253770320000", "crs": "local-feet", "address": "365 W 800 N # 4", "city": "Salt Lake City", "county": "SaltLake", "source_srid": "EPSG:4326", "district": "MU-5", "zone_label": "Mixed Use 5", "district_provenance": "centroid-contains"}}, {"type": "Feature", "geometry": {"type": "Polygon", "coordinates": [[[1529150.5846668314, 7455424.983435512], [1529150.4938482547, 7455405.15340734], [1529111.9947971664, 7455405.328606245], [1529112.0846490453, 7455425.158143085], [1529150.5846668314, 7455424.983435512]]]}, "properties": {"parcel_id": "08253770330000", "crs": "local-feet", "address": "365 W 800 N # 5", "city": "Salt Lake City", "county": "SaltLake", "source_srid": "EPSG:4326", "district": "MU-5", "zone_label": "Mixed Use 5", "district_provenance": "centroid-contains"}}, {"type": "Feature", "geometry": {"type": "Polygon", "coordinates": [[[1529150.4938482547, 7455405.15340734], [1529150.4042749694, 7455385.323605668], [1529111.9044442226, 7455385.498312405], [1529111.9947971664, 7455405.328606245], [1529150.4938482547, 7455405.15340734]]]}, "properties": {"parcel_id": "08253770340000", "crs": "local-feet", "address": "365 W 800 N # 6", "city": "Salt Lake City", "county": "SaltLake", "source_srid": "EPSG:4326", "district": "MU-5", "zone_label": "Mixed Use 5", "district_provenance": "centroid-contains"}}, {"type": "Feature", "geometry": {"type": "Polygon", "coordinates": [[[1529150.4042749694, 7455385.323605668], [1529150.3052213944, 7455363.494179306], [1529111.8053581063, 7455363.669134021], [1529111.9044442226, 7455385.498312405], [1529150.4042749694, 7455385.323605668]]]}, "properties": {"parcel_id": "08253770350000", "crs": "local-feet", "address": "365 W 800 N # 7", "city": "Salt Lake City", "county": "SaltLake", "source_srid": "EPSG:4326", "district": "MU-5", "zone_label": "Mixed Use 5", "district_provenance": "centroid-contains"}}, {"type": "Feature", "geometry": {"type": "Polygon", "coordinates": [[[1529208.9937787787, 7455514.8641646765], [1529208.8541557377, 7455484.208756545], [1529170.3547298713, 7455484.38386693], [1529170.4934128565, 7455514.87472846], [1529208.9937787787, 7455514.8641646765]]]}, "properties": {"parcel_id": "08253770360000", "crs": "local-feet", "address": "365 W 800 N # 8", "city": "Salt Lake City", "county": "SaltLake", "source_srid": "EPSG:4326", "district": "MU-5", "zone_label": "Mixed Use 5", "district_provenance": "centroid-contains"}}, {"type": "Feature", "geometry": {"type": "Polygon", "coordinates": [[[1529208.8541557377, 7455484.208756545], [1529208.7641315293, 7455464.37901988], [1529170.2646759513, 7455464.55437824], [1529170.3547298713, 7455484.38386693], [1529208.8541557377, 7455484.208756545]]]}, "properties": {"parcel_id": "08253770370000", "crs": "local-feet", "address": "365 W 800 N # 9", "city": "Salt Lake City", "county": "SaltLake", "source_srid": "EPSG:4326", "district": "MU-5", "zone_label": "Mixed Use 5", "district_provenance": "centroid-contains"}}, {"type": "Feature", "geometry": {"type": "Polygon", "coordinates": [[[1529208.7641315293, 7455464.37901988], [1529208.6738571716, 7455444.549020768], [1529170.1746194616, 7455444.724378152], [1529170.2646759513, 7455464.55437824], [1529208.7641315293, 7455464.37901988]]]}, "properties": {"parcel_id": "08253770380000", "crs": "local-feet", "address": "365 W 800 N # 10", "city": "Salt Lake City", "county": "SaltLake", "source_srid": "EPSG:4326", "district": "MU-5", "zone_label": "Mixed Use 5", "district_provenance": "centroid-contains"}}, {"type": "Feature", "geometry": {"type": "Polygon", "coordinates": [[[1529208.6738571716, 7455444.549020768], [1529208.583832822, 7455424.71925261], [1529170.0843144876, 7455424.894363423], [1529170.1746194616, 7455444.724378152], [1529208.6738571716, 7455444.549020768]]]}, "properties": {"parcel_id": "08253770390000", "crs": "local-feet", "address": "365 W 800 N # 11", "city": "Salt Lake City", "county": "SaltLake", "source_srid": "EPSG:4326", "district": "MU-5", "zone_label": "Mixed Use 5", "district_provenance": "centroid-contains"}}, {"type": "Feature", "geometry": {"type": "Polygon", "coordinates": [[[1529208.583832822, 7455424.71925261], [1529208.4935605442, 7455404.889717613], [1529169.9940113963, 7455405.064828597], [1529170.0843144876, 7455424.894363423], [1529208.583832822, 7455424.71925261]]]}, "properties": {"parcel_id": "08253770400000", "crs": "local-feet", "address": "365 W 800 N # 12", "city": "Salt Lake City", "county": "SaltLake", "source_srid": "EPSG:4326", "district": "MU-5", "zone_label": "Mixed Use 5", "district_provenance": "centroid-contains"}}, {"type": "Feature", "geometry": {"type": "Polygon", "coordinates": [[[1529208.4935605442, 7455404.889717613], [1529208.4032884757, 7455385.060166904], [1529169.903708503, 7455385.235277995], [1529169.9940113963, 7455405.064828597], [1529208.4935605442, 7455404.889717613]]]}, "properties": {"parcel_id": "08253770410000", "crs": "local-feet", "address": "365 W 800 N # 13", "city": "Salt Lake City", "county": "SaltLake", "source_srid": "EPSG:4326", "district": "MU-5", "zone_label": "Mixed Use 5", "district_provenance": "centroid-contains"}}, {"type": "Feature", "geometry": {"type": "Polygon", "coordinates": [[[1529208.4032884757, 7455385.060166904], [1529208.3042837863, 7455363.230244684], [1529169.8046709963, 7455363.405603718], [1529169.903708503, 7455385.235277995], [1529208.4032884757, 7455385.060166904]]]}, "properties": {"parcel_id": "08253770420000", "crs": "local-feet", "address": "365 W 800 N # 14", "city": "Salt Lake City", "county": "SaltLake", "source_srid": "EPSG:4326", "district": "MU-5", "zone_label": "Mixed Use 5", "district_provenance": "centroid-contains"}}, {"type": "Feature", "geometry": {"type": "Polygon", "coordinates": [[[1529112.4942460433, 7455515.147179487], [1529112.3552048441, 7455484.647893796], [1529112.2651033818, 7455464.8181574475], [1529112.1752482997, 7455444.9879086595], [1529112.0846490453, 7455425.158143085], [1529111.9947971664, 7455405.328606245], [1529111.9044442226, 7455385.498312405], [1529111.8053581063, 7455363.669134021], [1529150.3052213944, 7455363.494179306], [1529150.4042749694, 7455385.323605668], [1529150.4938482547, 7455405.15340734], [1529150.5846668314, 7455424.983435512], [1529150.6744878243, 7455444.812956787], [1529150.7653059799, 7455464.642953423], [1529150.854878977, 7455484.472692109], [1529150.993822678, 7455514.960826449], [1529168.9935498608, 7455514.875021491], [1529170.4934128565, 7455514.87472846], [1529170.3547298713, 7455484.38386693], [1529170.2646759513, 7455464.55437824], [1529170.1746194616, 7455444.724378152], [1529170.0843144876, 7455424.894363423], [1529169.9940113963, 7455405.064828597], [1529169.903708503, 7455385.235277995], [1529169.8046709963, 7455363.405603718], [1529208.3042837863, 7455363.230244684], [1529208.4032884757, 7455385.060166904], [1529208.4935605442, 7455404.889717613], [1529208.583832822, 7455424.71925261], [1529208.6738571716, 7455444.549020768], [1529208.7641315293, 7455464.37901988], [1529208.8541557377, 7455484.208756545], [1529208.9937787787, 7455514.8641646765], [1529218.6412598998, 7455514.861494492], [1529217.5264070628, 7455349.815037951], [1529168.3310122462, 7455349.744752494], [1529151.84120182, 7455349.822288012], [1529102.331718843, 7455350.055140395], [1529102.9942213544, 7455515.190366023], [1529112.4942460433, 7455515.147179487]]]}, "properties": {"parcel_id": "08253770430000", "crs": "local-feet", "address": "365 W 800 N # COM", "city": "Salt Lake City", "county": "SaltLake", "source_srid": "EPSG:4326", "district": "MU-5", "zone_label": "Mixed Use 5", "district_provenance": "centroid-contains"}}, {"type": "Feature", "geometry": {"type": "Polygon", "coordinates": [[[1529047.5693167541, 7455160.446328924], [1529047.05582168, 7455032.571169991], [1529002.0560989422, 7455032.7524706265], [1529002.5740542582, 7455160.62736185], [1529047.5693167541, 7455160.446328924]]]}, "properties": {"parcel_id": "08253780010000", "crs": "local-feet", "address": "732 N 400 W", "city": "Salt Lake City", "county": "SaltLake", "source_srid": "EPSG:4326", "district": "MU-5", "zone_label": "Mixed Use 5", "district_provenance": "centroid-contains"}}, {"type": "Feature", "geometry": {"type": "Polygon", "coordinates": [[[1529129.8385306343, 7455032.179280721], [1529047.05582168, 7455032.571169991], [1529047.5693167541, 7455160.446328924], [1529130.4438922135, 7455160.053778923], [1529129.8385306343, 7455032.179280721]]]}, "properties": {"parcel_id": "08253780020000", "crs": "local-feet", "address": "365 W REED AVE", "city": "Salt Lake City", "county": "SaltLake", "source_srid": "EPSG:4326", "district": "MU-5", "zone_label": "Mixed Use 5", "district_provenance": "centroid-contains"}}, {"type": "Feature", "geometry": {"type": "Polygon", "coordinates": [[[1529295.6172311634, 7455159.404182596], [1529295.024318009, 7455027.404378596], [1529266.0316327298, 7455027.541647047], [1529266.6102713193, 7455159.541515069], [1529295.6172311634, 7455159.404182596]]]}, "properties": {"parcel_id": "08253780060000", "crs": "local-feet", "address": "345 W REED AVE", "city": "Salt Lake City", "county": "SaltLake", "source_srid": "EPSG:4326", "district": "MU-5", "zone_label": "Mixed Use 5", "district_provenance": "centroid-contains"}}, {"type": "Feature", "geometry": {"type": "Polygon", "coordinates": [[[1529332.823757551, 7455159.228128264], [1529332.2501985403, 7455027.2282374315], [1529295.024318009, 7455027.404378596], [1529295.6172311634, 7455159.404182596], [1529332.6227476443, 7455159.228781926], [1529332.823757551, 7455159.228128264]]]}, "properties": {"parcel_id": "08253780070000", "crs": "local-feet", "address": "341 W REED AVE", "city": "Salt Lake City", "county": "SaltLake", "source_srid": "EPSG:4326", "district": "MU-5", "zone_label": "Mixed Use 5", "district_provenance": "centroid-contains"}}, {"type": "Feature", "geometry": {"type": "Polygon", "coordinates": [[[1529365.626001072, 7455159.072618591], [1529365.0150528657, 7455027.073143162], [1529332.2501985403, 7455027.2282374315], [1529332.823757551, 7455159.228128264], [1529365.626001072, 7455159.072618591]]]}, "properties": {"parcel_id": "08253780080000", "crs": "local-feet", "address": "339 W REED AVE", "city": "Salt Lake City", "county": "SaltLake", "source_srid": "EPSG:4326", "district": "MU-5", "zone_label": "Mixed Use 5", "district_provenance": "centroid-contains"}}, {"type": "Feature", "geometry": {"type": "Polygon", "coordinates": [[[1529129.8365432455, 7455030.850962035], [1529129.880270434, 7455019.652664086], [1529129.792523426, 7454997.79635013], [1529111.34207727, 7454997.870824882], [1529074.342418075, 7454998.01951613], [1529072.3422603554, 7454998.027267875], [1529001.917848904, 7454998.310476936], [1529002.0057621365, 7455020.233950156], [1529002.0511287483, 7455031.592188928], [1529129.8365432455, 7455030.850962035]]]}, "properties": {"parcel_id": "08253780090000", "crs": "local-feet", "address": "720 N 400 W", "city": "Salt Lake City", "county": "SaltLake", "source_srid": "EPSG:4326", "district": "MU-5", "zone_label": "Mixed Use 5", "district_provenance": "centroid-contains"}}, {"type": "Feature", "geometry": {"type": "Polygon", "coordinates": [[[1529074.342418075, 7454998.01951613], [1529073.767655337, 7454854.766818547], [1529071.7674927372, 7454854.776057231], [1529072.1137934583, 7454941.058264959], [1529072.3422603554, 7454998.027267875], [1529074.342418075, 7454998.01951613]]]}, "properties": {"parcel_id": "08253780110000", "crs": "local-feet", "address": "374 W 700 N", "city": "Salt Lake City", "county": "SaltLake", "source_srid": "EPSG:4326", "district": "MU-5", "zone_label": "Mixed Use 5", "district_provenance": "centroid-contains"}}, {"type": "Feature", "geometry": {"type": "Polygon", "coordinates": [[[1529111.34207727, 7454997.870824882], [1529110.7672071578, 7454854.602019422], [1529073.767655337, 7454854.766818547], [1529074.342418075, 7454998.01951613], [1529111.34207727, 7454997.870824882]]]}, "properties": {"parcel_id": "08253780120000", "crs": "local-feet", "address": "372 W 700 N", "city": "Salt Lake City", "county": "SaltLake", "source_srid": "EPSG:4326", "district": "MU-5", "zone_label": "Mixed Use 5", "district_provenance": "centroid-contains"}}, {"type": "Feature", "geometry": {"type": "Polygon", "coordinates": [[[1529129.792523426, 7454997.79635013], [1529149.3426642537, 7454997.796500288], [1529148.8929679454, 7454854.431473119], [1529110.7672071578, 7454854.602019422], [1529111.34207727, 7454997.870824882], [1529129.792523426, 7454997.79635013]]]}, "properties": {"parcel_id": "08253780130000", "crs": "local-feet", "address": "360 W 700 N", "city": "Salt Lake City", "county": "SaltLake", "source_srid": "EPSG:4326", "district": "MU-5", "zone_label": "Mixed Use 5", "district_provenance": "centroid-contains"}}, {"type": "Feature", "geometry": {"type": "Polygon", "coordinates": [[[1529180.9988330335, 7454854.288018267], [1529148.8929679454, 7454854.431473119], [1529149.3426642537, 7454997.796500288], [1529181.3425101505, 7454997.796514958], [1529180.9988330335, 7454854.288018267]]]}, "properties": {"parcel_id": "08253780140000", "crs": "local-feet", "address": "358 W 700 N", "city": "Salt Lake City", "county": "SaltLake", "source_srid": "EPSG:4326", "district": "MU-5", "zone_label": "Mixed Use 5", "district_provenance": "centroid-contains"}}, {"type": "Feature", "geometry": {"type": "Polygon", "coordinates": [[[1529231.3428423682, 7454997.796308271], [1529231.1646355432, 7454854.063781253], [1529180.9988330335, 7454854.288018267], [1529181.3425101505, 7454997.796514958], [1529231.3428423682, 7454997.796308271]]]}, "properties": {"parcel_id": "08253780150000", "crs": "local-feet", "address": "350 W 700 N", "city": "Salt Lake City", "county": "SaltLake", "source_srid": "EPSG:4326", "district": "MU-5", "zone_label": "Mixed Use 5", "district_provenance": "centroid-contains"}}, {"type": "Feature", "geometry": {"type": "Polygon", "coordinates": [[[1529268.7886155935, 7454853.895919655], [1529231.1646355432, 7454854.063781253], [1529231.3428423682, 7454997.796308271], [1529268.8434635687, 7454997.7960319575], [1529268.7886155935, 7454853.895919655]]]}, "properties": {"parcel_id": "08253780160000", "crs": "local-feet", "address": "348 W 700 N", "city": "Salt Lake City", "county": "SaltLake", "source_srid": "EPSG:4326", "district": "MU-5", "zone_label": "Mixed Use 5", "district_provenance": "centroid-contains"}}, {"type": "Feature", "geometry": {"type": "Polygon", "coordinates": [[[1529306.3434367012, 7454992.826227731], [1529306.4133411264, 7454853.727864071], [1529268.7886155935, 7454853.895919655], [1529268.8434635687, 7454997.7960319575], [1529306.3435893639, 7454997.796310282], [1529306.3434367012, 7454992.826227731]]]}, "properties": {"parcel_id": "08253780170000", "crs": "local-feet", "address": "344 W 700 N", "city": "Salt Lake City", "county": "SaltLake", "source_srid": "EPSG:4326", "district": "MU-5", "zone_label": "Mixed Use 5", "district_provenance": "centroid-contains"}}, {"type": "Feature", "geometry": {"type": "Polygon", "coordinates": [[[1529332.1053086875, 7454993.8660315145], [1529332.1016300626, 7454993.045754996], [1529322.1020262775, 7454992.960742309], [1529306.3434367012, 7454992.826227731], [1529306.3435893639, 7454997.796310282], [1529332.122435092, 7454997.795926155], [1529332.1053086875, 7454993.8660315145]]]}, "properties": {"parcel_id": "08253780200000", "crs": "local-feet", "address": "342 W 700 N", "city": "Salt Lake City", "county": "SaltLake", "source_srid": "EPSG:4326", "district": "MU-5", "zone_label": "Mixed Use 5", "district_provenance": "centroid-contains"}}, {"type": "Feature", "geometry": {"type": "Polygon", "coordinates": [[[1529225.3221241713, 7455159.7372298725], [1529224.819023135, 7455027.93230675], [1529184.1169913083, 7455028.063998318], [1529184.0788463226, 7455160.063661458], [1529225.3221241713, 7455159.7372298725]]]}, "properties": {"parcel_id": "08253780220000", "crs": "local-feet", "address": "357 W REED AVE", "city": "Salt Lake City", "county": "SaltLake", "source_srid": "EPSG:4326", "district": "MU-5", "zone_label": "Mixed Use 5", "district_provenance": "centroid-contains"}}, {"type": "Feature", "geometry": {"type": "Polygon", "coordinates": [[[1529266.6102713193, 7455159.541515069], [1529266.0316327298, 7455027.541647047], [1529224.819023135, 7455027.93230675], [1529225.3221241713, 7455159.7372298725], [1529266.6102713193, 7455159.541515069]]]}, "properties": {"parcel_id": "08253780230000", "crs": "local-feet", "address": "353 W REED AVE", "city": "Salt Lake City", "county": "SaltLake", "source_srid": "EPSG:4326", "district": "MU-5", "zone_label": "Mixed Use 5", "district_provenance": "centroid-contains"}}, {"type": "Feature", "geometry": {"type": "Polygon", "coordinates": [[[1529072.3422603554, 7454998.027267875], [1529072.1137934583, 7454941.058264959], [1529001.6891732248, 7454941.331066236], [1529001.917848904, 7454998.310476936], [1529072.3422603554, 7454998.027267875]]]}, "properties": {"parcel_id": "08253780240000", "crs": "local-feet", "address": "716 N 400 W", "city": "Salt Lake City", "county": "SaltLake", "source_srid": "EPSG:4326", "district": "MU-5", "zone_label": "Mixed Use 5", "district_provenance": "centroid-contains"}}, {"type": "Feature", "geometry": {"type": "Polygon", "coordinates": [[[1529072.1137934583, 7454941.058264959], [1529071.7674927372, 7454854.776057231], [1529001.343312947, 7454855.090738535], [1529001.6891732248, 7454941.331066236], [1529072.1137934583, 7454941.058264959]]]}, "properties": {"parcel_id": "08253780250000", "crs": "local-feet", "address": "376 W 700 N", "city": "Salt Lake City", "county": "SaltLake", "source_srid": "EPSG:4326", "district": "MU-5", "zone_label": "Mixed Use 5", "district_provenance": "centroid-contains"}}, {"type": "Feature", "geometry": {"type": "Polygon", "coordinates": [[[1529341.496067879, 7454853.571264335], [1529331.4954955748, 7454853.615615375], [1529332.1016300626, 7454993.045754996], [1529332.1053086875, 7454993.8660315145], [1529342.105278063, 7454993.86629125], [1529341.496067879, 7454853.571264335]]]}, "properties": {"parcel_id": "08253780260000", "crs": "local-feet", "address": "338 W 700 N", "city": "Salt Lake City", "county": "SaltLake", "source_srid": "EPSG:4326", "district": "MU-5", "zone_label": "Mixed Use 5", "district_provenance": "centroid-contains"}}, {"type": "Feature", "geometry": {"type": "Polygon", "coordinates": [[[1529398.1056942898, 7454993.865785502], [1529397.5469296868, 7454853.320727319], [1529341.496067879, 7454853.571264335], [1529342.105278063, 7454993.86629125], [1529398.1056942898, 7454993.865785502]]]}, "properties": {"parcel_id": "08253780270000", "crs": "local-feet", "address": "336 W 700 N", "city": "Salt Lake City", "county": "SaltLake", "source_srid": "EPSG:4326", "district": "MU-5", "zone_label": "Mixed Use 5", "district_provenance": "centroid-contains"}}, {"type": "Feature", "geometry": {"type": "Polygon", "coordinates": [[[1529321.4949243928, 7454853.660218299], [1529306.4133411264, 7454853.727864071], [1529306.3434367012, 7454992.826227731], [1529322.1020262775, 7454992.960742309], [1529321.4949243928, 7454853.660218299]]]}, "properties": {"parcel_id": "08253780280000", "crs": "local-feet", "address": "340 W 700 N", "city": "Salt Lake City", "county": "SaltLake", "source_srid": "EPSG:4326", "district": "MU-5", "zone_label": "Mixed Use 5", "district_provenance": "centroid-contains"}}, {"type": "Feature", "geometry": {"type": "Polygon", "coordinates": [[[1529331.4954955748, 7454853.615615375], [1529321.4949243928, 7454853.660218299], [1529322.1020262775, 7454992.960742309], [1529332.1016300626, 7454993.045754996], [1529331.4954955748, 7454853.615615375]]]}, "properties": {"parcel_id": "08253780290000", "crs": "local-feet", "address": "340 W 700 N", "city": "Salt Lake City", "county": "SaltLake", "source_srid": "EPSG:4326", "district": "MU-5", "zone_label": "Mixed Use 5", "district_provenance": "centroid-contains"}}, {"type": "Feature", "geometry": {"type": "Polygon", "coordinates": [[[1529129.8385306343, 7455032.179280721], [1529129.8384118942, 7455031.599129246], [1529047.0532144078, 7455031.991277526], [1529047.05582168, 7455032.571169991], [1529129.8385306343, 7455032.179280721]]]}, "properties": {"parcel_id": "08253780300000", "crs": "local-feet", "address": "365 W REED AVE", "city": "Salt Lake City", "county": "SaltLake", "source_srid": "EPSG:4326", "district": "MU-5", "zone_label": "Mixed Use 5", "district_provenance": "nearest"}}, {"type": "Feature", "geometry": {"type": "Polygon", "coordinates": [[[1529047.05582168, 7455032.571169991], [1529047.0532144078, 7455031.991277526], [1529002.0539882649, 7455032.172575889], [1529002.0560989422, 7455032.7524706265], [1529047.05582168, 7455032.571169991]]]}, "properties": {"parcel_id": "08253780310000", "crs": "local-feet", "address": "732 N 400 W", "city": "Salt Lake City", "county": "SaltLake", "source_srid": "EPSG:4326", "district": "MU-5", "zone_label": "Mixed Use 5", "district_provenance": "nearest"}}, {"type": "Feature", "geometry": {"type": "Polygon", "coordinates": [[[1529047.0532144078, 7455031.991277526], [1529129.8384118942, 7455031.599129246], [1529129.8365432455, 7455030.850962035], [1529002.0511287483, 7455031.592188928], [1529002.0539882649, 7455032.172575889], [1529047.0532144078, 7455031.991277526]]]}, "properties": {"parcel_id": "08253780320000", "crs": "local-feet", "address": "720 N 400 W", "city": "Salt Lake City", "county": "SaltLake", "source_srid": "EPSG:4326", "district": "MU-5", "zone_label": "Mixed Use 5", "district_provenance": "nearest"}}, {"type": "Feature", "geometry": {"type": "Polygon", "coordinates": [[[1529530.3744630122, 7455017.832033333], [1529530.2696621963, 7454993.865586119], [1529517.1589473737, 7454993.86554728], [1529497.1592612609, 7454993.865632853], [1529466.1062707165, 7454993.865429805], [1529464.106078273, 7454993.865467544], [1529398.1056942898, 7454993.865785502], [1529342.105278063, 7454993.86629125], [1529332.1053086875, 7454993.8660315145], [1529332.122435092, 7454997.795926155], [1529306.3435893639, 7454997.796310282], [1529268.8434635687, 7454997.7960319575], [1529231.3428423682, 7454997.796308271], [1529181.3425101505, 7454997.796514958], [1529149.3426642537, 7454997.796500288], [1529129.792523426, 7454997.79635013], [1529129.880270434, 7455019.652664086], [1529332.2130948354, 7455018.732805038], [1529530.3744630122, 7455017.832033333]]]}, "properties": {"parcel_id": "08253780330000", "crs": "local-feet", "address": "319 W REED AVE", "city": "Salt Lake City", "county": "SaltLake", "source_srid": "EPSG:4326", "district": "MU-5", "zone_label": "Mixed Use 5", "district_provenance": "centroid-contains"}}, {"type": "Feature", "geometry": {"type": "Polygon", "coordinates": [[[1529184.0788463226, 7455160.063661458], [1529184.1169913083, 7455028.063998318], [1529146.9873931615, 7455028.074879927], [1529146.9486997002, 7455160.074547294], [1529184.0788463226, 7455160.063661458]]]}, "properties": {"parcel_id": "08253780340000", "crs": "local-feet", "address": "361 W REED AVE", "city": "Salt Lake City", "county": "SaltLake", "source_srid": "EPSG:4326", "district": "MU-5", "zone_label": "Mixed Use 5", "district_provenance": "centroid-contains"}}, {"type": "Feature", "geometry": {"type": "Polygon", "coordinates": [[[1529176.089153867, 7455119.476190268], [1529176.0890491188, 7455119.896000238], [1529154.7591791989, 7455119.882263444], [1529154.7518414557, 7455146.051977508], [1529177.0816898025, 7455146.045858357], [1529177.0891973514, 7455119.465503628], [1529176.089153867, 7455119.476190268]]]}, "properties": {"parcel_id": "08253780350000", "crs": "local-feet", "address": "361 W REED AVE # 100", "city": "Salt Lake City", "county": "SaltLake", "source_srid": "EPSG:4326", "district": "MU-5", "zone_label": "Mixed Use 5", "district_provenance": "centroid-contains"}}, {"type": "Feature", "geometry": {"type": "Polygon", "coordinates": [[[1529176.089153867, 7455119.476190268], [1529176.0966528992, 7455094.555964765], [1529153.7662170683, 7455094.552422016], [1529153.760397939, 7455115.632398992], [1529154.760489438, 7455115.632367574], [1529154.7591791989, 7455119.882263444], [1529176.0890491188, 7455119.896000238], [1529176.089153867, 7455119.476190268]]]}, "properties": {"parcel_id": "08253780360000", "crs": "local-feet", "address": "361 W REED AVE # 101", "city": "Salt Lake City", "county": "SaltLake", "source_srid": "EPSG:4326", "district": "MU-5", "zone_label": "Mixed Use 5", "district_provenance": "centroid-contains"}}, {"type": "Feature", "geometry": {"type": "Polygon", "coordinates": [[[1529176.1039042044, 7455069.635963319], [1529176.1037591537, 7455069.215905787], [1529154.773934645, 7455069.22199415], [1529154.7726265842, 7455073.472393555], [1529153.7727812347, 7455073.472176065], [1529153.7662170683, 7455094.552422016], [1529176.0966528992, 7455094.555964765], [1529176.1039042044, 7455069.635963319]]]}, "properties": {"parcel_id": "08253780370000", "crs": "local-feet", "address": "361 W REED AVE # 102", "city": "Salt Lake City", "county": "SaltLake", "source_srid": "EPSG:4326", "district": "MU-5", "zone_label": "Mixed Use 5", "district_provenance": "centroid-contains"}}, {"type": "Feature", "geometry": {"type": "Polygon", "coordinates": [[[1529154.773934645, 7455069.22199415], [1529176.1037591537, 7455069.215905787], [1529176.1039042044, 7455069.635963319], [1529177.1037474822, 7455069.635686082], [1529177.1120051264, 7455043.05599013], [1529154.7815217632, 7455043.0521984305], [1529154.773934645, 7455069.22199415]]]}, "properties": {"parcel_id": "08253780380000", "crs": "local-feet", "address": "361 W REED AVE # 103", "city": "Salt Lake City", "county": "SaltLake", "source_srid": "EPSG:4326", "district": "MU-5", "zone_label": "Mixed Use 5", "district_provenance": "centroid-contains"}}, {"type": "Feature", "geometry": {"type": "Polygon", "coordinates": [[[1529042.421756722, 7454718.672282176], [1529042.1377985082, 7454631.17219803], [1529000.638022601, 7454631.306782883], [1529000.9218808291, 7454718.862628577], [1529042.421756722, 7454718.672282176]]]}, "properties": {"parcel_id": "08253790010000", "crs": "local-feet", "address": "377 W 700 N", "city": "Salt Lake City", "county": "SaltLake", "source_srid": "EPSG:4326", "district": "MU-5", "zone_label": "Mixed Use 5", "district_provenance": "centroid-contains"}}, {"type": "Feature", "geometry": {"type": "Polygon", "coordinates": [[[1529083.92138425, 7454718.482006414], [1529083.637740545, 7454631.0193428155], [1529042.1377985082, 7454631.17219803], [1529042.421756722, 7454718.672282176], [1529083.92138425, 7454718.482006414]]]}, "properties": {"parcel_id": "08253790020000", "crs": "local-feet", "address": "375 W 700 N", "city": "Salt Lake City", "county": "SaltLake", "source_srid": "EPSG:4326", "district": "MU-5", "zone_label": "Mixed Use 5", "district_provenance": "centroid-contains"}}, {"type": "Feature", "geometry": {"type": "Polygon", "coordinates": [[[1529125.4212596798, 7454718.291551244], [1529125.13787747, 7454630.854412713], [1529083.637740545, 7454631.0193428155], [1529083.92138425, 7454718.482006414], [1529125.4212596798, 7454718.291551244]]]}, "properties": {"parcel_id": "08253790030000", "crs": "local-feet", "address": "367 W 700 N", "city": "Salt Lake City", "county": "SaltLake", "source_srid": "EPSG:4326", "district": "MU-5", "zone_label": "Mixed Use 5", "district_provenance": "centroid-contains"}}, {"type": "Feature", "geometry": {"type": "Polygon", "coordinates": [[[1529165.9981691546, 7454718.105310868], [1529165.7166367238, 7454630.6049685385], [1529125.13787747, 7454630.854412713], [1529125.4212596798, 7454718.291551244], [1529165.9981691546, 7454718.105310868]]]}, "properties": {"parcel_id": "08253790040000", "crs": "local-feet", "address": "363 W 700 N", "city": "Salt Lake City", "county": "SaltLake", "source_srid": "EPSG:4326", "district": "MU-5", "zone_label": "Mixed Use 5", "district_provenance": "centroid-contains"}}, {"type": "Feature", "geometry": {"type": "Polygon", "coordinates": [[[1529188.9979307542, 7454718.000040776], [1529188.679766483, 7454618.999481798], [1529188.6414244894, 7454607.025670989], [1529165.6414443678, 7454607.105167996], [1529165.7166367238, 7454630.6049685385], [1529165.9981691546, 7454718.105310868], [1529188.9979307542, 7454718.000040776]]]}, "properties": {"parcel_id": "08253790050000", "crs": "local-feet", "address": "353 W 700 N", "city": "Salt Lake City", "county": "SaltLake", "source_srid": "EPSG:4326", "district": "MU-5", "zone_label": "Mixed Use 5", "district_provenance": "centroid-contains"}}, {"type": "Feature", "geometry": {"type": "Polygon", "coordinates": [[[1529211.9976899533, 7454717.8942964], [1529211.6797344224, 7454618.919758356], [1529188.679766483, 7454618.999481798], [1529188.9979307542, 7454718.000040776], [1529211.9976899533, 7454717.8942964]]]}, "properties": {"parcel_id": "08253790060000", "crs": "local-feet", "address": "353 W 700 N", "city": "Salt Lake City", "county": "SaltLake", "source_srid": "EPSG:4326", "district": "MU-5", "zone_label": "Mixed Use 5", "district_provenance": "centroid-contains"}}, {"type": "Feature", "geometry": {"type": "Polygon", "coordinates": [[[1529211.6797344224, 7454618.919758356], [1529211.9976899533, 7454717.8942964], [1529238.4977550416, 7454717.772862538], [1529238.1795103499, 7454618.821125956], [1529211.6797344224, 7454618.919758356]]]}, "properties": {"parcel_id": "08253790070000", "crs": "local-feet", "address": "349 W 700 N", "city": "Salt Lake City", "county": "SaltLake", "source_srid": "EPSG:4326", "district": "MU-5", "zone_label": "Mixed Use 5", "district_provenance": "centroid-contains"}}, {"type": "Feature", "geometry": {"type": "Polygon", "coordinates": [[[1529322.1600818292, 7454585.386503314], [1529289.3229770698, 7454585.593523858], [1529248.1612165063, 7454585.726177184], [1529248.2269356472, 7454606.633774683], [1529248.1403607286, 7454606.634163225], [1529248.140759507, 7454606.83390961], [1529248.4976283398, 7454717.726742551], [1529289.747483177, 7454717.537684772], [1529322.5744651307, 7454717.386966086], [1529322.1600818292, 7454585.386503314]]]}, "properties": {"parcel_id": "08253790080000", "crs": "local-feet", "address": "671 N PUGSLEY ST", "city": "Salt Lake City", "county": "SaltLake", "source_srid": "EPSG:4326", "district": "MU-5", "zone_label": "Mixed Use 5", "district_provenance": "centroid-contains"}}, {"type": "Feature", "geometry": {"type": "Polygon", "coordinates": [[[1529042.1377985082, 7454631.17219803], [1529083.637740545, 7454631.0193428155], [1529125.13787747, 7454630.854412713], [1529165.7166367238, 7454630.6049685385], [1529165.6414443678, 7454607.105167996], [1529165.640998042, 7454607.005791576], [1529165.3953848109, 7454530.604836783], [1529000.314114167, 7454531.306662114], [1529000.638022601, 7454631.306782883], [1529042.1377985082, 7454631.17219803]]]}, "properties": {"parcel_id": "08253790090000", "crs": "local-feet", "address": "664 N 400 W", "city": "Salt Lake City", "county": "SaltLake", "source_srid": "EPSG:4326", "district": "MU-5", "zone_label": "Mixed Use 5", "district_provenance": "centroid-contains"}}, {"type": "Feature", "geometry": {"type": "Polygon", "coordinates": [[[1529322.1600818292, 7454585.386503314], [1529322.056858985, 7454552.386338844], [1529322.0564202322, 7454552.343962385], [1529314.0576613965, 7454552.380581139], [1529248.0580795365, 7454552.711638228], [1529248.1612165063, 7454585.726177184], [1529289.3229770698, 7454585.593523858], [1529322.1600818292, 7454585.386503314]]]}, "properties": {"parcel_id": "08253790100000", "crs": "local-feet", "address": "663 N PUGSLEY ST", "city": "Salt Lake City", "county": "SaltLake", "source_srid": "EPSG:4326", "district": "MU-5", "zone_label": "Mixed Use 5", "district_provenance": "centroid-contains"}}, {"type": "Feature", "geometry": {"type": "Polygon", "coordinates": [[[1529334.2723563402, 7455514.084684763], [1529333.7148107074, 7455431.0882586995], [1529333.1636124984, 7455349.008211259], [1529300.4918073625, 7455349.236286477], [1529259.0817477603, 7455349.525177611], [1529217.5264070628, 7455349.815037951], [1529218.6412598998, 7455514.861494492], [1529230.2007364766, 7455514.783582526], [1529264.4602392828, 7455514.552254424], [1529288.459577289, 7455514.389802796], [1529322.719079989, 7455514.158307488], [1529334.2723563402, 7455514.084684763]]]}, "properties": {"parcel_id": "08253800010000", "crs": "local-feet", "address": "351 W 800 N", "city": "Salt Lake City", "county": "SaltLake", "source_srid": "EPSG:4326", "district": "MU-5", "zone_label": "Mixed Use 5", "district_provenance": "centroid-contains"}}, {"type": "Feature", "geometry": {"type": "Polygon", "coordinates": [[[1529264.0858576945, 7455487.614918666], [1529231.826161246, 7455487.832809732], [1529229.826814996, 7455487.846245128], [1529230.062064205, 7455504.784519023], [1529264.3213310433, 7455504.552944061], [1529264.0858576945, 7455487.614918666]]]}, "properties": {"parcel_id": "08253800020000", "crs": "local-feet", "address": "351 W 800 N # 1", "city": "Salt Lake City", "county": "SaltLake", "source_srid": "EPSG:4326", "district": "MU-5", "zone_label": "Mixed Use 5", "district_provenance": "centroid-contains"}}, {"type": "Feature", "geometry": {"type": "Polygon", "coordinates": [[[1529264.0858576945, 7455487.614918666], [1529263.8077930484, 7455467.616521258], [1529231.5485679163, 7455467.834410485], [1529231.826161246, 7455487.832809732], [1529264.0858576945, 7455487.614918666]]]}, "properties": {"parcel_id": "08253800030000", "crs": "local-feet", "address": "351 W 800 N # 2", "city": "Salt Lake City", "county": "SaltLake", "source_srid": "EPSG:4326", "district": "MU-5", "zone_label": "Mixed Use 5", "district_provenance": "centroid-contains"}}, {"type": "Feature", "geometry": {"type": "Polygon", "coordinates": [[[1529263.8077930484, 7455467.616521258], [1529263.5297288569, 7455447.618355609], [1529231.2702312258, 7455447.836742011], [1529231.5485679163, 7455467.834410485], [1529263.8077930484, 7455467.616521258]]]}, "properties": {"parcel_id": "08253800040000", "crs": "local-feet", "address": "351 W 800 N # 3", "city": "Salt Lake City", "county": "SaltLake", "source_srid": "EPSG:4326", "district": "MU-5", "zone_label": "Mixed Use 5", "district_provenance": "centroid-contains"}}, {"type": "Feature", "geometry": {"type": "Polygon", "coordinates": [[[1529263.5297288569, 7455447.618355609], [1529263.2514167181, 7455427.620422878], [1529230.9923881874, 7455427.838311859], [1529231.2702312258, 7455447.836742011], [1529263.5297288569, 7455447.618355609]]]}, "properties": {"parcel_id": "08253800050000", "crs": "local-feet", "address": "351 W 800 N # 4", "city": "Salt Lake City", "county": "SaltLake", "source_srid": "EPSG:4326", "district": "MU-5", "zone_label": "Mixed Use 5", "district_provenance": "centroid-contains"}}, {"type": "Feature", "geometry": {"type": "Polygon", "coordinates": [[[1529263.2514167181, 7455427.620422878], [1529262.9733540022, 7455407.622720867], [1529230.7140485162, 7455407.840115752], [1529230.9923881874, 7455427.838311859], [1529263.2514167181, 7455427.620422878]]]}, "properties": {"parcel_id": "08253800060000", "crs": "local-feet", "address": "351 W 800 N # 5", "city": "Salt Lake City", "county": "SaltLake", "source_srid": "EPSG:4326", "district": "MU-5", "zone_label": "Mixed Use 5", "district_provenance": "centroid-contains"}}, {"type": "Feature", "geometry": {"type": "Polygon", "coordinates": [[[1529262.9733540022, 7455407.622720867], [1529262.7368603265, 7455390.623918699], [1529230.4775349237, 7455390.841809571], [1529228.4774347986, 7455390.855248419], [1529228.6429569104, 7455402.734436888], [1529230.642807393, 7455402.7209991785], [1529230.7140485162, 7455407.840115752], [1529262.9733540022, 7455407.622720867]]]}, "properties": {"parcel_id": "08253800070000", "crs": "local-feet", "address": "351 W 800 N # 6", "city": "Salt Lake City", "county": "SaltLake", "source_srid": "EPSG:4326", "district": "MU-5", "zone_label": "Mixed Use 5", "district_provenance": "centroid-contains"}}, {"type": "Feature", "geometry": {"type": "Polygon", "coordinates": [[[1529262.7368603265, 7455390.623918699], [1529262.5013829393, 7455373.6853204], [1529228.242434688, 7455373.917391691], [1529228.4066894345, 7455385.73587829], [1529230.406791367, 7455385.722687269], [1529230.4775349237, 7455390.841809571], [1529262.7368603265, 7455390.623918699]]]}, "properties": {"parcel_id": "08253800080000", "crs": "local-feet", "address": "351 W 800 N # 7", "city": "Salt Lake City", "county": "SaltLake", "source_srid": "EPSG:4326", "district": "MU-5", "zone_label": "Mixed Use 5", "district_provenance": "centroid-contains"}}, {"type": "Feature", "geometry": {"type": "Polygon", "coordinates": [[[1529320.3439227906, 7455487.234405484], [1529288.0853118526, 7455487.472539435], [1529288.3210196998, 7455504.411059596], [1529322.579699848, 7455504.159494575], [1529322.344512796, 7455487.220971821], [1529320.3439227906, 7455487.234405484]]]}, "properties": {"parcel_id": "08253800090000", "crs": "local-feet", "address": "351 W 800 N # 14", "city": "Salt Lake City", "county": "SaltLake", "source_srid": "EPSG:4326", "district": "MU-5", "zone_label": "Mixed Use 5", "district_provenance": "centroid-contains"}}, {"type": "Feature", "geometry": {"type": "Polygon", "coordinates": [[[1529320.3439227906, 7455487.234405484], [1529320.0664020414, 7455467.236252857], [1529287.8072685283, 7455467.474637335], [1529288.0853118526, 7455487.472539435], [1529320.3439227906, 7455487.234405484]]]}, "properties": {"parcel_id": "08253800100000", "crs": "local-feet", "address": "351 W 800 N # 13", "city": "Salt Lake City", "county": "SaltLake", "source_srid": "EPSG:4326", "district": "MU-5", "zone_label": "Mixed Use 5", "district_provenance": "centroid-contains"}}, {"type": "Feature", "geometry": {"type": "Polygon", "coordinates": [[[1529320.0664020414, 7455467.236252857], [1529319.7881345872, 7455447.238087636], [1529287.5287263507, 7455447.476473651], [1529287.8072685283, 7455467.474637335], [1529320.0664020414, 7455467.236252857]]]}, "properties": {"parcel_id": "08253800110000", "crs": "local-feet", "address": "351 W 800 N # 12", "city": "Salt Lake City", "county": "SaltLake", "source_srid": "EPSG:4326", "district": "MU-5", "zone_label": "Mixed Use 5", "district_provenance": "centroid-contains"}}, {"type": "Feature", "geometry": {"type": "Polygon", "coordinates": [[[1529319.7881345872, 7455447.238087636], [1529319.510116551, 7455427.240153048], [1529287.2514274856, 7455427.478288325], [1529287.5287263507, 7455447.476473651], [1529319.7881345872, 7455447.238087636]]]}, "properties": {"parcel_id": "08253800120000", "crs": "local-feet", "address": "351 W 800 N # 11", "city": "Salt Lake City", "county": "SaltLake", "source_srid": "EPSG:4326", "district": "MU-5", "zone_label": "Mixed Use 5", "district_provenance": "centroid-contains"}}, {"type": "Feature", "geometry": {"type": "Polygon", "coordinates": [[[1529319.510116551, 7455427.240153048], [1529319.232097031, 7455407.241954641], [1529286.9731332387, 7455407.48009151], [1529287.2514274856, 7455427.478288325], [1529319.510116551, 7455427.240153048]]]}, "properties": {"parcel_id": "08253800130000", "crs": "local-feet", "address": "351 W 800 N # 10", "city": "Salt Lake City", "county": "SaltLake", "source_srid": "EPSG:4326", "district": "MU-5", "zone_label": "Mixed Use 5", "district_provenance": "centroid-contains"}}, {"type": "Feature", "geometry": {"type": "Polygon", "coordinates": [[[1529319.232097031, 7455407.241954641], [1529319.1606244068, 7455402.122591065], [1529321.1607261433, 7455402.109655202], [1529320.996084762, 7455390.250535579], [1529318.9959831762, 7455390.263719288], [1529286.736658257, 7455390.481784725], [1529286.9731332387, 7455407.48009151], [1529319.232097031, 7455407.241954641]]]}, "properties": {"parcel_id": "08253800140000", "crs": "local-feet", "address": "351 W 800 N # 9", "city": "Salt Lake City", "county": "SaltLake", "source_srid": "EPSG:4326", "district": "MU-5", "zone_label": "Mixed Use 5", "district_provenance": "centroid-contains"}}, {"type": "Feature", "geometry": {"type": "Polygon", "coordinates": [[[1529318.9959831762, 7455390.263719288], [1529318.924759153, 7455385.144351139], [1529320.9246121873, 7455385.131168499], [1529320.760150677, 7455373.312186677], [1529286.5009494317, 7455373.543435112], [1529286.736658257, 7455390.481784725], [1529318.9959831762, 7455390.263719288]]]}, "properties": {"parcel_id": "08253800150000", "crs": "local-feet", "address": "351 W 800 N # 8", "city": "Salt Lake City", "county": "SaltLake", "source_srid": "EPSG:4326", "district": "MU-5", "zone_label": "Mixed Use 5", "district_provenance": "centroid-contains"}}, {"type": "Feature", "geometry": {"type": "Polygon", "coordinates": [[[1529597.9544603105, 7456102.885108476], [1529657.5984893492, 7455969.737662618], [1529501.619689699, 7455970.563755838], [1529436.6003723377, 7455970.908274149], [1529436.5624264698, 7456102.909134701], [1529502.228203499, 7456102.899487442], [1529597.9544603105, 7456102.885108476]]]}, "properties": {"parcel_id": "08254020050000", "crs": "local-feet", "address": "855 N BECK ST", "city": "Salt Lake City", "county": "SaltLake", "source_srid": "EPSG:4326", "district": "BP", "zone_label": "Business Park", "district_provenance": "centroid-contains"}}, {"type": "Feature", "geometry": {"type": "Polygon", "coordinates": [[[1529337.9819848617, 7456300.8348213015], [1529337.524607276, 7456201.398328597], [1529257.7610026763, 7456201.263766331], [1529258.0943988722, 7456301.1064818185], [1529337.9819848617, 7456300.8348213015]]]}, "properties": {"parcel_id": "08254020060000", "crs": "local-feet", "address": "367 W 900 N", "city": "Salt Lake City", "county": "SaltLake", "source_srid": "EPSG:4326", "district": "BP", "zone_label": "Business Park", "district_provenance": "centroid-contains"}}, {"type": "Feature", "geometry": {"type": "Polygon", "coordinates": [[[1529509.5425699207, 7456300.252880807], [1529597.9544603105, 7456102.885108476], [1529502.228203499, 7456102.899487442], [1529436.5624264698, 7456102.909134701], [1529436.6003723377, 7455970.908274149], [1529336.4669578678, 7455971.438910011], [1529337.524607276, 7456201.398328597], [1529337.9819848617, 7456300.8348213015], [1529503.1361286065, 7456300.265460019], [1529509.5425699207, 7456300.252880807]]]}, "properties": {"parcel_id": "08254020070000", "crs": "local-feet", "address": "875 N BECK ST", "city": "Salt Lake City", "county": "SaltLake", "source_srid": "EPSG:4326", "district": "BP", "zone_label": "Business Park", "district_provenance": "centroid-contains"}}, {"type": "Feature", "geometry": {"type": "Polygon", "coordinates": [[[1530744.6668953912, 7455371.111459685], [1530745.5032758093, 7455369.874114534], [1530729.567433717, 7455353.081097846], [1530701.89573447, 7455323.921096038], [1530605.6411429043, 7455222.489738697], [1530605.3534572707, 7455222.186938577], [1530596.1294662906, 7455212.466685405], [1530502.0518001812, 7455113.329614052], [1530475.1688919433, 7455158.7052735835], [1530454.8839154276, 7455176.451560083], [1530290.5004885418, 7455320.266955591], [1530162.1367057716, 7455432.568826437], [1530126.0241849546, 7455454.695947133], [1530040.2943897478, 7455507.22536816], [1529823.9547211486, 7455639.784569732], [1529797.3219978204, 7455656.103483892], [1529797.1282342463, 7455656.221814041], [1529798.4726433451, 7455978.089605886], [1529594.8384509198, 7456432.553002865], [1529520.6525007982, 7456598.1191454325], [1529446.6505359833, 7456763.273479362], [1529372.5606512907, 7456928.625835402], [1529341.3099176546, 7456998.3703869], [1529234.2396238886, 7457237.32660744], [1529329.121993328, 7457237.3221254395], [1529417.1232053183, 7457237.313161255], [1529417.1241407692, 7457264.720112502], [1529417.1238155337, 7457387.316193547], [1529417.1237975112, 7457446.259304327], [1529518.0629150101, 7457356.444466107], [1529572.2553120162, 7457270.7476837635], [1529800.5531670381, 7456909.727486308], [1529800.033139248, 7456790.168000913], [1529785.251519387, 7456756.211391032], [1529799.7552161699, 7456726.266747896], [1529851.0573872018, 7456620.347703364], [1529837.219461056, 7456552.437558287], [1529956.897115977, 7456568.959610041], [1529963.9533105514, 7456557.801607212], [1530044.9336142112, 7456429.742824818], [1530127.6577833907, 7456298.927188421], [1530129.9235048774, 7456298.916356409], [1530129.9089450121, 7456295.367043566], [1530293.8639093249, 7456036.096391689], [1530337.1622162207, 7455967.627103257], [1530457.818836222, 7455776.825402212], [1530559.3590267727, 7455616.25574381], [1530593.1604143244, 7455637.630924667], [1530624.0527641973, 7455588.778720521], [1530680.1452726836, 7455406.543603432], [1530744.6668953912, 7455371.111459685]]]}, "properties": {"parcel_id": "08254030010000", "crs": "local-feet", "address": "840 N BECK ST", "city": "Salt Lake City", "county": "SaltLake", "source_srid": "EPSG:4326", "district": "OS", "zone_label": "Open Space", "district_provenance": "centroid-contains"}}, {"type": "Feature", "geometry": {"type": "Polygon", "coordinates": [[[1529872.4680351214, 7457067.256809676], [1529966.3519774585, 7457059.991691829], [1530131.293751682, 7457047.228138489], [1530296.235936666, 7457034.464933217], [1530461.1772841276, 7457021.701090461], [1530705.8311849567, 7457002.769446129], [1531164.1389277428, 7456109.670019806], [1531242.5770042725, 7455582.065850738], [1531230.6080474765, 7455593.4237533], [1531194.701738919, 7455627.497215005], [1531158.7957824527, 7455661.571672793], [1531122.8891762467, 7455695.645644256], [1531086.9829155738, 7455729.719124969], [1530962.0461632214, 7455598.063365558], [1530921.5311706455, 7455555.369144973], [1530841.6819847666, 7455471.2254491905], [1530459.1291635805, 7456101.185726043], [1530339.663455837, 7456297.912969735], [1530260.233253189, 7456428.713491488], [1530129.36863008, 7456644.211413616], [1530059.248198987, 7456759.681003836], [1529965.6535590994, 7456913.80551353], [1529960.772645737, 7456921.843227741], [1529929.5117552853, 7456902.075358289], [1529822.6169774437, 7457071.114361607], [1529872.4680351214, 7457067.256809676]]]}, "properties": {"parcel_id": "08254040010000", "crs": "local-feet", "city": "Salt Lake City", "county": "SaltLake", "source_srid": "EPSG:4326", "district": "OS", "zone_label": "Open Space", "district_provenance": "centroid-contains"}}, {"type": "Feature", "geometry": {"type": "Polygon", "coordinates": [[[1531823.1978763393, 7456508.3377429135], [1531839.6235092706, 7456468.9986359915], [1531810.7046286187, 7456456.022086573], [1531782.518123853, 7456441.523536051], [1531755.1435307187, 7456425.544757752], [1531734.0978698558, 7456459.483216827], [1531687.8153474294, 7456534.117318741], [1531790.5695665118, 7456586.484025188], [1531823.1978763393, 7456508.3377429135]]]}, "properties": {"parcel_id": "08254260010000", "crs": "local-feet", "address": "7 E DORCHESTER DR", "city": "Salt Lake City", "county": "SaltLake", "source_srid": "EPSG:4326", "district": "FR-3", "zone_label": "FR-3/12000 Foothills Estates Residential", "district_provenance": "centroid-contains"}}, {"type": "Feature", "geometry": {"type": "Polygon", "coordinates": [[[1532021.895445252, 7456539.593613424], [1532021.7602824732, 7456538.949163085], [1532021.9025319149, 7456534.789593851], [1532021.3526208838, 7456530.664524579], [1532020.126221086, 7456526.687630171], [1532018.257148295, 7456522.969037105], [1532015.7966055246, 7456519.612600545], [1532012.8143981984, 7456516.709951825], [1532009.3912364221, 7456514.343010127], [1532005.6229266229, 7456512.576034104], [1532001.613920397, 7456511.458871765], [1532001.1226972863, 7456511.365120459], [1532000.6280792307, 7456511.291456424], [1531980.8475471379, 7456508.33521989], [1531955.2874160851, 7456503.949181628], [1531929.942572819, 7456498.453535182], [1531900.4377286779, 7456621.815662449], [1531992.469439326, 7456635.1415817905], [1532007.3051453591, 7456637.290047211], [1532021.895445252, 7456539.593613424]]]}, "properties": {"parcel_id": "08254260030000", "crs": "local-feet", "address": "21 E DORCHESTER DR", "city": "Salt Lake City", "county": "SaltLake", "source_srid": "EPSG:4326", "district": "FR-3", "zone_label": "FR-3/12000 Foothills Estates Residential", "district_provenance": "centroid-contains"}}, {"type": "Feature", "geometry": {"type": "Polygon", "coordinates": [[[1532025.5656369117, 7456515.018371155], [1532001.1226972863, 7456511.365120459], [1532001.613920397, 7456511.458871765], [1532005.6229266229, 7456512.576034104], [1532009.3912364221, 7456514.343010127], [1532012.8143981984, 7456516.709951825], [1532015.7966055246, 7456519.612600545], [1532018.257148295, 7456522.969037105], [1532020.126221086, 7456526.687630171], [1532021.3526208838, 7456530.664524579], [1532021.9025319149, 7456534.789593851], [1532021.7602824732, 7456538.949163085], [1532021.895445252, 7456539.593613424], [1532025.5656369117, 7456515.018371155]]]}, "properties": {"parcel_id": "08254260040000", "crs": "local-feet", "address": "23 E DORCHESTER DR", "city": "Salt Lake City", "county": "SaltLake", "source_srid": "EPSG:4326", "district": "FR-3", "zone_label": "FR-3/12000 Foothills Estates Residential", "district_provenance": "centroid-contains"}}, {"type": "Feature", "geometry": {"type": "Polygon", "coordinates": [[[1531629.5065607731, 7457210.844051386], [1531628.493560485, 7457209.301482517], [1531627.299809856, 7457207.894263127], [1531625.9435587304, 7457206.642880623], [1531620.9592348412, 7457201.78062602], [1531616.8814263989, 7457196.135552087], [1531613.8310250707, 7457189.876374601], [1531611.8978936174, 7457183.186813878], [1531611.1388734735, 7457176.264860322], [1531611.5772543603, 7457169.315590374], [1531613.1995079832, 7457162.543499327], [1531615.9577620619, 7457156.149764442], [1531619.7705064635, 7457150.322825468], [1531624.5248163948, 7457145.235153271], [1531484.6294867587, 7457004.775469294], [1531458.84660246, 7457074.006354364], [1531427.9611838984, 7457156.940873271], [1531451.0847332864, 7457250.626679602], [1531629.5065607731, 7457210.844051386]]]}, "properties": {"parcel_id": "08254260050000", "crs": "local-feet", "address": "973 N CHURCH HILL DR", "city": "Salt Lake City", "county": "SaltLake", "source_srid": "EPSG:4326", "district": "FR-3", "zone_label": "FR-3/12000 Foothills Estates Residential", "district_provenance": "centroid-contains"}}, {"type": "Feature", "geometry": {"type": "Polygon", "coordinates": [[[1531672.7995630007, 7457140.804589602], [1531796.209885665, 7456971.6638035355], [1531698.725007839, 7456896.114063587], [1531534.6529100898, 7456870.452364767], [1531518.8014288777, 7456913.017402291], [1531494.851956205, 7456977.325769715], [1531484.6294867587, 7457004.775469294], [1531624.5248163948, 7457145.235153271], [1531629.679435912, 7457141.292794202], [1531635.397352328, 7457138.224186574], [1531641.531894722, 7457136.108032602], [1531647.9260885534, 7457134.999290626], [1531654.4148776927, 7457134.925448316], [1531660.8323527814, 7457135.889464464], [1531667.0134764928, 7457137.866292208], [1531672.7995630007, 7457140.804589602]]]}, "properties": {"parcel_id": "08254260060000", "crs": "local-feet", "address": "969 N CHURCH HILL DR", "city": "Salt Lake City", "county": "SaltLake", "source_srid": "EPSG:4326", "district": "FR-3", "zone_label": "FR-3/12000 Foothills Estates Residential", "district_provenance": "centroid-contains"}}, {"type": "Feature", "geometry": {"type": "Polygon", "coordinates": [[[1531864.1439639279, 7457179.328162849], [1531874.0142030842, 7457177.572850311], [1531838.9662073122, 7457037.757301955], [1531828.7123667467, 7456996.852915169], [1531796.209885665, 7456971.6638035355], [1531672.7995630007, 7457140.804589602], [1531678.1821080304, 7457144.750484323], [1531682.843414706, 7457149.526705854], [1531686.6570405813, 7457155.003217173], [1531689.51960031, 7457161.032286356], [1531691.3532560628, 7457167.44921902], [1531692.1077443291, 7457174.080526831], [1531691.7633669246, 7457180.745401551], [1531690.328782731, 7457187.262910612], [1531687.8437674434, 7457193.456941294], [1531684.374745307, 7457199.158698209], [1531680.0170564067, 7457204.213135957], [1531679.5154167807, 7457204.973607847], [1531678.5826240638, 7457206.741299192], [1531677.8923449318, 7457208.616462354], [1531677.4566253093, 7457210.566582549], [1531677.283026413, 7457212.557430041], [1531864.1439639279, 7457179.328162849]]]}, "properties": {"parcel_id": "08254260070000", "crs": "local-feet", "address": "972 N CHURCH HILL DR", "city": "Salt Lake City", "county": "SaltLake", "source_srid": "EPSG:4326", "district": "FR-3", "zone_label": "FR-3/12000 Foothills Estates Residential", "district_provenance": "centroid-contains"}}, {"type": "Feature", "geometry": {"type": "Polygon", "coordinates": [[[1531986.5335987788, 7457149.371650258], [1532102.5096897779, 7457120.304121804], [1532085.1672926678, 7457106.667136003], [1532069.3454010217, 7457091.292609103], [1532055.2163932547, 7457074.348533886], [1532042.936062973, 7457056.0213130135], [1532032.6378735509, 7457036.510333024], [1532024.4344627273, 7457016.030683803], [1532018.416861997, 7456994.805480443], [1531838.9662073122, 7457037.757301955], [1531874.0142030842, 7457177.572850311], [1531986.5335987788, 7457149.371650258]]]}, "properties": {"parcel_id": "08254260080000", "crs": "local-feet", "address": "959 N DARTMOOR WAY", "city": "Salt Lake City", "county": "SaltLake", "source_srid": "EPSG:4326", "district": "FR-3", "zone_label": "FR-3/12000 Foothills Estates Residential", "district_provenance": "centroid-contains"}}, {"type": "Feature", "geometry": {"type": "Polygon", "coordinates": [[[1531776.5285309933, 7456724.7427743655], [1531762.7085695732, 7456722.541181468], [1531612.656931474, 7456698.639143595], [1531583.331754875, 7456763.231784144], [1531539.2377143234, 7456860.353778252], [1531534.6529100898, 7456870.452364767], [1531698.725007839, 7456896.114063587], [1531763.0635152631, 7456754.401912441], [1531776.5285309933, 7456724.7427743655]]]}, "properties": {"parcel_id": "08254260090000", "crs": "local-feet", "address": "9 E DARTMOOR LN", "city": "Salt Lake City", "county": "SaltLake", "source_srid": "EPSG:4326", "district": "FR-3", "zone_label": "FR-3/12000 Foothills Estates Residential", "district_provenance": "centroid-contains"}}, {"type": "Feature", "geometry": {"type": "Polygon", "coordinates": [[[1531909.658098889, 7456818.559933668], [1531776.5285309933, 7456724.7427743655], [1531763.0635152631, 7456754.401912441], [1531698.725007839, 7456896.114063587], [1531796.209885665, 7456971.6638035355], [1531828.7123667467, 7456996.852915169], [1531904.6101839643, 7456829.6789714005], [1531909.658098889, 7456818.559933668]]]}, "properties": {"parcel_id": "08254260100000", "crs": "local-feet", "address": "17 E DARTMOOR LN", "city": "Salt Lake City", "county": "SaltLake", "source_srid": "EPSG:4326", "district": "FR-3", "zone_label": "FR-3/12000 Foothills Estates Residential", "district_provenance": "centroid-contains"}}, {"type": "Feature", "geometry": {"type": "Polygon", "coordinates": [[[1532018.416861997, 7456994.805480443], [1532014.4850982977, 7456976.4208630305], [1532012.2739976475, 7456957.750666775], [1532011.801929818, 7456938.955882247], [1532013.0728396785, 7456920.19805955], [1532016.0767424926, 7456901.638810667], [1532019.3404533013, 7456890.888934137], [1532002.4042341781, 7456882.8574037375], [1531986.6023382456, 7456872.776535341], [1531909.658098889, 7456818.559933668], [1531904.6101839643, 7456829.6789714005], [1531828.7123667467, 7456996.852915169], [1531838.9662073122, 7457037.757301955], [1532018.416861997, 7456994.805480443]]]}, "properties": {"parcel_id": "08254260110000", "crs": "local-feet", "address": "945 N DARTMOOR WAY", "city": "Salt Lake City", "county": "SaltLake", "source_srid": "EPSG:4326", "district": "FR-3", "zone_label": "FR-3/12000 Foothills Estates Residential", "district_provenance": "centroid-contains"}}, {"type": "Feature", "geometry": {"type": "Polygon", "coordinates": [[[1531832.8832730353, 7456600.091401847], [1531790.5695665118, 7456586.484025188], [1531687.8153474294, 7456534.117318741], [1531674.4687875193, 7456563.333132752], [1531612.656931474, 7456698.639143595], [1531762.7085695732, 7456722.541181468], [1531776.5285309933, 7456724.7427743655], [1531790.3702369526, 7456694.12641836], [1531832.8832730353, 7456600.091401847]]]}, "properties": {"parcel_id": "08254260120000", "crs": "local-feet", "address": "4 E DARTMOOR LN", "city": "Salt Lake City", "county": "SaltLake", "source_srid": "EPSG:4326", "district": "FR-3", "zone_label": "FR-3/12000 Foothills Estates Residential", "district_provenance": "centroid-contains"}}, {"type": "Feature", "geometry": {"type": "Polygon", "coordinates": [[[1531959.1113897734, 7456709.025705778], [1531992.469439326, 7456635.1415817905], [1531900.4377286779, 7456621.815662449], [1531832.8832730353, 7456600.091401847], [1531790.3702369526, 7456694.12641836], [1531776.5285309933, 7456724.7427743655], [1531909.658098889, 7456818.559933668], [1531914.6877665692, 7456807.419908609], [1531959.1113897734, 7456709.025705778]]]}, "properties": {"parcel_id": "08254260130000", "crs": "local-feet", "address": "20 E DARTMOOR LN", "city": "Salt Lake City", "county": "SaltLake", "source_srid": "EPSG:4326", "district": "FR-3", "zone_label": "FR-3/12000 Foothills Estates Residential", "district_provenance": "centroid-contains"}}, {"type": "Feature", "geometry": {"type": "Polygon", "coordinates": [[[1532078.5275776964, 7456773.207966186], [1531959.1113897734, 7456709.025705778], [1531914.6877665692, 7456807.419908609], [1531909.658098889, 7456818.559933668], [1531986.6023382456, 7456872.776535341], [1532002.4042341781, 7456882.8574037375], [1532019.3404533013, 7456890.888934137], [1532023.617266337, 7456879.262598507], [1532030.4883976772, 7456864.278810044], [1532038.5445352222, 7456849.8971970035], [1532078.5275776964, 7456773.207966186]]]}, "properties": {"parcel_id": "08254260140000", "crs": "local-feet", "address": "26 E DARTMOOR LN", "city": "Salt Lake City", "county": "SaltLake", "source_srid": "EPSG:4326", "district": "FR-3", "zone_label": "FR-3/12000 Foothills Estates Residential", "district_provenance": "centroid-contains"}}]}